clip_id,file_name,person_id,labeler_a,labeler_b,label_final,note
-6otZ7M-Mro.003,-6otZ7M-Mro.003.mp4,-6otZ7M-Mro,,,0.8898,"EMO-AffectNet pseudo-label (teacher=Aff-Wild2, top=Happiness 0.64, tension=0.110) - 사람 검수 전"
-6otZ7M-Mro.005,-6otZ7M-Mro.005.mp4,-6otZ7M-Mro,,,0.7137,"EMO-AffectNet pseudo-label (teacher=Aff-Wild2, top=Neutral 0.24, tension=0.286) - 사람 검수 전"
-8asrRvfJWA.001,-8asrRvfJWA.001.mp4,-8asrRvfJWA,,,0.7649,"EMO-AffectNet pseudo-label (teacher=Aff-Wild2, top=Neutral 0.29, tension=0.235) - 사람 검수 전"
-9BZ8A9U7TE.002,-9BZ8A9U7TE.002.mp4,-9BZ8A9U7TE,,,0.7751,"EMO-AffectNet pseudo-label (teacher=Aff-Wild2, top=Neutral 0.47, tension=0.225) - 사람 검수 전"
-AmMDnVl4s8.001,-AmMDnVl4s8.001.mp4,-AmMDnVl4s8,,,0.8761,"EMO-AffectNet pseudo-label (teacher=Aff-Wild2, top=Happiness 0.57, tension=0.124) - 사람 검수 전"
-BDSWZIF-WY.000,-BDSWZIF-WY.000.mp4,-BDSWZIF-WY,,,0.6809,"EMO-AffectNet pseudo-label (teacher=Aff-Wild2, top=Anger 0.24, tension=0.319) - 사람 검수 전"
-DOqN0d8KHw.000,-DOqN0d8KHw.000.mp4,-DOqN0d8KHw,,,0.7994,"EMO-AffectNet pseudo-label (teacher=Aff-Wild2, top=Neutral 0.39, tension=0.201) - 사람 검수 전"
-DOqN0d8KHw.001,-DOqN0d8KHw.001.mp4,-DOqN0d8KHw,,,0.7968,"EMO-AffectNet pseudo-label (teacher=Aff-Wild2, top=Neutral 0.33, tension=0.203) - 사람 검수 전"
-N6QKrbnaDs.002,-N6QKrbnaDs.002.mp4,-N6QKrbnaDs,,,0.7052,"EMO-AffectNet pseudo-label (teacher=Aff-Wild2, top=Neutral 0.26, tension=0.295) - 사람 검수 전"
-PF2TG2loGc.002,-PF2TG2loGc.002.mp4,-PF2TG2loGc,,,0.735,"EMO-AffectNet pseudo-label (teacher=Aff-Wild2, top=Happiness 0.31, tension=0.265) - 사람 검수 전"
-PWjgx2czwY.000,-PWjgx2czwY.000.mp4,-PWjgx2czwY,,,0.6633,"EMO-AffectNet pseudo-label (teacher=Aff-Wild2, top=Anger 0.21, tension=0.337) - 사람 검수 전"
-R2SZu3SYgM.002,-R2SZu3SYgM.002.mp4,-R2SZu3SYgM,,,0.7512,"EMO-AffectNet pseudo-label (teacher=Aff-Wild2, top=Neutral 0.31, tension=0.249) - 사람 검수 전"
-R2SZu3SYgM.003,-R2SZu3SYgM.003.mp4,-R2SZu3SYgM,,,0.7431,"EMO-AffectNet pseudo-label (teacher=Aff-Wild2, top=Surprise 0.25, tension=0.257) - 사람 검수 전"
-RhPxhfpg4U.004,-RhPxhfpg4U.004.mp4,-RhPxhfpg4U,,,0.7384,"EMO-AffectNet pseudo-label (teacher=Aff-Wild2, top=Neutral 0.26, tension=0.262) - 사람 검수 전"
-RqxrwIxMvE.002,-RqxrwIxMvE.002.mp4,-RqxrwIxMvE,,,0.6734,"EMO-AffectNet pseudo-label (teacher=Aff-Wild2, top=Neutral 0.30, tension=0.327) - 사람 검수 전"
-VTqcHNgH7M.001,-VTqcHNgH7M.001.mp4,-VTqcHNgH7M,,,0.6569,"EMO-AffectNet pseudo-label (teacher=Aff-Wild2, top=Sadness 0.24, tension=0.343) - 사람 검수 전"
-VTqcHNgH7M.005,-VTqcHNgH7M.005.mp4,-VTqcHNgH7M,,,0.6636,"EMO-AffectNet pseudo-label (teacher=Aff-Wild2, top=Neutral 0.24, tension=0.336) - 사람 검수 전"
-Wqk9eex6bQ.001,-Wqk9eex6bQ.001.mp4,-Wqk9eex6bQ,,,0.6432,"EMO-AffectNet pseudo-label (teacher=Aff-Wild2, top=Fear 0.26, tension=0.357) - 사람 검수 전"
-agCXYgb7pI.000,-agCXYgb7pI.000.mp4,-agCXYgb7pI,,,0.6511,"EMO-AffectNet pseudo-label (teacher=Aff-Wild2, top=Neutral 0.22, tension=0.349) - 사람 검수 전"
-agCXYgb7pI.001,-agCXYgb7pI.001.mp4,-agCXYgb7pI,,,0.6562,"EMO-AffectNet pseudo-label (teacher=Aff-Wild2, top=Disgust 0.21, tension=0.344) - 사람 검수 전"
-fqiCqZtgYs.000,-fqiCqZtgYs.000.mp4,-fqiCqZtgYs,,,0.7046,"EMO-AffectNet pseudo-label (teacher=Aff-Wild2, top=Neutral 0.38, tension=0.295) - 사람 검수 전"
-wO0oBNlEvY.005,-wO0oBNlEvY.005.mp4,-wO0oBNlEvY,,,0.7527,"EMO-AffectNet pseudo-label (teacher=Aff-Wild2, top=Surprise 0.36, tension=0.247) - 사람 검수 전"
-zNyDPzId4E.000,-zNyDPzId4E.000.mp4,-zNyDPzId4E,,,0.7416,"EMO-AffectNet pseudo-label (teacher=Aff-Wild2, top=Neutral 0.22, tension=0.258) - 사람 검수 전"
04oq2yrBwMg.000,04oq2yrBwMg.000.mp4,04oq2yrBwMg,,,0.7239,"EMO-AffectNet pseudo-label (teacher=Aff-Wild2, top=Neutral 0.31, tension=0.276) - 사람 검수 전"
04oq2yrBwMg.003,04oq2yrBwMg.003.mp4,04oq2yrBwMg,,,0.7239,"EMO-AffectNet pseudo-label (teacher=Aff-Wild2, top=Neutral 0.25, tension=0.276) - 사람 검수 전"
04oq2yrBwMg.005,04oq2yrBwMg.005.mp4,04oq2yrBwMg,,,0.7043,"EMO-AffectNet pseudo-label (teacher=Aff-Wild2, top=Neutral 0.29, tension=0.296) - 사람 검수 전"
05l5bteT_qA.004,05l5bteT_qA.004.mp4,05l5bteT_qA,,,0.7709,"EMO-AffectNet pseudo-label (teacher=Aff-Wild2, top=Neutral 0.26, tension=0.229) - 사람 검수 전"
0G9vplL8ae8.004,0G9vplL8ae8.004.mp4,0G9vplL8ae8,,,0.6926,"EMO-AffectNet pseudo-label (teacher=Aff-Wild2, top=Anger 0.26, tension=0.307) - 사람 검수 전"
0ObEtA6Q8vU.004,0ObEtA6Q8vU.004.mp4,0ObEtA6Q8vU,,,0.846,"EMO-AffectNet pseudo-label (teacher=Aff-Wild2, top=Happiness 0.53, tension=0.154) - 사람 검수 전"
0QTR0WiJSNk.004,0QTR0WiJSNk.004.mp4,0QTR0WiJSNk,,,0.7257,"EMO-AffectNet pseudo-label (teacher=Aff-Wild2, top=Neutral 0.39, tension=0.274) - 사람 검수 전"
0SS47KwVOQ4.000,0SS47KwVOQ4.000.mp4,0SS47KwVOQ4,,,0.6755,"EMO-AffectNet pseudo-label (teacher=Aff-Wild2, top=Neutral 0.31, tension=0.325) - 사람 검수 전"
0VnZngec8sc.002,0VnZngec8sc.002.mp4,0VnZngec8sc,,,0.7503,"EMO-AffectNet pseudo-label (teacher=Aff-Wild2, top=Neutral 0.35, tension=0.250) - 사람 검수 전"
0a5FOYBAIcc.001,0a5FOYBAIcc.001.mp4,0a5FOYBAIcc,,,0.7192,"EMO-AffectNet pseudo-label (teacher=Aff-Wild2, top=Surprise 0.24, tension=0.281) - 사람 검수 전"
0axZSeaUbfs.003,0axZSeaUbfs.003.mp4,0axZSeaUbfs,,,0.7175,"EMO-AffectNet pseudo-label (teacher=Aff-Wild2, top=Neutral 0.31, tension=0.283) - 사람 검수 전"
0iQIfGnKflc.004,0iQIfGnKflc.004.mp4,0iQIfGnKflc,,,0.7511,"EMO-AffectNet pseudo-label (teacher=Aff-Wild2, top=Anger 0.29, tension=0.249) - 사람 검수 전"
0mym1CooiTE.002,0mym1CooiTE.002.mp4,0mym1CooiTE,,,0.7463,"EMO-AffectNet pseudo-label (teacher=Aff-Wild2, top=Surprise 0.26, tension=0.254) - 사람 검수 전"
0mym1CooiTE.005,0mym1CooiTE.005.mp4,0mym1CooiTE,,,0.7482,"EMO-AffectNet pseudo-label (teacher=Aff-Wild2, top=Surprise 0.25, tension=0.252) - 사람 검수 전"
0qtCdb23_2g.000,0qtCdb23_2g.000.mp4,0qtCdb23_2g,,,0.7102,"EMO-AffectNet pseudo-label (teacher=Aff-Wild2, top=Anger 0.28, tension=0.290) - 사람 검수 전"
0tse0Fsy_rg.000,0tse0Fsy_rg.000.mp4,0tse0Fsy_rg,,,0.7815,"EMO-AffectNet pseudo-label (teacher=Aff-Wild2, top=Neutral 0.38, tension=0.219) - 사람 검수 전"
0tse0Fsy_rg.003,0tse0Fsy_rg.003.mp4,0tse0Fsy_rg,,,0.7808,"EMO-AffectNet pseudo-label (teacher=Aff-Wild2, top=Neutral 0.30, tension=0.219) - 사람 검수 전"
0u56Q_QmxIM.001,0u56Q_QmxIM.001.mp4,0u56Q_QmxIM,,,0.7351,"EMO-AffectNet pseudo-label (teacher=Aff-Wild2, top=Neutral 0.28, tension=0.265) - 사람 검수 전"
0u56Q_QmxIM.003,0u56Q_QmxIM.003.mp4,0u56Q_QmxIM,,,0.7466,"EMO-AffectNet pseudo-label (teacher=Aff-Wild2, top=Neutral 0.28, tension=0.253) - 사람 검수 전"
0u56Q_QmxIM.005,0u56Q_QmxIM.005.mp4,0u56Q_QmxIM,,,0.7085,"EMO-AffectNet pseudo-label (teacher=Aff-Wild2, top=Anger 0.27, tension=0.291) - 사람 검수 전"
0uCqd5hZcyI.001,0uCqd5hZcyI.001.mp4,0uCqd5hZcyI,,,0.7761,"EMO-AffectNet pseudo-label (teacher=Aff-Wild2, top=Surprise 0.27, tension=0.224) - 사람 검수 전"
0uCqd5hZcyI.004,0uCqd5hZcyI.004.mp4,0uCqd5hZcyI,,,0.705,"EMO-AffectNet pseudo-label (teacher=Aff-Wild2, top=Surprise 0.33, tension=0.295) - 사람 검수 전"
0zJcYnsh55g.002,0zJcYnsh55g.002.mp4,0zJcYnsh55g,,,0.8712,"EMO-AffectNet pseudo-label (teacher=Aff-Wild2, top=Happiness 0.55, tension=0.129) - 사람 검수 전"
1-GgVRmAEoo.000,1-GgVRmAEoo.000.mp4,1-GgVRmAEoo,,,0.8513,"EMO-AffectNet pseudo-label (teacher=Aff-Wild2, top=Happiness 0.56, tension=0.149) - 사람 검수 전"
12Ezy1y1cWY.004,12Ezy1y1cWY.004.mp4,12Ezy1y1cWY,,,0.7972,"EMO-AffectNet pseudo-label (teacher=Aff-Wild2, top=Happiness 0.37, tension=0.203) - 사람 검수 전"
12lqQE6oPNE.002,12lqQE6oPNE.002.mp4,12lqQE6oPNE,,,0.7833,"EMO-AffectNet pseudo-label (teacher=Aff-Wild2, top=Neutral 0.27, tension=0.217) - 사람 검수 전"
176vWywoq9E.003,176vWywoq9E.003.mp4,176vWywoq9E,,,0.8505,"EMO-AffectNet pseudo-label (teacher=Aff-Wild2, top=Happiness 0.51, tension=0.149) - 사람 검수 전"
19pTUX8KfYM.004,19pTUX8KfYM.004.mp4,19pTUX8KfYM,,,0.6919,"EMO-AffectNet pseudo-label (teacher=Aff-Wild2, top=Neutral 0.27, tension=0.308) - 사람 검수 전"
19pTUX8KfYM.005,19pTUX8KfYM.005.mp4,19pTUX8KfYM,,,0.6851,"EMO-AffectNet pseudo-label (teacher=Aff-Wild2, top=Fear 0.27, tension=0.315) - 사람 검수 전"
1CYzbX8AaP8.000,1CYzbX8AaP8.000.mp4,1CYzbX8AaP8,,,0.6527,"EMO-AffectNet pseudo-label (teacher=Aff-Wild2, top=Neutral 0.28, tension=0.347) - 사람 검수 전"
1CYzbX8AaP8.005,1CYzbX8AaP8.005.mp4,1CYzbX8AaP8,,,0.6764,"EMO-AffectNet pseudo-label (teacher=Aff-Wild2, top=Neutral 0.26, tension=0.324) - 사람 검수 전"
1S0SxmfbOus.003,1S0SxmfbOus.003.mp4,1S0SxmfbOus,,,0.6966,"EMO-AffectNet pseudo-label (teacher=Aff-Wild2, top=Neutral 0.25, tension=0.303) - 사람 검수 전"
1TXS1Zg4wDc.001,1TXS1Zg4wDc.001.mp4,1TXS1Zg4wDc,,,0.8455,"EMO-AffectNet pseudo-label (teacher=Aff-Wild2, top=Happiness 0.48, tension=0.154) - 사람 검수 전"
1W7XLdNpEgc.002,1W7XLdNpEgc.002.mp4,1W7XLdNpEgc,,,0.6193,"EMO-AffectNet pseudo-label (teacher=Aff-Wild2, top=Disgust 0.30, tension=0.381) - 사람 검수 전"
1XkKu4LBvog.004,1XkKu4LBvog.004.mp4,1XkKu4LBvog,,,0.766,"EMO-AffectNet pseudo-label (teacher=Aff-Wild2, top=Neutral 0.39, tension=0.234) - 사람 검수 전"
1XkKu4LBvog.005,1XkKu4LBvog.005.mp4,1XkKu4LBvog,,,0.7497,"EMO-AffectNet pseudo-label (teacher=Aff-Wild2, top=Neutral 0.43, tension=0.250) - 사람 검수 전"
1XqMZQu_pP4.001,1XqMZQu_pP4.001.mp4,1XqMZQu_pP4,,,0.7626,"EMO-AffectNet pseudo-label (teacher=Aff-Wild2, top=Happiness 0.29, tension=0.237) - 사람 검수 전"
1XqMZQu_pP4.003,1XqMZQu_pP4.003.mp4,1XqMZQu_pP4,,,0.7225,"EMO-AffectNet pseudo-label (teacher=Aff-Wild2, top=Neutral 0.20, tension=0.278) - 사람 검수 전"
1ajEXdEsJ-k.002,1ajEXdEsJ-k.002.mp4,1ajEXdEsJ-k,,,0.7725,"EMO-AffectNet pseudo-label (teacher=Aff-Wild2, top=Happiness 0.31, tension=0.227) - 사람 검수 전"
1dOaM7zWPo8.002,1dOaM7zWPo8.002.mp4,1dOaM7zWPo8,,,0.7367,"EMO-AffectNet pseudo-label (teacher=Aff-Wild2, top=Surprise 0.27, tension=0.263) - 사람 검수 전"
1hpZ2ecWqtI.000,1hpZ2ecWqtI.000.mp4,1hpZ2ecWqtI,,,0.8541,"EMO-AffectNet pseudo-label (teacher=Aff-Wild2, top=Happiness 0.56, tension=0.146) - 사람 검수 전"
1hpZ2ecWqtI.001,1hpZ2ecWqtI.001.mp4,1hpZ2ecWqtI,,,0.8282,"EMO-AffectNet pseudo-label (teacher=Aff-Wild2, top=Happiness 0.49, tension=0.172) - 사람 검수 전"
1izSTcQI7H4.005,1izSTcQI7H4.005.mp4,1izSTcQI7H4,,,0.6124,"EMO-AffectNet pseudo-label (teacher=Aff-Wild2, top=Sadness 0.20, tension=0.388) - 사람 검수 전"
1jC4vsQsjwM.000,1jC4vsQsjwM.000.mp4,1jC4vsQsjwM,,,0.807,"EMO-AffectNet pseudo-label (teacher=Aff-Wild2, top=Happiness 0.37, tension=0.193) - 사람 검수 전"
1m4WjLRKTwc.000,1m4WjLRKTwc.000.mp4,1m4WjLRKTwc,,,0.7623,"EMO-AffectNet pseudo-label (teacher=Aff-Wild2, top=Happiness 0.29, tension=0.238) - 사람 검수 전"
1m67onLoRwY.001,1m67onLoRwY.001.mp4,1m67onLoRwY,,,0.7606,"EMO-AffectNet pseudo-label (teacher=Aff-Wild2, top=Neutral 0.31, tension=0.239) - 사람 검수 전"
1mHjMNZZvFo.002,1mHjMNZZvFo.002.mp4,1mHjMNZZvFo,,,0.7333,"EMO-AffectNet pseudo-label (teacher=Aff-Wild2, top=Happiness 0.23, tension=0.267) - 사람 검수 전"
1mODTfLRGdI.002,1mODTfLRGdI.002.mp4,1mODTfLRGdI,,,0.7253,"EMO-AffectNet pseudo-label (teacher=Aff-Wild2, top=Surprise 0.27, tension=0.275) - 사람 검수 전"
1mdMhaq5p4w.000,1mdMhaq5p4w.000.mp4,1mdMhaq5p4w,,,0.6995,"EMO-AffectNet pseudo-label (teacher=Aff-Wild2, top=Neutral 0.23, tension=0.300) - 사람 검수 전"
1pMNczHCXPc.000,1pMNczHCXPc.000.mp4,1pMNczHCXPc,,,0.7271,"EMO-AffectNet pseudo-label (teacher=Aff-Wild2, top=Neutral 0.33, tension=0.273) - 사람 검수 전"
1pm5uoU85FI.002,1pm5uoU85FI.002.mp4,1pm5uoU85FI,,,0.7622,"EMO-AffectNet pseudo-label (teacher=Aff-Wild2, top=Neutral 0.33, tension=0.238) - 사람 검수 전"
1pm5uoU85FI.004,1pm5uoU85FI.004.mp4,1pm5uoU85FI,,,0.7372,"EMO-AffectNet pseudo-label (teacher=Aff-Wild2, top=Anger 0.31, tension=0.263) - 사람 검수 전"
1sjXuXtx9-E.001,1sjXuXtx9-E.001.mp4,1sjXuXtx9-E,,,0.7623,"EMO-AffectNet pseudo-label (teacher=Aff-Wild2, top=Surprise 0.30, tension=0.238) - 사람 검수 전"
1sjXuXtx9-E.004,1sjXuXtx9-E.004.mp4,1sjXuXtx9-E,,,0.7606,"EMO-AffectNet pseudo-label (teacher=Aff-Wild2, top=Neutral 0.30, tension=0.239) - 사람 검수 전"
1tPH6PNeOSk.000,1tPH6PNeOSk.000.mp4,1tPH6PNeOSk,,,0.8099,"EMO-AffectNet pseudo-label (teacher=Aff-Wild2, top=Happiness 0.45, tension=0.190) - 사람 검수 전"
1tPH6PNeOSk.001,1tPH6PNeOSk.001.mp4,1tPH6PNeOSk,,,0.766,"EMO-AffectNet pseudo-label (teacher=Aff-Wild2, top=Happiness 0.30, tension=0.234) - 사람 검수 전"
1uC-2TZqplE.001,1uC-2TZqplE.001.mp4,1uC-2TZqplE,,,0.6268,"EMO-AffectNet pseudo-label (teacher=Aff-Wild2, top=Sadness 0.27, tension=0.373) - 사람 검수 전"
1uC-2TZqplE.002,1uC-2TZqplE.002.mp4,1uC-2TZqplE,,,0.6204,"EMO-AffectNet pseudo-label (teacher=Aff-Wild2, top=Sadness 0.27, tension=0.380) - 사람 검수 전"
1uC-2TZqplE.005,1uC-2TZqplE.005.mp4,1uC-2TZqplE,,,0.6489,"EMO-AffectNet pseudo-label (teacher=Aff-Wild2, top=Fear 0.24, tension=0.351) - 사람 검수 전"
1yIGI42lzak.004,1yIGI42lzak.004.mp4,1yIGI42lzak,,,0.7095,"EMO-AffectNet pseudo-label (teacher=Aff-Wild2, top=Neutral 0.24, tension=0.290) - 사람 검수 전"
1zpucNpIDk8.000,1zpucNpIDk8.000.mp4,1zpucNpIDk8,,,0.6625,"EMO-AffectNet pseudo-label (teacher=Aff-Wild2, top=Fear 0.20, tension=0.337) - 사람 검수 전"
2-LDYe7OXZU.004,2-LDYe7OXZU.004.mp4,2-LDYe7OXZU,,,0.7325,"EMO-AffectNet pseudo-label (teacher=Aff-Wild2, top=Surprise 0.24, tension=0.267) - 사람 검수 전"
2DZb5yIc6Fg.004,2DZb5yIc6Fg.004.mp4,2DZb5yIc6Fg,,,0.7682,"EMO-AffectNet pseudo-label (teacher=Aff-Wild2, top=Neutral 0.40, tension=0.232) - 사람 검수 전"
2DZb5yIc6Fg.005,2DZb5yIc6Fg.005.mp4,2DZb5yIc6Fg,,,0.7819,"EMO-AffectNet pseudo-label (teacher=Aff-Wild2, top=Neutral 0.47, tension=0.218) - 사람 검수 전"
2HE6cw3HFPk.004,2HE6cw3HFPk.004.mp4,2HE6cw3HFPk,,,0.6873,"EMO-AffectNet pseudo-label (teacher=Aff-Wild2, top=Neutral 0.21, tension=0.313) - 사람 검수 전"
2HU92Hfx8Lo.000,2HU92Hfx8Lo.000.mp4,2HU92Hfx8Lo,,,0.7916,"EMO-AffectNet pseudo-label (teacher=Aff-Wild2, top=Happiness 0.37, tension=0.208) - 사람 검수 전"
2KSBoJZMcMU.000,2KSBoJZMcMU.000.mp4,2KSBoJZMcMU,,,0.6292,"EMO-AffectNet pseudo-label (teacher=Aff-Wild2, top=Fear 0.30, tension=0.371) - 사람 검수 전"
2NNYN1ZCJhw.002,2NNYN1ZCJhw.002.mp4,2NNYN1ZCJhw,,,0.7969,"EMO-AffectNet pseudo-label (teacher=Aff-Wild2, top=Happiness 0.39, tension=0.203) - 사람 검수 전"
2OAA4slRc5M.000,2OAA4slRc5M.000.mp4,2OAA4slRc5M,,,0.7437,"EMO-AffectNet pseudo-label (teacher=Aff-Wild2, top=Neutral 0.26, tension=0.256) - 사람 검수 전"
2PSGksTyrnI.002,2PSGksTyrnI.002.mp4,2PSGksTyrnI,,,0.6758,"EMO-AffectNet pseudo-label (teacher=Aff-Wild2, top=Happiness 0.22, tension=0.324) - 사람 검수 전"
2SzC9dm4Yy4.001,2SzC9dm4Yy4.001.mp4,2SzC9dm4Yy4,,,0.7332,"EMO-AffectNet pseudo-label (teacher=Aff-Wild2, top=Surprise 0.27, tension=0.267) - 사람 검수 전"
2T3oK1Gse2g.004,2T3oK1Gse2g.004.mp4,2T3oK1Gse2g,,,0.8123,"EMO-AffectNet pseudo-label (teacher=Aff-Wild2, top=Neutral 0.30, tension=0.188) - 사람 검수 전"
2T3oK1Gse2g.005,2T3oK1Gse2g.005.mp4,2T3oK1Gse2g,,,0.8323,"EMO-AffectNet pseudo-label (teacher=Aff-Wild2, top=Happiness 0.32, tension=0.168) - 사람 검수 전"
2TMl5EMrdVI.000,2TMl5EMrdVI.000.mp4,2TMl5EMrdVI,,,0.8002,"EMO-AffectNet pseudo-label (teacher=Aff-Wild2, top=Happiness 0.37, tension=0.200) - 사람 검수 전"
2TXrDZgbDHE.002,2TXrDZgbDHE.002.mp4,2TXrDZgbDHE,,,0.7353,"EMO-AffectNet pseudo-label (teacher=Aff-Wild2, top=Happiness 0.20, tension=0.265) - 사람 검수 전"
2UqnC_rFcRQ.005,2UqnC_rFcRQ.005.mp4,2UqnC_rFcRQ,,,0.7963,"EMO-AffectNet pseudo-label (teacher=Aff-Wild2, top=Happiness 0.36, tension=0.204) - 사람 검수 전"
2UxhlaDEPmI.000,2UxhlaDEPmI.000.mp4,2UxhlaDEPmI,,,0.687,"EMO-AffectNet pseudo-label (teacher=Aff-Wild2, top=Surprise 0.21, tension=0.313) - 사람 검수 전"
2WuhWF4fAOQ.000,2WuhWF4fAOQ.000.mp4,2WuhWF4fAOQ,,,0.6858,"EMO-AffectNet pseudo-label (teacher=Aff-Wild2, top=Sadness 0.25, tension=0.314) - 사람 검수 전"
2WuhWF4fAOQ.005,2WuhWF4fAOQ.005.mp4,2WuhWF4fAOQ,,,0.7526,"EMO-AffectNet pseudo-label (teacher=Aff-Wild2, top=Happiness 0.33, tension=0.247) - 사람 검수 전"
2_OOIcYfLV0.000,2_OOIcYfLV0.000.mp4,2_OOIcYfLV0,,,0.7197,"EMO-AffectNet pseudo-label (teacher=Aff-Wild2, top=Neutral 0.27, tension=0.280) - 사람 검수 전"
2c42A4Z7qPE.000,2c42A4Z7qPE.000.mp4,2c42A4Z7qPE,,,0.7456,"EMO-AffectNet pseudo-label (teacher=Aff-Wild2, top=Neutral 0.27, tension=0.254) - 사람 검수 전"
2c42A4Z7qPE.002,2c42A4Z7qPE.002.mp4,2c42A4Z7qPE,,,0.7062,"EMO-AffectNet pseudo-label (teacher=Aff-Wild2, top=Anger 0.26, tension=0.294) - 사람 검수 전"
2d6btbaNdfo.001,2d6btbaNdfo.001.mp4,2d6btbaNdfo,,,0.7043,"EMO-AffectNet pseudo-label (teacher=Aff-Wild2, top=Neutral 0.31, tension=0.296) - 사람 검수 전"
2d6btbaNdfo.003,2d6btbaNdfo.003.mp4,2d6btbaNdfo,,,0.7043,"EMO-AffectNet pseudo-label (teacher=Aff-Wild2, top=Neutral 0.34, tension=0.296) - 사람 검수 전"
2d6btbaNdfo.005,2d6btbaNdfo.005.mp4,2d6btbaNdfo,,,0.7102,"EMO-AffectNet pseudo-label (teacher=Aff-Wild2, top=Neutral 0.34, tension=0.290) - 사람 검수 전"
2fzLibPAtvI.001,2fzLibPAtvI.001.mp4,2fzLibPAtvI,,,0.7099,"EMO-AffectNet pseudo-label (teacher=Aff-Wild2, top=Neutral 0.30, tension=0.290) - 사람 검수 전"
2fzLibPAtvI.002,2fzLibPAtvI.002.mp4,2fzLibPAtvI,,,0.7377,"EMO-AffectNet pseudo-label (teacher=Aff-Wild2, top=Neutral 0.26, tension=0.262) - 사람 검수 전"
2hhqEWiv4eI.003,2hhqEWiv4eI.003.mp4,2hhqEWiv4eI,,,0.5811,"EMO-AffectNet pseudo-label (teacher=Aff-Wild2, top=Disgust 0.42, tension=0.419) - 사람 검수 전"
2kqPuht5jTg.001,2kqPuht5jTg.001.mp4,2kqPuht5jTg,,,0.6898,"EMO-AffectNet pseudo-label (teacher=Aff-Wild2, top=Neutral 0.28, tension=0.310) - 사람 검수 전"
2kqPuht5jTg.003,2kqPuht5jTg.003.mp4,2kqPuht5jTg,,,0.6682,"EMO-AffectNet pseudo-label (teacher=Aff-Wild2, top=Fear 0.27, tension=0.332) - 사람 검수 전"
2mfmw63l88g.002,2mfmw63l88g.002.mp4,2mfmw63l88g,,,0.6797,"EMO-AffectNet pseudo-label (teacher=Aff-Wild2, top=Neutral 0.31, tension=0.320) - 사람 검수 전"
2oEUp9sGRGk.003,2oEUp9sGRGk.003.mp4,2oEUp9sGRGk,,,0.6859,"EMO-AffectNet pseudo-label (teacher=Aff-Wild2, top=Neutral 0.25, tension=0.314) - 사람 검수 전"
2oiXF5_gTyk.000,2oiXF5_gTyk.000.mp4,2oiXF5_gTyk,,,0.833,"EMO-AffectNet pseudo-label (teacher=Aff-Wild2, top=Happiness 0.50, tension=0.167) - 사람 검수 전"
2r5NVi3SZ2I.003,2r5NVi3SZ2I.003.mp4,2r5NVi3SZ2I,,,0.7094,"EMO-AffectNet pseudo-label (teacher=Aff-Wild2, top=Neutral 0.31, tension=0.291) - 사람 검수 전"
2rV3Ibtdnvs.001,2rV3Ibtdnvs.001.mp4,2rV3Ibtdnvs,,,0.7386,"EMO-AffectNet pseudo-label (teacher=Aff-Wild2, top=Surprise 0.22, tension=0.261) - 사람 검수 전"
2rV3Ibtdnvs.002,2rV3Ibtdnvs.002.mp4,2rV3Ibtdnvs,,,0.8351,"EMO-AffectNet pseudo-label (teacher=Aff-Wild2, top=Happiness 0.50, tension=0.165) - 사람 검수 전"
2x8GZaBY6TM.000,2x8GZaBY6TM.000.mp4,2x8GZaBY6TM,,,0.7554,"EMO-AffectNet pseudo-label (teacher=Aff-Wild2, top=Neutral 0.30, tension=0.245) - 사람 검수 전"
2yUnXroXyeI.000,2yUnXroXyeI.000.mp4,2yUnXroXyeI,,,0.7714,"EMO-AffectNet pseudo-label (teacher=Aff-Wild2, top=Happiness 0.27, tension=0.229) - 사람 검수 전"
2yUnXroXyeI.001,2yUnXroXyeI.001.mp4,2yUnXroXyeI,,,0.7748,"EMO-AffectNet pseudo-label (teacher=Aff-Wild2, top=Neutral 0.26, tension=0.225) - 사람 검수 전"
300gK3CnzW0.005,300gK3CnzW0.005.mp4,300gK3CnzW0,,,0.8175,"EMO-AffectNet pseudo-label (teacher=Aff-Wild2, top=Neutral 0.37, tension=0.182) - 사람 검수 전"
39BJkEXJpgc.000,39BJkEXJpgc.000.mp4,39BJkEXJpgc,,,0.732,"EMO-AffectNet pseudo-label (teacher=Aff-Wild2, top=Neutral 0.38, tension=0.268) - 사람 검수 전"
39BJkEXJpgc.004,39BJkEXJpgc.004.mp4,39BJkEXJpgc,,,0.7185,"EMO-AffectNet pseudo-label (teacher=Aff-Wild2, top=Neutral 0.37, tension=0.281) - 사람 검수 전"
3AyjQQYmqU4.002,3AyjQQYmqU4.002.mp4,3AyjQQYmqU4,,,0.7016,"EMO-AffectNet pseudo-label (teacher=Aff-Wild2, top=Neutral 0.36, tension=0.298) - 사람 검수 전"
3GylAjrajHs.005,3GylAjrajHs.005.mp4,3GylAjrajHs,,,0.6309,"EMO-AffectNet pseudo-label (teacher=Aff-Wild2, top=Sadness 0.22, tension=0.369) - 사람 검수 전"
3HA2W1s4oP8.004,3HA2W1s4oP8.004.mp4,3HA2W1s4oP8,,,0.5874,"EMO-AffectNet pseudo-label (teacher=Aff-Wild2, top=Fear 0.33, tension=0.413) - 사람 검수 전"
3J7Cl3FXs1o.003,3J7Cl3FXs1o.003.mp4,3J7Cl3FXs1o,,,0.6303,"EMO-AffectNet pseudo-label (teacher=Aff-Wild2, top=Fear 0.22, tension=0.370) - 사람 검수 전"
3JzvXA-Zfbs.004,3JzvXA-Zfbs.004.mp4,3JzvXA-Zfbs,,,0.7681,"EMO-AffectNet pseudo-label (teacher=Aff-Wild2, top=Happiness 0.26, tension=0.232) - 사람 검수 전"
3K16KyiAZHw.000,3K16KyiAZHw.000.mp4,3K16KyiAZHw,,,0.7118,"EMO-AffectNet pseudo-label (teacher=Aff-Wild2, top=Neutral 0.36, tension=0.288) - 사람 검수 전"
3K16KyiAZHw.003,3K16KyiAZHw.003.mp4,3K16KyiAZHw,,,0.7278,"EMO-AffectNet pseudo-label (teacher=Aff-Wild2, top=Neutral 0.37, tension=0.272) - 사람 검수 전"
3LAaFUSGvsU.000,3LAaFUSGvsU.000.mp4,3LAaFUSGvsU,,,0.6873,"EMO-AffectNet pseudo-label (teacher=Aff-Wild2, top=Neutral 0.22, tension=0.313) - 사람 검수 전"
3OoQBXWTGfE.003,3OoQBXWTGfE.003.mp4,3OoQBXWTGfE,,,0.7041,"EMO-AffectNet pseudo-label (teacher=Aff-Wild2, top=Happiness 0.25, tension=0.296) - 사람 검수 전"
3Q3SB1dVAng.004,3Q3SB1dVAng.004.mp4,3Q3SB1dVAng,,,0.6915,"EMO-AffectNet pseudo-label (teacher=Aff-Wild2, top=Surprise 0.22, tension=0.308) - 사람 검수 전"
3S72dDIm1fM.003,3S72dDIm1fM.003.mp4,3S72dDIm1fM,,,0.767,"EMO-AffectNet pseudo-label (teacher=Aff-Wild2, top=Happiness 0.27, tension=0.233) - 사람 검수 전"
3Sj-GZ3YXWs.003,3Sj-GZ3YXWs.003.mp4,3Sj-GZ3YXWs,,,0.7459,"EMO-AffectNet pseudo-label (teacher=Aff-Wild2, top=Surprise 0.33, tension=0.254) - 사람 검수 전"
3WoXkI06zGk.004,3WoXkI06zGk.004.mp4,3WoXkI06zGk,,,0.7151,"EMO-AffectNet pseudo-label (teacher=Aff-Wild2, top=Neutral 0.43, tension=0.285) - 사람 검수 전"
3ccY8jYkI5o.001,3ccY8jYkI5o.001.mp4,3ccY8jYkI5o,,,0.8631,"EMO-AffectNet pseudo-label (teacher=Aff-Wild2, top=Happiness 0.50, tension=0.137) - 사람 검수 전"
3ccY8jYkI5o.003,3ccY8jYkI5o.003.mp4,3ccY8jYkI5o,,,0.7837,"EMO-AffectNet pseudo-label (teacher=Aff-Wild2, top=Neutral 0.25, tension=0.216) - 사람 검수 전"
3gUpRQ22vUs.002,3gUpRQ22vUs.002.mp4,3gUpRQ22vUs,,,0.7067,"EMO-AffectNet pseudo-label (teacher=Aff-Wild2, top=Neutral 0.32, tension=0.293) - 사람 검수 전"
3hKgh9AB3tk.000,3hKgh9AB3tk.000.mp4,3hKgh9AB3tk,,,0.6572,"EMO-AffectNet pseudo-label (teacher=Aff-Wild2, top=Neutral 0.22, tension=0.343) - 사람 검수 전"
3lV-sr3NOUo.000,3lV-sr3NOUo.000.mp4,3lV-sr3NOUo,,,0.7522,"EMO-AffectNet pseudo-label (teacher=Aff-Wild2, top=Neutral 0.28, tension=0.248) - 사람 검수 전"
3lV-sr3NOUo.002,3lV-sr3NOUo.002.mp4,3lV-sr3NOUo,,,0.7489,"EMO-AffectNet pseudo-label (teacher=Aff-Wild2, top=Neutral 0.31, tension=0.251) - 사람 검수 전"
3lV-sr3NOUo.005,3lV-sr3NOUo.005.mp4,3lV-sr3NOUo,,,0.7864,"EMO-AffectNet pseudo-label (teacher=Aff-Wild2, top=Neutral 0.29, tension=0.214) - 사람 검수 전"
3n-QaO3EvPQ.000,3n-QaO3EvPQ.000.mp4,3n-QaO3EvPQ,,,0.7263,"EMO-AffectNet pseudo-label (teacher=Aff-Wild2, top=Neutral 0.26, tension=0.274) - 사람 검수 전"
3orJLMVqWYw.002,3orJLMVqWYw.002.mp4,3orJLMVqWYw,,,0.9025,"EMO-AffectNet pseudo-label (teacher=Aff-Wild2, top=Happiness 0.68, tension=0.098) - 사람 검수 전"
3tPq9fNOXZQ.004,3tPq9fNOXZQ.004.mp4,3tPq9fNOXZQ,,,0.7433,"EMO-AffectNet pseudo-label (teacher=Aff-Wild2, top=Happiness 0.21, tension=0.257) - 사람 검수 전"
3taD1fEPfC8.000,3taD1fEPfC8.000.mp4,3taD1fEPfC8,,,0.7532,"EMO-AffectNet pseudo-label (teacher=Aff-Wild2, top=Neutral 0.24, tension=0.247) - 사람 검수 전"
3wRj39GKLJ0.004,3wRj39GKLJ0.004.mp4,3wRj39GKLJ0,,,0.9176,"EMO-AffectNet pseudo-label (teacher=Aff-Wild2, top=Happiness 0.75, tension=0.082) - 사람 검수 전"
3wgZrRMosvY.000,3wgZrRMosvY.000.mp4,3wgZrRMosvY,,,0.8509,"EMO-AffectNet pseudo-label (teacher=Aff-Wild2, top=Happiness 0.47, tension=0.149) - 사람 검수 전"
3yU-7AXnFCM.004,3yU-7AXnFCM.004.mp4,3yU-7AXnFCM,,,0.7263,"EMO-AffectNet pseudo-label (teacher=Aff-Wild2, top=Neutral 0.36, tension=0.274) - 사람 검수 전"
3zAyM2edy1g.003,3zAyM2edy1g.003.mp4,3zAyM2edy1g,,,0.6952,"EMO-AffectNet pseudo-label (teacher=Aff-Wild2, top=Neutral 0.28, tension=0.305) - 사람 검수 전"
45SH4ohAH3M.004,45SH4ohAH3M.004.mp4,45SH4ohAH3M,,,0.7424,"EMO-AffectNet pseudo-label (teacher=Aff-Wild2, top=Neutral 0.32, tension=0.258) - 사람 검수 전"
4CiR99jTzso.002,4CiR99jTzso.002.mp4,4CiR99jTzso,,,0.7407,"EMO-AffectNet pseudo-label (teacher=Aff-Wild2, top=Neutral 0.30, tension=0.259) - 사람 검수 전"
4JYmE9a21aI.001,4JYmE9a21aI.001.mp4,4JYmE9a21aI,,,0.6641,"EMO-AffectNet pseudo-label (teacher=Aff-Wild2, top=Anger 0.18, tension=0.336) - 사람 검수 전"
4JjpfL4y3XM.003,4JjpfL4y3XM.003.mp4,4JjpfL4y3XM,,,0.8036,"EMO-AffectNet pseudo-label (teacher=Aff-Wild2, top=Happiness 0.31, tension=0.196) - 사람 검수 전"
4JjpfL4y3XM.005,4JjpfL4y3XM.005.mp4,4JjpfL4y3XM,,,0.6693,"EMO-AffectNet pseudo-label (teacher=Aff-Wild2, top=Disgust 0.19, tension=0.331) - 사람 검수 전"
4KD3XCMsIBs.002,4KD3XCMsIBs.002.mp4,4KD3XCMsIBs,,,0.7814,"EMO-AffectNet pseudo-label (teacher=Aff-Wild2, top=Happiness 0.29, tension=0.219) - 사람 검수 전"
4NzqG0XwOWg.003,4NzqG0XwOWg.003.mp4,4NzqG0XwOWg,,,0.7964,"EMO-AffectNet pseudo-label (teacher=Aff-Wild2, top=Happiness 0.38, tension=0.204) - 사람 검수 전"
4OKYywIqnqg.004,4OKYywIqnqg.004.mp4,4OKYywIqnqg,,,0.8023,"EMO-AffectNet pseudo-label (teacher=Aff-Wild2, top=Happiness 0.40, tension=0.198) - 사람 검수 전"
4Qr1BjZhnpg.005,4Qr1BjZhnpg.005.mp4,4Qr1BjZhnpg,,,0.8392,"EMO-AffectNet pseudo-label (teacher=Aff-Wild2, top=Happiness 0.57, tension=0.161) - 사람 검수 전"
4T9UUWWRE94.001,4T9UUWWRE94.001.mp4,4T9UUWWRE94,,,0.7771,"EMO-AffectNet pseudo-label (teacher=Aff-Wild2, top=Neutral 0.29, tension=0.223) - 사람 검수 전"
4VwcU0ROy5k.000,4VwcU0ROy5k.000.mp4,4VwcU0ROy5k,,,0.7958,"EMO-AffectNet pseudo-label (teacher=Aff-Wild2, top=Neutral 0.35, tension=0.204) - 사람 검수 전"
4VwcU0ROy5k.005,4VwcU0ROy5k.005.mp4,4VwcU0ROy5k,,,0.7894,"EMO-AffectNet pseudo-label (teacher=Aff-Wild2, top=Neutral 0.31, tension=0.211) - 사람 검수 전"
4XdZDodpzac.001,4XdZDodpzac.001.mp4,4XdZDodpzac,,,0.7421,"EMO-AffectNet pseudo-label (teacher=Aff-Wild2, top=Neutral 0.39, tension=0.258) - 사람 검수 전"
4XdZDodpzac.002,4XdZDodpzac.002.mp4,4XdZDodpzac,,,0.7569,"EMO-AffectNet pseudo-label (teacher=Aff-Wild2, top=Neutral 0.37, tension=0.243) - 사람 검수 전"
4ZlcaXadwlo.002,4ZlcaXadwlo.002.mp4,4ZlcaXadwlo,,,0.7518,"EMO-AffectNet pseudo-label (teacher=Aff-Wild2, top=Neutral 0.36, tension=0.248) - 사람 검수 전"
4ZlcaXadwlo.004,4ZlcaXadwlo.004.mp4,4ZlcaXadwlo,,,0.7882,"EMO-AffectNet pseudo-label (teacher=Aff-Wild2, top=Neutral 0.39, tension=0.212) - 사람 검수 전"
4b-LkHBGWp4.005,4b-LkHBGWp4.005.mp4,4b-LkHBGWp4,,,0.7808,"EMO-AffectNet pseudo-label (teacher=Aff-Wild2, top=Happiness 0.27, tension=0.219) - 사람 검수 전"
4bDOetaLvZs.000,4bDOetaLvZs.000.mp4,4bDOetaLvZs,,,0.788,"EMO-AffectNet pseudo-label (teacher=Aff-Wild2, top=Neutral 0.42, tension=0.212) - 사람 검수 전"
4fN-DKUzgWQ.000,4fN-DKUzgWQ.000.mp4,4fN-DKUzgWQ,,,0.79,"EMO-AffectNet pseudo-label (teacher=Aff-Wild2, top=Happiness 0.42, tension=0.210) - 사람 검수 전"
4fN-DKUzgWQ.002,4fN-DKUzgWQ.002.mp4,4fN-DKUzgWQ,,,0.8237,"EMO-AffectNet pseudo-label (teacher=Aff-Wild2, top=Happiness 0.55, tension=0.176) - 사람 검수 전"
4kIHxR6s1L4.000,4kIHxR6s1L4.000.mp4,4kIHxR6s1L4,,,0.6901,"EMO-AffectNet pseudo-label (teacher=Aff-Wild2, top=Neutral 0.24, tension=0.310) - 사람 검수 전"
4lH5nLSwmoM.002,4lH5nLSwmoM.002.mp4,4lH5nLSwmoM,,,0.5901,"EMO-AffectNet pseudo-label (teacher=Aff-Wild2, top=Fear 0.31, tension=0.410) - 사람 검수 전"
4lH5nLSwmoM.004,4lH5nLSwmoM.004.mp4,4lH5nLSwmoM,,,0.6162,"EMO-AffectNet pseudo-label (teacher=Aff-Wild2, top=Fear 0.28, tension=0.384) - 사람 검수 전"
4lIbWq27O84.004,4lIbWq27O84.004.mp4,4lIbWq27O84,,,0.6641,"EMO-AffectNet pseudo-label (teacher=Aff-Wild2, top=Fear 0.26, tension=0.336) - 사람 검수 전"
4lIbWq27O84.005,4lIbWq27O84.005.mp4,4lIbWq27O84,,,0.6537,"EMO-AffectNet pseudo-label (teacher=Aff-Wild2, top=Fear 0.26, tension=0.346) - 사람 검수 전"
4lj66h4CXI8.001,4lj66h4CXI8.001.mp4,4lj66h4CXI8,,,0.6882,"EMO-AffectNet pseudo-label (teacher=Aff-Wild2, top=Neutral 0.28, tension=0.312) - 사람 검수 전"
4lj66h4CXI8.004,4lj66h4CXI8.004.mp4,4lj66h4CXI8,,,0.631,"EMO-AffectNet pseudo-label (teacher=Aff-Wild2, top=Sadness 0.32, tension=0.369) - 사람 검수 전"
4nMstrTuXXw.000,4nMstrTuXXw.000.mp4,4nMstrTuXXw,,,0.7579,"EMO-AffectNet pseudo-label (teacher=Aff-Wild2, top=Neutral 0.37, tension=0.242) - 사람 검수 전"
4nir0YtjHVs.003,4nir0YtjHVs.003.mp4,4nir0YtjHVs,,,0.7059,"EMO-AffectNet pseudo-label (teacher=Aff-Wild2, top=Sadness 0.27, tension=0.294) - 사람 검수 전"
4nir0YtjHVs.004,4nir0YtjHVs.004.mp4,4nir0YtjHVs,,,0.8144,"EMO-AffectNet pseudo-label (teacher=Aff-Wild2, top=Happiness 0.36, tension=0.186) - 사람 검수 전"
4sCa35TOxgs.003,4sCa35TOxgs.003.mp4,4sCa35TOxgs,,,0.6783,"EMO-AffectNet pseudo-label (teacher=Aff-Wild2, top=Surprise 0.20, tension=0.322) - 사람 검수 전"
4vJ69g7gAH4.000,4vJ69g7gAH4.000.mp4,4vJ69g7gAH4,,,0.6407,"EMO-AffectNet pseudo-label (teacher=Aff-Wild2, top=Anger 0.29, tension=0.359) - 사람 검수 전"
4vJ69g7gAH4.003,4vJ69g7gAH4.003.mp4,4vJ69g7gAH4,,,0.6647,"EMO-AffectNet pseudo-label (teacher=Aff-Wild2, top=Anger 0.28, tension=0.335) - 사람 검수 전"
4vJ69g7gAH4.005,4vJ69g7gAH4.005.mp4,4vJ69g7gAH4,,,0.65,"EMO-AffectNet pseudo-label (teacher=Aff-Wild2, top=Anger 0.30, tension=0.350) - 사람 검수 전"
4yogPbHFQ9o.000,4yogPbHFQ9o.000.mp4,4yogPbHFQ9o,,,0.7385,"EMO-AffectNet pseudo-label (teacher=Aff-Wild2, top=Neutral 0.39, tension=0.262) - 사람 검수 전"
5-mwIFjOWZ4.002,5-mwIFjOWZ4.002.mp4,5-mwIFjOWZ4,,,0.7263,"EMO-AffectNet pseudo-label (teacher=Aff-Wild2, top=Neutral 0.24, tension=0.274) - 사람 검수 전"
50gokPvvMs8.003,50gokPvvMs8.003.mp4,50gokPvvMs8,,,0.7293,"EMO-AffectNet pseudo-label (teacher=Aff-Wild2, top=Surprise 0.28, tension=0.271) - 사람 검수 전"
51KRxB3g7A8.001,51KRxB3g7A8.001.mp4,51KRxB3g7A8,,,0.7482,"EMO-AffectNet pseudo-label (teacher=Aff-Wild2, top=Happiness 0.21, tension=0.252) - 사람 검수 전"
51KRxB3g7A8.004,51KRxB3g7A8.004.mp4,51KRxB3g7A8,,,0.8136,"EMO-AffectNet pseudo-label (teacher=Aff-Wild2, top=Happiness 0.39, tension=0.186) - 사람 검수 전"
54JawR1x0II.003,54JawR1x0II.003.mp4,54JawR1x0II,,,0.7113,"EMO-AffectNet pseudo-label (teacher=Aff-Wild2, top=Surprise 0.29, tension=0.289) - 사람 검수 전"
54K75EhiTEk.001,54K75EhiTEk.001.mp4,54K75EhiTEk,,,0.6123,"EMO-AffectNet pseudo-label (teacher=Aff-Wild2, top=Anger 0.31, tension=0.388) - 사람 검수 전"
59Smv7wl--w.004,59Smv7wl--w.004.mp4,59Smv7wl--w,,,0.678,"EMO-AffectNet pseudo-label (teacher=Aff-Wild2, top=Neutral 0.26, tension=0.322) - 사람 검수 전"
5BPGRteF64Y.000,5BPGRteF64Y.000.mp4,5BPGRteF64Y,,,0.8215,"EMO-AffectNet pseudo-label (teacher=Aff-Wild2, top=Neutral 0.48, tension=0.179) - 사람 검수 전"
5CRqN54uejE.003,5CRqN54uejE.003.mp4,5CRqN54uejE,,,0.8935,"EMO-AffectNet pseudo-label (teacher=Aff-Wild2, top=Happiness 0.65, tension=0.106) - 사람 검수 전"
5CRqN54uejE.004,5CRqN54uejE.004.mp4,5CRqN54uejE,,,0.9101,"EMO-AffectNet pseudo-label (teacher=Aff-Wild2, top=Happiness 0.71, tension=0.090) - 사람 검수 전"
5Eez38v8TuU.001,5Eez38v8TuU.001.mp4,5Eez38v8TuU,,,0.672,"EMO-AffectNet pseudo-label (teacher=Aff-Wild2, top=Neutral 0.23, tension=0.328) - 사람 검수 전"
5Eez38v8TuU.002,5Eez38v8TuU.002.mp4,5Eez38v8TuU,,,0.7028,"EMO-AffectNet pseudo-label (teacher=Aff-Wild2, top=Neutral 0.31, tension=0.297) - 사람 검수 전"
5KHOpRCxnwQ.001,5KHOpRCxnwQ.001.mp4,5KHOpRCxnwQ,,,0.7562,"EMO-AffectNet pseudo-label (teacher=Aff-Wild2, top=Surprise 0.31, tension=0.244) - 사람 검수 전"
5Ku4_r_Yxsk.004,5Ku4_r_Yxsk.004.mp4,5Ku4_r_Yxsk,,,0.6826,"EMO-AffectNet pseudo-label (teacher=Aff-Wild2, top=Neutral 0.24, tension=0.317) - 사람 검수 전"
5LT-hTT4J7s.005,5LT-hTT4J7s.005.mp4,5LT-hTT4J7s,,,0.8255,"EMO-AffectNet pseudo-label (teacher=Aff-Wild2, top=Happiness 0.37, tension=0.175) - 사람 검수 전"
5PsD_NFMWpQ.001,5PsD_NFMWpQ.001.mp4,5PsD_NFMWpQ,,,0.8051,"EMO-AffectNet pseudo-label (teacher=Aff-Wild2, top=Happiness 0.31, tension=0.195) - 사람 검수 전"
5TYuLy7JLj4.003,5TYuLy7JLj4.003.mp4,5TYuLy7JLj4,,,0.7107,"EMO-AffectNet pseudo-label (teacher=Aff-Wild2, top=Neutral 0.40, tension=0.289) - 사람 검수 전"
5VG1EgzvprE.002,5VG1EgzvprE.002.mp4,5VG1EgzvprE,,,0.8396,"EMO-AffectNet pseudo-label (teacher=Aff-Wild2, top=Happiness 0.50, tension=0.160) - 사람 검수 전"
5bi_PM3XMEQ.004,5bi_PM3XMEQ.004.mp4,5bi_PM3XMEQ,,,0.8005,"EMO-AffectNet pseudo-label (teacher=Aff-Wild2, top=Happiness 0.31, tension=0.200) - 사람 검수 전"
5hFRSHAis2E.001,5hFRSHAis2E.001.mp4,5hFRSHAis2E,,,0.8463,"EMO-AffectNet pseudo-label (teacher=Aff-Wild2, top=Happiness 0.48, tension=0.154) - 사람 검수 전"
5hFRSHAis2E.004,5hFRSHAis2E.004.mp4,5hFRSHAis2E,,,0.7608,"EMO-AffectNet pseudo-label (teacher=Aff-Wild2, top=Happiness 0.25, tension=0.239) - 사람 검수 전"
5kaqMZ7SB9w.004,5kaqMZ7SB9w.004.mp4,5kaqMZ7SB9w,,,0.6794,"EMO-AffectNet pseudo-label (teacher=Aff-Wild2, top=Sadness 0.23, tension=0.321) - 사람 검수 전"
5kwoq4EZixQ.002,5kwoq4EZixQ.002.mp4,5kwoq4EZixQ,,,0.6816,"EMO-AffectNet pseudo-label (teacher=Aff-Wild2, top=Neutral 0.30, tension=0.318) - 사람 검수 전"
5lqg3tAI9H0.002,5lqg3tAI9H0.002.mp4,5lqg3tAI9H0,,,0.7426,"EMO-AffectNet pseudo-label (teacher=Aff-Wild2, top=Happiness 0.25, tension=0.257) - 사람 검수 전"
5lqg3tAI9H0.004,5lqg3tAI9H0.004.mp4,5lqg3tAI9H0,,,0.6748,"EMO-AffectNet pseudo-label (teacher=Aff-Wild2, top=Disgust 0.22, tension=0.325) - 사람 검수 전"
5wpoKhbt28c.002,5wpoKhbt28c.002.mp4,5wpoKhbt28c,,,0.8217,"EMO-AffectNet pseudo-label (teacher=Aff-Wild2, top=Happiness 0.39, tension=0.178) - 사람 검수 전"
65xWDhgq1OE.002,65xWDhgq1OE.002.mp4,65xWDhgq1OE,,,0.7349,"EMO-AffectNet pseudo-label (teacher=Aff-Wild2, top=Anger 0.26, tension=0.265) - 사람 검수 전"
65xWDhgq1OE.003,65xWDhgq1OE.003.mp4,65xWDhgq1OE,,,0.8323,"EMO-AffectNet pseudo-label (teacher=Aff-Wild2, top=Happiness 0.48, tension=0.168) - 사람 검수 전"
69BopbFc34U.003,69BopbFc34U.003.mp4,69BopbFc34U,,,0.7053,"EMO-AffectNet pseudo-label (teacher=Aff-Wild2, top=Happiness 0.24, tension=0.295) - 사람 검수 전"
6CRet5sD6xI.000,6CRet5sD6xI.000.mp4,6CRet5sD6xI,,,0.712,"EMO-AffectNet pseudo-label (teacher=Aff-Wild2, top=Neutral 0.18, tension=0.288) - 사람 검수 전"
6JfSPPVUgIg.001,6JfSPPVUgIg.001.mp4,6JfSPPVUgIg,,,0.6803,"EMO-AffectNet pseudo-label (teacher=Aff-Wild2, top=Neutral 0.29, tension=0.320) - 사람 검수 전"
6LKbPUX03sY.002,6LKbPUX03sY.002.mp4,6LKbPUX03sY,,,0.7901,"EMO-AffectNet pseudo-label (teacher=Aff-Wild2, top=Happiness 0.37, tension=0.210) - 사람 검수 전"
6M8OQNo64Tc.000,6M8OQNo64Tc.000.mp4,6M8OQNo64Tc,,,0.7135,"EMO-AffectNet pseudo-label (teacher=Aff-Wild2, top=Neutral 0.39, tension=0.286) - 사람 검수 전"
6NjuNY4LfQc.001,6NjuNY4LfQc.001.mp4,6NjuNY4LfQc,,,0.728,"EMO-AffectNet pseudo-label (teacher=Aff-Wild2, top=Surprise 0.24, tension=0.272) - 사람 검수 전"
6NjuNY4LfQc.002,6NjuNY4LfQc.002.mp4,6NjuNY4LfQc,,,0.7387,"EMO-AffectNet pseudo-label (teacher=Aff-Wild2, top=Neutral 0.37, tension=0.261) - 사람 검수 전"
6U2qLDZA5lQ.000,6U2qLDZA5lQ.000.mp4,6U2qLDZA5lQ,,,0.7659,"EMO-AffectNet pseudo-label (teacher=Aff-Wild2, top=Happiness 0.27, tension=0.234) - 사람 검수 전"
6WSr4IW6cNI.005,6WSr4IW6cNI.005.mp4,6WSr4IW6cNI,,,0.567,"EMO-AffectNet pseudo-label (teacher=Aff-Wild2, top=Disgust 0.48, tension=0.433) - 사람 검수 전"
6inqwyJPQ6k.002,6inqwyJPQ6k.002.mp4,6inqwyJPQ6k,,,0.7173,"EMO-AffectNet pseudo-label (teacher=Aff-Wild2, top=Surprise 0.22, tension=0.283) - 사람 검수 전"
6l0RBbxg4fk.001,6l0RBbxg4fk.001.mp4,6l0RBbxg4fk,,,0.7039,"EMO-AffectNet pseudo-label (teacher=Aff-Wild2, top=Surprise 0.47, tension=0.296) - 사람 검수 전"
6nbxAP_ZKQQ.004,6nbxAP_ZKQQ.004.mp4,6nbxAP_ZKQQ,,,0.779,"EMO-AffectNet pseudo-label (teacher=Aff-Wild2, top=Neutral 0.36, tension=0.221) - 사람 검수 전"
6oL9yyc9iJc.005,6oL9yyc9iJc.005.mp4,6oL9yyc9iJc,,,0.7626,"EMO-AffectNet pseudo-label (teacher=Aff-Wild2, top=Happiness 0.29, tension=0.237) - 사람 검수 전"
6tBnFWDqvJE.000,6tBnFWDqvJE.000.mp4,6tBnFWDqvJE,,,0.7607,"EMO-AffectNet pseudo-label (teacher=Aff-Wild2, top=Happiness 0.30, tension=0.239) - 사람 검수 전"
6uqXoPJSoPg.001,6uqXoPJSoPg.001.mp4,6uqXoPJSoPg,,,0.7705,"EMO-AffectNet pseudo-label (teacher=Aff-Wild2, top=Neutral 0.46, tension=0.230) - 사람 검수 전"
6uqXoPJSoPg.002,6uqXoPJSoPg.002.mp4,6uqXoPJSoPg,,,0.7625,"EMO-AffectNet pseudo-label (teacher=Aff-Wild2, top=Neutral 0.31, tension=0.237) - 사람 검수 전"
6wHQsN5g2RM.005,6wHQsN5g2RM.005.mp4,6wHQsN5g2RM,,,0.7324,"EMO-AffectNet pseudo-label (teacher=Aff-Wild2, top=Neutral 0.29, tension=0.268) - 사람 검수 전"
6waL_gUxtAM.002,6waL_gUxtAM.002.mp4,6waL_gUxtAM,,,0.7456,"EMO-AffectNet pseudo-label (teacher=Aff-Wild2, top=Surprise 0.38, tension=0.254) - 사람 검수 전"
6zm71IHOCZA.004,6zm71IHOCZA.004.mp4,6zm71IHOCZA,,,0.5549,"EMO-AffectNet pseudo-label (teacher=Aff-Wild2, top=Disgust 0.37, tension=0.445) - 사람 검수 전"
75XbCb7G8kw.005,75XbCb7G8kw.005.mp4,75XbCb7G8kw,,,0.7611,"EMO-AffectNet pseudo-label (teacher=Aff-Wild2, top=Anger 0.26, tension=0.239) - 사람 검수 전"
78zauTEQ-k8.003,78zauTEQ-k8.003.mp4,78zauTEQ-k8,,,0.7197,"EMO-AffectNet pseudo-label (teacher=Aff-Wild2, top=Neutral 0.35, tension=0.280) - 사람 검수 전"
7A7gav98tW4.000,7A7gav98tW4.000.mp4,7A7gav98tW4,,,0.6785,"EMO-AffectNet pseudo-label (teacher=Aff-Wild2, top=Neutral 0.29, tension=0.321) - 사람 검수 전"
7GRC7XjGzX8.000,7GRC7XjGzX8.000.mp4,7GRC7XjGzX8,,,0.7941,"EMO-AffectNet pseudo-label (teacher=Aff-Wild2, top=Happiness 0.38, tension=0.206) - 사람 검수 전"
7IegDaeNlik.001,7IegDaeNlik.001.mp4,7IegDaeNlik,,,0.6276,"EMO-AffectNet pseudo-label (teacher=Aff-Wild2, top=Fear 0.24, tension=0.372) - 사람 검수 전"
7IegDaeNlik.004,7IegDaeNlik.004.mp4,7IegDaeNlik,,,0.6568,"EMO-AffectNet pseudo-label (teacher=Aff-Wild2, top=Sadness 0.21, tension=0.343) - 사람 검수 전"
7LHmNEH65Pk.001,7LHmNEH65Pk.001.mp4,7LHmNEH65Pk,,,0.6892,"EMO-AffectNet pseudo-label (teacher=Aff-Wild2, top=Neutral 0.23, tension=0.311) - 사람 검수 전"
7P2F5Mk_Q1s.001,7P2F5Mk_Q1s.001.mp4,7P2F5Mk_Q1s,,,0.7835,"EMO-AffectNet pseudo-label (teacher=Aff-Wild2, top=Neutral 0.43, tension=0.217) - 사람 검수 전"
7PYAn9njCHI.003,7PYAn9njCHI.003.mp4,7PYAn9njCHI,,,0.6623,"EMO-AffectNet pseudo-label (teacher=Aff-Wild2, top=Anger 0.46, tension=0.338) - 사람 검수 전"
7T-KyMnEbJM.000,7T-KyMnEbJM.000.mp4,7T-KyMnEbJM,,,0.8593,"EMO-AffectNet pseudo-label (teacher=Aff-Wild2, top=Happiness 0.54, tension=0.141) - 사람 검수 전"
7WixH0aSfqI.000,7WixH0aSfqI.000.mp4,7WixH0aSfqI,,,0.7399,"EMO-AffectNet pseudo-label (teacher=Aff-Wild2, top=Neutral 0.24, tension=0.260) - 사람 검수 전"
7WixH0aSfqI.004,7WixH0aSfqI.004.mp4,7WixH0aSfqI,,,0.7431,"EMO-AffectNet pseudo-label (teacher=Aff-Wild2, top=Surprise 0.25, tension=0.257) - 사람 검수 전"
7Y3S4nfQHeo.004,7Y3S4nfQHeo.004.mp4,7Y3S4nfQHeo,,,0.6615,"EMO-AffectNet pseudo-label (teacher=Aff-Wild2, top=Anger 0.43, tension=0.339) - 사람 검수 전"
7Y4cUPFEt-4.001,7Y4cUPFEt-4.001.mp4,7Y4cUPFEt-4,,,0.8112,"EMO-AffectNet pseudo-label (teacher=Aff-Wild2, top=Happiness 0.33, tension=0.189) - 사람 검수 전"
7ZnijRlK5-E.001,7ZnijRlK5-E.001.mp4,7ZnijRlK5-E,,,0.7149,"EMO-AffectNet pseudo-label (teacher=Aff-Wild2, top=Happiness 0.19, tension=0.285) - 사람 검수 전"
7b9DirXrkHo.000,7b9DirXrkHo.000.mp4,7b9DirXrkHo,,,0.6906,"EMO-AffectNet pseudo-label (teacher=Aff-Wild2, top=Neutral 0.33, tension=0.309) - 사람 검수 전"
7fOxteINSUg.002,7fOxteINSUg.002.mp4,7fOxteINSUg,,,0.6651,"EMO-AffectNet pseudo-label (teacher=Aff-Wild2, top=Sadness 0.31, tension=0.335) - 사람 검수 전"
7fOxteINSUg.005,7fOxteINSUg.005.mp4,7fOxteINSUg,,,0.7596,"EMO-AffectNet pseudo-label (teacher=Aff-Wild2, top=Neutral 0.27, tension=0.240) - 사람 검수 전"
7nJPNkWZDOY.001,7nJPNkWZDOY.001.mp4,7nJPNkWZDOY,,,0.7908,"EMO-AffectNet pseudo-label (teacher=Aff-Wild2, top=Happiness 0.36, tension=0.209) - 사람 검수 전"
7nJPNkWZDOY.004,7nJPNkWZDOY.004.mp4,7nJPNkWZDOY,,,0.8302,"EMO-AffectNet pseudo-label (teacher=Aff-Wild2, top=Happiness 0.46, tension=0.170) - 사람 검수 전"
7pLYJKO75_c.004,7pLYJKO75_c.004.mp4,7pLYJKO75_c,,,0.9077,"EMO-AffectNet pseudo-label (teacher=Aff-Wild2, top=Happiness 0.70, tension=0.092) - 사람 검수 전"
7pLYJKO75_c.005,7pLYJKO75_c.005.mp4,7pLYJKO75_c,,,0.888,"EMO-AffectNet pseudo-label (teacher=Aff-Wild2, top=Happiness 0.64, tension=0.112) - 사람 검수 전"
7qGYGbIg45c.000,7qGYGbIg45c.000.mp4,7qGYGbIg45c,,,0.7467,"EMO-AffectNet pseudo-label (teacher=Aff-Wild2, top=Neutral 0.32, tension=0.253) - 사람 검수 전"
7tlMys6MZ34.002,7tlMys6MZ34.002.mp4,7tlMys6MZ34,,,0.6808,"EMO-AffectNet pseudo-label (teacher=Aff-Wild2, top=Neutral 0.31, tension=0.319) - 사람 검수 전"
7u0o63Z7q9E.000,7u0o63Z7q9E.000.mp4,7u0o63Z7q9E,,,0.7071,"EMO-AffectNet pseudo-label (teacher=Aff-Wild2, top=Surprise 0.29, tension=0.293) - 사람 검수 전"
7vF5WLD1RxY.000,7vF5WLD1RxY.000.mp4,7vF5WLD1RxY,,,0.8142,"EMO-AffectNet pseudo-label (teacher=Aff-Wild2, top=Happiness 0.37, tension=0.186) - 사람 검수 전"
7wsksuXYoMY.003,7wsksuXYoMY.003.mp4,7wsksuXYoMY,,,0.7845,"EMO-AffectNet pseudo-label (teacher=Aff-Wild2, top=Happiness 0.38, tension=0.215) - 사람 검수 전"
81f9t2HMNas.000,81f9t2HMNas.000.mp4,81f9t2HMNas,,,0.7055,"EMO-AffectNet pseudo-label (teacher=Aff-Wild2, top=Neutral 0.32, tension=0.295) - 사람 검수 전"
836kYlEs9GI.004,836kYlEs9GI.004.mp4,836kYlEs9GI,,,0.8274,"EMO-AffectNet pseudo-label (teacher=Aff-Wild2, top=Happiness 0.45, tension=0.173) - 사람 검수 전"
84Lz5a9yRZg.000,84Lz5a9yRZg.000.mp4,84Lz5a9yRZg,,,0.7644,"EMO-AffectNet pseudo-label (teacher=Aff-Wild2, top=Neutral 0.36, tension=0.236) - 사람 검수 전"
84emxO86qa8.004,84emxO86qa8.004.mp4,84emxO86qa8,,,0.8566,"EMO-AffectNet pseudo-label (teacher=Aff-Wild2, top=Happiness 0.53, tension=0.143) - 사람 검수 전"
85isLsZHZpo.003,85isLsZHZpo.003.mp4,85isLsZHZpo,,,0.7601,"EMO-AffectNet pseudo-label (teacher=Aff-Wild2, top=Neutral 0.25, tension=0.240) - 사람 검수 전"
85isLsZHZpo.005,85isLsZHZpo.005.mp4,85isLsZHZpo,,,0.8031,"EMO-AffectNet pseudo-label (teacher=Aff-Wild2, top=Happiness 0.38, tension=0.197) - 사람 검수 전"
86upzmhvpXw.000,86upzmhvpXw.000.mp4,86upzmhvpXw,,,0.8428,"EMO-AffectNet pseudo-label (teacher=Aff-Wild2, top=Happiness 0.44, tension=0.157) - 사람 검수 전"
8AnIttmflwI.000,8AnIttmflwI.000.mp4,8AnIttmflwI,,,0.719,"EMO-AffectNet pseudo-label (teacher=Aff-Wild2, top=Neutral 0.26, tension=0.281) - 사람 검수 전"
8AnIttmflwI.004,8AnIttmflwI.004.mp4,8AnIttmflwI,,,0.7464,"EMO-AffectNet pseudo-label (teacher=Aff-Wild2, top=Surprise 0.29, tension=0.254) - 사람 검수 전"
8AnIttmflwI.005,8AnIttmflwI.005.mp4,8AnIttmflwI,,,0.7558,"EMO-AffectNet pseudo-label (teacher=Aff-Wild2, top=Surprise 0.25, tension=0.244) - 사람 검수 전"
8OGiv7FetSQ.003,8OGiv7FetSQ.003.mp4,8OGiv7FetSQ,,,0.6709,"EMO-AffectNet pseudo-label (teacher=Aff-Wild2, top=Fear 0.20, tension=0.329) - 사람 검수 전"
8OGiv7FetSQ.005,8OGiv7FetSQ.005.mp4,8OGiv7FetSQ,,,0.7797,"EMO-AffectNet pseudo-label (teacher=Aff-Wild2, top=Happiness 0.42, tension=0.220) - 사람 검수 전"
8OckVmEZ8X8.001,8OckVmEZ8X8.001.mp4,8OckVmEZ8X8,,,0.6558,"EMO-AffectNet pseudo-label (teacher=Aff-Wild2, top=Neutral 0.22, tension=0.344) - 사람 검수 전"
8OckVmEZ8X8.002,8OckVmEZ8X8.002.mp4,8OckVmEZ8X8,,,0.6822,"EMO-AffectNet pseudo-label (teacher=Aff-Wild2, top=Neutral 0.21, tension=0.318) - 사람 검수 전"
8OckVmEZ8X8.004,8OckVmEZ8X8.004.mp4,8OckVmEZ8X8,,,0.6437,"EMO-AffectNet pseudo-label (teacher=Aff-Wild2, top=Neutral 0.21, tension=0.356) - 사람 검수 전"
8OckVmEZ8X8.005,8OckVmEZ8X8.005.mp4,8OckVmEZ8X8,,,0.6691,"EMO-AffectNet pseudo-label (teacher=Aff-Wild2, top=Neutral 0.25, tension=0.331) - 사람 검수 전"
8PXQ_5tUv74.003,8PXQ_5tUv74.003.mp4,8PXQ_5tUv74,,,0.6988,"EMO-AffectNet pseudo-label (teacher=Aff-Wild2, top=Anger 0.23, tension=0.301) - 사람 검수 전"
8QtlG5ujHyc.000,8QtlG5ujHyc.000.mp4,8QtlG5ujHyc,,,0.7259,"EMO-AffectNet pseudo-label (teacher=Aff-Wild2, top=Surprise 0.24, tension=0.274) - 사람 검수 전"
8QtlG5ujHyc.003,8QtlG5ujHyc.003.mp4,8QtlG5ujHyc,,,0.7417,"EMO-AffectNet pseudo-label (teacher=Aff-Wild2, top=Surprise 0.29, tension=0.258) - 사람 검수 전"
8RVJqjILSD0.002,8RVJqjILSD0.002.mp4,8RVJqjILSD0,,,0.69,"EMO-AffectNet pseudo-label (teacher=Aff-Wild2, top=Anger 0.19, tension=0.310) - 사람 검수 전"
8RVJqjILSD0.005,8RVJqjILSD0.005.mp4,8RVJqjILSD0,,,0.7515,"EMO-AffectNet pseudo-label (teacher=Aff-Wild2, top=Happiness 0.23, tension=0.248) - 사람 검수 전"
8XBprf4NyOg.003,8XBprf4NyOg.003.mp4,8XBprf4NyOg,,,0.7473,"EMO-AffectNet pseudo-label (teacher=Aff-Wild2, top=Surprise 0.27, tension=0.253) - 사람 검수 전"
8YQKwMdiaAE.000,8YQKwMdiaAE.000.mp4,8YQKwMdiaAE,,,0.6824,"EMO-AffectNet pseudo-label (teacher=Aff-Wild2, top=Neutral 0.24, tension=0.318) - 사람 검수 전"
8Z6PrQdqffA.000,8Z6PrQdqffA.000.mp4,8Z6PrQdqffA,,,0.6596,"EMO-AffectNet pseudo-label (teacher=Aff-Wild2, top=Neutral 0.27, tension=0.340) - 사람 검수 전"
8Z6PrQdqffA.003,8Z6PrQdqffA.003.mp4,8Z6PrQdqffA,,,0.6904,"EMO-AffectNet pseudo-label (teacher=Aff-Wild2, top=Neutral 0.29, tension=0.310) - 사람 검수 전"
8dVcA5J1Dcw.001,8dVcA5J1Dcw.001.mp4,8dVcA5J1Dcw,,,0.8384,"EMO-AffectNet pseudo-label (teacher=Aff-Wild2, top=Happiness 0.54, tension=0.162) - 사람 검수 전"
8e4nnel_x-M.004,8e4nnel_x-M.004.mp4,8e4nnel_x-M,,,0.7642,"EMO-AffectNet pseudo-label (teacher=Aff-Wild2, top=Neutral 0.33, tension=0.236) - 사람 검수 전"
8eeZjC_bmtc.000,8eeZjC_bmtc.000.mp4,8eeZjC_bmtc,,,0.8557,"EMO-AffectNet pseudo-label (teacher=Aff-Wild2, top=Happiness 0.52, tension=0.144) - 사람 검수 전"
8eeZjC_bmtc.002,8eeZjC_bmtc.002.mp4,8eeZjC_bmtc,,,0.8147,"EMO-AffectNet pseudo-label (teacher=Aff-Wild2, top=Happiness 0.38, tension=0.185) - 사람 검수 전"
8eeZjC_bmtc.004,8eeZjC_bmtc.004.mp4,8eeZjC_bmtc,,,0.7406,"EMO-AffectNet pseudo-label (teacher=Aff-Wild2, top=Surprise 0.23, tension=0.259) - 사람 검수 전"
8gvBbE6iZNo.000,8gvBbE6iZNo.000.mp4,8gvBbE6iZNo,,,0.7208,"EMO-AffectNet pseudo-label (teacher=Aff-Wild2, top=Neutral 0.38, tension=0.279) - 사람 검수 전"
8gvBbE6iZNo.004,8gvBbE6iZNo.004.mp4,8gvBbE6iZNo,,,0.7163,"EMO-AffectNet pseudo-label (teacher=Aff-Wild2, top=Neutral 0.37, tension=0.284) - 사람 검수 전"
8hGOOynn3ZU.004,8hGOOynn3ZU.004.mp4,8hGOOynn3ZU,,,0.7751,"EMO-AffectNet pseudo-label (teacher=Aff-Wild2, top=Surprise 0.28, tension=0.225) - 사람 검수 전"
8hH_eJ8qv_M.000,8hH_eJ8qv_M.000.mp4,8hH_eJ8qv_M,,,0.7012,"EMO-AffectNet pseudo-label (teacher=Aff-Wild2, top=Neutral 0.20, tension=0.299) - 사람 검수 전"
8hH_eJ8qv_M.002,8hH_eJ8qv_M.002.mp4,8hH_eJ8qv_M,,,0.8072,"EMO-AffectNet pseudo-label (teacher=Aff-Wild2, top=Happiness 0.37, tension=0.193) - 사람 검수 전"
8hH_eJ8qv_M.005,8hH_eJ8qv_M.005.mp4,8hH_eJ8qv_M,,,0.7523,"EMO-AffectNet pseudo-label (teacher=Aff-Wild2, top=Neutral 0.21, tension=0.248) - 사람 검수 전"
8hW6WfYBP18.000,8hW6WfYBP18.000.mp4,8hW6WfYBP18,,,0.8153,"EMO-AffectNet pseudo-label (teacher=Aff-Wild2, top=Happiness 0.48, tension=0.185) - 사람 검수 전"
8hW6WfYBP18.002,8hW6WfYBP18.002.mp4,8hW6WfYBP18,,,0.8535,"EMO-AffectNet pseudo-label (teacher=Aff-Wild2, top=Happiness 0.54, tension=0.146) - 사람 검수 전"
8hW6WfYBP18.003,8hW6WfYBP18.003.mp4,8hW6WfYBP18,,,0.785,"EMO-AffectNet pseudo-label (teacher=Aff-Wild2, top=Happiness 0.37, tension=0.215) - 사람 검수 전"
8hW6WfYBP18.004,8hW6WfYBP18.004.mp4,8hW6WfYBP18,,,0.8254,"EMO-AffectNet pseudo-label (teacher=Aff-Wild2, top=Happiness 0.47, tension=0.175) - 사람 검수 전"
8i7H-uSCQcc.003,8i7H-uSCQcc.003.mp4,8i7H-uSCQcc,,,0.7366,"EMO-AffectNet pseudo-label (teacher=Aff-Wild2, top=Neutral 0.39, tension=0.263) - 사람 검수 전"
8lg8A_zFOmg.002,8lg8A_zFOmg.002.mp4,8lg8A_zFOmg,,,0.7995,"EMO-AffectNet pseudo-label (teacher=Aff-Wild2, top=Happiness 0.26, tension=0.200) - 사람 검수 전"
8lg8A_zFOmg.004,8lg8A_zFOmg.004.mp4,8lg8A_zFOmg,,,0.7632,"EMO-AffectNet pseudo-label (teacher=Aff-Wild2, top=Neutral 0.30, tension=0.237) - 사람 검수 전"
8n6G3V3-Tk8.001,8n6G3V3-Tk8.001.mp4,8n6G3V3-Tk8,,,0.7711,"EMO-AffectNet pseudo-label (teacher=Aff-Wild2, top=Neutral 0.29, tension=0.229) - 사람 검수 전"
8narByy2B5g.002,8narByy2B5g.002.mp4,8narByy2B5g,,,0.7273,"EMO-AffectNet pseudo-label (teacher=Aff-Wild2, top=Neutral 0.25, tension=0.273) - 사람 검수 전"
8narByy2B5g.003,8narByy2B5g.003.mp4,8narByy2B5g,,,0.8497,"EMO-AffectNet pseudo-label (teacher=Aff-Wild2, top=Happiness 0.55, tension=0.150) - 사람 검수 전"
8narByy2B5g.005,8narByy2B5g.005.mp4,8narByy2B5g,,,0.9012,"EMO-AffectNet pseudo-label (teacher=Aff-Wild2, top=Happiness 0.71, tension=0.099) - 사람 검수 전"
8nt2PL_p-Io.001,8nt2PL_p-Io.001.mp4,8nt2PL_p-Io,,,0.7615,"EMO-AffectNet pseudo-label (teacher=Aff-Wild2, top=Happiness 0.28, tension=0.238) - 사람 검수 전"
8pM3X-xsD4s.002,8pM3X-xsD4s.002.mp4,8pM3X-xsD4s,,,0.7283,"EMO-AffectNet pseudo-label (teacher=Aff-Wild2, top=Surprise 0.27, tension=0.272) - 사람 검수 전"
8pM3X-xsD4s.005,8pM3X-xsD4s.005.mp4,8pM3X-xsD4s,,,0.7583,"EMO-AffectNet pseudo-label (teacher=Aff-Wild2, top=Neutral 0.25, tension=0.242) - 사람 검수 전"
8py6SksNsZQ.000,8py6SksNsZQ.000.mp4,8py6SksNsZQ,,,0.8265,"EMO-AffectNet pseudo-label (teacher=Aff-Wild2, top=Happiness 0.46, tension=0.173) - 사람 검수 전"
8py6SksNsZQ.004,8py6SksNsZQ.004.mp4,8py6SksNsZQ,,,0.6819,"EMO-AffectNet pseudo-label (teacher=Aff-Wild2, top=Sadness 0.25, tension=0.318) - 사람 검수 전"
8qG1sMihtPA.001,8qG1sMihtPA.001.mp4,8qG1sMihtPA,,,0.6925,"EMO-AffectNet pseudo-label (teacher=Aff-Wild2, top=Surprise 0.34, tension=0.307) - 사람 검수 전"
8qG1sMihtPA.002,8qG1sMihtPA.002.mp4,8qG1sMihtPA,,,0.7503,"EMO-AffectNet pseudo-label (teacher=Aff-Wild2, top=Surprise 0.34, tension=0.250) - 사람 검수 전"
8qG1sMihtPA.005,8qG1sMihtPA.005.mp4,8qG1sMihtPA,,,0.7369,"EMO-AffectNet pseudo-label (teacher=Aff-Wild2, top=Surprise 0.35, tension=0.263) - 사람 검수 전"
8qesctueAV0.003,8qesctueAV0.003.mp4,8qesctueAV0,,,0.7249,"EMO-AffectNet pseudo-label (teacher=Aff-Wild2, top=Happiness 0.22, tension=0.275) - 사람 검수 전"
8qesctueAV0.005,8qesctueAV0.005.mp4,8qesctueAV0,,,0.7428,"EMO-AffectNet pseudo-label (teacher=Aff-Wild2, top=Surprise 0.32, tension=0.257) - 사람 검수 전"
8s0R8r6UsU0.001,8s0R8r6UsU0.001.mp4,8s0R8r6UsU0,,,0.8239,"EMO-AffectNet pseudo-label (teacher=Aff-Wild2, top=Happiness 0.48, tension=0.176) - 사람 검수 전"
8s0R8r6UsU0.002,8s0R8r6UsU0.002.mp4,8s0R8r6UsU0,,,0.6839,"EMO-AffectNet pseudo-label (teacher=Aff-Wild2, top=Neutral 0.22, tension=0.316) - 사람 검수 전"
8voP9HTSffg.000,8voP9HTSffg.000.mp4,8voP9HTSffg,,,0.791,"EMO-AffectNet pseudo-label (teacher=Aff-Wild2, top=Neutral 0.42, tension=0.209) - 사람 검수 전"
8w_oPolxRWQ.000,8w_oPolxRWQ.000.mp4,8w_oPolxRWQ,,,0.7286,"EMO-AffectNet pseudo-label (teacher=Aff-Wild2, top=Happiness 0.23, tension=0.271) - 사람 검수 전"
93XyRBd_HqU.003,93XyRBd_HqU.003.mp4,93XyRBd_HqU,,,0.7981,"EMO-AffectNet pseudo-label (teacher=Aff-Wild2, top=Neutral 0.36, tension=0.202) - 사람 검수 전"
93bQfdes68U.000,93bQfdes68U.000.mp4,93bQfdes68U,,,0.6253,"EMO-AffectNet pseudo-label (teacher=Aff-Wild2, top=Sadness 0.19, tension=0.375) - 사람 검수 전"
9DKE8426js0.000,9DKE8426js0.000.mp4,9DKE8426js0,,,0.7298,"EMO-AffectNet pseudo-label (teacher=Aff-Wild2, top=Surprise 0.28, tension=0.270) - 사람 검수 전"
9QGTbcqb2tM.004,9QGTbcqb2tM.004.mp4,9QGTbcqb2tM,,,0.8112,"EMO-AffectNet pseudo-label (teacher=Aff-Wild2, top=Neutral 0.56, tension=0.189) - 사람 검수 전"
9QGTbcqb2tM.005,9QGTbcqb2tM.005.mp4,9QGTbcqb2tM,,,0.7899,"EMO-AffectNet pseudo-label (teacher=Aff-Wild2, top=Neutral 0.38, tension=0.210) - 사람 검수 전"
9RfE2-aTvaM.005,9RfE2-aTvaM.005.mp4,9RfE2-aTvaM,,,0.6962,"EMO-AffectNet pseudo-label (teacher=Aff-Wild2, top=Anger 0.25, tension=0.304) - 사람 검수 전"
9SGTRbePKLI.000,9SGTRbePKLI.000.mp4,9SGTRbePKLI,,,0.719,"EMO-AffectNet pseudo-label (teacher=Aff-Wild2, top=Anger 0.21, tension=0.281) - 사람 검수 전"
9UUtf0_ZR14.000,9UUtf0_ZR14.000.mp4,9UUtf0_ZR14,,,0.6835,"EMO-AffectNet pseudo-label (teacher=Aff-Wild2, top=Neutral 0.29, tension=0.316) - 사람 검수 전"
9UUtf0_ZR14.003,9UUtf0_ZR14.003.mp4,9UUtf0_ZR14,,,0.6967,"EMO-AffectNet pseudo-label (teacher=Aff-Wild2, top=Neutral 0.28, tension=0.303) - 사람 검수 전"
9UWCHrG5mys.000,9UWCHrG5mys.000.mp4,9UWCHrG5mys,,,0.8428,"EMO-AffectNet pseudo-label (teacher=Aff-Wild2, top=Happiness 0.44, tension=0.157) - 사람 검수 전"
9XqeGs2MMic.001,9XqeGs2MMic.001.mp4,9XqeGs2MMic,,,0.684,"EMO-AffectNet pseudo-label (teacher=Aff-Wild2, top=Neutral 0.25, tension=0.316) - 사람 검수 전"
9a-3LrB7cDI.002,9a-3LrB7cDI.002.mp4,9a-3LrB7cDI,,,0.7065,"EMO-AffectNet pseudo-label (teacher=Aff-Wild2, top=Surprise 0.21, tension=0.294) - 사람 검수 전"
9c66Lb7e1BQ.001,9c66Lb7e1BQ.001.mp4,9c66Lb7e1BQ,,,0.7607,"EMO-AffectNet pseudo-label (teacher=Aff-Wild2, top=Neutral 0.32, tension=0.239) - 사람 검수 전"
9cHxDnk6SUs.004,9cHxDnk6SUs.004.mp4,9cHxDnk6SUs,,,0.7409,"EMO-AffectNet pseudo-label (teacher=Aff-Wild2, top=Neutral 0.30, tension=0.259) - 사람 검수 전"
9lA-PGQcHBc.000,9lA-PGQcHBc.000.mp4,9lA-PGQcHBc,,,0.665,"EMO-AffectNet pseudo-label (teacher=Aff-Wild2, top=Surprise 0.24, tension=0.335) - 사람 검수 전"
9mM_0vrO3wc.000,9mM_0vrO3wc.000.mp4,9mM_0vrO3wc,,,0.7877,"EMO-AffectNet pseudo-label (teacher=Aff-Wild2, top=Happiness 0.32, tension=0.212) - 사람 검수 전"
9n8dNi-ERQ0.000,9n8dNi-ERQ0.000.mp4,9n8dNi-ERQ0,,,0.6601,"EMO-AffectNet pseudo-label (teacher=Aff-Wild2, top=Disgust 0.31, tension=0.340) - 사람 검수 전"
9o10YrQykMk.005,9o10YrQykMk.005.mp4,9o10YrQykMk,,,0.7546,"EMO-AffectNet pseudo-label (teacher=Aff-Wild2, top=Neutral 0.26, tension=0.245) - 사람 검수 전"
9pGJyf1MXLY.003,9pGJyf1MXLY.003.mp4,9pGJyf1MXLY,,,0.7504,"EMO-AffectNet pseudo-label (teacher=Aff-Wild2, top=Surprise 0.32, tension=0.250) - 사람 검수 전"
9rF3BEXetOo.003,9rF3BEXetOo.003.mp4,9rF3BEXetOo,,,0.8113,"EMO-AffectNet pseudo-label (teacher=Aff-Wild2, top=Happiness 0.43, tension=0.189) - 사람 검수 전"
9uMpKla2OQM.003,9uMpKla2OQM.003.mp4,9uMpKla2OQM,,,0.7386,"EMO-AffectNet pseudo-label (teacher=Aff-Wild2, top=Surprise 0.35, tension=0.261) - 사람 검수 전"
9uMpKla2OQM.005,9uMpKla2OQM.005.mp4,9uMpKla2OQM,,,0.6782,"EMO-AffectNet pseudo-label (teacher=Aff-Wild2, top=Surprise 0.22, tension=0.322) - 사람 검수 전"
9ydyJKZBWiA.004,9ydyJKZBWiA.004.mp4,9ydyJKZBWiA,,,0.7602,"EMO-AffectNet pseudo-label (teacher=Aff-Wild2, top=Neutral 0.46, tension=0.240) - 사람 검수 전"
9z5cV1ANYwE.005,9z5cV1ANYwE.005.mp4,9z5cV1ANYwE,,,0.7358,"EMO-AffectNet pseudo-label (teacher=Aff-Wild2, top=Surprise 0.33, tension=0.264) - 사람 검수 전"
A1lbD_OCuj4.002,A1lbD_OCuj4.002.mp4,A1lbD_OCuj4,,,0.6624,"EMO-AffectNet pseudo-label (teacher=Aff-Wild2, top=Surprise 0.26, tension=0.338) - 사람 검수 전"
A6ZWTfKPLPE.000,A6ZWTfKPLPE.000.mp4,A6ZWTfKPLPE,,,0.7182,"EMO-AffectNet pseudo-label (teacher=Aff-Wild2, top=Neutral 0.36, tension=0.282) - 사람 검수 전"
A7qb47cmxJo.004,A7qb47cmxJo.004.mp4,A7qb47cmxJo,,,0.6814,"EMO-AffectNet pseudo-label (teacher=Aff-Wild2, top=Neutral 0.23, tension=0.319) - 사람 검수 전"
ADa9rkwF2uA.004,ADa9rkwF2uA.004.mp4,ADa9rkwF2uA,,,0.7871,"EMO-AffectNet pseudo-label (teacher=Aff-Wild2, top=Happiness 0.32, tension=0.213) - 사람 검수 전"
ADa9rkwF2uA.005,ADa9rkwF2uA.005.mp4,ADa9rkwF2uA,,,0.7544,"EMO-AffectNet pseudo-label (teacher=Aff-Wild2, top=Happiness 0.27, tension=0.246) - 사람 검수 전"
AFQz-qy0FkY.005,AFQz-qy0FkY.005.mp4,AFQz-qy0FkY,,,0.8221,"EMO-AffectNet pseudo-label (teacher=Aff-Wild2, top=Happiness 0.40, tension=0.178) - 사람 검수 전"
AFvUxDwJB84.005,AFvUxDwJB84.005.mp4,AFvUxDwJB84,,,0.6968,"EMO-AffectNet pseudo-label (teacher=Aff-Wild2, top=Surprise 0.19, tension=0.303) - 사람 검수 전"
AP0aklGHino.002,AP0aklGHino.002.mp4,AP0aklGHino,,,0.7826,"EMO-AffectNet pseudo-label (teacher=Aff-Wild2, top=Neutral 0.39, tension=0.217) - 사람 검수 전"
APqMkruLkoE.001,APqMkruLkoE.001.mp4,APqMkruLkoE,,,0.8551,"EMO-AffectNet pseudo-label (teacher=Aff-Wild2, top=Happiness 0.47, tension=0.145) - 사람 검수 전"
AR3UwbmgKuQ.000,AR3UwbmgKuQ.000.mp4,AR3UwbmgKuQ,,,0.7169,"EMO-AffectNet pseudo-label (teacher=Aff-Wild2, top=Neutral 0.28, tension=0.283) - 사람 검수 전"
AR3UwbmgKuQ.002,AR3UwbmgKuQ.002.mp4,AR3UwbmgKuQ,,,0.6806,"EMO-AffectNet pseudo-label (teacher=Aff-Wild2, top=Anger 0.23, tension=0.319) - 사람 검수 전"
AWe6ZZUmlZw.001,AWe6ZZUmlZw.001.mp4,AWe6ZZUmlZw,,,0.7675,"EMO-AffectNet pseudo-label (teacher=Aff-Wild2, top=Neutral 0.25, tension=0.233) - 사람 검수 전"
AWe6ZZUmlZw.003,AWe6ZZUmlZw.003.mp4,AWe6ZZUmlZw,,,0.7801,"EMO-AffectNet pseudo-label (teacher=Aff-Wild2, top=Happiness 0.25, tension=0.220) - 사람 검수 전"
AZ2HyBOmliQ.000,AZ2HyBOmliQ.000.mp4,AZ2HyBOmliQ,,,0.6592,"EMO-AffectNet pseudo-label (teacher=Aff-Wild2, top=Sadness 0.23, tension=0.341) - 사람 검수 전"
AZj2VoCcayA.002,AZj2VoCcayA.002.mp4,AZj2VoCcayA,,,0.7582,"EMO-AffectNet pseudo-label (teacher=Aff-Wild2, top=Neutral 0.38, tension=0.242) - 사람 검수 전"
Af_F0IzHK6o.005,Af_F0IzHK6o.005.mp4,Af_F0IzHK6o,,,0.6386,"EMO-AffectNet pseudo-label (teacher=Aff-Wild2, top=Sadness 0.31, tension=0.361) - 사람 검수 전"
Agg7z10B_iY.005,Agg7z10B_iY.005.mp4,Agg7z10B_iY,,,0.7474,"EMO-AffectNet pseudo-label (teacher=Aff-Wild2, top=Neutral 0.33, tension=0.253) - 사람 검수 전"
Ahiq4zhmYco.000,Ahiq4zhmYco.000.mp4,Ahiq4zhmYco,,,0.7729,"EMO-AffectNet pseudo-label (teacher=Aff-Wild2, top=Neutral 0.40, tension=0.227) - 사람 검수 전"
Ahiq4zhmYco.001,Ahiq4zhmYco.001.mp4,Ahiq4zhmYco,,,0.7481,"EMO-AffectNet pseudo-label (teacher=Aff-Wild2, top=Neutral 0.39, tension=0.252) - 사람 검수 전"
Ahiq4zhmYco.003,Ahiq4zhmYco.003.mp4,Ahiq4zhmYco,,,0.7066,"EMO-AffectNet pseudo-label (teacher=Aff-Wild2, top=Neutral 0.26, tension=0.293) - 사람 검수 전"
AlEqtGWa43g.003,AlEqtGWa43g.003.mp4,AlEqtGWa43g,,,0.7814,"EMO-AffectNet pseudo-label (teacher=Aff-Wild2, top=Happiness 0.37, tension=0.219) - 사람 검수 전"
AlEqtGWa43g.004,AlEqtGWa43g.004.mp4,AlEqtGWa43g,,,0.7243,"EMO-AffectNet pseudo-label (teacher=Aff-Wild2, top=Happiness 0.21, tension=0.276) - 사람 검수 전"
Alox0G4xUfM.001,Alox0G4xUfM.001.mp4,Alox0G4xUfM,,,0.7933,"EMO-AffectNet pseudo-label (teacher=Aff-Wild2, top=Happiness 0.31, tension=0.207) - 사람 검수 전"
An7WScf0RRc.001,An7WScf0RRc.001.mp4,An7WScf0RRc,,,0.7745,"EMO-AffectNet pseudo-label (teacher=Aff-Wild2, top=Neutral 0.28, tension=0.225) - 사람 검수 전"
AobPtpyKat8.003,AobPtpyKat8.003.mp4,AobPtpyKat8,,,0.711,"EMO-AffectNet pseudo-label (teacher=Aff-Wild2, top=Neutral 0.23, tension=0.289) - 사람 검수 전"
AotbiNsU85A.005,AotbiNsU85A.005.mp4,AotbiNsU85A,,,0.7648,"EMO-AffectNet pseudo-label (teacher=Aff-Wild2, top=Surprise 0.31, tension=0.235) - 사람 검수 전"
ApCq0dwH1Ak.000,ApCq0dwH1Ak.000.mp4,ApCq0dwH1Ak,,,0.7827,"EMO-AffectNet pseudo-label (teacher=Aff-Wild2, top=Neutral 0.32, tension=0.217) - 사람 검수 전"
ApPnsnIZozw.002,ApPnsnIZozw.002.mp4,ApPnsnIZozw,,,0.9068,"EMO-AffectNet pseudo-label (teacher=Aff-Wild2, top=Happiness 0.72, tension=0.093) - 사람 검수 전"
AuaQ0rtedRk.000,AuaQ0rtedRk.000.mp4,AuaQ0rtedRk,,,0.7935,"EMO-AffectNet pseudo-label (teacher=Aff-Wild2, top=Happiness 0.38, tension=0.206) - 사람 검수 전"
AuaQ0rtedRk.002,AuaQ0rtedRk.002.mp4,AuaQ0rtedRk,,,0.7346,"EMO-AffectNet pseudo-label (teacher=Aff-Wild2, top=Happiness 0.25, tension=0.265) - 사람 검수 전"
AvuGsnkWjt8.000,AvuGsnkWjt8.000.mp4,AvuGsnkWjt8,,,0.676,"EMO-AffectNet pseudo-label (teacher=Aff-Wild2, top=Neutral 0.24, tension=0.324) - 사람 검수 전"
AvuGsnkWjt8.003,AvuGsnkWjt8.003.mp4,AvuGsnkWjt8,,,0.7103,"EMO-AffectNet pseudo-label (teacher=Aff-Wild2, top=Neutral 0.22, tension=0.290) - 사람 검수 전"
AwNVGShHjvw.003,AwNVGShHjvw.003.mp4,AwNVGShHjvw,,,0.7454,"EMO-AffectNet pseudo-label (teacher=Aff-Wild2, top=Happiness 0.31, tension=0.255) - 사람 검수 전"
Ay7bZ7Sgx9Q.000,Ay7bZ7Sgx9Q.000.mp4,Ay7bZ7Sgx9Q,,,0.7059,"EMO-AffectNet pseudo-label (teacher=Aff-Wild2, top=Neutral 0.26, tension=0.294) - 사람 검수 전"
Ay7bZ7Sgx9Q.005,Ay7bZ7Sgx9Q.005.mp4,Ay7bZ7Sgx9Q,,,0.7042,"EMO-AffectNet pseudo-label (teacher=Aff-Wild2, top=Neutral 0.23, tension=0.296) - 사람 검수 전"
B-OJ_xZILLg.000,B-OJ_xZILLg.000.mp4,B-OJ_xZILLg,,,0.7385,"EMO-AffectNet pseudo-label (teacher=Aff-Wild2, top=Neutral 0.38, tension=0.261) - 사람 검수 전"
B1efbNxLPe8.002,B1efbNxLPe8.002.mp4,B1efbNxLPe8,,,0.73,"EMO-AffectNet pseudo-label (teacher=Aff-Wild2, top=Neutral 0.26, tension=0.270) - 사람 검수 전"
B2riMsP8LD8.000,B2riMsP8LD8.000.mp4,B2riMsP8LD8,,,0.7038,"EMO-AffectNet pseudo-label (teacher=Aff-Wild2, top=Anger 0.26, tension=0.296) - 사람 검수 전"
B2riMsP8LD8.002,B2riMsP8LD8.002.mp4,B2riMsP8LD8,,,0.7032,"EMO-AffectNet pseudo-label (teacher=Aff-Wild2, top=Anger 0.26, tension=0.297) - 사람 검수 전"
B3zFJhrmqwg.000,B3zFJhrmqwg.000.mp4,B3zFJhrmqwg,,,0.7253,"EMO-AffectNet pseudo-label (teacher=Aff-Wild2, top=Neutral 0.38, tension=0.275) - 사람 검수 전"
B77ZCcCMrkM.001,B77ZCcCMrkM.001.mp4,B77ZCcCMrkM,,,0.6488,"EMO-AffectNet pseudo-label (teacher=Aff-Wild2, top=Sadness 0.35, tension=0.351) - 사람 검수 전"
B77ZCcCMrkM.002,B77ZCcCMrkM.002.mp4,B77ZCcCMrkM,,,0.6667,"EMO-AffectNet pseudo-label (teacher=Aff-Wild2, top=Sadness 0.31, tension=0.333) - 사람 검수 전"
BBSB9OJdb0Q.003,BBSB9OJdb0Q.003.mp4,BBSB9OJdb0Q,,,0.7965,"EMO-AffectNet pseudo-label (teacher=Aff-Wild2, top=Happiness 0.38, tension=0.204) - 사람 검수 전"
BCNZ_j_kMB4.003,BCNZ_j_kMB4.003.mp4,BCNZ_j_kMB4,,,0.7901,"EMO-AffectNet pseudo-label (teacher=Aff-Wild2, top=Surprise 0.34, tension=0.210) - 사람 검수 전"
BPUFqFLZgZU.000,BPUFqFLZgZU.000.mp4,BPUFqFLZgZU,,,0.7152,"EMO-AffectNet pseudo-label (teacher=Aff-Wild2, top=Surprise 0.26, tension=0.285) - 사람 검수 전"
BQ9i8qkXiVQ.001,BQ9i8qkXiVQ.001.mp4,BQ9i8qkXiVQ,,,0.6488,"EMO-AffectNet pseudo-label (teacher=Aff-Wild2, top=Sadness 0.24, tension=0.351) - 사람 검수 전"
BS0wgLXqFgc.000,BS0wgLXqFgc.000.mp4,BS0wgLXqFgc,,,0.7678,"EMO-AffectNet pseudo-label (teacher=Aff-Wild2, top=Surprise 0.28, tension=0.232) - 사람 검수 전"
BS0wgLXqFgc.004,BS0wgLXqFgc.004.mp4,BS0wgLXqFgc,,,0.7978,"EMO-AffectNet pseudo-label (teacher=Aff-Wild2, top=Neutral 0.33, tension=0.202) - 사람 검수 전"
BStHNKV820Q.000,BStHNKV820Q.000.mp4,BStHNKV820Q,,,0.7482,"EMO-AffectNet pseudo-label (teacher=Aff-Wild2, top=Neutral 0.27, tension=0.252) - 사람 검수 전"
BZ3FEf_KKso.002,BZ3FEf_KKso.002.mp4,BZ3FEf_KKso,,,0.7459,"EMO-AffectNet pseudo-label (teacher=Aff-Wild2, top=Neutral 0.34, tension=0.254) - 사람 검수 전"
BeyIfaH64xY.002,BeyIfaH64xY.002.mp4,BeyIfaH64xY,,,0.703,"EMO-AffectNet pseudo-label (teacher=Aff-Wild2, top=Neutral 0.29, tension=0.297) - 사람 검수 전"
BjQ95T-Dw1U.001,BjQ95T-Dw1U.001.mp4,BjQ95T-Dw1U,,,0.6755,"EMO-AffectNet pseudo-label (teacher=Aff-Wild2, top=Neutral 0.29, tension=0.324) - 사람 검수 전"
BlXViK_ltm8.001,BlXViK_ltm8.001.mp4,BlXViK_ltm8,,,0.8708,"EMO-AffectNet pseudo-label (teacher=Aff-Wild2, top=Happiness 0.54, tension=0.129) - 사람 검수 전"
BlvmREgt2C0.004,BlvmREgt2C0.004.mp4,BlvmREgt2C0,,,0.7893,"EMO-AffectNet pseudo-label (teacher=Aff-Wild2, top=Happiness 0.26, tension=0.211) - 사람 검수 전"
BmDClgdWlH4.005,BmDClgdWlH4.005.mp4,BmDClgdWlH4,,,0.8049,"EMO-AffectNet pseudo-label (teacher=Aff-Wild2, top=Happiness 0.37, tension=0.195) - 사람 검수 전"
Bmn4YEhgBDY.000,Bmn4YEhgBDY.000.mp4,Bmn4YEhgBDY,,,0.7415,"EMO-AffectNet pseudo-label (teacher=Aff-Wild2, top=Neutral 0.27, tension=0.259) - 사람 검수 전"
Bn5QwANp5LM.004,Bn5QwANp5LM.004.mp4,Bn5QwANp5LM,,,0.7649,"EMO-AffectNet pseudo-label (teacher=Aff-Wild2, top=Neutral 0.41, tension=0.235) - 사람 검수 전"
Bo-mrL28d8M.001,Bo-mrL28d8M.001.mp4,Bo-mrL28d8M,,,0.6316,"EMO-AffectNet pseudo-label (teacher=Aff-Wild2, top=Anger 0.22, tension=0.368) - 사람 검수 전"
Bo-mrL28d8M.005,Bo-mrL28d8M.005.mp4,Bo-mrL28d8M,,,0.5879,"EMO-AffectNet pseudo-label (teacher=Aff-Wild2, top=Disgust 0.37, tension=0.412) - 사람 검수 전"
BxD2uO_3RXU.001,BxD2uO_3RXU.001.mp4,BxD2uO_3RXU,,,0.7733,"EMO-AffectNet pseudo-label (teacher=Aff-Wild2, top=Happiness 0.25, tension=0.227) - 사람 검수 전"
Bz3Jx4QL_6Q.002,Bz3Jx4QL_6Q.002.mp4,Bz3Jx4QL_6Q,,,0.7072,"EMO-AffectNet pseudo-label (teacher=Aff-Wild2, top=Neutral 0.23, tension=0.293) - 사람 검수 전"
Bz3Jx4QL_6Q.005,Bz3Jx4QL_6Q.005.mp4,Bz3Jx4QL_6Q,,,0.6929,"EMO-AffectNet pseudo-label (teacher=Aff-Wild2, top=Surprise 0.21, tension=0.307) - 사람 검수 전"
BzMLhulrt0Q.000,BzMLhulrt0Q.000.mp4,BzMLhulrt0Q,,,0.6687,"EMO-AffectNet pseudo-label (teacher=Aff-Wild2, top=Neutral 0.31, tension=0.331) - 사람 검수 전"
C-48U5oDuvw.000,C-48U5oDuvw.000.mp4,C-48U5oDuvw,,,0.668,"EMO-AffectNet pseudo-label (teacher=Aff-Wild2, top=Surprise 0.40, tension=0.332) - 사람 검수 전"
C-48U5oDuvw.001,C-48U5oDuvw.001.mp4,C-48U5oDuvw,,,0.6392,"EMO-AffectNet pseudo-label (teacher=Aff-Wild2, top=Surprise 0.37, tension=0.361) - 사람 검수 전"
C0uc-2KrnnQ.003,C0uc-2KrnnQ.003.mp4,C0uc-2KrnnQ,,,0.8228,"EMO-AffectNet pseudo-label (teacher=Aff-Wild2, top=Happiness 0.46, tension=0.177) - 사람 검수 전"
C2MEPH7x9m0.000,C2MEPH7x9m0.000.mp4,C2MEPH7x9m0,,,0.809,"EMO-AffectNet pseudo-label (teacher=Aff-Wild2, top=Happiness 0.37, tension=0.191) - 사람 검수 전"
C2MEPH7x9m0.004,C2MEPH7x9m0.004.mp4,C2MEPH7x9m0,,,0.7838,"EMO-AffectNet pseudo-label (teacher=Aff-Wild2, top=Happiness 0.26, tension=0.216) - 사람 검수 전"
C2Y9Puk3Obk.002,C2Y9Puk3Obk.002.mp4,C2Y9Puk3Obk,,,0.8177,"EMO-AffectNet pseudo-label (teacher=Aff-Wild2, top=Happiness 0.50, tension=0.182) - 사람 검수 전"
C5qRszPK9HY.002,C5qRszPK9HY.002.mp4,C5qRszPK9HY,,,0.6893,"EMO-AffectNet pseudo-label (teacher=Aff-Wild2, top=Anger 0.20, tension=0.311) - 사람 검수 전"
C8xZ0vhrrFE.004,C8xZ0vhrrFE.004.mp4,C8xZ0vhrrFE,,,0.703,"EMO-AffectNet pseudo-label (teacher=Aff-Wild2, top=Neutral 0.28, tension=0.297) - 사람 검수 전"
CAuVlnNy95E.002,CAuVlnNy95E.002.mp4,CAuVlnNy95E,,,0.8205,"EMO-AffectNet pseudo-label (teacher=Aff-Wild2, top=Happiness 0.39, tension=0.179) - 사람 검수 전"
CDTo7WVyf5s.003,CDTo7WVyf5s.003.mp4,CDTo7WVyf5s,,,0.6586,"EMO-AffectNet pseudo-label (teacher=Aff-Wild2, top=Sadness 0.26, tension=0.341) - 사람 검수 전"
CESTtNvDpww.001,CESTtNvDpww.001.mp4,CESTtNvDpww,,,0.8076,"EMO-AffectNet pseudo-label (teacher=Aff-Wild2, top=Happiness 0.47, tension=0.192) - 사람 검수 전"
CFK8ib0aWe8.004,CFK8ib0aWe8.004.mp4,CFK8ib0aWe8,,,0.6466,"EMO-AffectNet pseudo-label (teacher=Aff-Wild2, top=Fear 0.31, tension=0.353) - 사람 검수 전"
CFK8ib0aWe8.005,CFK8ib0aWe8.005.mp4,CFK8ib0aWe8,,,0.6354,"EMO-AffectNet pseudo-label (teacher=Aff-Wild2, top=Fear 0.37, tension=0.365) - 사람 검수 전"
CGfr9jl8w4Y.000,CGfr9jl8w4Y.000.mp4,CGfr9jl8w4Y,,,0.7343,"EMO-AffectNet pseudo-label (teacher=Aff-Wild2, top=Happiness 0.25, tension=0.266) - 사람 검수 전"
CHkKv9TXm0g.002,CHkKv9TXm0g.002.mp4,CHkKv9TXm0g,,,0.8135,"EMO-AffectNet pseudo-label (teacher=Aff-Wild2, top=Happiness 0.29, tension=0.187) - 사람 검수 전"
CLGJCzz6tIU.000,CLGJCzz6tIU.000.mp4,CLGJCzz6tIU,,,0.8065,"EMO-AffectNet pseudo-label (teacher=Aff-Wild2, top=Happiness 0.46, tension=0.194) - 사람 검수 전"
CLGJCzz6tIU.002,CLGJCzz6tIU.002.mp4,CLGJCzz6tIU,,,0.7294,"EMO-AffectNet pseudo-label (teacher=Aff-Wild2, top=Happiness 0.28, tension=0.271) - 사람 검수 전"
CO7vZjYF6Zk.003,CO7vZjYF6Zk.003.mp4,CO7vZjYF6Zk,,,0.7266,"EMO-AffectNet pseudo-label (teacher=Aff-Wild2, top=Anger 0.25, tension=0.273) - 사람 검수 전"
CPtaCNonKlE.001,CPtaCNonKlE.001.mp4,CPtaCNonKlE,,,0.6806,"EMO-AffectNet pseudo-label (teacher=Aff-Wild2, top=Neutral 0.30, tension=0.319) - 사람 검수 전"
CQR-eM3mTFU.000,CQR-eM3mTFU.000.mp4,CQR-eM3mTFU,,,0.8215,"EMO-AffectNet pseudo-label (teacher=Aff-Wild2, top=Happiness 0.43, tension=0.179) - 사람 검수 전"
CUiG7UZ9A3k.004,CUiG7UZ9A3k.004.mp4,CUiG7UZ9A3k,,,0.6924,"EMO-AffectNet pseudo-label (teacher=Aff-Wild2, top=Happiness 0.20, tension=0.308) - 사람 검수 전"
CV930dFsubs.004,CV930dFsubs.004.mp4,CV930dFsubs,,,0.7235,"EMO-AffectNet pseudo-label (teacher=Aff-Wild2, top=Neutral 0.30, tension=0.277) - 사람 검수 전"
CV930dFsubs.005,CV930dFsubs.005.mp4,CV930dFsubs,,,0.7008,"EMO-AffectNet pseudo-label (teacher=Aff-Wild2, top=Neutral 0.22, tension=0.299) - 사람 검수 전"
ClSP2k9DFX0.001,ClSP2k9DFX0.001.mp4,ClSP2k9DFX0,,,0.7289,"EMO-AffectNet pseudo-label (teacher=Aff-Wild2, top=Anger 0.25, tension=0.271) - 사람 검수 전"
Cng72emlXAM.001,Cng72emlXAM.001.mp4,Cng72emlXAM,,,0.6988,"EMO-AffectNet pseudo-label (teacher=Aff-Wild2, top=Neutral 0.24, tension=0.301) - 사람 검수 전"
CpmR-91GxmY.001,CpmR-91GxmY.001.mp4,CpmR-91GxmY,,,0.8224,"EMO-AffectNet pseudo-label (teacher=Aff-Wild2, top=Happiness 0.47, tension=0.178) - 사람 검수 전"
CpmR-91GxmY.003,CpmR-91GxmY.003.mp4,CpmR-91GxmY,,,0.7846,"EMO-AffectNet pseudo-label (teacher=Aff-Wild2, top=Happiness 0.35, tension=0.215) - 사람 검수 전"
CuGuiOZ48Ig.003,CuGuiOZ48Ig.003.mp4,CuGuiOZ48Ig,,,0.7793,"EMO-AffectNet pseudo-label (teacher=Aff-Wild2, top=Happiness 0.29, tension=0.221) - 사람 검수 전"
Cvuu76B-bxA.004,Cvuu76B-bxA.004.mp4,Cvuu76B-bxA,,,0.7218,"EMO-AffectNet pseudo-label (teacher=Aff-Wild2, top=Neutral 0.30, tension=0.278) - 사람 검수 전"
CwFH8J7smjE.000,CwFH8J7smjE.000.mp4,CwFH8J7smjE,,,0.8115,"EMO-AffectNet pseudo-label (teacher=Aff-Wild2, top=Happiness 0.37, tension=0.188) - 사람 검수 전"
CwmYqA1yi0Q.004,CwmYqA1yi0Q.004.mp4,CwmYqA1yi0Q,,,0.7238,"EMO-AffectNet pseudo-label (teacher=Aff-Wild2, top=Neutral 0.33, tension=0.276) - 사람 검수 전"
CyzKot0CNyU.002,CyzKot0CNyU.002.mp4,CyzKot0CNyU,,,0.8122,"EMO-AffectNet pseudo-label (teacher=Aff-Wild2, top=Happiness 0.35, tension=0.188) - 사람 검수 전"
DCROfrHI1MU.004,DCROfrHI1MU.004.mp4,DCROfrHI1MU,,,0.6838,"EMO-AffectNet pseudo-label (teacher=Aff-Wild2, top=Neutral 0.25, tension=0.316) - 사람 검수 전"
DChmTb-c9uM.000,DChmTb-c9uM.000.mp4,DChmTb-c9uM,,,0.6042,"EMO-AffectNet pseudo-label (teacher=Aff-Wild2, top=Sadness 0.23, tension=0.396) - 사람 검수 전"
DGCGeNlA-Ww.004,DGCGeNlA-Ww.004.mp4,DGCGeNlA-Ww,,,0.7307,"EMO-AffectNet pseudo-label (teacher=Aff-Wild2, top=Surprise 0.28, tension=0.269) - 사람 검수 전"
DSYiLCGNDP0.000,DSYiLCGNDP0.000.mp4,DSYiLCGNDP0,,,0.7138,"EMO-AffectNet pseudo-label (teacher=Aff-Wild2, top=Neutral 0.32, tension=0.286) - 사람 검수 전"
DSYiLCGNDP0.001,DSYiLCGNDP0.001.mp4,DSYiLCGNDP0,,,0.7172,"EMO-AffectNet pseudo-label (teacher=Aff-Wild2, top=Neutral 0.25, tension=0.283) - 사람 검수 전"
DSYiLCGNDP0.003,DSYiLCGNDP0.003.mp4,DSYiLCGNDP0,,,0.709,"EMO-AffectNet pseudo-label (teacher=Aff-Wild2, top=Neutral 0.23, tension=0.291) - 사람 검수 전"
DVh_7dO2cWY.001,DVh_7dO2cWY.001.mp4,DVh_7dO2cWY,,,0.7469,"EMO-AffectNet pseudo-label (teacher=Aff-Wild2, top=Happiness 0.28, tension=0.253) - 사람 검수 전"
DVh_7dO2cWY.002,DVh_7dO2cWY.002.mp4,DVh_7dO2cWY,,,0.8036,"EMO-AffectNet pseudo-label (teacher=Aff-Wild2, top=Happiness 0.41, tension=0.196) - 사람 검수 전"
DXYRJ8PReoE.005,DXYRJ8PReoE.005.mp4,DXYRJ8PReoE,,,0.7442,"EMO-AffectNet pseudo-label (teacher=Aff-Wild2, top=Neutral 0.29, tension=0.256) - 사람 검수 전"
D_FGBb-1B1o.000,D_FGBb-1B1o.000.mp4,D_FGBb-1B1o,,,0.8116,"EMO-AffectNet pseudo-label (teacher=Aff-Wild2, top=Happiness 0.35, tension=0.188) - 사람 검수 전"
DefePa0_6Sg.000,DefePa0_6Sg.000.mp4,DefePa0_6Sg,,,0.7723,"EMO-AffectNet pseudo-label (teacher=Aff-Wild2, top=Neutral 0.50, tension=0.228) - 사람 검수 전"
DfpKVl9Zpdg.002,DfpKVl9Zpdg.002.mp4,DfpKVl9Zpdg,,,0.7782,"EMO-AffectNet pseudo-label (teacher=Aff-Wild2, top=Neutral 0.45, tension=0.222) - 사람 검수 전"
DiaibIBisuM.000,DiaibIBisuM.000.mp4,DiaibIBisuM,,,0.7159,"EMO-AffectNet pseudo-label (teacher=Aff-Wild2, top=Neutral 0.33, tension=0.284) - 사람 검수 전"
DjfLWIZq3bo.000,DjfLWIZq3bo.000.mp4,DjfLWIZq3bo,,,0.6193,"EMO-AffectNet pseudo-label (teacher=Aff-Wild2, top=Disgust 0.21, tension=0.381) - 사람 검수 전"
DjfLWIZq3bo.002,DjfLWIZq3bo.002.mp4,DjfLWIZq3bo,,,0.661,"EMO-AffectNet pseudo-label (teacher=Aff-Wild2, top=Surprise 0.22, tension=0.339) - 사람 검수 전"
DmYsoYs9jyI.000,DmYsoYs9jyI.000.mp4,DmYsoYs9jyI,,,0.7293,"EMO-AffectNet pseudo-label (teacher=Aff-Wild2, top=Neutral 0.34, tension=0.271) - 사람 검수 전"
DogbMnh5k0o.004,DogbMnh5k0o.004.mp4,DogbMnh5k0o,,,0.7911,"EMO-AffectNet pseudo-label (teacher=Aff-Wild2, top=Neutral 0.28, tension=0.209) - 사람 검수 전"
DrlC4bEYcmw.001,DrlC4bEYcmw.001.mp4,DrlC4bEYcmw,,,0.7808,"EMO-AffectNet pseudo-label (teacher=Aff-Wild2, top=Neutral 0.24, tension=0.219) - 사람 검수 전"
DvWzedL3QCk.000,DvWzedL3QCk.000.mp4,DvWzedL3QCk,,,0.7671,"EMO-AffectNet pseudo-label (teacher=Aff-Wild2, top=Happiness 0.32, tension=0.233) - 사람 검수 전"
DvWzedL3QCk.002,DvWzedL3QCk.002.mp4,DvWzedL3QCk,,,0.7075,"EMO-AffectNet pseudo-label (teacher=Aff-Wild2, top=Anger 0.25, tension=0.292) - 사람 검수 전"
DyZlhseSuec.001,DyZlhseSuec.001.mp4,DyZlhseSuec,,,0.7279,"EMO-AffectNet pseudo-label (teacher=Aff-Wild2, top=Neutral 0.26, tension=0.272) - 사람 검수 전"
DzqJmiQjsZ4.001,DzqJmiQjsZ4.001.mp4,DzqJmiQjsZ4,,,0.8332,"EMO-AffectNet pseudo-label (teacher=Aff-Wild2, top=Happiness 0.51, tension=0.167) - 사람 검수 전"
E49FxumXPnc.000,E49FxumXPnc.000.mp4,E49FxumXPnc,,,0.7475,"EMO-AffectNet pseudo-label (teacher=Aff-Wild2, top=Happiness 0.24, tension=0.252) - 사람 검수 전"
EA8BEYAZqAA.005,EA8BEYAZqAA.005.mp4,EA8BEYAZqAA,,,0.7106,"EMO-AffectNet pseudo-label (teacher=Aff-Wild2, top=Surprise 0.27, tension=0.289) - 사람 검수 전"
EAMHqNxa9yY.003,EAMHqNxa9yY.003.mp4,EAMHqNxa9yY,,,0.7889,"EMO-AffectNet pseudo-label (teacher=Aff-Wild2, top=Neutral 0.28, tension=0.211) - 사람 검수 전"
EAMHqNxa9yY.005,EAMHqNxa9yY.005.mp4,EAMHqNxa9yY,,,0.7571,"EMO-AffectNet pseudo-label (teacher=Aff-Wild2, top=Neutral 0.40, tension=0.243) - 사람 검수 전"
ECuouf2tVYU.002,ECuouf2tVYU.002.mp4,ECuouf2tVYU,,,0.7731,"EMO-AffectNet pseudo-label (teacher=Aff-Wild2, top=Neutral 0.33, tension=0.227) - 사람 검수 전"
ED70UxZkohc.004,ED70UxZkohc.004.mp4,ED70UxZkohc,,,0.7325,"EMO-AffectNet pseudo-label (teacher=Aff-Wild2, top=Neutral 0.37, tension=0.268) - 사람 검수 전"
EDXQLrsZctw.001,EDXQLrsZctw.001.mp4,EDXQLrsZctw,,,0.7725,"EMO-AffectNet pseudo-label (teacher=Aff-Wild2, top=Neutral 0.38, tension=0.228) - 사람 검수 전"
EHPZNxP5mN8.003,EHPZNxP5mN8.003.mp4,EHPZNxP5mN8,,,0.7115,"EMO-AffectNet pseudo-label (teacher=Aff-Wild2, top=Neutral 0.35, tension=0.289) - 사람 검수 전"
EMqrrHHbP3s.005,EMqrrHHbP3s.005.mp4,EMqrrHHbP3s,,,0.7598,"EMO-AffectNet pseudo-label (teacher=Aff-Wild2, top=Happiness 0.30, tension=0.240) - 사람 검수 전"
EYhvnALhXt8.002,EYhvnALhXt8.002.mp4,EYhvnALhXt8,,,0.6337,"EMO-AffectNet pseudo-label (teacher=Aff-Wild2, top=Anger 0.25, tension=0.366) - 사람 검수 전"
EaBCJB8LXdI.003,EaBCJB8LXdI.003.mp4,EaBCJB8LXdI,,,0.7472,"EMO-AffectNet pseudo-label (teacher=Aff-Wild2, top=Neutral 0.44, tension=0.253) - 사람 검수 전"
EeI8iXLDfc0.000,EeI8iXLDfc0.000.mp4,EeI8iXLDfc0,,,0.8278,"EMO-AffectNet pseudo-label (teacher=Aff-Wild2, top=Neutral 0.31, tension=0.172) - 사람 검수 전"
EeI8iXLDfc0.003,EeI8iXLDfc0.003.mp4,EeI8iXLDfc0,,,0.762,"EMO-AffectNet pseudo-label (teacher=Aff-Wild2, top=Neutral 0.39, tension=0.238) - 사람 검수 전"
EelHLfeSJfM.001,EelHLfeSJfM.001.mp4,EelHLfeSJfM,,,0.7845,"EMO-AffectNet pseudo-label (teacher=Aff-Wild2, top=Happiness 0.39, tension=0.216) - 사람 검수 전"
EelHLfeSJfM.005,EelHLfeSJfM.005.mp4,EelHLfeSJfM,,,0.7281,"EMO-AffectNet pseudo-label (teacher=Aff-Wild2, top=Neutral 0.21, tension=0.272) - 사람 검수 전"
EfQ2eU2MFEc.000,EfQ2eU2MFEc.000.mp4,EfQ2eU2MFEc,,,0.8079,"EMO-AffectNet pseudo-label (teacher=Aff-Wild2, top=Neutral 0.36, tension=0.192) - 사람 검수 전"
EfQUV-C-YrU.003,EfQUV-C-YrU.003.mp4,EfQUV-C-YrU,,,0.7185,"EMO-AffectNet pseudo-label (teacher=Aff-Wild2, top=Neutral 0.34, tension=0.281) - 사람 검수 전"
EffEoI1l1zE.004,EffEoI1l1zE.004.mp4,EffEoI1l1zE,,,0.7022,"EMO-AffectNet pseudo-label (teacher=Aff-Wild2, top=Happiness 0.18, tension=0.298) - 사람 검수 전"
Egogv6acOd0.005,Egogv6acOd0.005.mp4,Egogv6acOd0,,,0.6761,"EMO-AffectNet pseudo-label (teacher=Aff-Wild2, top=Neutral 0.27, tension=0.324) - 사람 검수 전"
EgolOPjkkg8.002,EgolOPjkkg8.002.mp4,EgolOPjkkg8,,,0.7455,"EMO-AffectNet pseudo-label (teacher=Aff-Wild2, top=Neutral 0.39, tension=0.254) - 사람 검수 전"
EiXQ9RErt6c.001,EiXQ9RErt6c.001.mp4,EiXQ9RErt6c,,,0.705,"EMO-AffectNet pseudo-label (teacher=Aff-Wild2, top=Neutral 0.35, tension=0.295) - 사람 검수 전"
EjhDyc8Oc6k.002,EjhDyc8Oc6k.002.mp4,EjhDyc8Oc6k,,,0.854,"EMO-AffectNet pseudo-label (teacher=Aff-Wild2, top=Happiness 0.49, tension=0.146) - 사람 검수 전"
EjhDyc8Oc6k.005,EjhDyc8Oc6k.005.mp4,EjhDyc8Oc6k,,,0.8531,"EMO-AffectNet pseudo-label (teacher=Aff-Wild2, top=Happiness 0.54, tension=0.147) - 사람 검수 전"
EknEAPhAjdA.005,EknEAPhAjdA.005.mp4,EknEAPhAjdA,,,0.7622,"EMO-AffectNet pseudo-label (teacher=Aff-Wild2, top=Happiness 0.34, tension=0.238) - 사람 검수 전"
Ep2F3e1xiPc.000,Ep2F3e1xiPc.000.mp4,Ep2F3e1xiPc,,,0.8722,"EMO-AffectNet pseudo-label (teacher=Aff-Wild2, top=Happiness 0.60, tension=0.128) - 사람 검수 전"
Etfh8X-ECtY.005,Etfh8X-ECtY.005.mp4,Etfh8X-ECtY,,,0.7419,"EMO-AffectNet pseudo-label (teacher=Aff-Wild2, top=Neutral 0.37, tension=0.258) - 사람 검수 전"
EvZ0esZgPK4.005,EvZ0esZgPK4.005.mp4,EvZ0esZgPK4,,,0.6528,"EMO-AffectNet pseudo-label (teacher=Aff-Wild2, top=Fear 0.22, tension=0.347) - 사람 검수 전"
EwMMNKLjO9w.005,EwMMNKLjO9w.005.mp4,EwMMNKLjO9w,,,0.7556,"EMO-AffectNet pseudo-label (teacher=Aff-Wild2, top=Happiness 0.33, tension=0.244) - 사람 검수 전"
F-Dy1EFm_Mw.003,F-Dy1EFm_Mw.003.mp4,F-Dy1EFm_Mw,,,0.6203,"EMO-AffectNet pseudo-label (teacher=Aff-Wild2, top=Sadness 0.24, tension=0.380) - 사람 검수 전"
F0VbEO_0Ybc.004,F0VbEO_0Ybc.004.mp4,F0VbEO_0Ybc,,,0.6897,"EMO-AffectNet pseudo-label (teacher=Aff-Wild2, top=Neutral 0.31, tension=0.310) - 사람 검수 전"
F0_EI_X5JVk.000,F0_EI_X5JVk.000.mp4,F0_EI_X5JVk,,,0.7062,"EMO-AffectNet pseudo-label (teacher=Aff-Wild2, top=Neutral 0.19, tension=0.294) - 사람 검수 전"
F0kidNe_RSo.003,F0kidNe_RSo.003.mp4,F0kidNe_RSo,,,0.7045,"EMO-AffectNet pseudo-label (teacher=Aff-Wild2, top=Surprise 0.19, tension=0.295) - 사람 검수 전"
F1lAPYh4t3U.005,F1lAPYh4t3U.005.mp4,F1lAPYh4t3U,,,0.716,"EMO-AffectNet pseudo-label (teacher=Aff-Wild2, top=Neutral 0.20, tension=0.284) - 사람 검수 전"
F2v55oUN-4w.003,F2v55oUN-4w.003.mp4,F2v55oUN-4w,,,0.7226,"EMO-AffectNet pseudo-label (teacher=Aff-Wild2, top=Happiness 0.23, tension=0.277) - 사람 검수 전"
F5kL7RWS_f0.001,F5kL7RWS_f0.001.mp4,F5kL7RWS_f0,,,0.7399,"EMO-AffectNet pseudo-label (teacher=Aff-Wild2, top=Surprise 0.26, tension=0.260) - 사람 검수 전"
FGkS4vJYOpM.000,FGkS4vJYOpM.000.mp4,FGkS4vJYOpM,,,0.8021,"EMO-AffectNet pseudo-label (teacher=Aff-Wild2, top=Happiness 0.31, tension=0.198) - 사람 검수 전"
FGkS4vJYOpM.003,FGkS4vJYOpM.003.mp4,FGkS4vJYOpM,,,0.7405,"EMO-AffectNet pseudo-label (teacher=Aff-Wild2, top=Surprise 0.28, tension=0.259) - 사람 검수 전"
FGkS4vJYOpM.005,FGkS4vJYOpM.005.mp4,FGkS4vJYOpM,,,0.7653,"EMO-AffectNet pseudo-label (teacher=Aff-Wild2, top=Surprise 0.30, tension=0.235) - 사람 검수 전"
FM5UaJS-bhg.003,FM5UaJS-bhg.003.mp4,FM5UaJS-bhg,,,0.6601,"EMO-AffectNet pseudo-label (teacher=Aff-Wild2, top=Neutral 0.20, tension=0.340) - 사람 검수 전"
FNHMXPaHll0.000,FNHMXPaHll0.000.mp4,FNHMXPaHll0,,,0.8375,"EMO-AffectNet pseudo-label (teacher=Aff-Wild2, top=Happiness 0.44, tension=0.162) - 사람 검수 전"
FNHMXPaHll0.002,FNHMXPaHll0.002.mp4,FNHMXPaHll0,,,0.8055,"EMO-AffectNet pseudo-label (teacher=Aff-Wild2, top=Happiness 0.37, tension=0.195) - 사람 검수 전"
FNHMXPaHll0.003,FNHMXPaHll0.003.mp4,FNHMXPaHll0,,,0.7814,"EMO-AffectNet pseudo-label (teacher=Aff-Wild2, top=Surprise 0.30, tension=0.219) - 사람 검수 전"
FPfgwGsy8dE.003,FPfgwGsy8dE.003.mp4,FPfgwGsy8dE,,,0.6146,"EMO-AffectNet pseudo-label (teacher=Aff-Wild2, top=Disgust 0.26, tension=0.385) - 사람 검수 전"
FTk2SCmJI_w.000,FTk2SCmJI_w.000.mp4,FTk2SCmJI_w,,,0.7687,"EMO-AffectNet pseudo-label (teacher=Aff-Wild2, top=Neutral 0.36, tension=0.231) - 사람 검수 전"
FTk2SCmJI_w.005,FTk2SCmJI_w.005.mp4,FTk2SCmJI_w,,,0.7163,"EMO-AffectNet pseudo-label (teacher=Aff-Wild2, top=Surprise 0.31, tension=0.284) - 사람 검수 전"
FaBTYkzhuK4.002,FaBTYkzhuK4.002.mp4,FaBTYkzhuK4,,,0.762,"EMO-AffectNet pseudo-label (teacher=Aff-Wild2, top=Neutral 0.37, tension=0.238) - 사람 검수 전"
FaBTYkzhuK4.004,FaBTYkzhuK4.004.mp4,FaBTYkzhuK4,,,0.7033,"EMO-AffectNet pseudo-label (teacher=Aff-Wild2, top=Neutral 0.24, tension=0.297) - 사람 검수 전"
Fe9_SVPd_5I.002,Fe9_SVPd_5I.002.mp4,Fe9_SVPd_5I,,,0.5895,"EMO-AffectNet pseudo-label (teacher=Aff-Wild2, top=Sadness 0.44, tension=0.411) - 사람 검수 전"
Ff0WqsFl-1s.001,Ff0WqsFl-1s.001.mp4,Ff0WqsFl-1s,,,0.7417,"EMO-AffectNet pseudo-label (teacher=Aff-Wild2, top=Happiness 0.24, tension=0.258) - 사람 검수 전"
FhCOvzMrNs8.003,FhCOvzMrNs8.003.mp4,FhCOvzMrNs8,,,0.692,"EMO-AffectNet pseudo-label (teacher=Aff-Wild2, top=Surprise 0.21, tension=0.308) - 사람 검수 전"
Fi1ILrwQpSY.004,Fi1ILrwQpSY.004.mp4,Fi1ILrwQpSY,,,0.6894,"EMO-AffectNet pseudo-label (teacher=Aff-Wild2, top=Neutral 0.24, tension=0.311) - 사람 검수 전"
FkuwzJcoRVI.002,FkuwzJcoRVI.002.mp4,FkuwzJcoRVI,,,0.8443,"EMO-AffectNet pseudo-label (teacher=Aff-Wild2, top=Happiness 0.44, tension=0.156) - 사람 검수 전"
FkzVX7SQ9wE.000,FkzVX7SQ9wE.000.mp4,FkzVX7SQ9wE,,,0.7324,"EMO-AffectNet pseudo-label (teacher=Aff-Wild2, top=Neutral 0.33, tension=0.268) - 사람 검수 전"
FkzVX7SQ9wE.003,FkzVX7SQ9wE.003.mp4,FkzVX7SQ9wE,,,0.7276,"EMO-AffectNet pseudo-label (teacher=Aff-Wild2, top=Neutral 0.36, tension=0.272) - 사람 검수 전"
FlAGm93fJa0.001,FlAGm93fJa0.001.mp4,FlAGm93fJa0,,,0.7752,"EMO-AffectNet pseudo-label (teacher=Aff-Wild2, top=Neutral 0.32, tension=0.225) - 사람 검수 전"
FogaU_yB9aY.003,FogaU_yB9aY.003.mp4,FogaU_yB9aY,,,0.7224,"EMO-AffectNet pseudo-label (teacher=Aff-Wild2, top=Happiness 0.22, tension=0.278) - 사람 검수 전"
Ft0ahViXZPc.005,Ft0ahViXZPc.005.mp4,Ft0ahViXZPc,,,0.6589,"EMO-AffectNet pseudo-label (teacher=Aff-Wild2, top=Sadness 0.29, tension=0.341) - 사람 검수 전"
FvjIziLzffo.000,FvjIziLzffo.000.mp4,FvjIziLzffo,,,0.7991,"EMO-AffectNet pseudo-label (teacher=Aff-Wild2, top=Happiness 0.35, tension=0.201) - 사람 검수 전"
FvjIziLzffo.001,FvjIziLzffo.001.mp4,FvjIziLzffo,,,0.7811,"EMO-AffectNet pseudo-label (teacher=Aff-Wild2, top=Happiness 0.27, tension=0.219) - 사람 검수 전"
FwjoTGcsFNg.004,FwjoTGcsFNg.004.mp4,FwjoTGcsFNg,,,0.8237,"EMO-AffectNet pseudo-label (teacher=Aff-Wild2, top=Happiness 0.44, tension=0.176) - 사람 검수 전"
FwjoTGcsFNg.005,FwjoTGcsFNg.005.mp4,FwjoTGcsFNg,,,0.6944,"EMO-AffectNet pseudo-label (teacher=Aff-Wild2, top=Surprise 0.25, tension=0.306) - 사람 검수 전"
G7QTNbKbu_4.004,G7QTNbKbu_4.004.mp4,G7QTNbKbu_4,,,0.6812,"EMO-AffectNet pseudo-label (teacher=Aff-Wild2, top=Surprise 0.21, tension=0.319) - 사람 검수 전"
G7hYffrZ1Hc.001,G7hYffrZ1Hc.001.mp4,G7hYffrZ1Hc,,,0.7067,"EMO-AffectNet pseudo-label (teacher=Aff-Wild2, top=Neutral 0.31, tension=0.293) - 사람 검수 전"
G7hYffrZ1Hc.003,G7hYffrZ1Hc.003.mp4,G7hYffrZ1Hc,,,0.6928,"EMO-AffectNet pseudo-label (teacher=Aff-Wild2, top=Neutral 0.36, tension=0.307) - 사람 검수 전"
GBp9YtOw_eQ.000,GBp9YtOw_eQ.000.mp4,GBp9YtOw_eQ,,,0.7242,"EMO-AffectNet pseudo-label (teacher=Aff-Wild2, top=Neutral 0.35, tension=0.276) - 사람 검수 전"
GG9WPQLI_rg.001,GG9WPQLI_rg.001.mp4,GG9WPQLI_rg,,,0.76,"EMO-AffectNet pseudo-label (teacher=Aff-Wild2, top=Neutral 0.27, tension=0.240) - 사람 검수 전"
GO6s-qDADuU.005,GO6s-qDADuU.005.mp4,GO6s-qDADuU,,,0.7127,"EMO-AffectNet pseudo-label (teacher=Aff-Wild2, top=Surprise 0.24, tension=0.287) - 사람 검수 전"
GS7cBLgZKgk.005,GS7cBLgZKgk.005.mp4,GS7cBLgZKgk,,,0.6869,"EMO-AffectNet pseudo-label (teacher=Aff-Wild2, top=Neutral 0.35, tension=0.313) - 사람 검수 전"
GTmHSF6vNWc.000,GTmHSF6vNWc.000.mp4,GTmHSF6vNWc,,,0.7687,"EMO-AffectNet pseudo-label (teacher=Aff-Wild2, top=Surprise 0.42, tension=0.231) - 사람 검수 전"
GWOtluILlk4.004,GWOtluILlk4.004.mp4,GWOtluILlk4,,,0.6818,"EMO-AffectNet pseudo-label (teacher=Aff-Wild2, top=Neutral 0.23, tension=0.318) - 사람 검수 전"
GcuoyJPO-KU.001,GcuoyJPO-KU.001.mp4,GcuoyJPO-KU,,,0.6358,"EMO-AffectNet pseudo-label (teacher=Aff-Wild2, top=Disgust 0.20, tension=0.364) - 사람 검수 전"
GcuoyJPO-KU.003,GcuoyJPO-KU.003.mp4,GcuoyJPO-KU,,,0.6028,"EMO-AffectNet pseudo-label (teacher=Aff-Wild2, top=Fear 0.28, tension=0.397) - 사람 검수 전"
Gdv79afXNKE.000,Gdv79afXNKE.000.mp4,Gdv79afXNKE,,,0.7907,"EMO-AffectNet pseudo-label (teacher=Aff-Wild2, top=Surprise 0.30, tension=0.209) - 사람 검수 전"
Gdv79afXNKE.004,Gdv79afXNKE.004.mp4,Gdv79afXNKE,,,0.7762,"EMO-AffectNet pseudo-label (teacher=Aff-Wild2, top=Surprise 0.33, tension=0.224) - 사람 검수 전"
GntxKkVigvE.001,GntxKkVigvE.001.mp4,GntxKkVigvE,,,0.8097,"EMO-AffectNet pseudo-label (teacher=Aff-Wild2, top=Happiness 0.30, tension=0.190) - 사람 검수 전"
Gomd4Y8-D2Q.004,Gomd4Y8-D2Q.004.mp4,Gomd4Y8-D2Q,,,0.7214,"EMO-AffectNet pseudo-label (teacher=Aff-Wild2, top=Neutral 0.26, tension=0.279) - 사람 검수 전"
Gs-AdRcYSPo.003,Gs-AdRcYSPo.003.mp4,Gs-AdRcYSPo,,,0.7553,"EMO-AffectNet pseudo-label (teacher=Aff-Wild2, top=Happiness 0.27, tension=0.245) - 사람 검수 전"
GsNZh1TS68g.000,GsNZh1TS68g.000.mp4,GsNZh1TS68g,,,0.7938,"EMO-AffectNet pseudo-label (teacher=Aff-Wild2, top=Happiness 0.30, tension=0.206) - 사람 검수 전"
Gtq5nfRlRx8.003,Gtq5nfRlRx8.003.mp4,Gtq5nfRlRx8,,,0.7214,"EMO-AffectNet pseudo-label (teacher=Aff-Wild2, top=Surprise 0.28, tension=0.279) - 사람 검수 전"
Gtq5nfRlRx8.004,Gtq5nfRlRx8.004.mp4,Gtq5nfRlRx8,,,0.6789,"EMO-AffectNet pseudo-label (teacher=Aff-Wild2, top=Fear 0.23, tension=0.321) - 사람 검수 전"
Gtq5nfRlRx8.005,Gtq5nfRlRx8.005.mp4,Gtq5nfRlRx8,,,0.6967,"EMO-AffectNet pseudo-label (teacher=Aff-Wild2, top=Happiness 0.21, tension=0.303) - 사람 검수 전"
GwKmjEb3qN0.000,GwKmjEb3qN0.000.mp4,GwKmjEb3qN0,,,0.7312,"EMO-AffectNet pseudo-label (teacher=Aff-Wild2, top=Neutral 0.24, tension=0.269) - 사람 검수 전"
H0_4dZMjUow.000,H0_4dZMjUow.000.mp4,H0_4dZMjUow,,,0.8919,"EMO-AffectNet pseudo-label (teacher=Aff-Wild2, top=Happiness 0.66, tension=0.108) - 사람 검수 전"
H523MhINmbA.000,H523MhINmbA.000.mp4,H523MhINmbA,,,0.7652,"EMO-AffectNet pseudo-label (teacher=Aff-Wild2, top=Neutral 0.43, tension=0.235) - 사람 검수 전"
H6s9aFAQP3M.003,H6s9aFAQP3M.003.mp4,H6s9aFAQP3M,,,0.7205,"EMO-AffectNet pseudo-label (teacher=Aff-Wild2, top=Neutral 0.30, tension=0.280) - 사람 검수 전"
H8h4fAGgV18.004,H8h4fAGgV18.004.mp4,H8h4fAGgV18,,,0.7339,"EMO-AffectNet pseudo-label (teacher=Aff-Wild2, top=Neutral 0.33, tension=0.266) - 사람 검수 전"
HCkDd0UnUgo.001,HCkDd0UnUgo.001.mp4,HCkDd0UnUgo,,,0.7012,"EMO-AffectNet pseudo-label (teacher=Aff-Wild2, top=Neutral 0.25, tension=0.299) - 사람 검수 전"
HCkDd0UnUgo.005,HCkDd0UnUgo.005.mp4,HCkDd0UnUgo,,,0.6899,"EMO-AffectNet pseudo-label (teacher=Aff-Wild2, top=Neutral 0.24, tension=0.310) - 사람 검수 전"
HH03EXo0TB0.000,HH03EXo0TB0.000.mp4,HH03EXo0TB0,,,0.6958,"EMO-AffectNet pseudo-label (teacher=Aff-Wild2, top=Anger 0.27, tension=0.304) - 사람 검수 전"
HH03EXo0TB0.003,HH03EXo0TB0.003.mp4,HH03EXo0TB0,,,0.6895,"EMO-AffectNet pseudo-label (teacher=Aff-Wild2, top=Neutral 0.32, tension=0.311) - 사람 검수 전"
HH14jGFGuL0.001,HH14jGFGuL0.001.mp4,HH14jGFGuL0,,,0.7892,"EMO-AffectNet pseudo-label (teacher=Aff-Wild2, top=Happiness 0.29, tension=0.211) - 사람 검수 전"
HKSgsi7HWWI.000,HKSgsi7HWWI.000.mp4,HKSgsi7HWWI,,,0.6932,"EMO-AffectNet pseudo-label (teacher=Aff-Wild2, top=Surprise 0.20, tension=0.307) - 사람 검수 전"
HPEemWelY1E.003,HPEemWelY1E.003.mp4,HPEemWelY1E,,,0.8504,"EMO-AffectNet pseudo-label (teacher=Aff-Wild2, top=Happiness 0.55, tension=0.150) - 사람 검수 전"
HQDkoaHULbw.005,HQDkoaHULbw.005.mp4,HQDkoaHULbw,,,0.7161,"EMO-AffectNet pseudo-label (teacher=Aff-Wild2, top=Neutral 0.26, tension=0.284) - 사람 검수 전"
HQZD4j8_FR8.004,HQZD4j8_FR8.004.mp4,HQZD4j8_FR8,,,0.7072,"EMO-AffectNet pseudo-label (teacher=Aff-Wild2, top=Neutral 0.24, tension=0.293) - 사람 검수 전"
HT_8WpgGqjk.002,HT_8WpgGqjk.002.mp4,HT_8WpgGqjk,,,0.7411,"EMO-AffectNet pseudo-label (teacher=Aff-Wild2, top=Neutral 0.38, tension=0.259) - 사람 검수 전"
HT_8WpgGqjk.005,HT_8WpgGqjk.005.mp4,HT_8WpgGqjk,,,0.7426,"EMO-AffectNet pseudo-label (teacher=Aff-Wild2, top=Neutral 0.34, tension=0.257) - 사람 검수 전"
HWuh0biZQ_c.004,HWuh0biZQ_c.004.mp4,HWuh0biZQ_c,,,0.6491,"EMO-AffectNet pseudo-label (teacher=Aff-Wild2, top=Fear 0.28, tension=0.351) - 사람 검수 전"
HX-3jJdK7HM.005,HX-3jJdK7HM.005.mp4,HX-3jJdK7HM,,,0.7343,"EMO-AffectNet pseudo-label (teacher=Aff-Wild2, top=Sadness 0.23, tension=0.266) - 사람 검수 전"
HbGeoKBULAA.000,HbGeoKBULAA.000.mp4,HbGeoKBULAA,,,0.9467,"EMO-AffectNet pseudo-label (teacher=Aff-Wild2, top=Happiness 0.83, tension=0.053) - 사람 검수 전"
HekcZ0Em60E.003,HekcZ0Em60E.003.mp4,HekcZ0Em60E,,,0.7981,"EMO-AffectNet pseudo-label (teacher=Aff-Wild2, top=Neutral 0.28, tension=0.202) - 사람 검수 전"
HhC2cGFFZeY.002,HhC2cGFFZeY.002.mp4,HhC2cGFFZeY,,,0.7456,"EMO-AffectNet pseudo-label (teacher=Aff-Wild2, top=Neutral 0.34, tension=0.254) - 사람 검수 전"
Hklc55y7vUI.002,Hklc55y7vUI.002.mp4,Hklc55y7vUI,,,0.5986,"EMO-AffectNet pseudo-label (teacher=Aff-Wild2, top=Sadness 0.34, tension=0.401) - 사람 검수 전"
Hm5K_K0v718.005,Hm5K_K0v718.005.mp4,Hm5K_K0v718,,,0.7219,"EMO-AffectNet pseudo-label (teacher=Aff-Wild2, top=Neutral 0.27, tension=0.278) - 사람 검수 전"
HrddpXxWFns.001,HrddpXxWFns.001.mp4,HrddpXxWFns,,,0.7155,"EMO-AffectNet pseudo-label (teacher=Aff-Wild2, top=Neutral 0.27, tension=0.284) - 사람 검수 전"
HrddpXxWFns.004,HrddpXxWFns.004.mp4,HrddpXxWFns,,,0.7863,"EMO-AffectNet pseudo-label (teacher=Aff-Wild2, top=Happiness 0.29, tension=0.214) - 사람 검수 전"
HrddpXxWFns.005,HrddpXxWFns.005.mp4,HrddpXxWFns,,,0.7313,"EMO-AffectNet pseudo-label (teacher=Aff-Wild2, top=Neutral 0.34, tension=0.269) - 사람 검수 전"
HwZlfygV2eU.004,HwZlfygV2eU.004.mp4,HwZlfygV2eU,,,0.7572,"EMO-AffectNet pseudo-label (teacher=Aff-Wild2, top=Happiness 0.28, tension=0.243) - 사람 검수 전"
I01_ubtktEQ.000,I01_ubtktEQ.000.mp4,I01_ubtktEQ,,,0.7076,"EMO-AffectNet pseudo-label (teacher=Aff-Wild2, top=Neutral 0.26, tension=0.292) - 사람 검수 전"
I53JQFtiQxM.001,I53JQFtiQxM.001.mp4,I53JQFtiQxM,,,0.7386,"EMO-AffectNet pseudo-label (teacher=Aff-Wild2, top=Neutral 0.25, tension=0.261) - 사람 검수 전"
I53JQFtiQxM.003,I53JQFtiQxM.003.mp4,I53JQFtiQxM,,,0.789,"EMO-AffectNet pseudo-label (teacher=Aff-Wild2, top=Happiness 0.33, tension=0.211) - 사람 검수 전"
I5x9T9ftW18.002,I5x9T9ftW18.002.mp4,I5x9T9ftW18,,,0.8449,"EMO-AffectNet pseudo-label (teacher=Aff-Wild2, top=Happiness 0.36, tension=0.155) - 사람 검수 전"
IFF47jVKMj8.001,IFF47jVKMj8.001.mp4,IFF47jVKMj8,,,0.6644,"EMO-AffectNet pseudo-label (teacher=Aff-Wild2, top=Anger 0.26, tension=0.336) - 사람 검수 전"
IGjI8aP14gg.003,IGjI8aP14gg.003.mp4,IGjI8aP14gg,,,0.7031,"EMO-AffectNet pseudo-label (teacher=Aff-Wild2, top=Anger 0.26, tension=0.297) - 사람 검수 전"
IMCEXoAkZv4.003,IMCEXoAkZv4.003.mp4,IMCEXoAkZv4,,,0.7392,"EMO-AffectNet pseudo-label (teacher=Aff-Wild2, top=Neutral 0.30, tension=0.261) - 사람 검수 전"
IMCEXoAkZv4.004,IMCEXoAkZv4.004.mp4,IMCEXoAkZv4,,,0.7452,"EMO-AffectNet pseudo-label (teacher=Aff-Wild2, top=Neutral 0.39, tension=0.255) - 사람 검수 전"
IQNNEfYYYiw.003,IQNNEfYYYiw.003.mp4,IQNNEfYYYiw,,,0.7573,"EMO-AffectNet pseudo-label (teacher=Aff-Wild2, top=Surprise 0.29, tension=0.243) - 사람 검수 전"
IQdz0Pd-L2Y.000,IQdz0Pd-L2Y.000.mp4,IQdz0Pd-L2Y,,,0.7101,"EMO-AffectNet pseudo-label (teacher=Aff-Wild2, top=Neutral 0.29, tension=0.290) - 사람 검수 전"
IQdz0Pd-L2Y.002,IQdz0Pd-L2Y.002.mp4,IQdz0Pd-L2Y,,,0.679,"EMO-AffectNet pseudo-label (teacher=Aff-Wild2, top=Neutral 0.29, tension=0.321) - 사람 검수 전"
IV01x2GS61g.002,IV01x2GS61g.002.mp4,IV01x2GS61g,,,0.8139,"EMO-AffectNet pseudo-label (teacher=Aff-Wild2, top=Neutral 0.34, tension=0.186) - 사람 검수 전"
IV01x2GS61g.005,IV01x2GS61g.005.mp4,IV01x2GS61g,,,0.809,"EMO-AffectNet pseudo-label (teacher=Aff-Wild2, top=Neutral 0.34, tension=0.191) - 사람 검수 전"
Ie2y_yOeKpo.001,Ie2y_yOeKpo.001.mp4,Ie2y_yOeKpo,,,0.8932,"EMO-AffectNet pseudo-label (teacher=Aff-Wild2, top=Happiness 0.65, tension=0.107) - 사람 검수 전"
Ie2y_yOeKpo.003,Ie2y_yOeKpo.003.mp4,Ie2y_yOeKpo,,,0.9024,"EMO-AffectNet pseudo-label (teacher=Aff-Wild2, top=Happiness 0.67, tension=0.098) - 사람 검수 전"
Ie2y_yOeKpo.005,Ie2y_yOeKpo.005.mp4,Ie2y_yOeKpo,,,0.9126,"EMO-AffectNet pseudo-label (teacher=Aff-Wild2, top=Happiness 0.72, tension=0.087) - 사람 검수 전"
If96Xniy6Go.002,If96Xniy6Go.002.mp4,If96Xniy6Go,,,0.6974,"EMO-AffectNet pseudo-label (teacher=Aff-Wild2, top=Surprise 0.22, tension=0.303) - 사람 검수 전"
Isa3WdmciZQ.005,Isa3WdmciZQ.005.mp4,Isa3WdmciZQ,,,0.7479,"EMO-AffectNet pseudo-label (teacher=Aff-Wild2, top=Happiness 0.33, tension=0.252) - 사람 검수 전"
It0-yCwOc5k.004,It0-yCwOc5k.004.mp4,It0-yCwOc5k,,,0.6308,"EMO-AffectNet pseudo-label (teacher=Aff-Wild2, top=Fear 0.28, tension=0.369) - 사람 검수 전"
It0-yCwOc5k.005,It0-yCwOc5k.005.mp4,It0-yCwOc5k,,,0.6481,"EMO-AffectNet pseudo-label (teacher=Aff-Wild2, top=Fear 0.26, tension=0.352) - 사람 검수 전"
IyBCZySg-c4.005,IyBCZySg-c4.005.mp4,IyBCZySg-c4,,,0.6399,"EMO-AffectNet pseudo-label (teacher=Aff-Wild2, top=Sadness 0.34, tension=0.360) - 사람 검수 전"
J30sMEMrKjA.004,J30sMEMrKjA.004.mp4,J30sMEMrKjA,,,0.8194,"EMO-AffectNet pseudo-label (teacher=Aff-Wild2, top=Happiness 0.43, tension=0.181) - 사람 검수 전"
J5Q9cutAmY8.001,J5Q9cutAmY8.001.mp4,J5Q9cutAmY8,,,0.777,"EMO-AffectNet pseudo-label (teacher=Aff-Wild2, top=Neutral 0.32, tension=0.223) - 사람 검수 전"
J6RHl6U6Jcw.001,J6RHl6U6Jcw.001.mp4,J6RHl6U6Jcw,,,0.8222,"EMO-AffectNet pseudo-label (teacher=Aff-Wild2, top=Happiness 0.42, tension=0.178) - 사람 검수 전"
J9WyswA0vow.004,J9WyswA0vow.004.mp4,J9WyswA0vow,,,0.8585,"EMO-AffectNet pseudo-label (teacher=Aff-Wild2, top=Happiness 0.55, tension=0.141) - 사람 검수 전"
JBiq9X_-r84.001,JBiq9X_-r84.001.mp4,JBiq9X_-r84,,,0.6084,"EMO-AffectNet pseudo-label (teacher=Aff-Wild2, top=Fear 0.31, tension=0.392) - 사람 검수 전"
JBiq9X_-r84.003,JBiq9X_-r84.003.mp4,JBiq9X_-r84,,,0.673,"EMO-AffectNet pseudo-label (teacher=Aff-Wild2, top=Surprise 0.28, tension=0.327) - 사람 검수 전"
JBiq9X_-r84.005,JBiq9X_-r84.005.mp4,JBiq9X_-r84,,,0.6598,"EMO-AffectNet pseudo-label (teacher=Aff-Wild2, top=Fear 0.25, tension=0.340) - 사람 검수 전"
JEhC58vobs4.000,JEhC58vobs4.000.mp4,JEhC58vobs4,,,0.7411,"EMO-AffectNet pseudo-label (teacher=Aff-Wild2, top=Neutral 0.22, tension=0.259) - 사람 검수 전"
JEualxMkaE4.001,JEualxMkaE4.001.mp4,JEualxMkaE4,,,0.7327,"EMO-AffectNet pseudo-label (teacher=Aff-Wild2, top=Neutral 0.27, tension=0.267) - 사람 검수 전"
JKDEEwxZwrw.000,JKDEEwxZwrw.000.mp4,JKDEEwxZwrw,,,0.765,"EMO-AffectNet pseudo-label (teacher=Aff-Wild2, top=Neutral 0.48, tension=0.235) - 사람 검수 전"
JKDEEwxZwrw.004,JKDEEwxZwrw.004.mp4,JKDEEwxZwrw,,,0.7535,"EMO-AffectNet pseudo-label (teacher=Aff-Wild2, top=Neutral 0.29, tension=0.246) - 사람 검수 전"
JTmq4k4uQCY.004,JTmq4k4uQCY.004.mp4,JTmq4k4uQCY,,,0.7275,"EMO-AffectNet pseudo-label (teacher=Aff-Wild2, top=Neutral 0.38, tension=0.272) - 사람 검수 전"
JU_XfoyZIVM.000,JU_XfoyZIVM.000.mp4,JU_XfoyZIVM,,,0.77,"EMO-AffectNet pseudo-label (teacher=Aff-Wild2, top=Neutral 0.23, tension=0.230) - 사람 검수 전"
JciLbidX1Q8.001,JciLbidX1Q8.001.mp4,JciLbidX1Q8,,,0.5826,"EMO-AffectNet pseudo-label (teacher=Aff-Wild2, top=Disgust 0.48, tension=0.417) - 사람 검수 전"
Jcw9NZkMn6I.001,Jcw9NZkMn6I.001.mp4,Jcw9NZkMn6I,,,0.7394,"EMO-AffectNet pseudo-label (teacher=Aff-Wild2, top=Neutral 0.29, tension=0.261) - 사람 검수 전"
Jcw9NZkMn6I.002,Jcw9NZkMn6I.002.mp4,Jcw9NZkMn6I,,,0.755,"EMO-AffectNet pseudo-label (teacher=Aff-Wild2, top=Neutral 0.28, tension=0.245) - 사람 검수 전"
Jf8lqSpAjZ8.000,Jf8lqSpAjZ8.000.mp4,Jf8lqSpAjZ8,,,0.7315,"EMO-AffectNet pseudo-label (teacher=Aff-Wild2, top=Neutral 0.31, tension=0.268) - 사람 검수 전"
Jf8lqSpAjZ8.003,Jf8lqSpAjZ8.003.mp4,Jf8lqSpAjZ8,,,0.6407,"EMO-AffectNet pseudo-label (teacher=Aff-Wild2, top=Sadness 0.21, tension=0.359) - 사람 검수 전"
Jh8yMyNZkuo.002,Jh8yMyNZkuo.002.mp4,Jh8yMyNZkuo,,,0.7153,"EMO-AffectNet pseudo-label (teacher=Aff-Wild2, top=Neutral 0.32, tension=0.285) - 사람 검수 전"
Jhz5ssCKaug.000,Jhz5ssCKaug.000.mp4,Jhz5ssCKaug,,,0.7783,"EMO-AffectNet pseudo-label (teacher=Aff-Wild2, top=Neutral 0.38, tension=0.222) - 사람 검수 전"
Jhz5ssCKaug.004,Jhz5ssCKaug.004.mp4,Jhz5ssCKaug,,,0.8415,"EMO-AffectNet pseudo-label (teacher=Aff-Wild2, top=Happiness 0.43, tension=0.158) - 사람 검수 전"
JiXJeI5_jGM.001,JiXJeI5_jGM.001.mp4,JiXJeI5_jGM,,,0.8052,"EMO-AffectNet pseudo-label (teacher=Aff-Wild2, top=Happiness 0.37, tension=0.195) - 사람 검수 전"
Jn76eAPxjNA.000,Jn76eAPxjNA.000.mp4,Jn76eAPxjNA,,,0.7102,"EMO-AffectNet pseudo-label (teacher=Aff-Wild2, top=Happiness 0.24, tension=0.290) - 사람 검수 전"
Jp-Hu7yxqR8.002,Jp-Hu7yxqR8.002.mp4,Jp-Hu7yxqR8,,,0.7417,"EMO-AffectNet pseudo-label (teacher=Aff-Wild2, top=Neutral 0.35, tension=0.258) - 사람 검수 전"
Jr6GmDtvTK0.001,Jr6GmDtvTK0.001.mp4,Jr6GmDtvTK0,,,0.7644,"EMO-AffectNet pseudo-label (teacher=Aff-Wild2, top=Neutral 0.34, tension=0.236) - 사람 검수 전"
JxxF9y61ujA.001,JxxF9y61ujA.001.mp4,JxxF9y61ujA,,,0.7189,"EMO-AffectNet pseudo-label (teacher=Aff-Wild2, top=Neutral 0.38, tension=0.281) - 사람 검수 전"
Jy716zClCKs.001,Jy716zClCKs.001.mp4,Jy716zClCKs,,,0.7417,"EMO-AffectNet pseudo-label (teacher=Aff-Wild2, top=Neutral 0.26, tension=0.258) - 사람 검수 전"
JzXnxQDnwWE.005,JzXnxQDnwWE.005.mp4,JzXnxQDnwWE,,,0.8605,"EMO-AffectNet pseudo-label (teacher=Aff-Wild2, top=Happiness 0.49, tension=0.139) - 사람 검수 전"
K-Z_mLE8nlo.000,K-Z_mLE8nlo.000.mp4,K-Z_mLE8nlo,,,0.7782,"EMO-AffectNet pseudo-label (teacher=Aff-Wild2, top=Happiness 0.41, tension=0.222) - 사람 검수 전"
K-Z_mLE8nlo.001,K-Z_mLE8nlo.001.mp4,K-Z_mLE8nlo,,,0.7474,"EMO-AffectNet pseudo-label (teacher=Aff-Wild2, top=Happiness 0.30, tension=0.253) - 사람 검수 전"
K3-YXXLR0Ho.001,K3-YXXLR0Ho.001.mp4,K3-YXXLR0Ho,,,0.6221,"EMO-AffectNet pseudo-label (teacher=Aff-Wild2, top=Fear 0.36, tension=0.378) - 사람 검수 전"
K9ZTOb6PbfQ.002,K9ZTOb6PbfQ.002.mp4,K9ZTOb6PbfQ,,,0.6996,"EMO-AffectNet pseudo-label (teacher=Aff-Wild2, top=Surprise 0.29, tension=0.300) - 사람 검수 전"
K9ZTOb6PbfQ.003,K9ZTOb6PbfQ.003.mp4,K9ZTOb6PbfQ,,,0.6948,"EMO-AffectNet pseudo-label (teacher=Aff-Wild2, top=Surprise 0.31, tension=0.305) - 사람 검수 전"
K9h_wA30XgM.000,K9h_wA30XgM.000.mp4,K9h_wA30XgM,,,0.8161,"EMO-AffectNet pseudo-label (teacher=Aff-Wild2, top=Happiness 0.41, tension=0.184) - 사람 검수 전"
K9h_wA30XgM.001,K9h_wA30XgM.001.mp4,K9h_wA30XgM,,,0.7968,"EMO-AffectNet pseudo-label (teacher=Aff-Wild2, top=Happiness 0.32, tension=0.203) - 사람 검수 전"
KB09jENVJ_0.001,KB09jENVJ_0.001.mp4,KB09jENVJ_0,,,0.7835,"EMO-AffectNet pseudo-label (teacher=Aff-Wild2, top=Happiness 0.24, tension=0.217) - 사람 검수 전"
KB09jENVJ_0.003,KB09jENVJ_0.003.mp4,KB09jENVJ_0,,,0.8331,"EMO-AffectNet pseudo-label (teacher=Aff-Wild2, top=Happiness 0.45, tension=0.167) - 사람 검수 전"
KHQJhOzdrYo.005,KHQJhOzdrYo.005.mp4,KHQJhOzdrYo,,,0.7578,"EMO-AffectNet pseudo-label (teacher=Aff-Wild2, top=Neutral 0.43, tension=0.242) - 사람 검수 전"
KIhpjwf5uAA.004,KIhpjwf5uAA.004.mp4,KIhpjwf5uAA,,,0.6905,"EMO-AffectNet pseudo-label (teacher=Aff-Wild2, top=Neutral 0.27, tension=0.310) - 사람 검수 전"
KJP4SKS2vtY.001,KJP4SKS2vtY.001.mp4,KJP4SKS2vtY,,,0.7209,"EMO-AffectNet pseudo-label (teacher=Aff-Wild2, top=Neutral 0.23, tension=0.279) - 사람 검수 전"
KJP4SKS2vtY.005,KJP4SKS2vtY.005.mp4,KJP4SKS2vtY,,,0.7585,"EMO-AffectNet pseudo-label (teacher=Aff-Wild2, top=Neutral 0.22, tension=0.242) - 사람 검수 전"
KM6Nc_VipyQ.003,KM6Nc_VipyQ.003.mp4,KM6Nc_VipyQ,,,0.7032,"EMO-AffectNet pseudo-label (teacher=Aff-Wild2, top=Neutral 0.26, tension=0.297) - 사람 검수 전"
KVepk_9iPEU.003,KVepk_9iPEU.003.mp4,KVepk_9iPEU,,,0.7451,"EMO-AffectNet pseudo-label (teacher=Aff-Wild2, top=Neutral 0.33, tension=0.255) - 사람 검수 전"
KVepk_9iPEU.004,KVepk_9iPEU.004.mp4,KVepk_9iPEU,,,0.7467,"EMO-AffectNet pseudo-label (teacher=Aff-Wild2, top=Neutral 0.28, tension=0.253) - 사람 검수 전"
KYkfjIZEScM.004,KYkfjIZEScM.004.mp4,KYkfjIZEScM,,,0.5721,"EMO-AffectNet pseudo-label (teacher=Aff-Wild2, top=Fear 0.46, tension=0.428) - 사람 검수 전"
KYvMsMLNGvY.000,KYvMsMLNGvY.000.mp4,KYvMsMLNGvY,,,0.6831,"EMO-AffectNet pseudo-label (teacher=Aff-Wild2, top=Neutral 0.23, tension=0.317) - 사람 검수 전"
KYvMsMLNGvY.003,KYvMsMLNGvY.003.mp4,KYvMsMLNGvY,,,0.6797,"EMO-AffectNet pseudo-label (teacher=Aff-Wild2, top=Neutral 0.27, tension=0.320) - 사람 검수 전"
KYvbRwTCtaU.004,KYvbRwTCtaU.004.mp4,KYvbRwTCtaU,,,0.7655,"EMO-AffectNet pseudo-label (teacher=Aff-Wild2, top=Happiness 0.36, tension=0.235) - 사람 검수 전"
Kbcvurfuvhk.001,Kbcvurfuvhk.001.mp4,Kbcvurfuvhk,,,0.7106,"EMO-AffectNet pseudo-label (teacher=Aff-Wild2, top=Neutral 0.34, tension=0.289) - 사람 검수 전"
Kbcvurfuvhk.003,Kbcvurfuvhk.003.mp4,Kbcvurfuvhk,,,0.6927,"EMO-AffectNet pseudo-label (teacher=Aff-Wild2, top=Neutral 0.29, tension=0.307) - 사람 검수 전"
KfurkMyjD-c.000,KfurkMyjD-c.000.mp4,KfurkMyjD-c,,,0.7024,"EMO-AffectNet pseudo-label (teacher=Aff-Wild2, top=Neutral 0.29, tension=0.298) - 사람 검수 전"
KfurkMyjD-c.005,KfurkMyjD-c.005.mp4,KfurkMyjD-c,,,0.6898,"EMO-AffectNet pseudo-label (teacher=Aff-Wild2, top=Neutral 0.25, tension=0.310) - 사람 검수 전"
KhMsmtSC5Lg.004,KhMsmtSC5Lg.004.mp4,KhMsmtSC5Lg,,,0.8291,"EMO-AffectNet pseudo-label (teacher=Aff-Wild2, top=Neutral 0.31, tension=0.171) - 사람 검수 전"
KmHe8urs3LI.000,KmHe8urs3LI.000.mp4,KmHe8urs3LI,,,0.6494,"EMO-AffectNet pseudo-label (teacher=Aff-Wild2, top=Fear 0.27, tension=0.351) - 사람 검수 전"
Kmrd1MsZKmQ.004,Kmrd1MsZKmQ.004.mp4,Kmrd1MsZKmQ,,,0.6983,"EMO-AffectNet pseudo-label (teacher=Aff-Wild2, top=Happiness 0.23, tension=0.302) - 사람 검수 전"
KnbEca4Ibwk.001,KnbEca4Ibwk.001.mp4,KnbEca4Ibwk,,,0.6246,"EMO-AffectNet pseudo-label (teacher=Aff-Wild2, top=Fear 0.27, tension=0.375) - 사람 검수 전"
Kpto8K_B-5A.001,Kpto8K_B-5A.001.mp4,Kpto8K_B-5A,,,0.6943,"EMO-AffectNet pseudo-label (teacher=Aff-Wild2, top=Surprise 0.29, tension=0.306) - 사람 검수 전"
KskDPaLfZNQ.001,KskDPaLfZNQ.001.mp4,KskDPaLfZNQ,,,0.7006,"EMO-AffectNet pseudo-label (teacher=Aff-Wild2, top=Neutral 0.22, tension=0.299) - 사람 검수 전"
Kv0kZgqZEM0.000,Kv0kZgqZEM0.000.mp4,Kv0kZgqZEM0,,,0.5943,"EMO-AffectNet pseudo-label (teacher=Aff-Wild2, top=Disgust 0.25, tension=0.406) - 사람 검수 전"
Kv0kZgqZEM0.002,Kv0kZgqZEM0.002.mp4,Kv0kZgqZEM0,,,0.5968,"EMO-AffectNet pseudo-label (teacher=Aff-Wild2, top=Disgust 0.25, tension=0.403) - 사람 검수 전"
L-C1blPD_ec.002,L-C1blPD_ec.002.mp4,L-C1blPD_ec,,,0.7173,"EMO-AffectNet pseudo-label (teacher=Aff-Wild2, top=Neutral 0.36, tension=0.283) - 사람 검수 전"
L4Jlm0vGsvc.001,L4Jlm0vGsvc.001.mp4,L4Jlm0vGsvc,,,0.8988,"EMO-AffectNet pseudo-label (teacher=Aff-Wild2, top=Happiness 0.65, tension=0.101) - 사람 검수 전"
L4uFD6434Pc.004,L4uFD6434Pc.004.mp4,L4uFD6434Pc,,,0.7174,"EMO-AffectNet pseudo-label (teacher=Aff-Wild2, top=Neutral 0.38, tension=0.283) - 사람 검수 전"
L5PkZA1ErYY.000,L5PkZA1ErYY.000.mp4,L5PkZA1ErYY,,,0.7549,"EMO-AffectNet pseudo-label (teacher=Aff-Wild2, top=Surprise 0.35, tension=0.245) - 사람 검수 전"
L5PkZA1ErYY.001,L5PkZA1ErYY.001.mp4,L5PkZA1ErYY,,,0.7205,"EMO-AffectNet pseudo-label (teacher=Aff-Wild2, top=Surprise 0.27, tension=0.279) - 사람 검수 전"
L5kpy0SA7os.002,L5kpy0SA7os.002.mp4,L5kpy0SA7os,,,0.6901,"EMO-AffectNet pseudo-label (teacher=Aff-Wild2, top=Neutral 0.25, tension=0.310) - 사람 검수 전"
L9sG80PI1Gw.002,L9sG80PI1Gw.002.mp4,L9sG80PI1Gw,,,0.8037,"EMO-AffectNet pseudo-label (teacher=Aff-Wild2, top=Happiness 0.34, tension=0.196) - 사람 검수 전"
LBKbubsgpE8.005,LBKbubsgpE8.005.mp4,LBKbubsgpE8,,,0.7808,"EMO-AffectNet pseudo-label (teacher=Aff-Wild2, top=Happiness 0.32, tension=0.219) - 사람 검수 전"
LCafv-LfC3Y.002,LCafv-LfC3Y.002.mp4,LCafv-LfC3Y,,,0.7497,"EMO-AffectNet pseudo-label (teacher=Aff-Wild2, top=Neutral 0.40, tension=0.250) - 사람 검수 전"
LGPm8ok6kVo.005,LGPm8ok6kVo.005.mp4,LGPm8ok6kVo,,,0.6687,"EMO-AffectNet pseudo-label (teacher=Aff-Wild2, top=Anger 0.30, tension=0.331) - 사람 검수 전"
LGdzP-r_G3U.003,LGdzP-r_G3U.003.mp4,LGdzP-r_G3U,,,0.7747,"EMO-AffectNet pseudo-label (teacher=Aff-Wild2, top=Surprise 0.31, tension=0.225) - 사람 검수 전"
LGgx7RVdL2Y.001,LGgx7RVdL2Y.001.mp4,LGgx7RVdL2Y,,,0.6932,"EMO-AffectNet pseudo-label (teacher=Aff-Wild2, top=Anger 0.21, tension=0.307) - 사람 검수 전"
LHV4HNK35pM.002,LHV4HNK35pM.002.mp4,LHV4HNK35pM,,,0.8175,"EMO-AffectNet pseudo-label (teacher=Aff-Wild2, top=Happiness 0.38, tension=0.182) - 사람 검수 전"
LKBoLbWHJYI.001,LKBoLbWHJYI.001.mp4,LKBoLbWHJYI,,,0.7317,"EMO-AffectNet pseudo-label (teacher=Aff-Wild2, top=Neutral 0.23, tension=0.268) - 사람 검수 전"
LKc69Et2Jg8.001,LKc69Et2Jg8.001.mp4,LKc69Et2Jg8,,,0.7845,"EMO-AffectNet pseudo-label (teacher=Aff-Wild2, top=Happiness 0.31, tension=0.215) - 사람 검수 전"
LKqO2BhfAvM.003,LKqO2BhfAvM.003.mp4,LKqO2BhfAvM,,,0.6664,"EMO-AffectNet pseudo-label (teacher=Aff-Wild2, top=Neutral 0.28, tension=0.334) - 사람 검수 전"
LKvxVEI8uVA.000,LKvxVEI8uVA.000.mp4,LKvxVEI8uVA,,,0.6795,"EMO-AffectNet pseudo-label (teacher=Aff-Wild2, top=Sadness 0.37, tension=0.321) - 사람 검수 전"
LNM1i-a9q_A.005,LNM1i-a9q_A.005.mp4,LNM1i-a9q_A,,,0.7056,"EMO-AffectNet pseudo-label (teacher=Aff-Wild2, top=Neutral 0.26, tension=0.294) - 사람 검수 전"
LRU4jLhKaak.001,LRU4jLhKaak.001.mp4,LRU4jLhKaak,,,0.6643,"EMO-AffectNet pseudo-label (teacher=Aff-Wild2, top=Sadness 0.29, tension=0.336) - 사람 검수 전"
LRU4jLhKaak.004,LRU4jLhKaak.004.mp4,LRU4jLhKaak,,,0.6582,"EMO-AffectNet pseudo-label (teacher=Aff-Wild2, top=Sadness 0.32, tension=0.342) - 사람 검수 전"
LRU4jLhKaak.005,LRU4jLhKaak.005.mp4,LRU4jLhKaak,,,0.7026,"EMO-AffectNet pseudo-label (teacher=Aff-Wild2, top=Happiness 0.25, tension=0.297) - 사람 검수 전"
LRczShwIVbM.002,LRczShwIVbM.002.mp4,LRczShwIVbM,,,0.8066,"EMO-AffectNet pseudo-label (teacher=Aff-Wild2, top=Happiness 0.38, tension=0.193) - 사람 검수 전"
L_gmlaz-0s4.002,L_gmlaz-0s4.002.mp4,L_gmlaz-0s4,,,0.7558,"EMO-AffectNet pseudo-label (teacher=Aff-Wild2, top=Happiness 0.35, tension=0.244) - 사람 검수 전"
LeQKH1vAVpg.000,LeQKH1vAVpg.000.mp4,LeQKH1vAVpg,,,0.8171,"EMO-AffectNet pseudo-label (teacher=Aff-Wild2, top=Happiness 0.50, tension=0.183) - 사람 검수 전"
LeuT6NgJ6N8.003,LeuT6NgJ6N8.003.mp4,LeuT6NgJ6N8,,,0.735,"EMO-AffectNet pseudo-label (teacher=Aff-Wild2, top=Neutral 0.32, tension=0.265) - 사람 검수 전"
LeuT6NgJ6N8.005,LeuT6NgJ6N8.005.mp4,LeuT6NgJ6N8,,,0.7181,"EMO-AffectNet pseudo-label (teacher=Aff-Wild2, top=Neutral 0.31, tension=0.282) - 사람 검수 전"
LfvTKoMYLEE.001,LfvTKoMYLEE.001.mp4,LfvTKoMYLEE,,,0.7145,"EMO-AffectNet pseudo-label (teacher=Aff-Wild2, top=Anger 0.27, tension=0.286) - 사람 검수 전"
Lq4uvcHNiy8.005,Lq4uvcHNiy8.005.mp4,Lq4uvcHNiy8,,,0.7179,"EMO-AffectNet pseudo-label (teacher=Aff-Wild2, top=Neutral 0.35, tension=0.282) - 사람 검수 전"
Lt89YrQHF_w.000,Lt89YrQHF_w.000.mp4,Lt89YrQHF_w,,,0.6067,"EMO-AffectNet pseudo-label (teacher=Aff-Wild2, top=Sadness 0.27, tension=0.393) - 사람 검수 전"
Lt89YrQHF_w.001,Lt89YrQHF_w.001.mp4,Lt89YrQHF_w,,,0.6165,"EMO-AffectNet pseudo-label (teacher=Aff-Wild2, top=Fear 0.22, tension=0.383) - 사람 검수 전"
LtTR6elruhU.000,LtTR6elruhU.000.mp4,LtTR6elruhU,,,0.7964,"EMO-AffectNet pseudo-label (teacher=Aff-Wild2, top=Happiness 0.42, tension=0.204) - 사람 검수 전"
Lu9UNCSpQZM.001,Lu9UNCSpQZM.001.mp4,Lu9UNCSpQZM,,,0.8025,"EMO-AffectNet pseudo-label (teacher=Aff-Wild2, top=Happiness 0.42, tension=0.198) - 사람 검수 전"
Lu9UNCSpQZM.002,Lu9UNCSpQZM.002.mp4,Lu9UNCSpQZM,,,0.8119,"EMO-AffectNet pseudo-label (teacher=Aff-Wild2, top=Happiness 0.47, tension=0.188) - 사람 검수 전"
LvpUVPQKWcQ.004,LvpUVPQKWcQ.004.mp4,LvpUVPQKWcQ,,,0.7144,"EMO-AffectNet pseudo-label (teacher=Aff-Wild2, top=Happiness 0.23, tension=0.286) - 사람 검수 전"
M0O87_LiyMw.003,M0O87_LiyMw.003.mp4,M0O87_LiyMw,,,0.8907,"EMO-AffectNet pseudo-label (teacher=Aff-Wild2, top=Happiness 0.63, tension=0.109) - 사람 검수 전"
M56UFrEgXnI.000,M56UFrEgXnI.000.mp4,M56UFrEgXnI,,,0.761,"EMO-AffectNet pseudo-label (teacher=Aff-Wild2, top=Neutral 0.37, tension=0.239) - 사람 검수 전"
M56UFrEgXnI.002,M56UFrEgXnI.002.mp4,M56UFrEgXnI,,,0.7268,"EMO-AffectNet pseudo-label (teacher=Aff-Wild2, top=Neutral 0.35, tension=0.273) - 사람 검수 전"
M9nVAfSPOZ8.000,M9nVAfSPOZ8.000.mp4,M9nVAfSPOZ8,,,0.7532,"EMO-AffectNet pseudo-label (teacher=Aff-Wild2, top=Neutral 0.35, tension=0.247) - 사람 검수 전"
MCqC9VBT4q4.001,MCqC9VBT4q4.001.mp4,MCqC9VBT4q4,,,0.7725,"EMO-AffectNet pseudo-label (teacher=Aff-Wild2, top=Neutral 0.35, tension=0.227) - 사람 검수 전"
MCr6FmFAhak.002,MCr6FmFAhak.002.mp4,MCr6FmFAhak,,,0.649,"EMO-AffectNet pseudo-label (teacher=Aff-Wild2, top=Disgust 0.26, tension=0.351) - 사람 검수 전"
MCr6FmFAhak.003,MCr6FmFAhak.003.mp4,MCr6FmFAhak,,,0.6582,"EMO-AffectNet pseudo-label (teacher=Aff-Wild2, top=Disgust 0.28, tension=0.342) - 사람 검수 전"
MD9yyz-OSRs.001,MD9yyz-OSRs.001.mp4,MD9yyz-OSRs,,,0.7511,"EMO-AffectNet pseudo-label (teacher=Aff-Wild2, top=Surprise 0.36, tension=0.249) - 사람 검수 전"
MDTC4y4ZrSM.000,MDTC4y4ZrSM.000.mp4,MDTC4y4ZrSM,,,0.7194,"EMO-AffectNet pseudo-label (teacher=Aff-Wild2, top=Surprise 0.22, tension=0.281) - 사람 검수 전"
MDoZUDTSayc.001,MDoZUDTSayc.001.mp4,MDoZUDTSayc,,,0.8089,"EMO-AffectNet pseudo-label (teacher=Aff-Wild2, top=Happiness 0.29, tension=0.191) - 사람 검수 전"
MDoZUDTSayc.002,MDoZUDTSayc.002.mp4,MDoZUDTSayc,,,0.7771,"EMO-AffectNet pseudo-label (teacher=Aff-Wild2, top=Happiness 0.26, tension=0.223) - 사람 검수 전"
MI_GQLbnoew.005,MI_GQLbnoew.005.mp4,MI_GQLbnoew,,,0.7683,"EMO-AffectNet pseudo-label (teacher=Aff-Wild2, top=Surprise 0.29, tension=0.232) - 사람 검수 전"
MLCIfM5jYlI.003,MLCIfM5jYlI.003.mp4,MLCIfM5jYlI,,,0.7115,"EMO-AffectNet pseudo-label (teacher=Aff-Wild2, top=Neutral 0.37, tension=0.288) - 사람 검수 전"
MLCIfM5jYlI.005,MLCIfM5jYlI.005.mp4,MLCIfM5jYlI,,,0.7257,"EMO-AffectNet pseudo-label (teacher=Aff-Wild2, top=Neutral 0.39, tension=0.274) - 사람 검수 전"
MOXPVzRBDPo.000,MOXPVzRBDPo.000.mp4,MOXPVzRBDPo,,,0.7753,"EMO-AffectNet pseudo-label (teacher=Aff-Wild2, top=Happiness 0.28, tension=0.225) - 사람 검수 전"
MOobNUpfWiY.003,MOobNUpfWiY.003.mp4,MOobNUpfWiY,,,0.7192,"EMO-AffectNet pseudo-label (teacher=Aff-Wild2, top=Neutral 0.30, tension=0.281) - 사람 검수 전"
MRquWhqw4Jw.001,MRquWhqw4Jw.001.mp4,MRquWhqw4Jw,,,0.7956,"EMO-AffectNet pseudo-label (teacher=Aff-Wild2, top=Happiness 0.39, tension=0.204) - 사람 검수 전"
MSlMVMM8obY.000,MSlMVMM8obY.000.mp4,MSlMVMM8obY,,,0.7662,"EMO-AffectNet pseudo-label (teacher=Aff-Wild2, top=Neutral 0.32, tension=0.234) - 사람 검수 전"
MZkDsB04kt8.005,MZkDsB04kt8.005.mp4,MZkDsB04kt8,,,0.7375,"EMO-AffectNet pseudo-label (teacher=Aff-Wild2, top=Neutral 0.25, tension=0.263) - 사람 검수 전"
MajYvFTkKnk.001,MajYvFTkKnk.001.mp4,MajYvFTkKnk,,,0.7095,"EMO-AffectNet pseudo-label (teacher=Aff-Wild2, top=Neutral 0.34, tension=0.291) - 사람 검수 전"
MbufNmC0JL0.001,MbufNmC0JL0.001.mp4,MbufNmC0JL0,,,0.7954,"EMO-AffectNet pseudo-label (teacher=Aff-Wild2, top=Neutral 0.37, tension=0.205) - 사람 검수 전"
MbunPsukPnQ.004,MbunPsukPnQ.004.mp4,MbunPsukPnQ,,,0.8489,"EMO-AffectNet pseudo-label (teacher=Aff-Wild2, top=Happiness 0.50, tension=0.151) - 사람 검수 전"
Me22JENkhJA.001,Me22JENkhJA.001.mp4,Me22JENkhJA,,,0.6813,"EMO-AffectNet pseudo-label (teacher=Aff-Wild2, top=Anger 0.26, tension=0.319) - 사람 검수 전"
Me22JENkhJA.002,Me22JENkhJA.002.mp4,Me22JENkhJA,,,0.7256,"EMO-AffectNet pseudo-label (teacher=Aff-Wild2, top=Anger 0.20, tension=0.274) - 사람 검수 전"
MnARi5OWW9Q.003,MnARi5OWW9Q.003.mp4,MnARi5OWW9Q,,,0.6928,"EMO-AffectNet pseudo-label (teacher=Aff-Wild2, top=Neutral 0.34, tension=0.307) - 사람 검수 전"
MrYEK0nvnAo.005,MrYEK0nvnAo.005.mp4,MrYEK0nvnAo,,,0.7024,"EMO-AffectNet pseudo-label (teacher=Aff-Wild2, top=Neutral 0.25, tension=0.298) - 사람 검수 전"
MrfJ1qDJAwo.000,MrfJ1qDJAwo.000.mp4,MrfJ1qDJAwo,,,0.7735,"EMO-AffectNet pseudo-label (teacher=Aff-Wild2, top=Neutral 0.27, tension=0.227) - 사람 검수 전"
MsGTYOOp4hE.001,MsGTYOOp4hE.001.mp4,MsGTYOOp4hE,,,0.8489,"EMO-AffectNet pseudo-label (teacher=Aff-Wild2, top=Happiness 0.48, tension=0.151) - 사람 검수 전"
MswJxdf-3Fc.003,MswJxdf-3Fc.003.mp4,MswJxdf-3Fc,,,0.8263,"EMO-AffectNet pseudo-label (teacher=Aff-Wild2, top=Happiness 0.50, tension=0.174) - 사람 검수 전"
MuYYY3XaJ7Q.000,MuYYY3XaJ7Q.000.mp4,MuYYY3XaJ7Q,,,0.8161,"EMO-AffectNet pseudo-label (teacher=Aff-Wild2, top=Happiness 0.42, tension=0.184) - 사람 검수 전"
MvWDky9ZaWU.001,MvWDky9ZaWU.001.mp4,MvWDky9ZaWU,,,0.8428,"EMO-AffectNet pseudo-label (teacher=Aff-Wild2, top=Happiness 0.44, tension=0.157) - 사람 검수 전"
MvWDky9ZaWU.002,MvWDky9ZaWU.002.mp4,MvWDky9ZaWU,,,0.8477,"EMO-AffectNet pseudo-label (teacher=Aff-Wild2, top=Happiness 0.45, tension=0.152) - 사람 검수 전"
MvWDky9ZaWU.004,MvWDky9ZaWU.004.mp4,MvWDky9ZaWU,,,0.8185,"EMO-AffectNet pseudo-label (teacher=Aff-Wild2, top=Happiness 0.40, tension=0.181) - 사람 검수 전"
N0s2M3bJkUk.004,N0s2M3bJkUk.004.mp4,N0s2M3bJkUk,,,0.8574,"EMO-AffectNet pseudo-label (teacher=Aff-Wild2, top=Happiness 0.55, tension=0.143) - 사람 검수 전"
N5YT0FFd3-s.001,N5YT0FFd3-s.001.mp4,N5YT0FFd3-s,,,0.7429,"EMO-AffectNet pseudo-label (teacher=Aff-Wild2, top=Neutral 0.45, tension=0.257) - 사람 검수 전"
N5YT0FFd3-s.002,N5YT0FFd3-s.002.mp4,N5YT0FFd3-s,,,0.7196,"EMO-AffectNet pseudo-label (teacher=Aff-Wild2, top=Neutral 0.38, tension=0.280) - 사람 검수 전"
N5YT0FFd3-s.003,N5YT0FFd3-s.003.mp4,N5YT0FFd3-s,,,0.7313,"EMO-AffectNet pseudo-label (teacher=Aff-Wild2, top=Neutral 0.37, tension=0.269) - 사람 검수 전"
N5YT0FFd3-s.005,N5YT0FFd3-s.005.mp4,N5YT0FFd3-s,,,0.7493,"EMO-AffectNet pseudo-label (teacher=Aff-Wild2, top=Neutral 0.46, tension=0.251) - 사람 검수 전"
N5nIQZMW_ig.004,N5nIQZMW_ig.004.mp4,N5nIQZMW_ig,,,0.7497,"EMO-AffectNet pseudo-label (teacher=Aff-Wild2, top=Neutral 0.32, tension=0.250) - 사람 검수 전"
N7oR6_oMBFk.001,N7oR6_oMBFk.001.mp4,N7oR6_oMBFk,,,0.7637,"EMO-AffectNet pseudo-label (teacher=Aff-Wild2, top=Surprise 0.32, tension=0.236) - 사람 검수 전"
N7oR6_oMBFk.002,N7oR6_oMBFk.002.mp4,N7oR6_oMBFk,,,0.7603,"EMO-AffectNet pseudo-label (teacher=Aff-Wild2, top=Happiness 0.26, tension=0.240) - 사람 검수 전"
NDC375coN1o.000,NDC375coN1o.000.mp4,NDC375coN1o,,,0.8071,"EMO-AffectNet pseudo-label (teacher=Aff-Wild2, top=Happiness 0.30, tension=0.193) - 사람 검수 전"
NDC375coN1o.003,NDC375coN1o.003.mp4,NDC375coN1o,,,0.7431,"EMO-AffectNet pseudo-label (teacher=Aff-Wild2, top=Neutral 0.42, tension=0.257) - 사람 검수 전"
NDC375coN1o.004,NDC375coN1o.004.mp4,NDC375coN1o,,,0.7064,"EMO-AffectNet pseudo-label (teacher=Aff-Wild2, top=Neutral 0.38, tension=0.294) - 사람 검수 전"
NFAlff6GUpA.001,NFAlff6GUpA.001.mp4,NFAlff6GUpA,,,0.71,"EMO-AffectNet pseudo-label (teacher=Aff-Wild2, top=Neutral 0.28, tension=0.290) - 사람 검수 전"
NFAlff6GUpA.002,NFAlff6GUpA.002.mp4,NFAlff6GUpA,,,0.6915,"EMO-AffectNet pseudo-label (teacher=Aff-Wild2, top=Sadness 0.27, tension=0.309) - 사람 검수 전"
NOrjfF0-pQ4.000,NOrjfF0-pQ4.000.mp4,NOrjfF0-pQ4,,,0.69,"EMO-AffectNet pseudo-label (teacher=Aff-Wild2, top=Surprise 0.23, tension=0.310) - 사람 검수 전"
NPOSIyDF-Sg.002,NPOSIyDF-Sg.002.mp4,NPOSIyDF-Sg,,,0.9274,"EMO-AffectNet pseudo-label (teacher=Aff-Wild2, top=Happiness 0.76, tension=0.073) - 사람 검수 전"
NTATNIs2sSc.002,NTATNIs2sSc.002.mp4,NTATNIs2sSc,,,0.7627,"EMO-AffectNet pseudo-label (teacher=Aff-Wild2, top=Neutral 0.35, tension=0.237) - 사람 검수 전"
NTSMogqhvBg.003,NTSMogqhvBg.003.mp4,NTSMogqhvBg,,,0.7725,"EMO-AffectNet pseudo-label (teacher=Aff-Wild2, top=Happiness 0.29, tension=0.227) - 사람 검수 전"
NVvKBE5FTMk.001,NVvKBE5FTMk.001.mp4,NVvKBE5FTMk,,,0.7771,"EMO-AffectNet pseudo-label (teacher=Aff-Wild2, top=Happiness 0.26, tension=0.223) - 사람 검수 전"
NYlFsljF0VM.004,NYlFsljF0VM.004.mp4,NYlFsljF0VM,,,0.7039,"EMO-AffectNet pseudo-label (teacher=Aff-Wild2, top=Neutral 0.26, tension=0.296) - 사람 검수 전"
NhyVkwcZbTA.000,NhyVkwcZbTA.000.mp4,NhyVkwcZbTA,,,0.7304,"EMO-AffectNet pseudo-label (teacher=Aff-Wild2, top=Neutral 0.35, tension=0.270) - 사람 검수 전"
NoHext7JXYU.004,NoHext7JXYU.004.mp4,NoHext7JXYU,,,0.7689,"EMO-AffectNet pseudo-label (teacher=Aff-Wild2, top=Neutral 0.30, tension=0.231) - 사람 검수 전"
NpiglwrZzsA.000,NpiglwrZzsA.000.mp4,NpiglwrZzsA,,,0.7198,"EMO-AffectNet pseudo-label (teacher=Aff-Wild2, top=Neutral 0.41, tension=0.280) - 사람 검수 전"
NpiglwrZzsA.003,NpiglwrZzsA.003.mp4,NpiglwrZzsA,,,0.7517,"EMO-AffectNet pseudo-label (teacher=Aff-Wild2, top=Neutral 0.32, tension=0.248) - 사람 검수 전"
NpkHOa4uIn4.000,NpkHOa4uIn4.000.mp4,NpkHOa4uIn4,,,0.7148,"EMO-AffectNet pseudo-label (teacher=Aff-Wild2, top=Neutral 0.41, tension=0.285) - 사람 검수 전"
NyQ2K2J3N0s.001,NyQ2K2J3N0s.001.mp4,NyQ2K2J3N0s,,,0.7214,"EMO-AffectNet pseudo-label (teacher=Aff-Wild2, top=Neutral 0.29, tension=0.279) - 사람 검수 전"
O2wMPdp2-Is.003,O2wMPdp2-Is.003.mp4,O2wMPdp2-Is,,,0.8273,"EMO-AffectNet pseudo-label (teacher=Aff-Wild2, top=Happiness 0.44, tension=0.173) - 사람 검수 전"
O2wMPdp2-Is.005,O2wMPdp2-Is.005.mp4,O2wMPdp2-Is,,,0.8798,"EMO-AffectNet pseudo-label (teacher=Aff-Wild2, top=Happiness 0.60, tension=0.120) - 사람 검수 전"
O3_j0d7mq7k.003,O3_j0d7mq7k.003.mp4,O3_j0d7mq7k,,,0.806,"EMO-AffectNet pseudo-label (teacher=Aff-Wild2, top=Happiness 0.31, tension=0.194) - 사람 검수 전"
O7h-kf7hPIU.003,O7h-kf7hPIU.003.mp4,O7h-kf7hPIU,,,0.7783,"EMO-AffectNet pseudo-label (teacher=Aff-Wild2, top=Happiness 0.31, tension=0.222) - 사람 검수 전"
O7ke1Wjb1ZM.000,O7ke1Wjb1ZM.000.mp4,O7ke1Wjb1ZM,,,0.7979,"EMO-AffectNet pseudo-label (teacher=Aff-Wild2, top=Happiness 0.29, tension=0.202) - 사람 검수 전"
O8L2pHEIcuo.000,O8L2pHEIcuo.000.mp4,O8L2pHEIcuo,,,0.8788,"EMO-AffectNet pseudo-label (teacher=Aff-Wild2, top=Happiness 0.61, tension=0.121) - 사람 검수 전"
OEKg-Tvwcbk.002,OEKg-Tvwcbk.002.mp4,OEKg-Tvwcbk,,,0.7494,"EMO-AffectNet pseudo-label (teacher=Aff-Wild2, top=Neutral 0.36, tension=0.251) - 사람 검수 전"
OIRq4d8IyKc.000,OIRq4d8IyKc.000.mp4,OIRq4d8IyKc,,,0.7239,"EMO-AffectNet pseudo-label (teacher=Aff-Wild2, top=Neutral 0.21, tension=0.276) - 사람 검수 전"
OIRq4d8IyKc.001,OIRq4d8IyKc.001.mp4,OIRq4d8IyKc,,,0.7331,"EMO-AffectNet pseudo-label (teacher=Aff-Wild2, top=Neutral 0.36, tension=0.267) - 사람 검수 전"
OLFhKCgexRU.003,OLFhKCgexRU.003.mp4,OLFhKCgexRU,,,0.6691,"EMO-AffectNet pseudo-label (teacher=Aff-Wild2, top=Neutral 0.21, tension=0.331) - 사람 검수 전"
OSDlyk5ZgAk.000,OSDlyk5ZgAk.000.mp4,OSDlyk5ZgAk,,,0.6986,"EMO-AffectNet pseudo-label (teacher=Aff-Wild2, top=Neutral 0.22, tension=0.301) - 사람 검수 전"
OSDlyk5ZgAk.002,OSDlyk5ZgAk.002.mp4,OSDlyk5ZgAk,,,0.7138,"EMO-AffectNet pseudo-label (teacher=Aff-Wild2, top=Surprise 0.24, tension=0.286) - 사람 검수 전"
OSDlyk5ZgAk.003,OSDlyk5ZgAk.003.mp4,OSDlyk5ZgAk,,,0.6895,"EMO-AffectNet pseudo-label (teacher=Aff-Wild2, top=Neutral 0.26, tension=0.311) - 사람 검수 전"
OTeEvhxpoYE.004,OTeEvhxpoYE.004.mp4,OTeEvhxpoYE,,,0.7725,"EMO-AffectNet pseudo-label (teacher=Aff-Wild2, top=Happiness 0.34, tension=0.227) - 사람 검수 전"
OXkDmd3nA94.001,OXkDmd3nA94.001.mp4,OXkDmd3nA94,,,0.7175,"EMO-AffectNet pseudo-label (teacher=Aff-Wild2, top=Neutral 0.28, tension=0.283) - 사람 검수 전"
OZlpENU9h28.001,OZlpENU9h28.001.mp4,OZlpENU9h28,,,0.603,"EMO-AffectNet pseudo-label (teacher=Aff-Wild2, top=Sadness 0.28, tension=0.397) - 사람 검수 전"
OcS4H_dFeOc.000,OcS4H_dFeOc.000.mp4,OcS4H_dFeOc,,,0.8072,"EMO-AffectNet pseudo-label (teacher=Aff-Wild2, top=Happiness 0.42, tension=0.193) - 사람 검수 전"
OcS4H_dFeOc.004,OcS4H_dFeOc.004.mp4,OcS4H_dFeOc,,,0.6996,"EMO-AffectNet pseudo-label (teacher=Aff-Wild2, top=Neutral 0.35, tension=0.300) - 사람 검수 전"
OdwK_oMdfSU.001,OdwK_oMdfSU.001.mp4,OdwK_oMdfSU,,,0.7311,"EMO-AffectNet pseudo-label (teacher=Aff-Wild2, top=Happiness 0.25, tension=0.269) - 사람 검수 전"
Oe7ItP7gS4w.001,Oe7ItP7gS4w.001.mp4,Oe7ItP7gS4w,,,0.5921,"EMO-AffectNet pseudo-label (teacher=Aff-Wild2, top=Disgust 0.33, tension=0.408) - 사람 검수 전"
Oe7ItP7gS4w.003,Oe7ItP7gS4w.003.mp4,Oe7ItP7gS4w,,,0.7202,"EMO-AffectNet pseudo-label (teacher=Aff-Wild2, top=Surprise 0.19, tension=0.280) - 사람 검수 전"
Oe7ItP7gS4w.005,Oe7ItP7gS4w.005.mp4,Oe7ItP7gS4w,,,0.6648,"EMO-AffectNet pseudo-label (teacher=Aff-Wild2, top=Neutral 0.27, tension=0.335) - 사람 검수 전"
OeGMd58Wgsk.001,OeGMd58Wgsk.001.mp4,OeGMd58Wgsk,,,0.7465,"EMO-AffectNet pseudo-label (teacher=Aff-Wild2, top=Happiness 0.23, tension=0.253) - 사람 검수 전"
OgPC4wnLJR0.000,OgPC4wnLJR0.000.mp4,OgPC4wnLJR0,,,0.766,"EMO-AffectNet pseudo-label (teacher=Aff-Wild2, top=Happiness 0.27, tension=0.234) - 사람 검수 전"
OhHg1lyxe4I.005,OhHg1lyxe4I.005.mp4,OhHg1lyxe4I,,,0.6469,"EMO-AffectNet pseudo-label (teacher=Aff-Wild2, top=Neutral 0.24, tension=0.353) - 사람 검수 전"
OiDyfO2zB7s.004,OiDyfO2zB7s.004.mp4,OiDyfO2zB7s,,,0.6343,"EMO-AffectNet pseudo-label (teacher=Aff-Wild2, top=Sadness 0.34, tension=0.366) - 사람 검수 전"
OiDyfO2zB7s.005,OiDyfO2zB7s.005.mp4,OiDyfO2zB7s,,,0.658,"EMO-AffectNet pseudo-label (teacher=Aff-Wild2, top=Sadness 0.25, tension=0.342) - 사람 검수 전"
OmXuhT4yJpo.003,OmXuhT4yJpo.003.mp4,OmXuhT4yJpo,,,0.9226,"EMO-AffectNet pseudo-label (teacher=Aff-Wild2, top=Happiness 0.75, tension=0.077) - 사람 검수 전"
On2c_8sU8Vw.003,On2c_8sU8Vw.003.mp4,On2c_8sU8Vw,,,0.7402,"EMO-AffectNet pseudo-label (teacher=Aff-Wild2, top=Happiness 0.24, tension=0.260) - 사람 검수 전"
OovRk5U9_GY.002,OovRk5U9_GY.002.mp4,OovRk5U9_GY,,,0.7451,"EMO-AffectNet pseudo-label (teacher=Aff-Wild2, top=Neutral 0.23, tension=0.255) - 사람 검수 전"
OoxYhDbzWwg.000,OoxYhDbzWwg.000.mp4,OoxYhDbzWwg,,,0.6343,"EMO-AffectNet pseudo-label (teacher=Aff-Wild2, top=Fear 0.29, tension=0.366) - 사람 검수 전"
OoxYhDbzWwg.004,OoxYhDbzWwg.004.mp4,OoxYhDbzWwg,,,0.6203,"EMO-AffectNet pseudo-label (teacher=Aff-Wild2, top=Fear 0.33, tension=0.380) - 사람 검수 전"
Or2_bP4lWYI.003,Or2_bP4lWYI.003.mp4,Or2_bP4lWYI,,,0.7034,"EMO-AffectNet pseudo-label (teacher=Aff-Wild2, top=Anger 0.30, tension=0.297) - 사람 검수 전"
Os7L5C-i9Fw.002,Os7L5C-i9Fw.002.mp4,Os7L5C-i9Fw,,,0.6653,"EMO-AffectNet pseudo-label (teacher=Aff-Wild2, top=Neutral 0.29, tension=0.335) - 사람 검수 전"
OuE91U_n04E.003,OuE91U_n04E.003.mp4,OuE91U_n04E,,,0.6733,"EMO-AffectNet pseudo-label (teacher=Aff-Wild2, top=Neutral 0.25, tension=0.327) - 사람 검수 전"
OuE91U_n04E.005,OuE91U_n04E.005.mp4,OuE91U_n04E,,,0.6956,"EMO-AffectNet pseudo-label (teacher=Aff-Wild2, top=Anger 0.23, tension=0.304) - 사람 검수 전"
OwI3Q-qUqDw.003,OwI3Q-qUqDw.003.mp4,OwI3Q-qUqDw,,,0.7033,"EMO-AffectNet pseudo-label (teacher=Aff-Wild2, top=Neutral 0.30, tension=0.297) - 사람 검수 전"
OxaBanUE6KE.000,OxaBanUE6KE.000.mp4,OxaBanUE6KE,,,0.7722,"EMO-AffectNet pseudo-label (teacher=Aff-Wild2, top=Neutral 0.37, tension=0.228) - 사람 검수 전"
P0ZzjnS8E24.001,P0ZzjnS8E24.001.mp4,P0ZzjnS8E24,,,0.804,"EMO-AffectNet pseudo-label (teacher=Aff-Wild2, top=Happiness 0.40, tension=0.196) - 사람 검수 전"
P0ZzjnS8E24.004,P0ZzjnS8E24.004.mp4,P0ZzjnS8E24,,,0.7616,"EMO-AffectNet pseudo-label (teacher=Aff-Wild2, top=Surprise 0.29, tension=0.238) - 사람 검수 전"
P0a209IS614.003,P0a209IS614.003.mp4,P0a209IS614,,,0.6562,"EMO-AffectNet pseudo-label (teacher=Aff-Wild2, top=Fear 0.24, tension=0.344) - 사람 검수 전"
P2B2K7DvUC8.003,P2B2K7DvUC8.003.mp4,P2B2K7DvUC8,,,0.7143,"EMO-AffectNet pseudo-label (teacher=Aff-Wild2, top=Neutral 0.34, tension=0.286) - 사람 검수 전"
P2B2K7DvUC8.004,P2B2K7DvUC8.004.mp4,P2B2K7DvUC8,,,0.7183,"EMO-AffectNet pseudo-label (teacher=Aff-Wild2, top=Neutral 0.27, tension=0.282) - 사람 검수 전"
P5HWmGQ1sbw.005,P5HWmGQ1sbw.005.mp4,P5HWmGQ1sbw,,,0.8151,"EMO-AffectNet pseudo-label (teacher=Aff-Wild2, top=Happiness 0.30, tension=0.185) - 사람 검수 전"
P63CUj9KnSw.000,P63CUj9KnSw.000.mp4,P63CUj9KnSw,,,0.636,"EMO-AffectNet pseudo-label (teacher=Aff-Wild2, top=Sadness 0.36, tension=0.364) - 사람 검수 전"
P63CUj9KnSw.002,P63CUj9KnSw.002.mp4,P63CUj9KnSw,,,0.6666,"EMO-AffectNet pseudo-label (teacher=Aff-Wild2, top=Neutral 0.30, tension=0.333) - 사람 검수 전"
P6CH9Q2wH24.002,P6CH9Q2wH24.002.mp4,P6CH9Q2wH24,,,0.7263,"EMO-AffectNet pseudo-label (teacher=Aff-Wild2, top=Neutral 0.27, tension=0.274) - 사람 검수 전"
P6g1mZ3f76U.000,P6g1mZ3f76U.000.mp4,P6g1mZ3f76U,,,0.7627,"EMO-AffectNet pseudo-label (teacher=Aff-Wild2, top=Neutral 0.31, tension=0.237) - 사람 검수 전"
P6g1mZ3f76U.005,P6g1mZ3f76U.005.mp4,P6g1mZ3f76U,,,0.7649,"EMO-AffectNet pseudo-label (teacher=Aff-Wild2, top=Neutral 0.25, tension=0.235) - 사람 검수 전"
P7poMmhYnM0.003,P7poMmhYnM0.003.mp4,P7poMmhYnM0,,,0.6886,"EMO-AffectNet pseudo-label (teacher=Aff-Wild2, top=Anger 0.26, tension=0.311) - 사람 검수 전"
P9WDAY-MFzk.001,P9WDAY-MFzk.001.mp4,P9WDAY-MFzk,,,0.6631,"EMO-AffectNet pseudo-label (teacher=Aff-Wild2, top=Anger 0.31, tension=0.337) - 사람 검수 전"
P9WDAY-MFzk.005,P9WDAY-MFzk.005.mp4,P9WDAY-MFzk,,,0.6706,"EMO-AffectNet pseudo-label (teacher=Aff-Wild2, top=Anger 0.25, tension=0.329) - 사람 검수 전"
PEjFZNkbQos.000,PEjFZNkbQos.000.mp4,PEjFZNkbQos,,,0.6469,"EMO-AffectNet pseudo-label (teacher=Aff-Wild2, top=Fear 0.24, tension=0.353) - 사람 검수 전"
PHUlL5ZzX5U.003,PHUlL5ZzX5U.003.mp4,PHUlL5ZzX5U,,,0.7945,"EMO-AffectNet pseudo-label (teacher=Aff-Wild2, top=Neutral 0.38, tension=0.206) - 사람 검수 전"
PHUlL5ZzX5U.004,PHUlL5ZzX5U.004.mp4,PHUlL5ZzX5U,,,0.772,"EMO-AffectNet pseudo-label (teacher=Aff-Wild2, top=Neutral 0.43, tension=0.228) - 사람 검수 전"
PHmkN1cPl10.001,PHmkN1cPl10.001.mp4,PHmkN1cPl10,,,0.6531,"EMO-AffectNet pseudo-label (teacher=Aff-Wild2, top=Fear 0.25, tension=0.347) - 사람 검수 전"
PHmkN1cPl10.002,PHmkN1cPl10.002.mp4,PHmkN1cPl10,,,0.6422,"EMO-AffectNet pseudo-label (teacher=Aff-Wild2, top=Fear 0.27, tension=0.358) - 사람 검수 전"
PHoVRr0MQ5c.001,PHoVRr0MQ5c.001.mp4,PHoVRr0MQ5c,,,0.7423,"EMO-AffectNet pseudo-label (teacher=Aff-Wild2, top=Surprise 0.31, tension=0.258) - 사람 검수 전"
PJxgOFaaUZM.005,PJxgOFaaUZM.005.mp4,PJxgOFaaUZM,,,0.7194,"EMO-AffectNet pseudo-label (teacher=Aff-Wild2, top=Neutral 0.28, tension=0.281) - 사람 검수 전"
PK0EPT3k4RM.003,PK0EPT3k4RM.003.mp4,PK0EPT3k4RM,,,0.7967,"EMO-AffectNet pseudo-label (teacher=Aff-Wild2, top=Neutral 0.27, tension=0.203) - 사람 검수 전"
PKtzsEqLGx4.002,PKtzsEqLGx4.002.mp4,PKtzsEqLGx4,,,0.7383,"EMO-AffectNet pseudo-label (teacher=Aff-Wild2, top=Anger 0.23, tension=0.262) - 사람 검수 전"
PKtzsEqLGx4.004,PKtzsEqLGx4.004.mp4,PKtzsEqLGx4,,,0.791,"EMO-AffectNet pseudo-label (teacher=Aff-Wild2, top=Happiness 0.30, tension=0.209) - 사람 검수 전"
PQBGDxYGaXU.000,PQBGDxYGaXU.000.mp4,PQBGDxYGaXU,,,0.7479,"EMO-AffectNet pseudo-label (teacher=Aff-Wild2, top=Neutral 0.38, tension=0.252) - 사람 검수 전"
PQBGDxYGaXU.003,PQBGDxYGaXU.003.mp4,PQBGDxYGaXU,,,0.7599,"EMO-AffectNet pseudo-label (teacher=Aff-Wild2, top=Neutral 0.36, tension=0.240) - 사람 검수 전"
PReOtefm17s.001,PReOtefm17s.001.mp4,PReOtefm17s,,,0.6528,"EMO-AffectNet pseudo-label (teacher=Aff-Wild2, top=Fear 0.29, tension=0.347) - 사람 검수 전"
PRplbrM70sg.000,PRplbrM70sg.000.mp4,PRplbrM70sg,,,0.7539,"EMO-AffectNet pseudo-label (teacher=Aff-Wild2, top=Neutral 0.32, tension=0.246) - 사람 검수 전"
PSFLaQYVg1I.000,PSFLaQYVg1I.000.mp4,PSFLaQYVg1I,,,0.7504,"EMO-AffectNet pseudo-label (teacher=Aff-Wild2, top=Happiness 0.29, tension=0.250) - 사람 검수 전"
PTV5TBVRHxo.001,PTV5TBVRHxo.001.mp4,PTV5TBVRHxo,,,0.6398,"EMO-AffectNet pseudo-label (teacher=Aff-Wild2, top=Fear 0.19, tension=0.360) - 사람 검수 전"
PVm7Om88BSw.004,PVm7Om88BSw.004.mp4,PVm7Om88BSw,,,0.6073,"EMO-AffectNet pseudo-label (teacher=Aff-Wild2, top=Fear 0.35, tension=0.393) - 사람 검수 전"
PWAe9M2SxT8.000,PWAe9M2SxT8.000.mp4,PWAe9M2SxT8,,,0.7537,"EMO-AffectNet pseudo-label (teacher=Aff-Wild2, top=Neutral 0.29, tension=0.246) - 사람 검수 전"
PWM-bKcs2p8.000,PWM-bKcs2p8.000.mp4,PWM-bKcs2p8,,,0.7119,"EMO-AffectNet pseudo-label (teacher=Aff-Wild2, top=Neutral 0.33, tension=0.288) - 사람 검수 전"
PWM-bKcs2p8.003,PWM-bKcs2p8.003.mp4,PWM-bKcs2p8,,,0.6728,"EMO-AffectNet pseudo-label (teacher=Aff-Wild2, top=Anger 0.27, tension=0.327) - 사람 검수 전"
PXJfSp2WvVY.001,PXJfSp2WvVY.001.mp4,PXJfSp2WvVY,,,0.8143,"EMO-AffectNet pseudo-label (teacher=Aff-Wild2, top=Happiness 0.31, tension=0.186) - 사람 검수 전"
PXJfSp2WvVY.004,PXJfSp2WvVY.004.mp4,PXJfSp2WvVY,,,0.8135,"EMO-AffectNet pseudo-label (teacher=Aff-Wild2, top=Happiness 0.27, tension=0.187) - 사람 검수 전"
PYL8BGJKu20.000,PYL8BGJKu20.000.mp4,PYL8BGJKu20,,,0.6267,"EMO-AffectNet pseudo-label (teacher=Aff-Wild2, top=Fear 0.20, tension=0.373) - 사람 검수 전"
PYYC0Jiwfdg.001,PYYC0Jiwfdg.001.mp4,PYYC0Jiwfdg,,,0.715,"EMO-AffectNet pseudo-label (teacher=Aff-Wild2, top=Neutral 0.21, tension=0.285) - 사람 검수 전"
P_wDFLJnW-o.003,P_wDFLJnW-o.003.mp4,P_wDFLJnW-o,,,0.7678,"EMO-AffectNet pseudo-label (teacher=Aff-Wild2, top=Neutral 0.31, tension=0.232) - 사람 검수 전"
Pb7aNc6Kd40.004,Pb7aNc6Kd40.004.mp4,Pb7aNc6Kd40,,,0.659,"EMO-AffectNet pseudo-label (teacher=Aff-Wild2, top=Sadness 0.31, tension=0.341) - 사람 검수 전"
Pc-oQQwkIv8.005,Pc-oQQwkIv8.005.mp4,Pc-oQQwkIv8,,,0.7394,"EMO-AffectNet pseudo-label (teacher=Aff-Wild2, top=Neutral 0.35, tension=0.261) - 사람 검수 전"
PdE7qRRCz2c.000,PdE7qRRCz2c.000.mp4,PdE7qRRCz2c,,,0.6932,"EMO-AffectNet pseudo-label (teacher=Aff-Wild2, top=Neutral 0.34, tension=0.307) - 사람 검수 전"
Pkgi4--hwfo.003,Pkgi4--hwfo.003.mp4,Pkgi4--hwfo,,,0.7385,"EMO-AffectNet pseudo-label (teacher=Aff-Wild2, top=Surprise 0.34, tension=0.262) - 사람 검수 전"
Po4UGCJbCbw.001,Po4UGCJbCbw.001.mp4,Po4UGCJbCbw,,,0.7613,"EMO-AffectNet pseudo-label (teacher=Aff-Wild2, top=Neutral 0.26, tension=0.239) - 사람 검수 전"
Po4UGCJbCbw.003,Po4UGCJbCbw.003.mp4,Po4UGCJbCbw,,,0.7785,"EMO-AffectNet pseudo-label (teacher=Aff-Wild2, top=Neutral 0.28, tension=0.222) - 사람 검수 전"
Po4UGCJbCbw.004,Po4UGCJbCbw.004.mp4,Po4UGCJbCbw,,,0.8321,"EMO-AffectNet pseudo-label (teacher=Aff-Wild2, top=Happiness 0.46, tension=0.168) - 사람 검수 전"
PooFvZH6fK0.000,PooFvZH6fK0.000.mp4,PooFvZH6fK0,,,0.7357,"EMO-AffectNet pseudo-label (teacher=Aff-Wild2, top=Neutral 0.27, tension=0.264) - 사람 검수 전"
PooFvZH6fK0.002,PooFvZH6fK0.002.mp4,PooFvZH6fK0,,,0.7447,"EMO-AffectNet pseudo-label (teacher=Aff-Wild2, top=Anger 0.24, tension=0.255) - 사람 검수 전"
PpJ4S8ZM8mQ.003,PpJ4S8ZM8mQ.003.mp4,PpJ4S8ZM8mQ,,,0.846,"EMO-AffectNet pseudo-label (teacher=Aff-Wild2, top=Happiness 0.43, tension=0.154) - 사람 검수 전"
PpK8b_LrAfQ.002,PpK8b_LrAfQ.002.mp4,PpK8b_LrAfQ,,,0.7391,"EMO-AffectNet pseudo-label (teacher=Aff-Wild2, top=Neutral 0.31, tension=0.261) - 사람 검수 전"
Pqy0NgxSvU0.004,Pqy0NgxSvU0.004.mp4,Pqy0NgxSvU0,,,0.7716,"EMO-AffectNet pseudo-label (teacher=Aff-Wild2, top=Neutral 0.24, tension=0.228) - 사람 검수 전"
PsHb4YHooKM.001,PsHb4YHooKM.001.mp4,PsHb4YHooKM,,,0.7695,"EMO-AffectNet pseudo-label (teacher=Aff-Wild2, top=Happiness 0.31, tension=0.231) - 사람 검수 전"
PsqpkFKX8co.000,PsqpkFKX8co.000.mp4,PsqpkFKX8co,,,0.7355,"EMO-AffectNet pseudo-label (teacher=Aff-Wild2, top=Neutral 0.22, tension=0.264) - 사람 검수 전"
PsqpkFKX8co.004,PsqpkFKX8co.004.mp4,PsqpkFKX8co,,,0.7788,"EMO-AffectNet pseudo-label (teacher=Aff-Wild2, top=Neutral 0.24, tension=0.221) - 사람 검수 전"
PtA7yAu9-VE.003,PtA7yAu9-VE.003.mp4,PtA7yAu9-VE,,,0.7379,"EMO-AffectNet pseudo-label (teacher=Aff-Wild2, top=Surprise 0.24, tension=0.262) - 사람 검수 전"
PxpbeM9VavA.002,PxpbeM9VavA.002.mp4,PxpbeM9VavA,,,0.8028,"EMO-AffectNet pseudo-label (teacher=Aff-Wild2, top=Happiness 0.34, tension=0.197) - 사람 검수 전"
PyPFJWirPjs.002,PyPFJWirPjs.002.mp4,PyPFJWirPjs,,,0.749,"EMO-AffectNet pseudo-label (teacher=Aff-Wild2, top=Neutral 0.35, tension=0.251) - 사람 검수 전"
Q4z4GRUtccE.001,Q4z4GRUtccE.001.mp4,Q4z4GRUtccE,,,0.5587,"EMO-AffectNet pseudo-label (teacher=Aff-Wild2, top=Sadness 0.47, tension=0.441) - 사람 검수 전"
Q4z4GRUtccE.003,Q4z4GRUtccE.003.mp4,Q4z4GRUtccE,,,0.5764,"EMO-AffectNet pseudo-label (teacher=Aff-Wild2, top=Sadness 0.37, tension=0.424) - 사람 검수 전"
Q6We7dJplls.003,Q6We7dJplls.003.mp4,Q6We7dJplls,,,0.7999,"EMO-AffectNet pseudo-label (teacher=Aff-Wild2, top=Happiness 0.26, tension=0.200) - 사람 검수 전"
Q8Hfg0odW2k.000,Q8Hfg0odW2k.000.mp4,Q8Hfg0odW2k,,,0.684,"EMO-AffectNet pseudo-label (teacher=Aff-Wild2, top=Anger 0.21, tension=0.316) - 사람 검수 전"
Q8bdpKNp698.000,Q8bdpKNp698.000.mp4,Q8bdpKNp698,,,0.6901,"EMO-AffectNet pseudo-label (teacher=Aff-Wild2, top=Neutral 0.38, tension=0.310) - 사람 검수 전"
Q9B3SJkH2Q8.000,Q9B3SJkH2Q8.000.mp4,Q9B3SJkH2Q8,,,0.7081,"EMO-AffectNet pseudo-label (teacher=Aff-Wild2, top=Sadness 0.28, tension=0.292) - 사람 검수 전"
QJcc95Y0XPw.003,QJcc95Y0XPw.003.mp4,QJcc95Y0XPw,,,0.7517,"EMO-AffectNet pseudo-label (teacher=Aff-Wild2, top=Surprise 0.34, tension=0.248) - 사람 검수 전"
QKcx5msA7iA.001,QKcx5msA7iA.001.mp4,QKcx5msA7iA,,,0.8161,"EMO-AffectNet pseudo-label (teacher=Aff-Wild2, top=Happiness 0.38, tension=0.184) - 사람 검수 전"
QKcx5msA7iA.002,QKcx5msA7iA.002.mp4,QKcx5msA7iA,,,0.7747,"EMO-AffectNet pseudo-label (teacher=Aff-Wild2, top=Surprise 0.34, tension=0.225) - 사람 검수 전"
QNVsr2mGwGs.000,QNVsr2mGwGs.000.mp4,QNVsr2mGwGs,,,0.7458,"EMO-AffectNet pseudo-label (teacher=Aff-Wild2, top=Neutral 0.23, tension=0.254) - 사람 검수 전"
QOIP8pV85D8.003,QOIP8pV85D8.003.mp4,QOIP8pV85D8,,,0.7891,"EMO-AffectNet pseudo-label (teacher=Aff-Wild2, top=Happiness 0.29, tension=0.211) - 사람 검수 전"
QQzeQOoqO20.002,QQzeQOoqO20.002.mp4,QQzeQOoqO20,,,0.745,"EMO-AffectNet pseudo-label (teacher=Aff-Wild2, top=Neutral 0.34, tension=0.255) - 사람 검수 전"
QTtTAFqT-no.000,QTtTAFqT-no.000.mp4,QTtTAFqT-no,,,0.6702,"EMO-AffectNet pseudo-label (teacher=Aff-Wild2, top=Neutral 0.32, tension=0.330) - 사람 검수 전"
QTtTAFqT-no.001,QTtTAFqT-no.001.mp4,QTtTAFqT-no,,,0.6605,"EMO-AffectNet pseudo-label (teacher=Aff-Wild2, top=Sadness 0.34, tension=0.340) - 사람 검수 전"
QV4TV3aHxfE.004,QV4TV3aHxfE.004.mp4,QV4TV3aHxfE,,,0.5581,"EMO-AffectNet pseudo-label (teacher=Aff-Wild2, top=Disgust 0.39, tension=0.442) - 사람 검수 전"
QXFRE_pjrAE.004,QXFRE_pjrAE.004.mp4,QXFRE_pjrAE,,,0.9006,"EMO-AffectNet pseudo-label (teacher=Aff-Wild2, top=Happiness 0.66, tension=0.099) - 사람 검수 전"
Qa-yF-tByDM.003,Qa-yF-tByDM.003.mp4,Qa-yF-tByDM,,,0.8042,"EMO-AffectNet pseudo-label (teacher=Aff-Wild2, top=Neutral 0.33, tension=0.196) - 사람 검수 전"
QdafN9Y_j-Y.000,QdafN9Y_j-Y.000.mp4,QdafN9Y_j-Y,,,0.686,"EMO-AffectNet pseudo-label (teacher=Aff-Wild2, top=Happiness 0.24, tension=0.314) - 사람 검수 전"
QdafN9Y_j-Y.005,QdafN9Y_j-Y.005.mp4,QdafN9Y_j-Y,,,0.651,"EMO-AffectNet pseudo-label (teacher=Aff-Wild2, top=Sadness 0.25, tension=0.349) - 사람 검수 전"
QfU5JsVMjfI.002,QfU5JsVMjfI.002.mp4,QfU5JsVMjfI,,,0.7636,"EMO-AffectNet pseudo-label (teacher=Aff-Wild2, top=Neutral 0.45, tension=0.236) - 사람 검수 전"
QiPb8vlGDFo.005,QiPb8vlGDFo.005.mp4,QiPb8vlGDFo,,,0.7973,"EMO-AffectNet pseudo-label (teacher=Aff-Wild2, top=Neutral 0.34, tension=0.203) - 사람 검수 전"
QiR6yJbFCfM.003,QiR6yJbFCfM.003.mp4,QiR6yJbFCfM,,,0.7157,"EMO-AffectNet pseudo-label (teacher=Aff-Wild2, top=Neutral 0.31, tension=0.284) - 사람 검수 전"
QqTw0lnrtBo.005,QqTw0lnrtBo.005.mp4,QqTw0lnrtBo,,,0.736,"EMO-AffectNet pseudo-label (teacher=Aff-Wild2, top=Neutral 0.27, tension=0.264) - 사람 검수 전"
Qqc1539E6rs.000,Qqc1539E6rs.000.mp4,Qqc1539E6rs,,,0.6743,"EMO-AffectNet pseudo-label (teacher=Aff-Wild2, top=Anger 0.19, tension=0.326) - 사람 검수 전"
Qu81v9Aybv4.001,Qu81v9Aybv4.001.mp4,Qu81v9Aybv4,,,0.7073,"EMO-AffectNet pseudo-label (teacher=Aff-Wild2, top=Surprise 0.21, tension=0.293) - 사람 검수 전"
Qz_cjgCtDcM.000,Qz_cjgCtDcM.000.mp4,Qz_cjgCtDcM,,,0.682,"EMO-AffectNet pseudo-label (teacher=Aff-Wild2, top=Anger 0.18, tension=0.318) - 사람 검수 전"
Qzu9b49qvKo.000,Qzu9b49qvKo.000.mp4,Qzu9b49qvKo,,,0.7351,"EMO-AffectNet pseudo-label (teacher=Aff-Wild2, top=Happiness 0.28, tension=0.265) - 사람 검수 전"
Qzu9b49qvKo.004,Qzu9b49qvKo.004.mp4,Qzu9b49qvKo,,,0.7344,"EMO-AffectNet pseudo-label (teacher=Aff-Wild2, top=Happiness 0.27, tension=0.266) - 사람 검수 전"
R-qB2FX7ZbE.002,R-qB2FX7ZbE.002.mp4,R-qB2FX7ZbE,,,0.8068,"EMO-AffectNet pseudo-label (teacher=Aff-Wild2, top=Neutral 0.30, tension=0.193) - 사람 검수 전"
R-vly7LKotQ.000,R-vly7LKotQ.000.mp4,R-vly7LKotQ,,,0.7452,"EMO-AffectNet pseudo-label (teacher=Aff-Wild2, top=Neutral 0.39, tension=0.255) - 사람 검수 전"
R42dmIPCXwo.005,R42dmIPCXwo.005.mp4,R42dmIPCXwo,,,0.8184,"EMO-AffectNet pseudo-label (teacher=Aff-Wild2, top=Neutral 0.30, tension=0.182) - 사람 검수 전"
R5uXsQsO6Uo.004,R5uXsQsO6Uo.004.mp4,R5uXsQsO6Uo,,,0.8236,"EMO-AffectNet pseudo-label (teacher=Aff-Wild2, top=Happiness 0.49, tension=0.176) - 사람 검수 전"
R6NTuhZtOks.000,R6NTuhZtOks.000.mp4,R6NTuhZtOks,,,0.7696,"EMO-AffectNet pseudo-label (teacher=Aff-Wild2, top=Surprise 0.35, tension=0.230) - 사람 검수 전"
RB9vu-0Y_Fk.000,RB9vu-0Y_Fk.000.mp4,RB9vu-0Y_Fk,,,0.6886,"EMO-AffectNet pseudo-label (teacher=Aff-Wild2, top=Neutral 0.27, tension=0.311) - 사람 검수 전"
RCr48dXuZYE.003,RCr48dXuZYE.003.mp4,RCr48dXuZYE,,,0.7891,"EMO-AffectNet pseudo-label (teacher=Aff-Wild2, top=Neutral 0.38, tension=0.211) - 사람 검수 전"
RDdB2AqJpog.000,RDdB2AqJpog.000.mp4,RDdB2AqJpog,,,0.7164,"EMO-AffectNet pseudo-label (teacher=Aff-Wild2, top=Surprise 0.28, tension=0.284) - 사람 검수 전"
RGuHfwIRKpA.002,RGuHfwIRKpA.002.mp4,RGuHfwIRKpA,,,0.7309,"EMO-AffectNet pseudo-label (teacher=Aff-Wild2, top=Neutral 0.40, tension=0.269) - 사람 검수 전"
RGuHfwIRKpA.005,RGuHfwIRKpA.005.mp4,RGuHfwIRKpA,,,0.6872,"EMO-AffectNet pseudo-label (teacher=Aff-Wild2, top=Neutral 0.30, tension=0.313) - 사람 검수 전"
RJe5yobV8n4.003,RJe5yobV8n4.003.mp4,RJe5yobV8n4,,,0.5974,"EMO-AffectNet pseudo-label (teacher=Aff-Wild2, top=Anger 0.23, tension=0.403) - 사람 검수 전"
RQdZHLGGR_E.002,RQdZHLGGR_E.002.mp4,RQdZHLGGR_E,,,0.6578,"EMO-AffectNet pseudo-label (teacher=Aff-Wild2, top=Neutral 0.21, tension=0.342) - 사람 검수 전"
RQeoo3idUJc.002,RQeoo3idUJc.002.mp4,RQeoo3idUJc,,,0.7585,"EMO-AffectNet pseudo-label (teacher=Aff-Wild2, top=Neutral 0.41, tension=0.241) - 사람 검수 전"
RQeoo3idUJc.003,RQeoo3idUJc.003.mp4,RQeoo3idUJc,,,0.7443,"EMO-AffectNet pseudo-label (teacher=Aff-Wild2, top=Neutral 0.44, tension=0.256) - 사람 검수 전"
RQeoo3idUJc.005,RQeoo3idUJc.005.mp4,RQeoo3idUJc,,,0.743,"EMO-AffectNet pseudo-label (teacher=Aff-Wild2, top=Neutral 0.37, tension=0.257) - 사람 검수 전"
RW4a2ERzTO8.002,RW4a2ERzTO8.002.mp4,RW4a2ERzTO8,,,0.7061,"EMO-AffectNet pseudo-label (teacher=Aff-Wild2, top=Neutral 0.35, tension=0.294) - 사람 검수 전"
RWhyKkFI3zw.002,RWhyKkFI3zw.002.mp4,RWhyKkFI3zw,,,0.6816,"EMO-AffectNet pseudo-label (teacher=Aff-Wild2, top=Neutral 0.20, tension=0.318) - 사람 검수 전"
RYG6XhdmPY0.003,RYG6XhdmPY0.003.mp4,RYG6XhdmPY0,,,0.7162,"EMO-AffectNet pseudo-label (teacher=Aff-Wild2, top=Neutral 0.29, tension=0.284) - 사람 검수 전"
RZgTERiRDjA.000,RZgTERiRDjA.000.mp4,RZgTERiRDjA,,,0.7679,"EMO-AffectNet pseudo-label (teacher=Aff-Wild2, top=Happiness 0.33, tension=0.232) - 사람 검수 전"
RZgTERiRDjA.002,RZgTERiRDjA.002.mp4,RZgTERiRDjA,,,0.6054,"EMO-AffectNet pseudo-label (teacher=Aff-Wild2, top=Sadness 0.37, tension=0.395) - 사람 검수 전"
RgZTZIf8K8g.005,RgZTZIf8K8g.005.mp4,RgZTZIf8K8g,,,0.7333,"EMO-AffectNet pseudo-label (teacher=Aff-Wild2, top=Surprise 0.26, tension=0.267) - 사람 검수 전"
RhFPotjd0hM.005,RhFPotjd0hM.005.mp4,RhFPotjd0hM,,,0.6774,"EMO-AffectNet pseudo-label (teacher=Aff-Wild2, top=Neutral 0.25, tension=0.323) - 사람 검수 전"
Rops7WYMCCY.004,Rops7WYMCCY.004.mp4,Rops7WYMCCY,,,0.7238,"EMO-AffectNet pseudo-label (teacher=Aff-Wild2, top=Neutral 0.36, tension=0.276) - 사람 검수 전"
Rp_gyvKE4hI.003,Rp_gyvKE4hI.003.mp4,Rp_gyvKE4hI,,,0.6722,"EMO-AffectNet pseudo-label (teacher=Aff-Wild2, top=Neutral 0.27, tension=0.328) - 사람 검수 전"
RsYSOFRFszk.003,RsYSOFRFszk.003.mp4,RsYSOFRFszk,,,0.7432,"EMO-AffectNet pseudo-label (teacher=Aff-Wild2, top=Neutral 0.31, tension=0.257) - 사람 검수 전"
RtbBc9kI6tE.000,RtbBc9kI6tE.000.mp4,RtbBc9kI6tE,,,0.6654,"EMO-AffectNet pseudo-label (teacher=Aff-Wild2, top=Fear 0.27, tension=0.335) - 사람 검수 전"
RuRn2t7iPSc.001,RuRn2t7iPSc.001.mp4,RuRn2t7iPSc,,,0.8569,"EMO-AffectNet pseudo-label (teacher=Aff-Wild2, top=Happiness 0.46, tension=0.143) - 사람 검수 전"
RuRn2t7iPSc.003,RuRn2t7iPSc.003.mp4,RuRn2t7iPSc,,,0.7424,"EMO-AffectNet pseudo-label (teacher=Aff-Wild2, top=Neutral 0.30, tension=0.258) - 사람 검수 전"
Rwsss8y1bf0.001,Rwsss8y1bf0.001.mp4,Rwsss8y1bf0,,,0.6811,"EMO-AffectNet pseudo-label (teacher=Aff-Wild2, top=Neutral 0.24, tension=0.319) - 사람 검수 전"
Rwsss8y1bf0.003,Rwsss8y1bf0.003.mp4,Rwsss8y1bf0,,,0.6826,"EMO-AffectNet pseudo-label (teacher=Aff-Wild2, top=Neutral 0.23, tension=0.317) - 사람 검수 전"
Rwsss8y1bf0.005,Rwsss8y1bf0.005.mp4,Rwsss8y1bf0,,,0.6988,"EMO-AffectNet pseudo-label (teacher=Aff-Wild2, top=Surprise 0.32, tension=0.301) - 사람 검수 전"
S-e9-bW4seo.003,S-e9-bW4seo.003.mp4,S-e9-bW4seo,,,0.7713,"EMO-AffectNet pseudo-label (teacher=Aff-Wild2, top=Neutral 0.30, tension=0.229) - 사람 검수 전"
S-e9-bW4seo.005,S-e9-bW4seo.005.mp4,S-e9-bW4seo,,,0.7878,"EMO-AffectNet pseudo-label (teacher=Aff-Wild2, top=Neutral 0.30, tension=0.212) - 사람 검수 전"
S1AEj1kO5dc.001,S1AEj1kO5dc.001.mp4,S1AEj1kO5dc,,,0.5979,"EMO-AffectNet pseudo-label (teacher=Aff-Wild2, top=Sadness 0.21, tension=0.402) - 사람 검수 전"
S8GxCRs1SbQ.000,S8GxCRs1SbQ.000.mp4,S8GxCRs1SbQ,,,0.7383,"EMO-AffectNet pseudo-label (teacher=Aff-Wild2, top=Neutral 0.41, tension=0.262) - 사람 검수 전"
SBPcIiyUHhE.000,SBPcIiyUHhE.000.mp4,SBPcIiyUHhE,,,0.728,"EMO-AffectNet pseudo-label (teacher=Aff-Wild2, top=Neutral 0.40, tension=0.272) - 사람 검수 전"
SFHklR7lWCA.001,SFHklR7lWCA.001.mp4,SFHklR7lWCA,,,0.744,"EMO-AffectNet pseudo-label (teacher=Aff-Wild2, top=Neutral 0.32, tension=0.256) - 사람 검수 전"
SFRis1tTZWk.005,SFRis1tTZWk.005.mp4,SFRis1tTZWk,,,0.6946,"EMO-AffectNet pseudo-label (teacher=Aff-Wild2, top=Sadness 0.20, tension=0.305) - 사람 검수 전"
SFxiMxHvJuo.002,SFxiMxHvJuo.002.mp4,SFxiMxHvJuo,,,0.7748,"EMO-AffectNet pseudo-label (teacher=Aff-Wild2, top=Neutral 0.26, tension=0.225) - 사람 검수 전"
SGnhyxlbqaE.005,SGnhyxlbqaE.005.mp4,SGnhyxlbqaE,,,0.7539,"EMO-AffectNet pseudo-label (teacher=Aff-Wild2, top=Neutral 0.33, tension=0.246) - 사람 검수 전"
SIpQm4G4DDg.002,SIpQm4G4DDg.002.mp4,SIpQm4G4DDg,,,0.6482,"EMO-AffectNet pseudo-label (teacher=Aff-Wild2, top=Sadness 0.18, tension=0.352) - 사람 검수 전"
SNEoE1c-k64.001,SNEoE1c-k64.001.mp4,SNEoE1c-k64,,,0.763,"EMO-AffectNet pseudo-label (teacher=Aff-Wild2, top=Neutral 0.26, tension=0.237) - 사람 검수 전"
SPD5fXHVyIk.000,SPD5fXHVyIk.000.mp4,SPD5fXHVyIk,,,0.6827,"EMO-AffectNet pseudo-label (teacher=Aff-Wild2, top=Neutral 0.26, tension=0.317) - 사람 검수 전"
SPD5fXHVyIk.005,SPD5fXHVyIk.005.mp4,SPD5fXHVyIk,,,0.69,"EMO-AffectNet pseudo-label (teacher=Aff-Wild2, top=Neutral 0.34, tension=0.310) - 사람 검수 전"
SR1Q5M2urxY.005,SR1Q5M2urxY.005.mp4,SR1Q5M2urxY,,,0.7395,"EMO-AffectNet pseudo-label (teacher=Aff-Wild2, top=Neutral 0.27, tension=0.260) - 사람 검수 전"
SRjhmQTPOmA.000,SRjhmQTPOmA.000.mp4,SRjhmQTPOmA,,,0.68,"EMO-AffectNet pseudo-label (teacher=Aff-Wild2, top=Neutral 0.25, tension=0.320) - 사람 검수 전"
SRjhmQTPOmA.003,SRjhmQTPOmA.003.mp4,SRjhmQTPOmA,,,0.7068,"EMO-AffectNet pseudo-label (teacher=Aff-Wild2, top=Neutral 0.28, tension=0.293) - 사람 검수 전"
SUI6WNryjqw.001,SUI6WNryjqw.001.mp4,SUI6WNryjqw,,,0.7779,"EMO-AffectNet pseudo-label (teacher=Aff-Wild2, top=Happiness 0.31, tension=0.222) - 사람 검수 전"
SUI6WNryjqw.004,SUI6WNryjqw.004.mp4,SUI6WNryjqw,,,0.7439,"EMO-AffectNet pseudo-label (teacher=Aff-Wild2, top=Neutral 0.24, tension=0.256) - 사람 검수 전"
SUI6WNryjqw.005,SUI6WNryjqw.005.mp4,SUI6WNryjqw,,,0.7451,"EMO-AffectNet pseudo-label (teacher=Aff-Wild2, top=Surprise 0.23, tension=0.255) - 사람 검수 전"
SYlV95nPTPs.002,SYlV95nPTPs.002.mp4,SYlV95nPTPs,,,0.7437,"EMO-AffectNet pseudo-label (teacher=Aff-Wild2, top=Neutral 0.29, tension=0.256) - 사람 검수 전"
Sb1b8JMVhLs.001,Sb1b8JMVhLs.001.mp4,Sb1b8JMVhLs,,,0.6395,"EMO-AffectNet pseudo-label (teacher=Aff-Wild2, top=Anger 0.23, tension=0.360) - 사람 검수 전"
Sb1b8JMVhLs.003,Sb1b8JMVhLs.003.mp4,Sb1b8JMVhLs,,,0.676,"EMO-AffectNet pseudo-label (teacher=Aff-Wild2, top=Neutral 0.22, tension=0.324) - 사람 검수 전"
Sdqg-jn_tBk.003,Sdqg-jn_tBk.003.mp4,Sdqg-jn_tBk,,,0.6228,"EMO-AffectNet pseudo-label (teacher=Aff-Wild2, top=Disgust 0.25, tension=0.377) - 사람 검수 전"
Se3Gts4u1vs.001,Se3Gts4u1vs.001.mp4,Se3Gts4u1vs,,,0.7651,"EMO-AffectNet pseudo-label (teacher=Aff-Wild2, top=Surprise 0.31, tension=0.235) - 사람 검수 전"
Se3Gts4u1vs.003,Se3Gts4u1vs.003.mp4,Se3Gts4u1vs,,,0.7336,"EMO-AffectNet pseudo-label (teacher=Aff-Wild2, top=Surprise 0.45, tension=0.266) - 사람 검수 전"
SfldZBPyPFo.000,SfldZBPyPFo.000.mp4,SfldZBPyPFo,,,0.6718,"EMO-AffectNet pseudo-label (teacher=Aff-Wild2, top=Anger 0.23, tension=0.328) - 사람 검수 전"
SgWtBK48AjE.000,SgWtBK48AjE.000.mp4,SgWtBK48AjE,,,0.6707,"EMO-AffectNet pseudo-label (teacher=Aff-Wild2, top=Surprise 0.29, tension=0.329) - 사람 검수 전"
SkNO4x-LSgE.000,SkNO4x-LSgE.000.mp4,SkNO4x-LSgE,,,0.7149,"EMO-AffectNet pseudo-label (teacher=Aff-Wild2, top=Happiness 0.23, tension=0.285) - 사람 검수 전"
SsoZjq7x4MA.003,SsoZjq7x4MA.003.mp4,SsoZjq7x4MA,,,0.7411,"EMO-AffectNet pseudo-label (teacher=Aff-Wild2, top=Happiness 0.23, tension=0.259) - 사람 검수 전"
Ssy7T1T0yKg.003,Ssy7T1T0yKg.003.mp4,Ssy7T1T0yKg,,,0.755,"EMO-AffectNet pseudo-label (teacher=Aff-Wild2, top=Neutral 0.39, tension=0.245) - 사람 검수 전"
T-mK85acIOc.000,T-mK85acIOc.000.mp4,T-mK85acIOc,,,0.8451,"EMO-AffectNet pseudo-label (teacher=Aff-Wild2, top=Happiness 0.51, tension=0.155) - 사람 검수 전"
T1--98_78ns.000,T1--98_78ns.000.mp4,T1--98_78ns,,,0.7152,"EMO-AffectNet pseudo-label (teacher=Aff-Wild2, top=Neutral 0.34, tension=0.285) - 사람 검수 전"
T3v3-2tvV0s.001,T3v3-2tvV0s.001.mp4,T3v3-2tvV0s,,,0.7074,"EMO-AffectNet pseudo-label (teacher=Aff-Wild2, top=Neutral 0.30, tension=0.293) - 사람 검수 전"
T3v3-2tvV0s.002,T3v3-2tvV0s.002.mp4,T3v3-2tvV0s,,,0.7082,"EMO-AffectNet pseudo-label (teacher=Aff-Wild2, top=Neutral 0.32, tension=0.292) - 사람 검수 전"
T3v3-2tvV0s.005,T3v3-2tvV0s.005.mp4,T3v3-2tvV0s,,,0.7171,"EMO-AffectNet pseudo-label (teacher=Aff-Wild2, top=Neutral 0.34, tension=0.283) - 사람 검수 전"
T4eZ81aJwJI.002,T4eZ81aJwJI.002.mp4,T4eZ81aJwJI,,,0.664,"EMO-AffectNet pseudo-label (teacher=Aff-Wild2, top=Neutral 0.24, tension=0.336) - 사람 검수 전"
T6CMGXdPUTA.003,T6CMGXdPUTA.003.mp4,T6CMGXdPUTA,,,0.7866,"EMO-AffectNet pseudo-label (teacher=Aff-Wild2, top=Happiness 0.35, tension=0.213) - 사람 검수 전"
T8ibN-b3h7Y.004,T8ibN-b3h7Y.004.mp4,T8ibN-b3h7Y,,,0.8436,"EMO-AffectNet pseudo-label (teacher=Aff-Wild2, top=Happiness 0.41, tension=0.156) - 사람 검수 전"
TD2jIXMD-SM.004,TD2jIXMD-SM.004.mp4,TD2jIXMD-SM,,,0.7354,"EMO-AffectNet pseudo-label (teacher=Aff-Wild2, top=Neutral 0.24, tension=0.265) - 사람 검수 전"
TEGJrmNFvXY.005,TEGJrmNFvXY.005.mp4,TEGJrmNFvXY,,,0.7171,"EMO-AffectNet pseudo-label (teacher=Aff-Wild2, top=Surprise 0.40, tension=0.283) - 사람 검수 전"
TIRrlL71dEQ.003,TIRrlL71dEQ.003.mp4,TIRrlL71dEQ,,,0.7571,"EMO-AffectNet pseudo-label (teacher=Aff-Wild2, top=Surprise 0.32, tension=0.243) - 사람 검수 전"
TJJJfJfj46M.003,TJJJfJfj46M.003.mp4,TJJJfJfj46M,,,0.7577,"EMO-AffectNet pseudo-label (teacher=Aff-Wild2, top=Happiness 0.26, tension=0.242) - 사람 검수 전"
TK6hBCARiHI.001,TK6hBCARiHI.001.mp4,TK6hBCARiHI,,,0.685,"EMO-AffectNet pseudo-label (teacher=Aff-Wild2, top=Neutral 0.32, tension=0.315) - 사람 검수 전"
TK6hBCARiHI.005,TK6hBCARiHI.005.mp4,TK6hBCARiHI,,,0.6609,"EMO-AffectNet pseudo-label (teacher=Aff-Wild2, top=Sadness 0.29, tension=0.339) - 사람 검수 전"
TNtcyfM9jak.004,TNtcyfM9jak.004.mp4,TNtcyfM9jak,,,0.7004,"EMO-AffectNet pseudo-label (teacher=Aff-Wild2, top=Neutral 0.24, tension=0.300) - 사람 검수 전"
TPRQyuiNYmI.000,TPRQyuiNYmI.000.mp4,TPRQyuiNYmI,,,0.5701,"EMO-AffectNet pseudo-label (teacher=Aff-Wild2, top=Disgust 0.61, tension=0.430) - 사람 검수 전"
TPRQyuiNYmI.003,TPRQyuiNYmI.003.mp4,TPRQyuiNYmI,,,0.6383,"EMO-AffectNet pseudo-label (teacher=Aff-Wild2, top=Disgust 0.44, tension=0.362) - 사람 검수 전"
TPRQyuiNYmI.004,TPRQyuiNYmI.004.mp4,TPRQyuiNYmI,,,0.61,"EMO-AffectNet pseudo-label (teacher=Aff-Wild2, top=Disgust 0.44, tension=0.390) - 사람 검수 전"
TQHzCznQ14Y.001,TQHzCznQ14Y.001.mp4,TQHzCznQ14Y,,,0.873,"EMO-AffectNet pseudo-label (teacher=Aff-Wild2, top=Happiness 0.53, tension=0.127) - 사람 검수 전"
TQHzCznQ14Y.002,TQHzCznQ14Y.002.mp4,TQHzCznQ14Y,,,0.8586,"EMO-AffectNet pseudo-label (teacher=Aff-Wild2, top=Happiness 0.48, tension=0.141) - 사람 검수 전"
TSGpD2NBeCQ.000,TSGpD2NBeCQ.000.mp4,TSGpD2NBeCQ,,,0.8159,"EMO-AffectNet pseudo-label (teacher=Aff-Wild2, top=Happiness 0.27, tension=0.184) - 사람 검수 전"
TSGpD2NBeCQ.001,TSGpD2NBeCQ.001.mp4,TSGpD2NBeCQ,,,0.8282,"EMO-AffectNet pseudo-label (teacher=Aff-Wild2, top=Happiness 0.35, tension=0.172) - 사람 검수 전"
TSGpD2NBeCQ.003,TSGpD2NBeCQ.003.mp4,TSGpD2NBeCQ,,,0.8206,"EMO-AffectNet pseudo-label (teacher=Aff-Wild2, top=Neutral 0.28, tension=0.179) - 사람 검수 전"
TTx4lC7LLcI.002,TTx4lC7LLcI.002.mp4,TTx4lC7LLcI,,,0.7245,"EMO-AffectNet pseudo-label (teacher=Aff-Wild2, top=Neutral 0.30, tension=0.276) - 사람 검수 전"
T_X16g5ExgE.003,T_X16g5ExgE.003.mp4,T_X16g5ExgE,,,0.7422,"EMO-AffectNet pseudo-label (teacher=Aff-Wild2, top=Surprise 0.37, tension=0.258) - 사람 검수 전"
TaTMtWvSmu4.002,TaTMtWvSmu4.002.mp4,TaTMtWvSmu4,,,0.6275,"EMO-AffectNet pseudo-label (teacher=Aff-Wild2, top=Anger 0.19, tension=0.372) - 사람 검수 전"
Tg8a_iNEamM.003,Tg8a_iNEamM.003.mp4,Tg8a_iNEamM,,,0.7985,"EMO-AffectNet pseudo-label (teacher=Aff-Wild2, top=Neutral 0.28, tension=0.202) - 사람 검수 전"
TjdXLXsOnkw.001,TjdXLXsOnkw.001.mp4,TjdXLXsOnkw,,,0.8261,"EMO-AffectNet pseudo-label (teacher=Aff-Wild2, top=Happiness 0.49, tension=0.174) - 사람 검수 전"
TkCDs7NlXyU.002,TkCDs7NlXyU.002.mp4,TkCDs7NlXyU,,,0.8055,"EMO-AffectNet pseudo-label (teacher=Aff-Wild2, top=Happiness 0.39, tension=0.195) - 사람 검수 전"
TmpP2fXeVtk.001,TmpP2fXeVtk.001.mp4,TmpP2fXeVtk,,,0.7857,"EMO-AffectNet pseudo-label (teacher=Aff-Wild2, top=Happiness 0.34, tension=0.214) - 사람 검수 전"
TmpP2fXeVtk.004,TmpP2fXeVtk.004.mp4,TmpP2fXeVtk,,,0.7395,"EMO-AffectNet pseudo-label (teacher=Aff-Wild2, top=Happiness 0.22, tension=0.261) - 사람 검수 전"
TyE0bVJZZto.001,TyE0bVJZZto.001.mp4,TyE0bVJZZto,,,0.7394,"EMO-AffectNet pseudo-label (teacher=Aff-Wild2, top=Surprise 0.26, tension=0.261) - 사람 검수 전"
TzW_VxrCR30.001,TzW_VxrCR30.001.mp4,TzW_VxrCR30,,,0.8286,"EMO-AffectNet pseudo-label (teacher=Aff-Wild2, top=Happiness 0.45, tension=0.171) - 사람 검수 전"
U-XrzfFzMkg.000,U-XrzfFzMkg.000.mp4,U-XrzfFzMkg,,,0.7946,"EMO-AffectNet pseudo-label (teacher=Aff-Wild2, top=Neutral 0.38, tension=0.205) - 사람 검수 전"
U-XrzfFzMkg.003,U-XrzfFzMkg.003.mp4,U-XrzfFzMkg,,,0.7752,"EMO-AffectNet pseudo-label (teacher=Aff-Wild2, top=Neutral 0.52, tension=0.225) - 사람 검수 전"
U22Jy0m5xSQ.002,U22Jy0m5xSQ.002.mp4,U22Jy0m5xSQ,,,0.7776,"EMO-AffectNet pseudo-label (teacher=Aff-Wild2, top=Happiness 0.27, tension=0.222) - 사람 검수 전"
U2RemWUyjts.001,U2RemWUyjts.001.mp4,U2RemWUyjts,,,0.7351,"EMO-AffectNet pseudo-label (teacher=Aff-Wild2, top=Surprise 0.21, tension=0.265) - 사람 검수 전"
U3UaF1aFek4.000,U3UaF1aFek4.000.mp4,U3UaF1aFek4,,,0.6653,"EMO-AffectNet pseudo-label (teacher=Aff-Wild2, top=Fear 0.21, tension=0.335) - 사람 검수 전"
U3UaF1aFek4.004,U3UaF1aFek4.004.mp4,U3UaF1aFek4,,,0.7069,"EMO-AffectNet pseudo-label (teacher=Aff-Wild2, top=Surprise 0.28, tension=0.293) - 사람 검수 전"
U4tSfXq-neQ.005,U4tSfXq-neQ.005.mp4,U4tSfXq-neQ,,,0.6734,"EMO-AffectNet pseudo-label (teacher=Aff-Wild2, top=Neutral 0.26, tension=0.327) - 사람 검수 전"
UA6UY69EVSI.003,UA6UY69EVSI.003.mp4,UA6UY69EVSI,,,0.6629,"EMO-AffectNet pseudo-label (teacher=Aff-Wild2, top=Sadness 0.39, tension=0.337) - 사람 검수 전"
UCKiPkp4ZkA.002,UCKiPkp4ZkA.002.mp4,UCKiPkp4ZkA,,,0.7404,"EMO-AffectNet pseudo-label (teacher=Aff-Wild2, top=Neutral 0.29, tension=0.260) - 사람 검수 전"
UGp1GNK0GWg.001,UGp1GNK0GWg.001.mp4,UGp1GNK0GWg,,,0.7592,"EMO-AffectNet pseudo-label (teacher=Aff-Wild2, top=Neutral 0.32, tension=0.241) - 사람 검수 전"
UGp1GNK0GWg.002,UGp1GNK0GWg.002.mp4,UGp1GNK0GWg,,,0.7716,"EMO-AffectNet pseudo-label (teacher=Aff-Wild2, top=Neutral 0.26, tension=0.228) - 사람 검수 전"
UGsr6Vnqf7I.000,UGsr6Vnqf7I.000.mp4,UGsr6Vnqf7I,,,0.687,"EMO-AffectNet pseudo-label (teacher=Aff-Wild2, top=Neutral 0.23, tension=0.313) - 사람 검수 전"
UMMhvyjgRnM.005,UMMhvyjgRnM.005.mp4,UMMhvyjgRnM,,,0.6819,"EMO-AffectNet pseudo-label (teacher=Aff-Wild2, top=Sadness 0.21, tension=0.318) - 사람 검수 전"
UQeuBvZNusI.005,UQeuBvZNusI.005.mp4,UQeuBvZNusI,,,0.8084,"EMO-AffectNet pseudo-label (teacher=Aff-Wild2, top=Neutral 0.28, tension=0.192) - 사람 검수 전"
US4PxgfKDeA.001,US4PxgfKDeA.001.mp4,US4PxgfKDeA,,,0.7008,"EMO-AffectNet pseudo-label (teacher=Aff-Wild2, top=Surprise 0.23, tension=0.299) - 사람 검수 전"
US4PxgfKDeA.005,US4PxgfKDeA.005.mp4,US4PxgfKDeA,,,0.7745,"EMO-AffectNet pseudo-label (teacher=Aff-Wild2, top=Happiness 0.33, tension=0.225) - 사람 검수 전"
UWVOT3YPQH4.000,UWVOT3YPQH4.000.mp4,UWVOT3YPQH4,,,0.6755,"EMO-AffectNet pseudo-label (teacher=Aff-Wild2, top=Anger 0.27, tension=0.324) - 사람 검수 전"
UhNyHUwo1SY.002,UhNyHUwo1SY.002.mp4,UhNyHUwo1SY,,,0.8356,"EMO-AffectNet pseudo-label (teacher=Aff-Wild2, top=Happiness 0.44, tension=0.164) - 사람 검수 전"
Ui1ajQU5Ib8.002,Ui1ajQU5Ib8.002.mp4,Ui1ajQU5Ib8,,,0.7116,"EMO-AffectNet pseudo-label (teacher=Aff-Wild2, top=Surprise 0.26, tension=0.288) - 사람 검수 전"
Ui1ajQU5Ib8.004,Ui1ajQU5Ib8.004.mp4,Ui1ajQU5Ib8,,,0.7697,"EMO-AffectNet pseudo-label (teacher=Aff-Wild2, top=Surprise 0.29, tension=0.230) - 사람 검수 전"
UipoC_HLOP0.000,UipoC_HLOP0.000.mp4,UipoC_HLOP0,,,0.6949,"EMO-AffectNet pseudo-label (teacher=Aff-Wild2, top=Surprise 0.21, tension=0.305) - 사람 검수 전"
UzgW75Fd4jU.000,UzgW75Fd4jU.000.mp4,UzgW75Fd4jU,,,0.7583,"EMO-AffectNet pseudo-label (teacher=Aff-Wild2, top=Neutral 0.24, tension=0.242) - 사람 검수 전"
V1TjmLtgNm0.003,V1TjmLtgNm0.003.mp4,V1TjmLtgNm0,,,0.877,"EMO-AffectNet pseudo-label (teacher=Aff-Wild2, top=Happiness 0.64, tension=0.123) - 사람 검수 전"
V1TjmLtgNm0.004,V1TjmLtgNm0.004.mp4,V1TjmLtgNm0,,,0.7794,"EMO-AffectNet pseudo-label (teacher=Aff-Wild2, top=Happiness 0.29, tension=0.221) - 사람 검수 전"
V2nvyZB-JNM.000,V2nvyZB-JNM.000.mp4,V2nvyZB-JNM,,,0.718,"EMO-AffectNet pseudo-label (teacher=Aff-Wild2, top=Happiness 0.29, tension=0.282) - 사람 검수 전"
V7_h3URfSFY.001,V7_h3URfSFY.001.mp4,V7_h3URfSFY,,,0.6685,"EMO-AffectNet pseudo-label (teacher=Aff-Wild2, top=Fear 0.25, tension=0.331) - 사람 검수 전"
V8w2Lo5wxl8.005,V8w2Lo5wxl8.005.mp4,V8w2Lo5wxl8,,,0.7434,"EMO-AffectNet pseudo-label (teacher=Aff-Wild2, top=Neutral 0.45, tension=0.257) - 사람 검수 전"
V9roK_mLM-w.001,V9roK_mLM-w.001.mp4,V9roK_mLM-w,,,0.7587,"EMO-AffectNet pseudo-label (teacher=Aff-Wild2, top=Surprise 0.44, tension=0.241) - 사람 검수 전"
VForU0EmBr0.002,VForU0EmBr0.002.mp4,VForU0EmBr0,,,0.7126,"EMO-AffectNet pseudo-label (teacher=Aff-Wild2, top=Surprise 0.27, tension=0.287) - 사람 검수 전"
VJf0lkXcy2A.000,VJf0lkXcy2A.000.mp4,VJf0lkXcy2A,,,0.8165,"EMO-AffectNet pseudo-label (teacher=Aff-Wild2, top=Neutral 0.36, tension=0.183) - 사람 검수 전"
VJuVsi6G96s.005,VJuVsi6G96s.005.mp4,VJuVsi6G96s,,,0.8112,"EMO-AffectNet pseudo-label (teacher=Aff-Wild2, top=Happiness 0.29, tension=0.189) - 사람 검수 전"
VNK6LQHh25w.003,VNK6LQHh25w.003.mp4,VNK6LQHh25w,,,0.7872,"EMO-AffectNet pseudo-label (teacher=Aff-Wild2, top=Surprise 0.29, tension=0.213) - 사람 검수 전"
VPFrKx72gvo.000,VPFrKx72gvo.000.mp4,VPFrKx72gvo,,,0.7292,"EMO-AffectNet pseudo-label (teacher=Aff-Wild2, top=Neutral 0.39, tension=0.271) - 사람 검수 전"
VQMizni7nY0.002,VQMizni7nY0.002.mp4,VQMizni7nY0,,,0.7933,"EMO-AffectNet pseudo-label (teacher=Aff-Wild2, top=Happiness 0.25, tension=0.207) - 사람 검수 전"
VQMizni7nY0.004,VQMizni7nY0.004.mp4,VQMizni7nY0,,,0.7556,"EMO-AffectNet pseudo-label (teacher=Aff-Wild2, top=Neutral 0.36, tension=0.244) - 사람 검수 전"
VQMizni7nY0.005,VQMizni7nY0.005.mp4,VQMizni7nY0,,,0.8321,"EMO-AffectNet pseudo-label (teacher=Aff-Wild2, top=Happiness 0.39, tension=0.168) - 사람 검수 전"
VUgKH9DIs-8.004,VUgKH9DIs-8.004.mp4,VUgKH9DIs-8,,,0.6893,"EMO-AffectNet pseudo-label (teacher=Aff-Wild2, top=Neutral 0.34, tension=0.311) - 사람 검수 전"
VZ6jhnbk-5g.000,VZ6jhnbk-5g.000.mp4,VZ6jhnbk-5g,,,0.8644,"EMO-AffectNet pseudo-label (teacher=Aff-Wild2, top=Happiness 0.62, tension=0.136) - 사람 검수 전"
VbiUhNAdzus.001,VbiUhNAdzus.001.mp4,VbiUhNAdzus,,,0.7149,"EMO-AffectNet pseudo-label (teacher=Aff-Wild2, top=Neutral 0.28, tension=0.285) - 사람 검수 전"
VbiUhNAdzus.004,VbiUhNAdzus.004.mp4,VbiUhNAdzus,,,0.7516,"EMO-AffectNet pseudo-label (teacher=Aff-Wild2, top=Neutral 0.36, tension=0.248) - 사람 검수 전"
VhHnmeRABJw.001,VhHnmeRABJw.001.mp4,VhHnmeRABJw,,,0.6842,"EMO-AffectNet pseudo-label (teacher=Aff-Wild2, top=Happiness 0.19, tension=0.316) - 사람 검수 전"
Vimaz7NzPIg.000,Vimaz7NzPIg.000.mp4,Vimaz7NzPIg,,,0.7318,"EMO-AffectNet pseudo-label (teacher=Aff-Wild2, top=Surprise 0.19, tension=0.268) - 사람 검수 전"
Vj-Cmtqv_qY.000,Vj-Cmtqv_qY.000.mp4,Vj-Cmtqv_qY,,,0.7432,"EMO-AffectNet pseudo-label (teacher=Aff-Wild2, top=Surprise 0.25, tension=0.257) - 사람 검수 전"
Vk3scj5vhd4.002,Vk3scj5vhd4.002.mp4,Vk3scj5vhd4,,,0.7166,"EMO-AffectNet pseudo-label (teacher=Aff-Wild2, top=Neutral 0.39, tension=0.283) - 사람 검수 전"
VmXZ2jMWuvk.000,VmXZ2jMWuvk.000.mp4,VmXZ2jMWuvk,,,0.6722,"EMO-AffectNet pseudo-label (teacher=Aff-Wild2, top=Fear 0.27, tension=0.328) - 사람 검수 전"
VmXZ2jMWuvk.002,VmXZ2jMWuvk.002.mp4,VmXZ2jMWuvk,,,0.6647,"EMO-AffectNet pseudo-label (teacher=Aff-Wild2, top=Fear 0.26, tension=0.335) - 사람 검수 전"
VmXZ2jMWuvk.003,VmXZ2jMWuvk.003.mp4,VmXZ2jMWuvk,,,0.6585,"EMO-AffectNet pseudo-label (teacher=Aff-Wild2, top=Fear 0.28, tension=0.342) - 사람 검수 전"
VmyIItgMzpE.000,VmyIItgMzpE.000.mp4,VmyIItgMzpE,,,0.7471,"EMO-AffectNet pseudo-label (teacher=Aff-Wild2, top=Neutral 0.24, tension=0.253) - 사람 검수 전"
VnUkBYQkJms.001,VnUkBYQkJms.001.mp4,VnUkBYQkJms,,,0.7886,"EMO-AffectNet pseudo-label (teacher=Aff-Wild2, top=Neutral 0.26, tension=0.211) - 사람 검수 전"
VqKQeFMo0pI.001,VqKQeFMo0pI.001.mp4,VqKQeFMo0pI,,,0.6655,"EMO-AffectNet pseudo-label (teacher=Aff-Wild2, top=Sadness 0.29, tension=0.335) - 사람 검수 전"
VuadgOz6T7s.003,VuadgOz6T7s.003.mp4,VuadgOz6T7s,,,0.7644,"EMO-AffectNet pseudo-label (teacher=Aff-Wild2, top=Happiness 0.39, tension=0.236) - 사람 검수 전"
VugKq4gOi50.001,VugKq4gOi50.001.mp4,VugKq4gOi50,,,0.731,"EMO-AffectNet pseudo-label (teacher=Aff-Wild2, top=Happiness 0.30, tension=0.269) - 사람 검수 전"
VugKq4gOi50.002,VugKq4gOi50.002.mp4,VugKq4gOi50,,,0.6428,"EMO-AffectNet pseudo-label (teacher=Aff-Wild2, top=Sadness 0.29, tension=0.357) - 사람 검수 전"
VugKq4gOi50.003,VugKq4gOi50.003.mp4,VugKq4gOi50,,,0.7495,"EMO-AffectNet pseudo-label (teacher=Aff-Wild2, top=Happiness 0.42, tension=0.250) - 사람 검수 전"
VvVigAr4hZc.001,VvVigAr4hZc.001.mp4,VvVigAr4hZc,,,0.8346,"EMO-AffectNet pseudo-label (teacher=Aff-Wild2, top=Happiness 0.50, tension=0.165) - 사람 검수 전"
VxtZDXM0cuQ.004,VxtZDXM0cuQ.004.mp4,VxtZDXM0cuQ,,,0.6182,"EMO-AffectNet pseudo-label (teacher=Aff-Wild2, top=Sadness 0.20, tension=0.382) - 사람 검수 전"
Vy-Lr_iM5qo.004,Vy-Lr_iM5qo.004.mp4,Vy-Lr_iM5qo,,,0.8828,"EMO-AffectNet pseudo-label (teacher=Aff-Wild2, top=Happiness 0.63, tension=0.117) - 사람 검수 전"
Vyktsh14Kww.003,Vyktsh14Kww.003.mp4,Vyktsh14Kww,,,0.7937,"EMO-AffectNet pseudo-label (teacher=Aff-Wild2, top=Surprise 0.35, tension=0.206) - 사람 검수 전"
W0Ay5uul8j0.005,W0Ay5uul8j0.005.mp4,W0Ay5uul8j0,,,0.7577,"EMO-AffectNet pseudo-label (teacher=Aff-Wild2, top=Neutral 0.29, tension=0.242) - 사람 검수 전"
W0FCCk0a0tg.002,W0FCCk0a0tg.002.mp4,W0FCCk0a0tg,,,0.6617,"EMO-AffectNet pseudo-label (teacher=Aff-Wild2, top=Neutral 0.27, tension=0.338) - 사람 검수 전"
W0LRjSS9pVM.005,W0LRjSS9pVM.005.mp4,W0LRjSS9pVM,,,0.7911,"EMO-AffectNet pseudo-label (teacher=Aff-Wild2, top=Neutral 0.31, tension=0.209) - 사람 검수 전"
W7BbL3NZvrU.003,W7BbL3NZvrU.003.mp4,W7BbL3NZvrU,,,0.6401,"EMO-AffectNet pseudo-label (teacher=Aff-Wild2, top=Sadness 0.42, tension=0.360) - 사람 검수 전"
WATt9OOVZh8.005,WATt9OOVZh8.005.mp4,WATt9OOVZh8,,,0.762,"EMO-AffectNet pseudo-label (teacher=Aff-Wild2, top=Happiness 0.28, tension=0.238) - 사람 검수 전"
WD1WsbooU2w.000,WD1WsbooU2w.000.mp4,WD1WsbooU2w,,,0.7399,"EMO-AffectNet pseudo-label (teacher=Aff-Wild2, top=Neutral 0.36, tension=0.260) - 사람 검수 전"
WD1WsbooU2w.003,WD1WsbooU2w.003.mp4,WD1WsbooU2w,,,0.7184,"EMO-AffectNet pseudo-label (teacher=Aff-Wild2, top=Neutral 0.37, tension=0.282) - 사람 검수 전"
WD1WsbooU2w.005,WD1WsbooU2w.005.mp4,WD1WsbooU2w,,,0.7277,"EMO-AffectNet pseudo-label (teacher=Aff-Wild2, top=Neutral 0.39, tension=0.272) - 사람 검수 전"
WER4ww680QQ.000,WER4ww680QQ.000.mp4,WER4ww680QQ,,,0.7398,"EMO-AffectNet pseudo-label (teacher=Aff-Wild2, top=Neutral 0.26, tension=0.260) - 사람 검수 전"
WER4ww680QQ.002,WER4ww680QQ.002.mp4,WER4ww680QQ,,,0.7982,"EMO-AffectNet pseudo-label (teacher=Aff-Wild2, top=Happiness 0.35, tension=0.202) - 사람 검수 전"
WER4ww680QQ.004,WER4ww680QQ.004.mp4,WER4ww680QQ,,,0.8035,"EMO-AffectNet pseudo-label (teacher=Aff-Wild2, top=Happiness 0.35, tension=0.197) - 사람 검수 전"
WFY3xwXQ0Zw.003,WFY3xwXQ0Zw.003.mp4,WFY3xwXQ0Zw,,,0.7748,"EMO-AffectNet pseudo-label (teacher=Aff-Wild2, top=Happiness 0.31, tension=0.225) - 사람 검수 전"
WMp0lsXbOqM.001,WMp0lsXbOqM.001.mp4,WMp0lsXbOqM,,,0.6629,"EMO-AffectNet pseudo-label (teacher=Aff-Wild2, top=Anger 0.23, tension=0.337) - 사람 검수 전"
WRz1F6DqmRQ.001,WRz1F6DqmRQ.001.mp4,WRz1F6DqmRQ,,,0.6799,"EMO-AffectNet pseudo-label (teacher=Aff-Wild2, top=Sadness 0.23, tension=0.320) - 사람 검수 전"
WT1YjeADatU.004,WT1YjeADatU.004.mp4,WT1YjeADatU,,,0.7138,"EMO-AffectNet pseudo-label (teacher=Aff-Wild2, top=Neutral 0.26, tension=0.286) - 사람 검수 전"
WTzDOt2GO1M.000,WTzDOt2GO1M.000.mp4,WTzDOt2GO1M,,,0.729,"EMO-AffectNet pseudo-label (teacher=Aff-Wild2, top=Neutral 0.32, tension=0.271) - 사람 검수 전"
WTzDOt2GO1M.001,WTzDOt2GO1M.001.mp4,WTzDOt2GO1M,,,0.7204,"EMO-AffectNet pseudo-label (teacher=Aff-Wild2, top=Neutral 0.30, tension=0.280) - 사람 검수 전"
WTzDOt2GO1M.003,WTzDOt2GO1M.003.mp4,WTzDOt2GO1M,,,0.7491,"EMO-AffectNet pseudo-label (teacher=Aff-Wild2, top=Surprise 0.23, tension=0.251) - 사람 검수 전"
WUNXs4r_xCU.005,WUNXs4r_xCU.005.mp4,WUNXs4r_xCU,,,0.72,"EMO-AffectNet pseudo-label (teacher=Aff-Wild2, top=Surprise 0.30, tension=0.280) - 사람 검수 전"
WZnLayQeIZ0.001,WZnLayQeIZ0.001.mp4,WZnLayQeIZ0,,,0.9219,"EMO-AffectNet pseudo-label (teacher=Aff-Wild2, top=Happiness 0.75, tension=0.078) - 사람 검수 전"
WZnLayQeIZ0.002,WZnLayQeIZ0.002.mp4,WZnLayQeIZ0,,,0.9359,"EMO-AffectNet pseudo-label (teacher=Aff-Wild2, top=Happiness 0.79, tension=0.064) - 사람 검수 전"
WZnLayQeIZ0.003,WZnLayQeIZ0.003.mp4,WZnLayQeIZ0,,,0.878,"EMO-AffectNet pseudo-label (teacher=Aff-Wild2, top=Happiness 0.62, tension=0.122) - 사람 검수 전"
WfCSCxADlrg.000,WfCSCxADlrg.000.mp4,WfCSCxADlrg,,,0.6864,"EMO-AffectNet pseudo-label (teacher=Aff-Wild2, top=Anger 0.21, tension=0.314) - 사람 검수 전"
WfCSCxADlrg.001,WfCSCxADlrg.001.mp4,WfCSCxADlrg,,,0.6926,"EMO-AffectNet pseudo-label (teacher=Aff-Wild2, top=Neutral 0.22, tension=0.307) - 사람 검수 전"
WfCSCxADlrg.003,WfCSCxADlrg.003.mp4,WfCSCxADlrg,,,0.6927,"EMO-AffectNet pseudo-label (teacher=Aff-Wild2, top=Neutral 0.24, tension=0.307) - 사람 검수 전"
WuHLxhCSnGs.000,WuHLxhCSnGs.000.mp4,WuHLxhCSnGs,,,0.7603,"EMO-AffectNet pseudo-label (teacher=Aff-Wild2, top=Neutral 0.26, tension=0.240) - 사람 검수 전"
WuIKjBb7s4Q.001,WuIKjBb7s4Q.001.mp4,WuIKjBb7s4Q,,,0.6535,"EMO-AffectNet pseudo-label (teacher=Aff-Wild2, top=Anger 0.24, tension=0.346) - 사람 검수 전"
WuoQDp7pU24.000,WuoQDp7pU24.000.mp4,WuoQDp7pU24,,,0.8857,"EMO-AffectNet pseudo-label (teacher=Aff-Wild2, top=Happiness 0.65, tension=0.114) - 사람 검수 전"
WuoQDp7pU24.004,WuoQDp7pU24.004.mp4,WuoQDp7pU24,,,0.8825,"EMO-AffectNet pseudo-label (teacher=Aff-Wild2, top=Happiness 0.63, tension=0.117) - 사람 검수 전"
WwGca41TJVU.001,WwGca41TJVU.001.mp4,WwGca41TJVU,,,0.7799,"EMO-AffectNet pseudo-label (teacher=Aff-Wild2, top=Neutral 0.33, tension=0.220) - 사람 검수 전"
WwmWN63mkT4.000,WwmWN63mkT4.000.mp4,WwmWN63mkT4,,,0.7864,"EMO-AffectNet pseudo-label (teacher=Aff-Wild2, top=Surprise 0.35, tension=0.214) - 사람 검수 전"
Wx_oe0SxD9w.004,Wx_oe0SxD9w.004.mp4,Wx_oe0SxD9w,,,0.8094,"EMO-AffectNet pseudo-label (teacher=Aff-Wild2, top=Happiness 0.45, tension=0.191) - 사람 검수 전"
Wx_oe0SxD9w.005,Wx_oe0SxD9w.005.mp4,Wx_oe0SxD9w,,,0.875,"EMO-AffectNet pseudo-label (teacher=Aff-Wild2, top=Happiness 0.60, tension=0.125) - 사람 검수 전"
WyLqK6wzYLU.004,WyLqK6wzYLU.004.mp4,WyLqK6wzYLU,,,0.6995,"EMO-AffectNet pseudo-label (teacher=Aff-Wild2, top=Neutral 0.20, tension=0.301) - 사람 검수 전"
X1EjfXX3NTk.001,X1EjfXX3NTk.001.mp4,X1EjfXX3NTk,,,0.7346,"EMO-AffectNet pseudo-label (teacher=Aff-Wild2, top=Neutral 0.30, tension=0.265) - 사람 검수 전"
X1EjfXX3NTk.002,X1EjfXX3NTk.002.mp4,X1EjfXX3NTk,,,0.8209,"EMO-AffectNet pseudo-label (teacher=Aff-Wild2, top=Happiness 0.46, tension=0.179) - 사람 검수 전"
X1kqn3XDFRw.000,X1kqn3XDFRw.000.mp4,X1kqn3XDFRw,,,0.7567,"EMO-AffectNet pseudo-label (teacher=Aff-Wild2, top=Neutral 0.25, tension=0.243) - 사람 검수 전"
X5aKCrWf6a4.004,X5aKCrWf6a4.004.mp4,X5aKCrWf6a4,,,0.7089,"EMO-AffectNet pseudo-label (teacher=Aff-Wild2, top=Neutral 0.30, tension=0.291) - 사람 검수 전"
X9AEEGzWSU8.004,X9AEEGzWSU8.004.mp4,X9AEEGzWSU8,,,0.7153,"EMO-AffectNet pseudo-label (teacher=Aff-Wild2, top=Neutral 0.40, tension=0.285) - 사람 검수 전"
XAO4l8Ej-J8.001,XAO4l8Ej-J8.001.mp4,XAO4l8Ej-J8,,,0.75,"EMO-AffectNet pseudo-label (teacher=Aff-Wild2, top=Neutral 0.26, tension=0.250) - 사람 검수 전"
XB81sertsYU.004,XB81sertsYU.004.mp4,XB81sertsYU,,,0.74,"EMO-AffectNet pseudo-label (teacher=Aff-Wild2, top=Neutral 0.27, tension=0.260) - 사람 검수 전"
XDwSKV_-Rhc.000,XDwSKV_-Rhc.000.mp4,XDwSKV_-Rhc,,,0.7781,"EMO-AffectNet pseudo-label (teacher=Aff-Wild2, top=Surprise 0.28, tension=0.222) - 사람 검수 전"
XFpzukISe6s.001,XFpzukISe6s.001.mp4,XFpzukISe6s,,,0.7052,"EMO-AffectNet pseudo-label (teacher=Aff-Wild2, top=Neutral 0.21, tension=0.295) - 사람 검수 전"
XH4rem3vS9w.003,XH4rem3vS9w.003.mp4,XH4rem3vS9w,,,0.6195,"EMO-AffectNet pseudo-label (teacher=Aff-Wild2, top=Sadness 0.38, tension=0.381) - 사람 검수 전"
XLKNGnpTO9k.004,XLKNGnpTO9k.004.mp4,XLKNGnpTO9k,,,0.7485,"EMO-AffectNet pseudo-label (teacher=Aff-Wild2, top=Neutral 0.39, tension=0.251) - 사람 검수 전"
XNWN7ScxVIA.000,XNWN7ScxVIA.000.mp4,XNWN7ScxVIA,,,0.8533,"EMO-AffectNet pseudo-label (teacher=Aff-Wild2, top=Happiness 0.49, tension=0.147) - 사람 검수 전"
XPV4pavXh94.000,XPV4pavXh94.000.mp4,XPV4pavXh94,,,0.8918,"EMO-AffectNet pseudo-label (teacher=Aff-Wild2, top=Happiness 0.67, tension=0.108) - 사람 검수 전"
XQ3do4LDFv8.002,XQ3do4LDFv8.002.mp4,XQ3do4LDFv8,,,0.7677,"EMO-AffectNet pseudo-label (teacher=Aff-Wild2, top=Happiness 0.41, tension=0.232) - 사람 검수 전"
XQZ5M9oLkXw.000,XQZ5M9oLkXw.000.mp4,XQZ5M9oLkXw,,,0.7684,"EMO-AffectNet pseudo-label (teacher=Aff-Wild2, top=Happiness 0.24, tension=0.232) - 사람 검수 전"
XQZ5M9oLkXw.004,XQZ5M9oLkXw.004.mp4,XQZ5M9oLkXw,,,0.8678,"EMO-AffectNet pseudo-label (teacher=Aff-Wild2, top=Happiness 0.59, tension=0.132) - 사람 검수 전"
XRoSKIIFp9c.000,XRoSKIIFp9c.000.mp4,XRoSKIIFp9c,,,0.667,"EMO-AffectNet pseudo-label (teacher=Aff-Wild2, top=Neutral 0.30, tension=0.333) - 사람 검수 전"
XRoSKIIFp9c.001,XRoSKIIFp9c.001.mp4,XRoSKIIFp9c,,,0.6637,"EMO-AffectNet pseudo-label (teacher=Aff-Wild2, top=Neutral 0.29, tension=0.336) - 사람 검수 전"
XakgMBMmtMQ.003,XakgMBMmtMQ.003.mp4,XakgMBMmtMQ,,,0.7045,"EMO-AffectNet pseudo-label (teacher=Aff-Wild2, top=Sadness 0.24, tension=0.295) - 사람 검수 전"
Xauhek9-iKA.000,Xauhek9-iKA.000.mp4,Xauhek9-iKA,,,0.7705,"EMO-AffectNet pseudo-label (teacher=Aff-Wild2, top=Happiness 0.33, tension=0.230) - 사람 검수 전"
Xauhek9-iKA.005,Xauhek9-iKA.005.mp4,Xauhek9-iKA,,,0.8297,"EMO-AffectNet pseudo-label (teacher=Aff-Wild2, top=Happiness 0.45, tension=0.170) - 사람 검수 전"
XbsA_lCKQLs.000,XbsA_lCKQLs.000.mp4,XbsA_lCKQLs,,,0.6805,"EMO-AffectNet pseudo-label (teacher=Aff-Wild2, top=Neutral 0.32, tension=0.320) - 사람 검수 전"
XbsA_lCKQLs.005,XbsA_lCKQLs.005.mp4,XbsA_lCKQLs,,,0.693,"EMO-AffectNet pseudo-label (teacher=Aff-Wild2, top=Neutral 0.35, tension=0.307) - 사람 검수 전"
XfK7WZ3skUM.002,XfK7WZ3skUM.002.mp4,XfK7WZ3skUM,,,0.7274,"EMO-AffectNet pseudo-label (teacher=Aff-Wild2, top=Anger 0.29, tension=0.273) - 사람 검수 전"
XfUqFt2amrM.001,XfUqFt2amrM.001.mp4,XfUqFt2amrM,,,0.7734,"EMO-AffectNet pseudo-label (teacher=Aff-Wild2, top=Neutral 0.34, tension=0.227) - 사람 검수 전"
XhgDsQlEnuU.005,XhgDsQlEnuU.005.mp4,XhgDsQlEnuU,,,0.7305,"EMO-AffectNet pseudo-label (teacher=Aff-Wild2, top=Neutral 0.29, tension=0.269) - 사람 검수 전"
XndWJ1ieKwY.000,XndWJ1ieKwY.000.mp4,XndWJ1ieKwY,,,0.5821,"EMO-AffectNet pseudo-label (teacher=Aff-Wild2, top=Disgust 0.32, tension=0.418) - 사람 검수 전"
XoyQKsK7OtA.001,XoyQKsK7OtA.001.mp4,XoyQKsK7OtA,,,0.7678,"EMO-AffectNet pseudo-label (teacher=Aff-Wild2, top=Happiness 0.26, tension=0.232) - 사람 검수 전"
XpY-cxkbYdo.005,XpY-cxkbYdo.005.mp4,XpY-cxkbYdo,,,0.7643,"EMO-AffectNet pseudo-label (teacher=Aff-Wild2, top=Neutral 0.37, tension=0.236) - 사람 검수 전"
XtI2ju2a8iM.003,XtI2ju2a8iM.003.mp4,XtI2ju2a8iM,,,0.7401,"EMO-AffectNet pseudo-label (teacher=Aff-Wild2, top=Anger 0.21, tension=0.260) - 사람 검수 전"
XuXhY_SCkNI.005,XuXhY_SCkNI.005.mp4,XuXhY_SCkNI,,,0.7447,"EMO-AffectNet pseudo-label (teacher=Aff-Wild2, top=Happiness 0.25, tension=0.255) - 사람 검수 전"
XvV4YdhpC2w.000,XvV4YdhpC2w.000.mp4,XvV4YdhpC2w,,,0.7317,"EMO-AffectNet pseudo-label (teacher=Aff-Wild2, top=Neutral 0.30, tension=0.268) - 사람 검수 전"
XvV4YdhpC2w.003,XvV4YdhpC2w.003.mp4,XvV4YdhpC2w,,,0.7021,"EMO-AffectNet pseudo-label (teacher=Aff-Wild2, top=Neutral 0.23, tension=0.298) - 사람 검수 전"
XvV4YdhpC2w.005,XvV4YdhpC2w.005.mp4,XvV4YdhpC2w,,,0.7428,"EMO-AffectNet pseudo-label (teacher=Aff-Wild2, top=Neutral 0.26, tension=0.257) - 사람 검수 전"
Y-YdRocu0os.002,Y-YdRocu0os.002.mp4,Y-YdRocu0os,,,0.77,"EMO-AffectNet pseudo-label (teacher=Aff-Wild2, top=Surprise 0.32, tension=0.230) - 사람 검수 전"
Y-_JeJoCjUo.004,Y-_JeJoCjUo.004.mp4,Y-_JeJoCjUo,,,0.7295,"EMO-AffectNet pseudo-label (teacher=Aff-Wild2, top=Neutral 0.31, tension=0.270) - 사람 검수 전"
Y1LrgyCJtpU.004,Y1LrgyCJtpU.004.mp4,Y1LrgyCJtpU,,,0.7337,"EMO-AffectNet pseudo-label (teacher=Aff-Wild2, top=Neutral 0.34, tension=0.266) - 사람 검수 전"
Y6iogSmj6FQ.000,Y6iogSmj6FQ.000.mp4,Y6iogSmj6FQ,,,0.8648,"EMO-AffectNet pseudo-label (teacher=Aff-Wild2, top=Happiness 0.54, tension=0.135) - 사람 검수 전"
Y6iogSmj6FQ.004,Y6iogSmj6FQ.004.mp4,Y6iogSmj6FQ,,,0.8948,"EMO-AffectNet pseudo-label (teacher=Aff-Wild2, top=Happiness 0.65, tension=0.105) - 사람 검수 전"
Y8gv_ZK3w4A.001,Y8gv_ZK3w4A.001.mp4,Y8gv_ZK3w4A,,,0.7241,"EMO-AffectNet pseudo-label (teacher=Aff-Wild2, top=Neutral 0.32, tension=0.276) - 사람 검수 전"
Y9wnqLKhNNI.002,Y9wnqLKhNNI.002.mp4,Y9wnqLKhNNI,,,0.7869,"EMO-AffectNet pseudo-label (teacher=Aff-Wild2, top=Happiness 0.32, tension=0.213) - 사람 검수 전"
YGrCXe2-fVk.005,YGrCXe2-fVk.005.mp4,YGrCXe2-fVk,,,0.7716,"EMO-AffectNet pseudo-label (teacher=Aff-Wild2, top=Surprise 0.26, tension=0.228) - 사람 검수 전"
YHpEi96AY9w.005,YHpEi96AY9w.005.mp4,YHpEi96AY9w,,,0.6948,"EMO-AffectNet pseudo-label (teacher=Aff-Wild2, top=Neutral 0.28, tension=0.305) - 사람 검수 전"
YN0Xd70SqEo.000,YN0Xd70SqEo.000.mp4,YN0Xd70SqEo,,,0.7567,"EMO-AffectNet pseudo-label (teacher=Aff-Wild2, top=Neutral 0.31, tension=0.243) - 사람 검수 전"
YNlhBpVk1tw.003,YNlhBpVk1tw.003.mp4,YNlhBpVk1tw,,,0.7373,"EMO-AffectNet pseudo-label (teacher=Aff-Wild2, top=Neutral 0.35, tension=0.263) - 사람 검수 전"
YOdKAtXbOoQ.000,YOdKAtXbOoQ.000.mp4,YOdKAtXbOoQ,,,0.8054,"EMO-AffectNet pseudo-label (teacher=Aff-Wild2, top=Neutral 0.33, tension=0.195) - 사람 검수 전"
YP7N98ECZaI.000,YP7N98ECZaI.000.mp4,YP7N98ECZaI,,,0.8123,"EMO-AffectNet pseudo-label (teacher=Aff-Wild2, top=Happiness 0.38, tension=0.188) - 사람 검수 전"
YPMffqhP0C8.003,YPMffqhP0C8.003.mp4,YPMffqhP0C8,,,0.8168,"EMO-AffectNet pseudo-label (teacher=Aff-Wild2, top=Neutral 0.33, tension=0.183) - 사람 검수 전"
YPnuq0tDDqk.001,YPnuq0tDDqk.001.mp4,YPnuq0tDDqk,,,0.7752,"EMO-AffectNet pseudo-label (teacher=Aff-Wild2, top=Happiness 0.34, tension=0.225) - 사람 검수 전"
YPnuq0tDDqk.005,YPnuq0tDDqk.005.mp4,YPnuq0tDDqk,,,0.7938,"EMO-AffectNet pseudo-label (teacher=Aff-Wild2, top=Happiness 0.37, tension=0.206) - 사람 검수 전"
YSqiT8g7SYM.002,YSqiT8g7SYM.002.mp4,YSqiT8g7SYM,,,0.6822,"EMO-AffectNet pseudo-label (teacher=Aff-Wild2, top=Anger 0.23, tension=0.318) - 사람 검수 전"
YZp79VcnY0w.005,YZp79VcnY0w.005.mp4,YZp79VcnY0w,,,0.6004,"EMO-AffectNet pseudo-label (teacher=Aff-Wild2, top=Sadness 0.42, tension=0.400) - 사람 검수 전"
YbdJd16c3eo.002,YbdJd16c3eo.002.mp4,YbdJd16c3eo,,,0.615,"EMO-AffectNet pseudo-label (teacher=Aff-Wild2, top=Sadness 0.37, tension=0.385) - 사람 검수 전"
YbxdeEd7wq4.000,YbxdeEd7wq4.000.mp4,YbxdeEd7wq4,,,0.828,"EMO-AffectNet pseudo-label (teacher=Aff-Wild2, top=Happiness 0.49, tension=0.172) - 사람 검수 전"
YdxS3f4HXaA.001,YdxS3f4HXaA.001.mp4,YdxS3f4HXaA,,,0.7313,"EMO-AffectNet pseudo-label (teacher=Aff-Wild2, top=Neutral 0.26, tension=0.269) - 사람 검수 전"
YdxS3f4HXaA.002,YdxS3f4HXaA.002.mp4,YdxS3f4HXaA,,,0.7545,"EMO-AffectNet pseudo-label (teacher=Aff-Wild2, top=Neutral 0.27, tension=0.246) - 사람 검수 전"
YdxS3f4HXaA.003,YdxS3f4HXaA.003.mp4,YdxS3f4HXaA,,,0.7403,"EMO-AffectNet pseudo-label (teacher=Aff-Wild2, top=Neutral 0.27, tension=0.260) - 사람 검수 전"
YdxS3f4HXaA.004,YdxS3f4HXaA.004.mp4,YdxS3f4HXaA,,,0.7489,"EMO-AffectNet pseudo-label (teacher=Aff-Wild2, top=Neutral 0.36, tension=0.251) - 사람 검수 전"
Yj36y7ELRZE.003,Yj36y7ELRZE.003.mp4,Yj36y7ELRZE,,,0.7707,"EMO-AffectNet pseudo-label (teacher=Aff-Wild2, top=Neutral 0.43, tension=0.229) - 사람 검수 전"
YjXUMygVw7U.004,YjXUMygVw7U.004.mp4,YjXUMygVw7U,,,0.6655,"EMO-AffectNet pseudo-label (teacher=Aff-Wild2, top=Sadness 0.32, tension=0.334) - 사람 검수 전"
YocrYFLm4CM.005,YocrYFLm4CM.005.mp4,YocrYFLm4CM,,,0.7066,"EMO-AffectNet pseudo-label (teacher=Aff-Wild2, top=Neutral 0.26, tension=0.293) - 사람 검수 전"
YqgiL3iN2ak.000,YqgiL3iN2ak.000.mp4,YqgiL3iN2ak,,,0.6336,"EMO-AffectNet pseudo-label (teacher=Aff-Wild2, top=Anger 0.24, tension=0.366) - 사람 검수 전"
YryBLVZgJj0.004,YryBLVZgJj0.004.mp4,YryBLVZgJj0,,,0.7581,"EMO-AffectNet pseudo-label (teacher=Aff-Wild2, top=Neutral 0.49, tension=0.242) - 사람 검수 전"
YuoLr4xDvbE.001,YuoLr4xDvbE.001.mp4,YuoLr4xDvbE,,,0.8294,"EMO-AffectNet pseudo-label (teacher=Aff-Wild2, top=Happiness 0.30, tension=0.171) - 사람 검수 전"
YuoLr4xDvbE.003,YuoLr4xDvbE.003.mp4,YuoLr4xDvbE,,,0.8397,"EMO-AffectNet pseudo-label (teacher=Aff-Wild2, top=Happiness 0.30, tension=0.160) - 사람 검수 전"
Ywfun1LIwOE.000,Ywfun1LIwOE.000.mp4,Ywfun1LIwOE,,,0.7761,"EMO-AffectNet pseudo-label (teacher=Aff-Wild2, top=Surprise 0.34, tension=0.224) - 사람 검수 전"
Ywfun1LIwOE.001,Ywfun1LIwOE.001.mp4,Ywfun1LIwOE,,,0.8667,"EMO-AffectNet pseudo-label (teacher=Aff-Wild2, top=Happiness 0.51, tension=0.133) - 사람 검수 전"
YygvfVxOWP8.001,YygvfVxOWP8.001.mp4,YygvfVxOWP8,,,0.7647,"EMO-AffectNet pseudo-label (teacher=Aff-Wild2, top=Surprise 0.37, tension=0.235) - 사람 검수 전"
YygvfVxOWP8.002,YygvfVxOWP8.002.mp4,YygvfVxOWP8,,,0.7168,"EMO-AffectNet pseudo-label (teacher=Aff-Wild2, top=Surprise 0.46, tension=0.283) - 사람 검수 전"
YygvfVxOWP8.004,YygvfVxOWP8.004.mp4,YygvfVxOWP8,,,0.6965,"EMO-AffectNet pseudo-label (teacher=Aff-Wild2, top=Surprise 0.42, tension=0.304) - 사람 검수 전"
Z3E1jkaNRKs.004,Z3E1jkaNRKs.004.mp4,Z3E1jkaNRKs,,,0.6086,"EMO-AffectNet pseudo-label (teacher=Aff-Wild2, top=Sadness 0.33, tension=0.391) - 사람 검수 전"
Z3E1jkaNRKs.005,Z3E1jkaNRKs.005.mp4,Z3E1jkaNRKs,,,0.6201,"EMO-AffectNet pseudo-label (teacher=Aff-Wild2, top=Sadness 0.33, tension=0.380) - 사람 검수 전"
Z3FdUfZLHyw.003,Z3FdUfZLHyw.003.mp4,Z3FdUfZLHyw,,,0.7976,"EMO-AffectNet pseudo-label (teacher=Aff-Wild2, top=Neutral 0.34, tension=0.202) - 사람 검수 전"
Z5S5uGXkNuc.000,Z5S5uGXkNuc.000.mp4,Z5S5uGXkNuc,,,0.7955,"EMO-AffectNet pseudo-label (teacher=Aff-Wild2, top=Happiness 0.37, tension=0.204) - 사람 검수 전"
Z6Yb7xE4Jb4.001,Z6Yb7xE4Jb4.001.mp4,Z6Yb7xE4Jb4,,,0.7231,"EMO-AffectNet pseudo-label (teacher=Aff-Wild2, top=Happiness 0.19, tension=0.277) - 사람 검수 전"
Z6vQQvro86Y.000,Z6vQQvro86Y.000.mp4,Z6vQQvro86Y,,,0.7387,"EMO-AffectNet pseudo-label (teacher=Aff-Wild2, top=Neutral 0.36, tension=0.261) - 사람 검수 전"
ZGox7tevC6A.001,ZGox7tevC6A.001.mp4,ZGox7tevC6A,,,0.6795,"EMO-AffectNet pseudo-label (teacher=Aff-Wild2, top=Neutral 0.25, tension=0.320) - 사람 검수 전"
ZNRfeL8nPfw.002,ZNRfeL8nPfw.002.mp4,ZNRfeL8nPfw,,,0.7887,"EMO-AffectNet pseudo-label (teacher=Aff-Wild2, top=Surprise 0.31, tension=0.211) - 사람 검수 전"
ZNymNgd5EuQ.002,ZNymNgd5EuQ.002.mp4,ZNymNgd5EuQ,,,0.7994,"EMO-AffectNet pseudo-label (teacher=Aff-Wild2, top=Happiness 0.32, tension=0.201) - 사람 검수 전"
ZNymNgd5EuQ.005,ZNymNgd5EuQ.005.mp4,ZNymNgd5EuQ,,,0.7138,"EMO-AffectNet pseudo-label (teacher=Aff-Wild2, top=Neutral 0.26, tension=0.286) - 사람 검수 전"
ZRl_k6DzTeI.002,ZRl_k6DzTeI.002.mp4,ZRl_k6DzTeI,,,0.6704,"EMO-AffectNet pseudo-label (teacher=Aff-Wild2, top=Sadness 0.28, tension=0.330) - 사람 검수 전"
ZRrduU1CXqU.000,ZRrduU1CXqU.000.mp4,ZRrduU1CXqU,,,0.7488,"EMO-AffectNet pseudo-label (teacher=Aff-Wild2, top=Neutral 0.35, tension=0.251) - 사람 검수 전"
ZYrFfvp7_Mo.001,ZYrFfvp7_Mo.001.mp4,ZYrFfvp7_Mo,,,0.6702,"EMO-AffectNet pseudo-label (teacher=Aff-Wild2, top=Fear 0.20, tension=0.330) - 사람 검수 전"
Z_STuUHKQTg.000,Z_STuUHKQTg.000.mp4,Z_STuUHKQTg,,,0.828,"EMO-AffectNet pseudo-label (teacher=Aff-Wild2, top=Happiness 0.33, tension=0.172) - 사람 검수 전"
ZaihsIQZCx8.000,ZaihsIQZCx8.000.mp4,ZaihsIQZCx8,,,0.8685,"EMO-AffectNet pseudo-label (teacher=Aff-Wild2, top=Happiness 0.49, tension=0.132) - 사람 검수 전"
ZaihsIQZCx8.001,ZaihsIQZCx8.001.mp4,ZaihsIQZCx8,,,0.8267,"EMO-AffectNet pseudo-label (teacher=Aff-Wild2, top=Happiness 0.34, tension=0.173) - 사람 검수 전"
ZaihsIQZCx8.005,ZaihsIQZCx8.005.mp4,ZaihsIQZCx8,,,0.8404,"EMO-AffectNet pseudo-label (teacher=Aff-Wild2, top=Happiness 0.38, tension=0.160) - 사람 검수 전"
Zb5BstGpJ48.001,Zb5BstGpJ48.001.mp4,Zb5BstGpJ48,,,0.6914,"EMO-AffectNet pseudo-label (teacher=Aff-Wild2, top=Neutral 0.26, tension=0.309) - 사람 검수 전"
Zcw2LevK-EY.004,Zcw2LevK-EY.004.mp4,Zcw2LevK-EY,,,0.7164,"EMO-AffectNet pseudo-label (teacher=Aff-Wild2, top=Neutral 0.36, tension=0.284) - 사람 검수 전"
Zdz0TqboSNI.001,Zdz0TqboSNI.001.mp4,Zdz0TqboSNI,,,0.6383,"EMO-AffectNet pseudo-label (teacher=Aff-Wild2, top=Sadness 0.33, tension=0.362) - 사람 검수 전"
Zdz0TqboSNI.002,Zdz0TqboSNI.002.mp4,Zdz0TqboSNI,,,0.6983,"EMO-AffectNet pseudo-label (teacher=Aff-Wild2, top=Sadness 0.28, tension=0.302) - 사람 검수 전"
ZeGT9pSG734.005,ZeGT9pSG734.005.mp4,ZeGT9pSG734,,,0.8312,"EMO-AffectNet pseudo-label (teacher=Aff-Wild2, top=Happiness 0.37, tension=0.169) - 사람 검수 전"
ZhPQrqxo2mw.001,ZhPQrqxo2mw.001.mp4,ZhPQrqxo2mw,,,0.7776,"EMO-AffectNet pseudo-label (teacher=Aff-Wild2, top=Surprise 0.31, tension=0.222) - 사람 검수 전"
Zi7QHI_5ipU.002,Zi7QHI_5ipU.002.mp4,Zi7QHI_5ipU,,,0.844,"EMO-AffectNet pseudo-label (teacher=Aff-Wild2, top=Happiness 0.45, tension=0.156) - 사람 검수 전"
ZoHY-rWJsyw.002,ZoHY-rWJsyw.002.mp4,ZoHY-rWJsyw,,,0.6407,"EMO-AffectNet pseudo-label (teacher=Aff-Wild2, top=Sadness 0.20, tension=0.359) - 사람 검수 전"
ZqbJIM7rmO8.004,ZqbJIM7rmO8.004.mp4,ZqbJIM7rmO8,,,0.7117,"EMO-AffectNet pseudo-label (teacher=Aff-Wild2, top=Anger 0.22, tension=0.288) - 사람 검수 전"
ZvxUUh2wN7s.000,ZvxUUh2wN7s.000.mp4,ZvxUUh2wN7s,,,0.7824,"EMO-AffectNet pseudo-label (teacher=Aff-Wild2, top=Happiness 0.37, tension=0.218) - 사람 검수 전"
Zwu5Y5r3Lrs.000,Zwu5Y5r3Lrs.000.mp4,Zwu5Y5r3Lrs,,,0.8008,"EMO-AffectNet pseudo-label (teacher=Aff-Wild2, top=Happiness 0.30, tension=0.199) - 사람 검수 전"
Zwu5Y5r3Lrs.002,Zwu5Y5r3Lrs.002.mp4,Zwu5Y5r3Lrs,,,0.7865,"EMO-AffectNet pseudo-label (teacher=Aff-Wild2, top=Happiness 0.27, tension=0.213) - 사람 검수 전"
Zwu5Y5r3Lrs.004,Zwu5Y5r3Lrs.004.mp4,Zwu5Y5r3Lrs,,,0.8223,"EMO-AffectNet pseudo-label (teacher=Aff-Wild2, top=Happiness 0.39, tension=0.178) - 사람 검수 전"
Zwu5Y5r3Lrs.005,Zwu5Y5r3Lrs.005.mp4,Zwu5Y5r3Lrs,,,0.8124,"EMO-AffectNet pseudo-label (teacher=Aff-Wild2, top=Happiness 0.31, tension=0.188) - 사람 검수 전"
ZxxRJRz2hf0.001,ZxxRJRz2hf0.001.mp4,ZxxRJRz2hf0,,,0.7218,"EMO-AffectNet pseudo-label (teacher=Aff-Wild2, top=Neutral 0.35, tension=0.278) - 사람 검수 전"
ZxxRJRz2hf0.005,ZxxRJRz2hf0.005.mp4,ZxxRJRz2hf0,,,0.7199,"EMO-AffectNet pseudo-label (teacher=Aff-Wild2, top=Neutral 0.35, tension=0.280) - 사람 검수 전"
_01AyUz9J9I.000,_01AyUz9J9I.000.mp4,_01AyUz9J9I,,,0.6458,"EMO-AffectNet pseudo-label (teacher=Aff-Wild2, top=Sadness 0.21, tension=0.354) - 사람 검수 전"
_01AyUz9J9I.003,_01AyUz9J9I.003.mp4,_01AyUz9J9I,,,0.7264,"EMO-AffectNet pseudo-label (teacher=Aff-Wild2, top=Happiness 0.27, tension=0.274) - 사람 검수 전"
_0bg1TLPP-I.003,_0bg1TLPP-I.003.mp4,_0bg1TLPP-I,,,0.8148,"EMO-AffectNet pseudo-label (teacher=Aff-Wild2, top=Happiness 0.41, tension=0.185) - 사람 검수 전"
_2DSmy36OEM.000,_2DSmy36OEM.000.mp4,_2DSmy36OEM,,,0.7324,"EMO-AffectNet pseudo-label (teacher=Aff-Wild2, top=Surprise 0.29, tension=0.268) - 사람 검수 전"
_2DSmy36OEM.005,_2DSmy36OEM.005.mp4,_2DSmy36OEM,,,0.7449,"EMO-AffectNet pseudo-label (teacher=Aff-Wild2, top=Surprise 0.22, tension=0.255) - 사람 검수 전"
_5ltHlmGvq8.000,_5ltHlmGvq8.000.mp4,_5ltHlmGvq8,,,0.7183,"EMO-AffectNet pseudo-label (teacher=Aff-Wild2, top=Neutral 0.32, tension=0.282) - 사람 검수 전"
_65KGQpiabs.000,_65KGQpiabs.000.mp4,_65KGQpiabs,,,0.626,"EMO-AffectNet pseudo-label (teacher=Aff-Wild2, top=Anger 0.31, tension=0.374) - 사람 검수 전"
_7s27dUoYVg.004,_7s27dUoYVg.004.mp4,_7s27dUoYVg,,,0.7596,"EMO-AffectNet pseudo-label (teacher=Aff-Wild2, top=Neutral 0.43, tension=0.240) - 사람 검수 전"
_G3kw9HwCqY.001,_G3kw9HwCqY.001.mp4,_G3kw9HwCqY,,,0.6325,"EMO-AffectNet pseudo-label (teacher=Aff-Wild2, top=Sadness 0.26, tension=0.368) - 사람 검수 전"
_GFregyrwfo.000,_GFregyrwfo.000.mp4,_GFregyrwfo,,,0.6663,"EMO-AffectNet pseudo-label (teacher=Aff-Wild2, top=Anger 0.20, tension=0.334) - 사람 검수 전"
_IQX3zjINy4.003,_IQX3zjINy4.003.mp4,_IQX3zjINy4,,,0.7408,"EMO-AffectNet pseudo-label (teacher=Aff-Wild2, top=Neutral 0.46, tension=0.259) - 사람 검수 전"
_IS6GFmQYj4.001,_IS6GFmQYj4.001.mp4,_IS6GFmQYj4,,,0.7626,"EMO-AffectNet pseudo-label (teacher=Aff-Wild2, top=Surprise 0.31, tension=0.237) - 사람 검수 전"
_IS6GFmQYj4.005,_IS6GFmQYj4.005.mp4,_IS6GFmQYj4,,,0.7035,"EMO-AffectNet pseudo-label (teacher=Aff-Wild2, top=Neutral 0.31, tension=0.296) - 사람 검수 전"
_Q4wOgixh7E.003,_Q4wOgixh7E.003.mp4,_Q4wOgixh7E,,,0.6965,"EMO-AffectNet pseudo-label (teacher=Aff-Wild2, top=Anger 0.25, tension=0.303) - 사람 검수 전"
_QXI4n_FRN4.000,_QXI4n_FRN4.000.mp4,_QXI4n_FRN4,,,0.7173,"EMO-AffectNet pseudo-label (teacher=Aff-Wild2, top=Happiness 0.26, tension=0.283) - 사람 검수 전"
_QXI4n_FRN4.002,_QXI4n_FRN4.002.mp4,_QXI4n_FRN4,,,0.6543,"EMO-AffectNet pseudo-label (teacher=Aff-Wild2, top=Disgust 0.19, tension=0.346) - 사람 검수 전"
_QXI4n_FRN4.003,_QXI4n_FRN4.003.mp4,_QXI4n_FRN4,,,0.5925,"EMO-AffectNet pseudo-label (teacher=Aff-Wild2, top=Sadness 0.25, tension=0.407) - 사람 검수 전"
_RfHkyf68Zs.000,_RfHkyf68Zs.000.mp4,_RfHkyf68Zs,,,0.7942,"EMO-AffectNet pseudo-label (teacher=Aff-Wild2, top=Happiness 0.28, tension=0.206) - 사람 검수 전"
_TbRQa4InvM.004,_TbRQa4InvM.004.mp4,_TbRQa4InvM,,,0.8002,"EMO-AffectNet pseudo-label (teacher=Aff-Wild2, top=Happiness 0.47, tension=0.200) - 사람 검수 전"
_UnoRkHkYB8.004,_UnoRkHkYB8.004.mp4,_UnoRkHkYB8,,,0.7199,"EMO-AffectNet pseudo-label (teacher=Aff-Wild2, top=Neutral 0.36, tension=0.280) - 사람 검수 전"
_VsE38xSmdM.003,_VsE38xSmdM.003.mp4,_VsE38xSmdM,,,0.868,"EMO-AffectNet pseudo-label (teacher=Aff-Wild2, top=Happiness 0.56, tension=0.132) - 사람 검수 전"
_ZAqTHlu2ts.000,_ZAqTHlu2ts.000.mp4,_ZAqTHlu2ts,,,0.614,"EMO-AffectNet pseudo-label (teacher=Aff-Wild2, top=Sadness 0.26, tension=0.386) - 사람 검수 전"
_ZAqTHlu2ts.002,_ZAqTHlu2ts.002.mp4,_ZAqTHlu2ts,,,0.6158,"EMO-AffectNet pseudo-label (teacher=Aff-Wild2, top=Fear 0.25, tension=0.384) - 사람 검수 전"
_ZAqTHlu2ts.003,_ZAqTHlu2ts.003.mp4,_ZAqTHlu2ts,,,0.6301,"EMO-AffectNet pseudo-label (teacher=Aff-Wild2, top=Fear 0.25, tension=0.370) - 사람 검수 전"
_fFmEyvWgfA.001,_fFmEyvWgfA.001.mp4,_fFmEyvWgfA,,,0.8545,"EMO-AffectNet pseudo-label (teacher=Aff-Wild2, top=Happiness 0.51, tension=0.146) - 사람 검수 전"
_fJcW5234bY.001,_fJcW5234bY.001.mp4,_fJcW5234bY,,,0.788,"EMO-AffectNet pseudo-label (teacher=Aff-Wild2, top=Happiness 0.25, tension=0.212) - 사람 검수 전"
_fJcW5234bY.003,_fJcW5234bY.003.mp4,_fJcW5234bY,,,0.8275,"EMO-AffectNet pseudo-label (teacher=Aff-Wild2, top=Happiness 0.38, tension=0.172) - 사람 검수 전"
_g3M_MoFIvA.000,_g3M_MoFIvA.000.mp4,_g3M_MoFIvA,,,0.7236,"EMO-AffectNet pseudo-label (teacher=Aff-Wild2, top=Neutral 0.21, tension=0.276) - 사람 검수 전"
_g3M_MoFIvA.002,_g3M_MoFIvA.002.mp4,_g3M_MoFIvA,,,0.6634,"EMO-AffectNet pseudo-label (teacher=Aff-Wild2, top=Neutral 0.19, tension=0.337) - 사람 검수 전"
_hR9AD-eIy8.001,_hR9AD-eIy8.001.mp4,_hR9AD-eIy8,,,0.7466,"EMO-AffectNet pseudo-label (teacher=Aff-Wild2, top=Happiness 0.23, tension=0.253) - 사람 검수 전"
_hR9AD-eIy8.002,_hR9AD-eIy8.002.mp4,_hR9AD-eIy8,,,0.8074,"EMO-AffectNet pseudo-label (teacher=Aff-Wild2, top=Happiness 0.38, tension=0.193) - 사람 검수 전"
_kK9tGN883Y.001,_kK9tGN883Y.001.mp4,_kK9tGN883Y,,,0.7543,"EMO-AffectNet pseudo-label (teacher=Aff-Wild2, top=Neutral 0.44, tension=0.246) - 사람 검수 전"
_kK9tGN883Y.003,_kK9tGN883Y.003.mp4,_kK9tGN883Y,,,0.7544,"EMO-AffectNet pseudo-label (teacher=Aff-Wild2, top=Neutral 0.43, tension=0.246) - 사람 검수 전"
_mvqVnzddCw.001,_mvqVnzddCw.001.mp4,_mvqVnzddCw,,,0.8433,"EMO-AffectNet pseudo-label (teacher=Aff-Wild2, top=Happiness 0.49, tension=0.157) - 사람 검수 전"
_uNup91ZYw0.000,_uNup91ZYw0.000.mp4,_uNup91ZYw0,,,0.8185,"EMO-AffectNet pseudo-label (teacher=Aff-Wild2, top=Happiness 0.36, tension=0.181) - 사람 검수 전"
_zI6qgTJOSA.003,_zI6qgTJOSA.003.mp4,_zI6qgTJOSA,,,0.8054,"EMO-AffectNet pseudo-label (teacher=Aff-Wild2, top=Neutral 0.29, tension=0.195) - 사람 검수 전"
_ztmNiy8D3c.002,_ztmNiy8D3c.002.mp4,_ztmNiy8D3c,,,0.6636,"EMO-AffectNet pseudo-label (teacher=Aff-Wild2, top=Fear 0.29, tension=0.336) - 사람 검수 전"
a-nUsP7oETI.004,a-nUsP7oETI.004.mp4,a-nUsP7oETI,,,0.7262,"EMO-AffectNet pseudo-label (teacher=Aff-Wild2, top=Neutral 0.27, tension=0.274) - 사람 검수 전"
a38rz5AIslE.000,a38rz5AIslE.000.mp4,a38rz5AIslE,,,0.7372,"EMO-AffectNet pseudo-label (teacher=Aff-Wild2, top=Surprise 0.29, tension=0.263) - 사람 검수 전"
a38rz5AIslE.002,a38rz5AIslE.002.mp4,a38rz5AIslE,,,0.7208,"EMO-AffectNet pseudo-label (teacher=Aff-Wild2, top=Neutral 0.25, tension=0.279) - 사람 검수 전"
a84s1DYag-I.000,a84s1DYag-I.000.mp4,a84s1DYag-I,,,0.7714,"EMO-AffectNet pseudo-label (teacher=Aff-Wild2, top=Neutral 0.35, tension=0.229) - 사람 검수 전"
a84s1DYag-I.003,a84s1DYag-I.003.mp4,a84s1DYag-I,,,0.7692,"EMO-AffectNet pseudo-label (teacher=Aff-Wild2, top=Neutral 0.30, tension=0.231) - 사람 검수 전"
a97PXgrKSxo.001,a97PXgrKSxo.001.mp4,a97PXgrKSxo,,,0.6627,"EMO-AffectNet pseudo-label (teacher=Aff-Wild2, top=Fear 0.28, tension=0.337) - 사람 검수 전"
aFVFvJNnFt0.002,aFVFvJNnFt0.002.mp4,aFVFvJNnFt0,,,0.7328,"EMO-AffectNet pseudo-label (teacher=Aff-Wild2, top=Happiness 0.24, tension=0.267) - 사람 검수 전"
aIwWcLojoh0.000,aIwWcLojoh0.000.mp4,aIwWcLojoh0,,,0.6772,"EMO-AffectNet pseudo-label (teacher=Aff-Wild2, top=Neutral 0.36, tension=0.323) - 사람 검수 전"
aL0oPOOeoB8.000,aL0oPOOeoB8.000.mp4,aL0oPOOeoB8,,,0.6931,"EMO-AffectNet pseudo-label (teacher=Aff-Wild2, top=Neutral 0.20, tension=0.307) - 사람 검수 전"
aLAqJkRWKuk.001,aLAqJkRWKuk.001.mp4,aLAqJkRWKuk,,,0.7123,"EMO-AffectNet pseudo-label (teacher=Aff-Wild2, top=Neutral 0.27, tension=0.288) - 사람 검수 전"
aLAqJkRWKuk.003,aLAqJkRWKuk.003.mp4,aLAqJkRWKuk,,,0.7885,"EMO-AffectNet pseudo-label (teacher=Aff-Wild2, top=Neutral 0.38, tension=0.212) - 사람 검수 전"
aLvpOYqzErk.001,aLvpOYqzErk.001.mp4,aLvpOYqzErk,,,0.7406,"EMO-AffectNet pseudo-label (teacher=Aff-Wild2, top=Neutral 0.29, tension=0.259) - 사람 검수 전"
aLvpOYqzErk.002,aLvpOYqzErk.002.mp4,aLvpOYqzErk,,,0.6181,"EMO-AffectNet pseudo-label (teacher=Aff-Wild2, top=Sadness 0.24, tension=0.382) - 사람 검수 전"
aLvpOYqzErk.005,aLvpOYqzErk.005.mp4,aLvpOYqzErk,,,0.6944,"EMO-AffectNet pseudo-label (teacher=Aff-Wild2, top=Neutral 0.29, tension=0.306) - 사람 검수 전"
aPTNxA43WHY.001,aPTNxA43WHY.001.mp4,aPTNxA43WHY,,,0.8939,"EMO-AffectNet pseudo-label (teacher=Aff-Wild2, top=Happiness 0.68, tension=0.106) - 사람 검수 전"
a_HpQgY5vb4.000,a_HpQgY5vb4.000.mp4,a_HpQgY5vb4,,,0.6835,"EMO-AffectNet pseudo-label (teacher=Aff-Wild2, top=Anger 0.26, tension=0.317) - 사람 검수 전"
aaDlp62qn60.000,aaDlp62qn60.000.mp4,aaDlp62qn60,,,0.8391,"EMO-AffectNet pseudo-label (teacher=Aff-Wild2, top=Happiness 0.39, tension=0.161) - 사람 검수 전"
adBtc3XrSsg.003,adBtc3XrSsg.003.mp4,adBtc3XrSsg,,,0.7401,"EMO-AffectNet pseudo-label (teacher=Aff-Wild2, top=Neutral 0.26, tension=0.260) - 사람 검수 전"
aenedH_X3Us.000,aenedH_X3Us.000.mp4,aenedH_X3Us,,,0.7306,"EMO-AffectNet pseudo-label (teacher=Aff-Wild2, top=Surprise 0.25, tension=0.269) - 사람 검수 전"
ahqyOhg6D7c.001,ahqyOhg6D7c.001.mp4,ahqyOhg6D7c,,,0.628,"EMO-AffectNet pseudo-label (teacher=Aff-Wild2, top=Sadness 0.37, tension=0.372) - 사람 검수 전"
alucqviYJFE.000,alucqviYJFE.000.mp4,alucqviYJFE,,,0.7211,"EMO-AffectNet pseudo-label (teacher=Aff-Wild2, top=Neutral 0.32, tension=0.279) - 사람 검수 전"
alucqviYJFE.005,alucqviYJFE.005.mp4,alucqviYJFE,,,0.7372,"EMO-AffectNet pseudo-label (teacher=Aff-Wild2, top=Neutral 0.36, tension=0.263) - 사람 검수 전"
aptKaxP81xA.001,aptKaxP81xA.001.mp4,aptKaxP81xA,,,0.6974,"EMO-AffectNet pseudo-label (teacher=Aff-Wild2, top=Neutral 0.18, tension=0.303) - 사람 검수 전"
aptKaxP81xA.003,aptKaxP81xA.003.mp4,aptKaxP81xA,,,0.7035,"EMO-AffectNet pseudo-label (teacher=Aff-Wild2, top=Neutral 0.26, tension=0.296) - 사람 검수 전"
aptKaxP81xA.005,aptKaxP81xA.005.mp4,aptKaxP81xA,,,0.6839,"EMO-AffectNet pseudo-label (teacher=Aff-Wild2, top=Neutral 0.28, tension=0.316) - 사람 검수 전"
ax1Fck6zMzk.001,ax1Fck6zMzk.001.mp4,ax1Fck6zMzk,,,0.7636,"EMO-AffectNet pseudo-label (teacher=Aff-Wild2, top=Neutral 0.24, tension=0.236) - 사람 검수 전"
ax8wm9K41og.002,ax8wm9K41og.002.mp4,ax8wm9K41og,,,0.7526,"EMO-AffectNet pseudo-label (teacher=Aff-Wild2, top=Happiness 0.31, tension=0.247) - 사람 검수 전"
ay4cdKr1I0o.002,ay4cdKr1I0o.002.mp4,ay4cdKr1I0o,,,0.7147,"EMO-AffectNet pseudo-label (teacher=Aff-Wild2, top=Neutral 0.34, tension=0.285) - 사람 검수 전"
b-qfeGqPd04.003,b-qfeGqPd04.003.mp4,b-qfeGqPd04,,,0.7116,"EMO-AffectNet pseudo-label (teacher=Aff-Wild2, top=Neutral 0.38, tension=0.288) - 사람 검수 전"
b2Y41GrCrPs.004,b2Y41GrCrPs.004.mp4,b2Y41GrCrPs,,,0.7319,"EMO-AffectNet pseudo-label (teacher=Aff-Wild2, top=Neutral 0.27, tension=0.268) - 사람 검수 전"
b2Y41GrCrPs.005,b2Y41GrCrPs.005.mp4,b2Y41GrCrPs,,,0.7475,"EMO-AffectNet pseudo-label (teacher=Aff-Wild2, top=Surprise 0.26, tension=0.253) - 사람 검수 전"
bAxlTgobVHE.003,bAxlTgobVHE.003.mp4,bAxlTgobVHE,,,0.7234,"EMO-AffectNet pseudo-label (teacher=Aff-Wild2, top=Neutral 0.20, tension=0.277) - 사람 검수 전"
bBqZyG-9ksM.000,bBqZyG-9ksM.000.mp4,bBqZyG-9ksM,,,0.896,"EMO-AffectNet pseudo-label (teacher=Aff-Wild2, top=Happiness 0.64, tension=0.104) - 사람 검수 전"
bBqZyG-9ksM.003,bBqZyG-9ksM.003.mp4,bBqZyG-9ksM,,,0.9219,"EMO-AffectNet pseudo-label (teacher=Aff-Wild2, top=Happiness 0.74, tension=0.078) - 사람 검수 전"
bBqZyG-9ksM.004,bBqZyG-9ksM.004.mp4,bBqZyG-9ksM,,,0.9272,"EMO-AffectNet pseudo-label (teacher=Aff-Wild2, top=Happiness 0.75, tension=0.073) - 사람 검수 전"
bDjqDn6susQ.002,bDjqDn6susQ.002.mp4,bDjqDn6susQ,,,0.8073,"EMO-AffectNet pseudo-label (teacher=Aff-Wild2, top=Happiness 0.35, tension=0.193) - 사람 검수 전"
bFwtVtZodIg.001,bFwtVtZodIg.001.mp4,bFwtVtZodIg,,,0.7337,"EMO-AffectNet pseudo-label (teacher=Aff-Wild2, top=Neutral 0.36, tension=0.266) - 사람 검수 전"
bFwtVtZodIg.003,bFwtVtZodIg.003.mp4,bFwtVtZodIg,,,0.7293,"EMO-AffectNet pseudo-label (teacher=Aff-Wild2, top=Neutral 0.34, tension=0.271) - 사람 검수 전"
bJktioZ5Yxk.001,bJktioZ5Yxk.001.mp4,bJktioZ5Yxk,,,0.7227,"EMO-AffectNet pseudo-label (teacher=Aff-Wild2, top=Anger 0.27, tension=0.277) - 사람 검수 전"
bJktioZ5Yxk.005,bJktioZ5Yxk.005.mp4,bJktioZ5Yxk,,,0.8214,"EMO-AffectNet pseudo-label (teacher=Aff-Wild2, top=Happiness 0.37, tension=0.179) - 사람 검수 전"
bLOSPQ8MAC8.000,bLOSPQ8MAC8.000.mp4,bLOSPQ8MAC8,,,0.6395,"EMO-AffectNet pseudo-label (teacher=Aff-Wild2, top=Anger 0.26, tension=0.361) - 사람 검수 전"
bN2IM-rqZlc.001,bN2IM-rqZlc.001.mp4,bN2IM-rqZlc,,,0.7297,"EMO-AffectNet pseudo-label (teacher=Aff-Wild2, top=Neutral 0.30, tension=0.270) - 사람 검수 전"
bN2IM-rqZlc.005,bN2IM-rqZlc.005.mp4,bN2IM-rqZlc,,,0.7856,"EMO-AffectNet pseudo-label (teacher=Aff-Wild2, top=Happiness 0.35, tension=0.214) - 사람 검수 전"
bPLhV0PGR50.000,bPLhV0PGR50.000.mp4,bPLhV0PGR50,,,0.7732,"EMO-AffectNet pseudo-label (teacher=Aff-Wild2, top=Surprise 0.27, tension=0.227) - 사람 검수 전"
bSeTNdOtK7I.002,bSeTNdOtK7I.002.mp4,bSeTNdOtK7I,,,0.7503,"EMO-AffectNet pseudo-label (teacher=Aff-Wild2, top=Surprise 0.24, tension=0.250) - 사람 검수 전"
bSeTNdOtK7I.003,bSeTNdOtK7I.003.mp4,bSeTNdOtK7I,,,0.8564,"EMO-AffectNet pseudo-label (teacher=Aff-Wild2, top=Happiness 0.54, tension=0.144) - 사람 검수 전"
bTLTLzXehPE.000,bTLTLzXehPE.000.mp4,bTLTLzXehPE,,,0.9227,"EMO-AffectNet pseudo-label (teacher=Aff-Wild2, top=Happiness 0.78, tension=0.077) - 사람 검수 전"
bTLTLzXehPE.005,bTLTLzXehPE.005.mp4,bTLTLzXehPE,,,0.8981,"EMO-AffectNet pseudo-label (teacher=Aff-Wild2, top=Happiness 0.73, tension=0.102) - 사람 검수 전"
bYXRyimxh7A.005,bYXRyimxh7A.005.mp4,bYXRyimxh7A,,,0.7562,"EMO-AffectNet pseudo-label (teacher=Aff-Wild2, top=Surprise 0.25, tension=0.244) - 사람 검수 전"
bcRPLKygrNk.002,bcRPLKygrNk.002.mp4,bcRPLKygrNk,,,0.6304,"EMO-AffectNet pseudo-label (teacher=Aff-Wild2, top=Sadness 0.36, tension=0.370) - 사람 검수 전"
bcRPLKygrNk.005,bcRPLKygrNk.005.mp4,bcRPLKygrNk,,,0.6534,"EMO-AffectNet pseudo-label (teacher=Aff-Wild2, top=Sadness 0.32, tension=0.347) - 사람 검수 전"
bcx6xr9Ja-8.002,bcx6xr9Ja-8.002.mp4,bcx6xr9Ja-8,,,0.7038,"EMO-AffectNet pseudo-label (teacher=Aff-Wild2, top=Neutral 0.34, tension=0.296) - 사람 검수 전"
bej-DbxTkWA.001,bej-DbxTkWA.001.mp4,bej-DbxTkWA,,,0.7676,"EMO-AffectNet pseudo-label (teacher=Aff-Wild2, top=Neutral 0.41, tension=0.232) - 사람 검수 전"
bkzgccBFztM.002,bkzgccBFztM.002.mp4,bkzgccBFztM,,,0.7648,"EMO-AffectNet pseudo-label (teacher=Aff-Wild2, top=Happiness 0.27, tension=0.235) - 사람 검수 전"
blAjqQ0ja8Q.001,blAjqQ0ja8Q.001.mp4,blAjqQ0ja8Q,,,0.6965,"EMO-AffectNet pseudo-label (teacher=Aff-Wild2, top=Neutral 0.27, tension=0.304) - 사람 검수 전"
blAjqQ0ja8Q.002,blAjqQ0ja8Q.002.mp4,blAjqQ0ja8Q,,,0.6859,"EMO-AffectNet pseudo-label (teacher=Aff-Wild2, top=Sadness 0.23, tension=0.314) - 사람 검수 전"
blAjqQ0ja8Q.004,blAjqQ0ja8Q.004.mp4,blAjqQ0ja8Q,,,0.649,"EMO-AffectNet pseudo-label (teacher=Aff-Wild2, top=Sadness 0.23, tension=0.351) - 사람 검수 전"
bnoPmV0_aIc.001,bnoPmV0_aIc.001.mp4,bnoPmV0_aIc,,,0.7197,"EMO-AffectNet pseudo-label (teacher=Aff-Wild2, top=Anger 0.22, tension=0.280) - 사람 검수 전"
bt-ev53zZWE.005,bt-ev53zZWE.005.mp4,bt-ev53zZWE,,,0.6776,"EMO-AffectNet pseudo-label (teacher=Aff-Wild2, top=Neutral 0.28, tension=0.322) - 사람 검수 전"
bviHajVIie0.001,bviHajVIie0.001.mp4,bviHajVIie0,,,0.7389,"EMO-AffectNet pseudo-label (teacher=Aff-Wild2, top=Neutral 0.26, tension=0.261) - 사람 검수 전"
bzaOB8BoWPU.001,bzaOB8BoWPU.001.mp4,bzaOB8BoWPU,,,0.7844,"EMO-AffectNet pseudo-label (teacher=Aff-Wild2, top=Neutral 0.31, tension=0.216) - 사람 검수 전"
c2LeNguVNrI.000,c2LeNguVNrI.000.mp4,c2LeNguVNrI,,,0.669,"EMO-AffectNet pseudo-label (teacher=Aff-Wild2, top=Neutral 0.26, tension=0.331) - 사람 검수 전"
c2LeNguVNrI.005,c2LeNguVNrI.005.mp4,c2LeNguVNrI,,,0.6361,"EMO-AffectNet pseudo-label (teacher=Aff-Wild2, top=Disgust 0.24, tension=0.364) - 사람 검수 전"
c3esnCQDoKc.000,c3esnCQDoKc.000.mp4,c3esnCQDoKc,,,0.6869,"EMO-AffectNet pseudo-label (teacher=Aff-Wild2, top=Surprise 0.29, tension=0.313) - 사람 검수 전"
c4XnKouozXU.002,c4XnKouozXU.002.mp4,c4XnKouozXU,,,0.6834,"EMO-AffectNet pseudo-label (teacher=Aff-Wild2, top=Sadness 0.26, tension=0.317) - 사람 검수 전"
c4XnKouozXU.005,c4XnKouozXU.005.mp4,c4XnKouozXU,,,0.6879,"EMO-AffectNet pseudo-label (teacher=Aff-Wild2, top=Neutral 0.29, tension=0.312) - 사람 검수 전"
c5ZnKbaNCE8.001,c5ZnKbaNCE8.001.mp4,c5ZnKbaNCE8,,,0.7096,"EMO-AffectNet pseudo-label (teacher=Aff-Wild2, top=Neutral 0.41, tension=0.290) - 사람 검수 전"
c5ZnKbaNCE8.002,c5ZnKbaNCE8.002.mp4,c5ZnKbaNCE8,,,0.6974,"EMO-AffectNet pseudo-label (teacher=Aff-Wild2, top=Neutral 0.39, tension=0.303) - 사람 검수 전"
c70zW-HoZUA.001,c70zW-HoZUA.001.mp4,c70zW-HoZUA,,,0.6779,"EMO-AffectNet pseudo-label (teacher=Aff-Wild2, top=Sadness 0.34, tension=0.322) - 사람 검수 전"
cA3KzjBNr4M.001,cA3KzjBNr4M.001.mp4,cA3KzjBNr4M,,,0.6177,"EMO-AffectNet pseudo-label (teacher=Aff-Wild2, top=Fear 0.28, tension=0.382) - 사람 검수 전"
cA3KzjBNr4M.004,cA3KzjBNr4M.004.mp4,cA3KzjBNr4M,,,0.6575,"EMO-AffectNet pseudo-label (teacher=Aff-Wild2, top=Sadness 0.32, tension=0.343) - 사람 검수 전"
cFGjJg-2zOk.004,cFGjJg-2zOk.004.mp4,cFGjJg-2zOk,,,0.7184,"EMO-AffectNet pseudo-label (teacher=Aff-Wild2, top=Surprise 0.31, tension=0.282) - 사람 검수 전"
cJs_LosR-u8.001,cJs_LosR-u8.001.mp4,cJs_LosR-u8,,,0.7565,"EMO-AffectNet pseudo-label (teacher=Aff-Wild2, top=Neutral 0.38, tension=0.243) - 사람 검수 전"
cJs_LosR-u8.003,cJs_LosR-u8.003.mp4,cJs_LosR-u8,,,0.7359,"EMO-AffectNet pseudo-label (teacher=Aff-Wild2, top=Neutral 0.33, tension=0.264) - 사람 검수 전"
cJs_LosR-u8.005,cJs_LosR-u8.005.mp4,cJs_LosR-u8,,,0.7254,"EMO-AffectNet pseudo-label (teacher=Aff-Wild2, top=Surprise 0.26, tension=0.275) - 사람 검수 전"
cMLkNVKkaOQ.001,cMLkNVKkaOQ.001.mp4,cMLkNVKkaOQ,,,0.7035,"EMO-AffectNet pseudo-label (teacher=Aff-Wild2, top=Neutral 0.21, tension=0.297) - 사람 검수 전"
cNXnowQb7rs.001,cNXnowQb7rs.001.mp4,cNXnowQb7rs,,,0.6653,"EMO-AffectNet pseudo-label (teacher=Aff-Wild2, top=Fear 0.27, tension=0.335) - 사람 검수 전"
cOo5N1qblyw.000,cOo5N1qblyw.000.mp4,cOo5N1qblyw,,,0.6875,"EMO-AffectNet pseudo-label (teacher=Aff-Wild2, top=Anger 0.20, tension=0.312) - 사람 검수 전"
cOossY5pTrU.005,cOossY5pTrU.005.mp4,cOossY5pTrU,,,0.8069,"EMO-AffectNet pseudo-label (teacher=Aff-Wild2, top=Happiness 0.36, tension=0.193) - 사람 검수 전"
cQRFb-xa4Vc.000,cQRFb-xa4Vc.000.mp4,cQRFb-xa4Vc,,,0.6767,"EMO-AffectNet pseudo-label (teacher=Aff-Wild2, top=Neutral 0.25, tension=0.323) - 사람 검수 전"
cRDYrvxRJ6U.004,cRDYrvxRJ6U.004.mp4,cRDYrvxRJ6U,,,0.7535,"EMO-AffectNet pseudo-label (teacher=Aff-Wild2, top=Happiness 0.37, tension=0.247) - 사람 검수 전"
cT3oyHhUznw.000,cT3oyHhUznw.000.mp4,cT3oyHhUznw,,,0.6719,"EMO-AffectNet pseudo-label (teacher=Aff-Wild2, top=Anger 0.18, tension=0.328) - 사람 검수 전"
cY3nHc5fDYE.004,cY3nHc5fDYE.004.mp4,cY3nHc5fDYE,,,0.8303,"EMO-AffectNet pseudo-label (teacher=Aff-Wild2, top=Happiness 0.44, tension=0.170) - 사람 검수 전"
cZ6xhB5yhfY.005,cZ6xhB5yhfY.005.mp4,cZ6xhB5yhfY,,,0.7296,"EMO-AffectNet pseudo-label (teacher=Aff-Wild2, top=Surprise 0.27, tension=0.270) - 사람 검수 전"
cdtZKwM5NIM.002,cdtZKwM5NIM.002.mp4,cdtZKwM5NIM,,,0.75,"EMO-AffectNet pseudo-label (teacher=Aff-Wild2, top=Happiness 0.22, tension=0.250) - 사람 검수 전"
cdtZKwM5NIM.003,cdtZKwM5NIM.003.mp4,cdtZKwM5NIM,,,0.7601,"EMO-AffectNet pseudo-label (teacher=Aff-Wild2, top=Neutral 0.26, tension=0.240) - 사람 검수 전"
cgGCyBMdGrA.004,cgGCyBMdGrA.004.mp4,cgGCyBMdGrA,,,0.5754,"EMO-AffectNet pseudo-label (teacher=Aff-Wild2, top=Disgust 0.35, tension=0.425) - 사람 검수 전"
cgT-3CHBmKs.001,cgT-3CHBmKs.001.mp4,cgT-3CHBmKs,,,0.7841,"EMO-AffectNet pseudo-label (teacher=Aff-Wild2, top=Neutral 0.45, tension=0.216) - 사람 검수 전"
ciWUq6iQTIE.001,ciWUq6iQTIE.001.mp4,ciWUq6iQTIE,,,0.6582,"EMO-AffectNet pseudo-label (teacher=Aff-Wild2, top=Neutral 0.22, tension=0.342) - 사람 검수 전"
cjbh1lfr43c.001,cjbh1lfr43c.001.mp4,cjbh1lfr43c,,,0.7374,"EMO-AffectNet pseudo-label (teacher=Aff-Wild2, top=Neutral 0.40, tension=0.263) - 사람 검수 전"
clMg72MI8rw.000,clMg72MI8rw.000.mp4,clMg72MI8rw,,,0.783,"EMO-AffectNet pseudo-label (teacher=Aff-Wild2, top=Neutral 0.24, tension=0.217) - 사람 검수 전"
clMg72MI8rw.001,clMg72MI8rw.001.mp4,clMg72MI8rw,,,0.8063,"EMO-AffectNet pseudo-label (teacher=Aff-Wild2, top=Neutral 0.25, tension=0.194) - 사람 검수 전"
cpzY1b6wJqs.000,cpzY1b6wJqs.000.mp4,cpzY1b6wJqs,,,0.8402,"EMO-AffectNet pseudo-label (teacher=Aff-Wild2, top=Happiness 0.45, tension=0.160) - 사람 검수 전"
cvHqtadNJDo.002,cvHqtadNJDo.002.mp4,cvHqtadNJDo,,,0.6106,"EMO-AffectNet pseudo-label (teacher=Aff-Wild2, top=Sadness 0.38, tension=0.389) - 사람 검수 전"
cx8IycWgMVs.000,cx8IycWgMVs.000.mp4,cx8IycWgMVs,,,0.7512,"EMO-AffectNet pseudo-label (teacher=Aff-Wild2, top=Neutral 0.42, tension=0.249) - 사람 검수 전"
cx8IycWgMVs.002,cx8IycWgMVs.002.mp4,cx8IycWgMVs,,,0.714,"EMO-AffectNet pseudo-label (teacher=Aff-Wild2, top=Neutral 0.31, tension=0.286) - 사람 검수 전"
cxJ0u6r0-pU.004,cxJ0u6r0-pU.004.mp4,cxJ0u6r0-pU,,,0.6885,"EMO-AffectNet pseudo-label (teacher=Aff-Wild2, top=Neutral 0.30, tension=0.312) - 사람 검수 전"
d4cPiUXpGbc.001,d4cPiUXpGbc.001.mp4,d4cPiUXpGbc,,,0.6306,"EMO-AffectNet pseudo-label (teacher=Aff-Wild2, top=Sadness 0.31, tension=0.369) - 사람 검수 전"
d4cPiUXpGbc.003,d4cPiUXpGbc.003.mp4,d4cPiUXpGbc,,,0.8445,"EMO-AffectNet pseudo-label (teacher=Aff-Wild2, top=Happiness 0.54, tension=0.156) - 사람 검수 전"
d4cPiUXpGbc.004,d4cPiUXpGbc.004.mp4,d4cPiUXpGbc,,,0.6965,"EMO-AffectNet pseudo-label (teacher=Aff-Wild2, top=Sadness 0.20, tension=0.304) - 사람 검수 전"
d4iSwRMV0bA.001,d4iSwRMV0bA.001.mp4,d4iSwRMV0bA,,,0.6765,"EMO-AffectNet pseudo-label (teacher=Aff-Wild2, top=Neutral 0.29, tension=0.323) - 사람 검수 전"
d5ujzxBlvwY.000,d5ujzxBlvwY.000.mp4,d5ujzxBlvwY,,,0.6591,"EMO-AffectNet pseudo-label (teacher=Aff-Wild2, top=Anger 0.25, tension=0.341) - 사람 검수 전"
d8skGb2ycio.004,d8skGb2ycio.004.mp4,d8skGb2ycio,,,0.789,"EMO-AffectNet pseudo-label (teacher=Aff-Wild2, top=Neutral 0.27, tension=0.211) - 사람 검수 전"
d8skGb2ycio.005,d8skGb2ycio.005.mp4,d8skGb2ycio,,,0.7528,"EMO-AffectNet pseudo-label (teacher=Aff-Wild2, top=Happiness 0.23, tension=0.247) - 사람 검수 전"
d9_YDJdF-7I.004,d9_YDJdF-7I.004.mp4,d9_YDJdF-7I,,,0.7444,"EMO-AffectNet pseudo-label (teacher=Aff-Wild2, top=Neutral 0.40, tension=0.256) - 사람 검수 전"
d9_YDJdF-7I.005,d9_YDJdF-7I.005.mp4,d9_YDJdF-7I,,,0.6661,"EMO-AffectNet pseudo-label (teacher=Aff-Wild2, top=Neutral 0.25, tension=0.334) - 사람 검수 전"
d9ekvXz64Mc.001,d9ekvXz64Mc.001.mp4,d9ekvXz64Mc,,,0.7368,"EMO-AffectNet pseudo-label (teacher=Aff-Wild2, top=Happiness 0.23, tension=0.263) - 사람 검수 전"
dB-kMg4t-V8.000,dB-kMg4t-V8.000.mp4,dB-kMg4t-V8,,,0.6507,"EMO-AffectNet pseudo-label (teacher=Aff-Wild2, top=Surprise 0.26, tension=0.349) - 사람 검수 전"
dB2XYhvqUBU.005,dB2XYhvqUBU.005.mp4,dB2XYhvqUBU,,,0.6904,"EMO-AffectNet pseudo-label (teacher=Aff-Wild2, top=Neutral 0.23, tension=0.310) - 사람 검수 전"
dB65He57Ki8.003,dB65He57Ki8.003.mp4,dB65He57Ki8,,,0.7937,"EMO-AffectNet pseudo-label (teacher=Aff-Wild2, top=Happiness 0.30, tension=0.206) - 사람 검수 전"
dB65He57Ki8.004,dB65He57Ki8.004.mp4,dB65He57Ki8,,,0.7077,"EMO-AffectNet pseudo-label (teacher=Aff-Wild2, top=Anger 0.20, tension=0.292) - 사람 검수 전"
dDi6vy-OZRg.001,dDi6vy-OZRg.001.mp4,dDi6vy-OZRg,,,0.7645,"EMO-AffectNet pseudo-label (teacher=Aff-Wild2, top=Surprise 0.25, tension=0.236) - 사람 검수 전"
dLaqub4BEsA.000,dLaqub4BEsA.000.mp4,dLaqub4BEsA,,,0.705,"EMO-AffectNet pseudo-label (teacher=Aff-Wild2, top=Surprise 0.29, tension=0.295) - 사람 검수 전"
dLltwqkvsNg.004,dLltwqkvsNg.004.mp4,dLltwqkvsNg,,,0.7562,"EMO-AffectNet pseudo-label (teacher=Aff-Wild2, top=Neutral 0.29, tension=0.244) - 사람 검수 전"
dNXqs5HNijI.000,dNXqs5HNijI.000.mp4,dNXqs5HNijI,,,0.9031,"EMO-AffectNet pseudo-label (teacher=Aff-Wild2, top=Happiness 0.69, tension=0.097) - 사람 검수 전"
dOFnHXRLEdM.002,dOFnHXRLEdM.002.mp4,dOFnHXRLEdM,,,0.8029,"EMO-AffectNet pseudo-label (teacher=Aff-Wild2, top=Happiness 0.36, tension=0.197) - 사람 검수 전"
dOFnHXRLEdM.004,dOFnHXRLEdM.004.mp4,dOFnHXRLEdM,,,0.77,"EMO-AffectNet pseudo-label (teacher=Aff-Wild2, top=Surprise 0.44, tension=0.230) - 사람 검수 전"
dQOeQYWIgm8.003,dQOeQYWIgm8.003.mp4,dQOeQYWIgm8,,,0.861,"EMO-AffectNet pseudo-label (teacher=Aff-Wild2, top=Happiness 0.45, tension=0.139) - 사람 검수 전"
d_POf1pikX0.004,d_POf1pikX0.004.mp4,d_POf1pikX0,,,0.7254,"EMO-AffectNet pseudo-label (teacher=Aff-Wild2, top=Neutral 0.36, tension=0.275) - 사람 검수 전"
datcFOBWYxc.000,datcFOBWYxc.000.mp4,datcFOBWYxc,,,0.6048,"EMO-AffectNet pseudo-label (teacher=Aff-Wild2, top=Sadness 0.39, tension=0.395) - 사람 검수 전"
datcFOBWYxc.002,datcFOBWYxc.002.mp4,datcFOBWYxc,,,0.6201,"EMO-AffectNet pseudo-label (teacher=Aff-Wild2, top=Sadness 0.42, tension=0.380) - 사람 검수 전"
datcFOBWYxc.004,datcFOBWYxc.004.mp4,datcFOBWYxc,,,0.6211,"EMO-AffectNet pseudo-label (teacher=Aff-Wild2, top=Sadness 0.39, tension=0.379) - 사람 검수 전"
dh6iOU2RtTA.000,dh6iOU2RtTA.000.mp4,dh6iOU2RtTA,,,0.744,"EMO-AffectNet pseudo-label (teacher=Aff-Wild2, top=Happiness 0.29, tension=0.256) - 사람 검수 전"
dl9IT3OvI0o.005,dl9IT3OvI0o.005.mp4,dl9IT3OvI0o,,,0.7842,"EMO-AffectNet pseudo-label (teacher=Aff-Wild2, top=Happiness 0.38, tension=0.216) - 사람 검수 전"
dmOKZLeFKCM.001,dmOKZLeFKCM.001.mp4,dmOKZLeFKCM,,,0.9426,"EMO-AffectNet pseudo-label (teacher=Aff-Wild2, top=Happiness 0.81, tension=0.057) - 사람 검수 전"
dmycfNpiWCE.000,dmycfNpiWCE.000.mp4,dmycfNpiWCE,,,0.6734,"EMO-AffectNet pseudo-label (teacher=Aff-Wild2, top=Anger 0.30, tension=0.327) - 사람 검수 전"
dmycfNpiWCE.003,dmycfNpiWCE.003.mp4,dmycfNpiWCE,,,0.6787,"EMO-AffectNet pseudo-label (teacher=Aff-Wild2, top=Anger 0.19, tension=0.321) - 사람 검수 전"
do8FmnQbI5I.002,do8FmnQbI5I.002.mp4,do8FmnQbI5I,,,0.7268,"EMO-AffectNet pseudo-label (teacher=Aff-Wild2, top=Anger 0.34, tension=0.273) - 사람 검수 전"
do8FmnQbI5I.005,do8FmnQbI5I.005.mp4,do8FmnQbI5I,,,0.7138,"EMO-AffectNet pseudo-label (teacher=Aff-Wild2, top=Anger 0.34, tension=0.286) - 사람 검수 전"
dvCKoyBG1pE.000,dvCKoyBG1pE.000.mp4,dvCKoyBG1pE,,,0.6646,"EMO-AffectNet pseudo-label (teacher=Aff-Wild2, top=Neutral 0.23, tension=0.335) - 사람 검수 전"
dvCKoyBG1pE.003,dvCKoyBG1pE.003.mp4,dvCKoyBG1pE,,,0.6943,"EMO-AffectNet pseudo-label (teacher=Aff-Wild2, top=Surprise 0.31, tension=0.306) - 사람 검수 전"
dvMeqVbpKW8.000,dvMeqVbpKW8.000.mp4,dvMeqVbpKW8,,,0.8758,"EMO-AffectNet pseudo-label (teacher=Aff-Wild2, top=Happiness 0.56, tension=0.124) - 사람 검수 전"
dvU5jYExl0o.000,dvU5jYExl0o.000.mp4,dvU5jYExl0o,,,0.7198,"EMO-AffectNet pseudo-label (teacher=Aff-Wild2, top=Neutral 0.39, tension=0.280) - 사람 검수 전"
dvU5jYExl0o.002,dvU5jYExl0o.002.mp4,dvU5jYExl0o,,,0.72,"EMO-AffectNet pseudo-label (teacher=Aff-Wild2, top=Neutral 0.39, tension=0.280) - 사람 검수 전"
e07IozLUeKc.004,e07IozLUeKc.004.mp4,e07IozLUeKc,,,0.6597,"EMO-AffectNet pseudo-label (teacher=Aff-Wild2, top=Neutral 0.24, tension=0.340) - 사람 검수 전"
e3Y7na4SBh4.003,e3Y7na4SBh4.003.mp4,e3Y7na4SBh4,,,0.7089,"EMO-AffectNet pseudo-label (teacher=Aff-Wild2, top=Neutral 0.33, tension=0.291) - 사람 검수 전"
e5gDLMLOE9U.000,e5gDLMLOE9U.000.mp4,e5gDLMLOE9U,,,0.6484,"EMO-AffectNet pseudo-label (teacher=Aff-Wild2, top=Fear 0.26, tension=0.352) - 사람 검수 전"
e6YTvjDXEl0.000,e6YTvjDXEl0.000.mp4,e6YTvjDXEl0,,,0.8135,"EMO-AffectNet pseudo-label (teacher=Aff-Wild2, top=Happiness 0.43, tension=0.186) - 사람 검수 전"
eAkWSjU-JyY.003,eAkWSjU-JyY.003.mp4,eAkWSjU-JyY,,,0.7564,"EMO-AffectNet pseudo-label (teacher=Aff-Wild2, top=Neutral 0.27, tension=0.244) - 사람 검수 전"
eI_7SimPnnQ.004,eI_7SimPnnQ.004.mp4,eI_7SimPnnQ,,,0.7555,"EMO-AffectNet pseudo-label (teacher=Aff-Wild2, top=Neutral 0.32, tension=0.245) - 사람 검수 전"
ej0RpdM9kJA.004,ej0RpdM9kJA.004.mp4,ej0RpdM9kJA,,,0.7049,"EMO-AffectNet pseudo-label (teacher=Aff-Wild2, top=Neutral 0.32, tension=0.295) - 사람 검수 전"
encC96iqr9Y.000,encC96iqr9Y.000.mp4,encC96iqr9Y,,,0.7699,"EMO-AffectNet pseudo-label (teacher=Aff-Wild2, top=Happiness 0.24, tension=0.230) - 사람 검수 전"
eqXrUXW4yHY.000,eqXrUXW4yHY.000.mp4,eqXrUXW4yHY,,,0.7146,"EMO-AffectNet pseudo-label (teacher=Aff-Wild2, top=Happiness 0.22, tension=0.285) - 사람 검수 전"
erjlIt61pUk.001,erjlIt61pUk.001.mp4,erjlIt61pUk,,,0.6054,"EMO-AffectNet pseudo-label (teacher=Aff-Wild2, top=Disgust 0.25, tension=0.395) - 사람 검수 전"
esk_mav4MRk.004,esk_mav4MRk.004.mp4,esk_mav4MRk,,,0.7494,"EMO-AffectNet pseudo-label (teacher=Aff-Wild2, top=Neutral 0.37, tension=0.251) - 사람 검수 전"
euRnmvd_dus.000,euRnmvd_dus.000.mp4,euRnmvd_dus,,,0.8301,"EMO-AffectNet pseudo-label (teacher=Aff-Wild2, top=Happiness 0.41, tension=0.170) - 사람 검수 전"
evrzg3Pzyc0.004,evrzg3Pzyc0.004.mp4,evrzg3Pzyc0,,,0.6951,"EMO-AffectNet pseudo-label (teacher=Aff-Wild2, top=Neutral 0.24, tension=0.305) - 사람 검수 전"
f0LnGz5Z6kA.003,f0LnGz5Z6kA.003.mp4,f0LnGz5Z6kA,,,0.7602,"EMO-AffectNet pseudo-label (teacher=Aff-Wild2, top=Neutral 0.33, tension=0.240) - 사람 검수 전"
f7E26XfU8rw.001,f7E26XfU8rw.001.mp4,f7E26XfU8rw,,,0.7384,"EMO-AffectNet pseudo-label (teacher=Aff-Wild2, top=Neutral 0.27, tension=0.262) - 사람 검수 전"
f7togdqxEoo.001,f7togdqxEoo.001.mp4,f7togdqxEoo,,,0.7186,"EMO-AffectNet pseudo-label (teacher=Aff-Wild2, top=Neutral 0.34, tension=0.281) - 사람 검수 전"
f7togdqxEoo.002,f7togdqxEoo.002.mp4,f7togdqxEoo,,,0.7024,"EMO-AffectNet pseudo-label (teacher=Aff-Wild2, top=Neutral 0.30, tension=0.298) - 사람 검수 전"
f7togdqxEoo.004,f7togdqxEoo.004.mp4,f7togdqxEoo,,,0.6822,"EMO-AffectNet pseudo-label (teacher=Aff-Wild2, top=Neutral 0.28, tension=0.318) - 사람 검수 전"
f7togdqxEoo.005,f7togdqxEoo.005.mp4,f7togdqxEoo,,,0.6889,"EMO-AffectNet pseudo-label (teacher=Aff-Wild2, top=Neutral 0.28, tension=0.311) - 사람 검수 전"
f83xK4chMJs.001,f83xK4chMJs.001.mp4,f83xK4chMJs,,,0.7031,"EMO-AffectNet pseudo-label (teacher=Aff-Wild2, top=Neutral 0.29, tension=0.297) - 사람 검수 전"
fBMKlYUjA9E.004,fBMKlYUjA9E.004.mp4,fBMKlYUjA9E,,,0.8014,"EMO-AffectNet pseudo-label (teacher=Aff-Wild2, top=Happiness 0.43, tension=0.199) - 사람 검수 전"
fBMKlYUjA9E.005,fBMKlYUjA9E.005.mp4,fBMKlYUjA9E,,,0.9049,"EMO-AffectNet pseudo-label (teacher=Aff-Wild2, top=Happiness 0.70, tension=0.095) - 사람 검수 전"
fBcc1UMtZME.000,fBcc1UMtZME.000.mp4,fBcc1UMtZME,,,0.793,"EMO-AffectNet pseudo-label (teacher=Aff-Wild2, top=Happiness 0.32, tension=0.207) - 사람 검수 전"
fBcc1UMtZME.002,fBcc1UMtZME.002.mp4,fBcc1UMtZME,,,0.7484,"EMO-AffectNet pseudo-label (teacher=Aff-Wild2, top=Happiness 0.20, tension=0.252) - 사람 검수 전"
fDBpO2TyB-Y.001,fDBpO2TyB-Y.001.mp4,fDBpO2TyB-Y,,,0.718,"EMO-AffectNet pseudo-label (teacher=Aff-Wild2, top=Surprise 0.24, tension=0.282) - 사람 검수 전"
fDw_PAgW07o.004,fDw_PAgW07o.004.mp4,fDw_PAgW07o,,,0.66,"EMO-AffectNet pseudo-label (teacher=Aff-Wild2, top=Anger 0.28, tension=0.340) - 사람 검수 전"
fEC3lEDxRnc.003,fEC3lEDxRnc.003.mp4,fEC3lEDxRnc,,,0.6751,"EMO-AffectNet pseudo-label (teacher=Aff-Wild2, top=Sadness 0.23, tension=0.325) - 사람 검수 전"
fG-hvGTHoec.000,fG-hvGTHoec.000.mp4,fG-hvGTHoec,,,0.6805,"EMO-AffectNet pseudo-label (teacher=Aff-Wild2, top=Neutral 0.30, tension=0.319) - 사람 검수 전"
fKrX-KXgXYM.001,fKrX-KXgXYM.001.mp4,fKrX-KXgXYM,,,0.6565,"EMO-AffectNet pseudo-label (teacher=Aff-Wild2, top=Fear 0.21, tension=0.344) - 사람 검수 전"
fSDA4eEyGHk.001,fSDA4eEyGHk.001.mp4,fSDA4eEyGHk,,,0.7781,"EMO-AffectNet pseudo-label (teacher=Aff-Wild2, top=Neutral 0.42, tension=0.222) - 사람 검수 전"
fSkQXqXR7D0.003,fSkQXqXR7D0.003.mp4,fSkQXqXR7D0,,,0.7708,"EMO-AffectNet pseudo-label (teacher=Aff-Wild2, top=Happiness 0.25, tension=0.229) - 사람 검수 전"
fUIWjaZCYwM.002,fUIWjaZCYwM.002.mp4,fUIWjaZCYwM,,,0.7379,"EMO-AffectNet pseudo-label (teacher=Aff-Wild2, top=Surprise 0.29, tension=0.262) - 사람 검수 전"
fUf2XzWpSVo.003,fUf2XzWpSVo.003.mp4,fUf2XzWpSVo,,,0.7526,"EMO-AffectNet pseudo-label (teacher=Aff-Wild2, top=Neutral 0.31, tension=0.247) - 사람 검수 전"
fUf2XzWpSVo.004,fUf2XzWpSVo.004.mp4,fUf2XzWpSVo,,,0.7551,"EMO-AffectNet pseudo-label (teacher=Aff-Wild2, top=Neutral 0.28, tension=0.245) - 사람 검수 전"
fY4gU5NiV_I.001,fY4gU5NiV_I.001.mp4,fY4gU5NiV_I,,,0.7466,"EMO-AffectNet pseudo-label (teacher=Aff-Wild2, top=Happiness 0.28, tension=0.253) - 사람 검수 전"
fY4tctYZTz8.000,fY4tctYZTz8.000.mp4,fY4tctYZTz8,,,0.6219,"EMO-AffectNet pseudo-label (teacher=Aff-Wild2, top=Disgust 0.33, tension=0.378) - 사람 검수 전"
fY4tctYZTz8.001,fY4tctYZTz8.001.mp4,fY4tctYZTz8,,,0.6414,"EMO-AffectNet pseudo-label (teacher=Aff-Wild2, top=Anger 0.22, tension=0.359) - 사람 검수 전"
fY4tctYZTz8.004,fY4tctYZTz8.004.mp4,fY4tctYZTz8,,,0.7047,"EMO-AffectNet pseudo-label (teacher=Aff-Wild2, top=Happiness 0.25, tension=0.295) - 사람 검수 전"
f_mEEFFeh-0.002,f_mEEFFeh-0.002.mp4,f_mEEFFeh-0,,,0.8354,"EMO-AffectNet pseudo-label (teacher=Aff-Wild2, top=Happiness 0.44, tension=0.165) - 사람 검수 전"
fczufbliJfQ.000,fczufbliJfQ.000.mp4,fczufbliJfQ,,,0.8345,"EMO-AffectNet pseudo-label (teacher=Aff-Wild2, top=Happiness 0.50, tension=0.165) - 사람 검수 전"
feg-RNvT-t0.002,feg-RNvT-t0.002.mp4,feg-RNvT-t0,,,0.7343,"EMO-AffectNet pseudo-label (teacher=Aff-Wild2, top=Happiness 0.28, tension=0.266) - 사람 검수 전"
feg-RNvT-t0.003,feg-RNvT-t0.003.mp4,feg-RNvT-t0,,,0.778,"EMO-AffectNet pseudo-label (teacher=Aff-Wild2, top=Neutral 0.38, tension=0.222) - 사람 검수 전"
fiVORaERbP0.001,fiVORaERbP0.001.mp4,fiVORaERbP0,,,0.6302,"EMO-AffectNet pseudo-label (teacher=Aff-Wild2, top=Sadness 0.22, tension=0.370) - 사람 검수 전"
fiVORaERbP0.003,fiVORaERbP0.003.mp4,fiVORaERbP0,,,0.5607,"EMO-AffectNet pseudo-label (teacher=Aff-Wild2, top=Sadness 0.44, tension=0.439) - 사람 검수 전"
fipvPdFbKN4.001,fipvPdFbKN4.001.mp4,fipvPdFbKN4,,,0.7762,"EMO-AffectNet pseudo-label (teacher=Aff-Wild2, top=Happiness 0.27, tension=0.224) - 사람 검수 전"
fipvPdFbKN4.005,fipvPdFbKN4.005.mp4,fipvPdFbKN4,,,0.7663,"EMO-AffectNet pseudo-label (teacher=Aff-Wild2, top=Neutral 0.25, tension=0.234) - 사람 검수 전"
fkDqn2muw-A.004,fkDqn2muw-A.004.mp4,fkDqn2muw-A,,,0.7842,"EMO-AffectNet pseudo-label (teacher=Aff-Wild2, top=Happiness 0.31, tension=0.216) - 사람 검수 전"
fk_ggmC872E.004,fk_ggmC872E.004.mp4,fk_ggmC872E,,,0.904,"EMO-AffectNet pseudo-label (teacher=Aff-Wild2, top=Happiness 0.69, tension=0.096) - 사람 검수 전"
fk_ggmC872E.005,fk_ggmC872E.005.mp4,fk_ggmC872E,,,0.7447,"EMO-AffectNet pseudo-label (teacher=Aff-Wild2, top=Happiness 0.29, tension=0.255) - 사람 검수 전"
foj4bqLSmF8.000,foj4bqLSmF8.000.mp4,foj4bqLSmF8,,,0.7796,"EMO-AffectNet pseudo-label (teacher=Aff-Wild2, top=Happiness 0.31, tension=0.220) - 사람 검수 전"
frEf7Kz1Usk.000,frEf7Kz1Usk.000.mp4,frEf7Kz1Usk,,,0.6958,"EMO-AffectNet pseudo-label (teacher=Aff-Wild2, top=Surprise 0.26, tension=0.304) - 사람 검수 전"
fsCK8Xuzl1Y.002,fsCK8Xuzl1Y.002.mp4,fsCK8Xuzl1Y,,,0.7614,"EMO-AffectNet pseudo-label (teacher=Aff-Wild2, top=Surprise 0.24, tension=0.239) - 사람 검수 전"
fsLf6Xv_Gbk.004,fsLf6Xv_Gbk.004.mp4,fsLf6Xv_Gbk,,,0.8526,"EMO-AffectNet pseudo-label (teacher=Aff-Wild2, top=Happiness 0.55, tension=0.147) - 사람 검수 전"
fsaslN7xV-w.003,fsaslN7xV-w.003.mp4,fsaslN7xV-w,,,0.6904,"EMO-AffectNet pseudo-label (teacher=Aff-Wild2, top=Surprise 0.18, tension=0.310) - 사람 검수 전"
fwJykIyvS04.005,fwJykIyvS04.005.mp4,fwJykIyvS04,,,0.7989,"EMO-AffectNet pseudo-label (teacher=Aff-Wild2, top=Happiness 0.30, tension=0.201) - 사람 검수 전"
g0PWBzU95sI.002,g0PWBzU95sI.002.mp4,g0PWBzU95sI,,,0.8801,"EMO-AffectNet pseudo-label (teacher=Aff-Wild2, top=Happiness 0.59, tension=0.120) - 사람 검수 전"
g0Zlp-F6Z6E.005,g0Zlp-F6Z6E.005.mp4,g0Zlp-F6Z6E,,,0.7413,"EMO-AffectNet pseudo-label (teacher=Aff-Wild2, top=Neutral 0.30, tension=0.259) - 사람 검수 전"
g9zgIN56MnQ.002,g9zgIN56MnQ.002.mp4,g9zgIN56MnQ,,,0.7537,"EMO-AffectNet pseudo-label (teacher=Aff-Wild2, top=Surprise 0.31, tension=0.246) - 사람 검수 전"
g9zgIN56MnQ.003,g9zgIN56MnQ.003.mp4,g9zgIN56MnQ,,,0.7605,"EMO-AffectNet pseudo-label (teacher=Aff-Wild2, top=Happiness 0.31, tension=0.239) - 사람 검수 전"
gCLfduV3Phw.001,gCLfduV3Phw.001.mp4,gCLfduV3Phw,,,0.7525,"EMO-AffectNet pseudo-label (teacher=Aff-Wild2, top=Neutral 0.24, tension=0.248) - 사람 검수 전"
gCLfduV3Phw.002,gCLfduV3Phw.002.mp4,gCLfduV3Phw,,,0.753,"EMO-AffectNet pseudo-label (teacher=Aff-Wild2, top=Surprise 0.25, tension=0.247) - 사람 검수 전"
gCQT7zfS7sI.000,gCQT7zfS7sI.000.mp4,gCQT7zfS7sI,,,0.7902,"EMO-AffectNet pseudo-label (teacher=Aff-Wild2, top=Neutral 0.39, tension=0.210) - 사람 검수 전"
gCQT7zfS7sI.005,gCQT7zfS7sI.005.mp4,gCQT7zfS7sI,,,0.7295,"EMO-AffectNet pseudo-label (teacher=Aff-Wild2, top=Anger 0.34, tension=0.271) - 사람 검수 전"
gCd5bIDNAbI.003,gCd5bIDNAbI.003.mp4,gCd5bIDNAbI,,,0.7876,"EMO-AffectNet pseudo-label (teacher=Aff-Wild2, top=Neutral 0.29, tension=0.212) - 사람 검수 전"
gChqk1izWkc.001,gChqk1izWkc.001.mp4,gChqk1izWkc,,,0.6999,"EMO-AffectNet pseudo-label (teacher=Aff-Wild2, top=Neutral 0.31, tension=0.300) - 사람 검수 전"
gIWZPg1BxlU.000,gIWZPg1BxlU.000.mp4,gIWZPg1BxlU,,,0.8251,"EMO-AffectNet pseudo-label (teacher=Aff-Wild2, top=Neutral 0.47, tension=0.175) - 사람 검수 전"
gJMH7pfz-14.005,gJMH7pfz-14.005.mp4,gJMH7pfz-14,,,0.781,"EMO-AffectNet pseudo-label (teacher=Aff-Wild2, top=Surprise 0.26, tension=0.219) - 사람 검수 전"
gKxJl7pIYMo.001,gKxJl7pIYMo.001.mp4,gKxJl7pIYMo,,,0.8974,"EMO-AffectNet pseudo-label (teacher=Aff-Wild2, top=Happiness 0.65, tension=0.103) - 사람 검수 전"
gM_KAA-ejJA.000,gM_KAA-ejJA.000.mp4,gM_KAA-ejJA,,,0.7507,"EMO-AffectNet pseudo-label (teacher=Aff-Wild2, top=Surprise 0.23, tension=0.249) - 사람 검수 전"
gZblxCs4EV4.002,gZblxCs4EV4.002.mp4,gZblxCs4EV4,,,0.6182,"EMO-AffectNet pseudo-label (teacher=Aff-Wild2, top=Sadness 0.30, tension=0.382) - 사람 검수 전"
gZzB49daFfA.000,gZzB49daFfA.000.mp4,gZzB49daFfA,,,0.8443,"EMO-AffectNet pseudo-label (teacher=Aff-Wild2, top=Happiness 0.47, tension=0.156) - 사람 검수 전"
ga_XczsO4eY.002,ga_XczsO4eY.002.mp4,ga_XczsO4eY,,,0.8091,"EMO-AffectNet pseudo-label (teacher=Aff-Wild2, top=Happiness 0.32, tension=0.191) - 사람 검수 전"
geji1U2YAvg.003,geji1U2YAvg.003.mp4,geji1U2YAvg,,,0.7262,"EMO-AffectNet pseudo-label (teacher=Aff-Wild2, top=Neutral 0.29, tension=0.274) - 사람 검수 전"
gfTTzlRNF8s.002,gfTTzlRNF8s.002.mp4,gfTTzlRNF8s,,,0.7943,"EMO-AffectNet pseudo-label (teacher=Aff-Wild2, top=Surprise 0.34, tension=0.206) - 사람 검수 전"
gggp205gPMI.000,gggp205gPMI.000.mp4,gggp205gPMI,,,0.6694,"EMO-AffectNet pseudo-label (teacher=Aff-Wild2, top=Neutral 0.31, tension=0.331) - 사람 검수 전"
gipWTZy9mjI.004,gipWTZy9mjI.004.mp4,gipWTZy9mjI,,,0.6833,"EMO-AffectNet pseudo-label (teacher=Aff-Wild2, top=Neutral 0.27, tension=0.317) - 사람 검수 전"
gj3-xvhPeWg.000,gj3-xvhPeWg.000.mp4,gj3-xvhPeWg,,,0.6894,"EMO-AffectNet pseudo-label (teacher=Aff-Wild2, top=Neutral 0.37, tension=0.311) - 사람 검수 전"
glgfB3vFewc.001,glgfB3vFewc.001.mp4,glgfB3vFewc,,,0.6346,"EMO-AffectNet pseudo-label (teacher=Aff-Wild2, top=Fear 0.27, tension=0.365) - 사람 검수 전"
gq0yaEv6gSE.001,gq0yaEv6gSE.001.mp4,gq0yaEv6gSE,,,0.6164,"EMO-AffectNet pseudo-label (teacher=Aff-Wild2, top=Fear 0.36, tension=0.384) - 사람 검수 전"
grhDDOLsBho.001,grhDDOLsBho.001.mp4,grhDDOLsBho,,,0.7272,"EMO-AffectNet pseudo-label (teacher=Aff-Wild2, top=Anger 0.27, tension=0.273) - 사람 검수 전"
grhDDOLsBho.003,grhDDOLsBho.003.mp4,grhDDOLsBho,,,0.7481,"EMO-AffectNet pseudo-label (teacher=Aff-Wild2, top=Happiness 0.31, tension=0.252) - 사람 검수 전"
gsleSGEZHAs.003,gsleSGEZHAs.003.mp4,gsleSGEZHAs,,,0.7048,"EMO-AffectNet pseudo-label (teacher=Aff-Wild2, top=Neutral 0.35, tension=0.295) - 사람 검수 전"
guthEFaGEiA.001,guthEFaGEiA.001.mp4,guthEFaGEiA,,,0.7144,"EMO-AffectNet pseudo-label (teacher=Aff-Wild2, top=Neutral 0.38, tension=0.286) - 사람 검수 전"
h2-_bQdTZYY.005,h2-_bQdTZYY.005.mp4,h2-_bQdTZYY,,,0.9052,"EMO-AffectNet pseudo-label (teacher=Aff-Wild2, top=Happiness 0.71, tension=0.095) - 사람 검수 전"
h6LOjpCRXtY.003,h6LOjpCRXtY.003.mp4,h6LOjpCRXtY,,,0.7281,"EMO-AffectNet pseudo-label (teacher=Aff-Wild2, top=Neutral 0.24, tension=0.272) - 사람 검수 전"
h6LOjpCRXtY.005,h6LOjpCRXtY.005.mp4,h6LOjpCRXtY,,,0.6578,"EMO-AffectNet pseudo-label (teacher=Aff-Wild2, top=Fear 0.24, tension=0.342) - 사람 검수 전"
h7qbP1GS50U.000,h7qbP1GS50U.000.mp4,h7qbP1GS50U,,,0.8765,"EMO-AffectNet pseudo-label (teacher=Aff-Wild2, top=Happiness 0.60, tension=0.123) - 사람 검수 전"
hDqsuyVeWmw.002,hDqsuyVeWmw.002.mp4,hDqsuyVeWmw,,,0.7446,"EMO-AffectNet pseudo-label (teacher=Aff-Wild2, top=Neutral 0.30, tension=0.255) - 사람 검수 전"
hDqsuyVeWmw.005,hDqsuyVeWmw.005.mp4,hDqsuyVeWmw,,,0.7098,"EMO-AffectNet pseudo-label (teacher=Aff-Wild2, top=Surprise 0.22, tension=0.290) - 사람 검수 전"
hG0I7DLSSYg.000,hG0I7DLSSYg.000.mp4,hG0I7DLSSYg,,,0.762,"EMO-AffectNet pseudo-label (teacher=Aff-Wild2, top=Neutral 0.22, tension=0.238) - 사람 검수 전"
hG0I7DLSSYg.004,hG0I7DLSSYg.004.mp4,hG0I7DLSSYg,,,0.725,"EMO-AffectNet pseudo-label (teacher=Aff-Wild2, top=Surprise 0.21, tension=0.275) - 사람 검수 전"
hIxLNK_x_QA.004,hIxLNK_x_QA.004.mp4,hIxLNK_x_QA,,,0.9455,"EMO-AffectNet pseudo-label (teacher=Aff-Wild2, top=Happiness 0.83, tension=0.054) - 사람 검수 전"
hK5lmI9pwck.001,hK5lmI9pwck.001.mp4,hK5lmI9pwck,,,0.6618,"EMO-AffectNet pseudo-label (teacher=Aff-Wild2, top=Fear 0.25, tension=0.338) - 사람 검수 전"
h_GDQ9_H1es.000,h_GDQ9_H1es.000.mp4,h_GDQ9_H1es,,,0.6969,"EMO-AffectNet pseudo-label (teacher=Aff-Wild2, top=Neutral 0.30, tension=0.303) - 사람 검수 전"
heE4ZZXwehI.000,heE4ZZXwehI.000.mp4,heE4ZZXwehI,,,0.6878,"EMO-AffectNet pseudo-label (teacher=Aff-Wild2, top=Anger 0.24, tension=0.312) - 사람 검수 전"
heE4ZZXwehI.004,heE4ZZXwehI.004.mp4,heE4ZZXwehI,,,0.5972,"EMO-AffectNet pseudo-label (teacher=Aff-Wild2, top=Disgust 0.37, tension=0.403) - 사람 검수 전"
hjQpiGBO1Ao.000,hjQpiGBO1Ao.000.mp4,hjQpiGBO1Ao,,,0.7408,"EMO-AffectNet pseudo-label (teacher=Aff-Wild2, top=Neutral 0.38, tension=0.259) - 사람 검수 전"
hnMp0eX28es.002,hnMp0eX28es.002.mp4,hnMp0eX28es,,,0.6538,"EMO-AffectNet pseudo-label (teacher=Aff-Wild2, top=Sadness 0.25, tension=0.346) - 사람 검수 전"
hnWMsZEQWt4.000,hnWMsZEQWt4.000.mp4,hnWMsZEQWt4,,,0.7036,"EMO-AffectNet pseudo-label (teacher=Aff-Wild2, top=Surprise 0.28, tension=0.296) - 사람 검수 전"
hqe-8SMJGmc.000,hqe-8SMJGmc.000.mp4,hqe-8SMJGmc,,,0.7414,"EMO-AffectNet pseudo-label (teacher=Aff-Wild2, top=Surprise 0.38, tension=0.259) - 사람 검수 전"
hqe-8SMJGmc.002,hqe-8SMJGmc.002.mp4,hqe-8SMJGmc,,,0.6921,"EMO-AffectNet pseudo-label (teacher=Aff-Wild2, top=Surprise 0.29, tension=0.308) - 사람 검수 전"
hqe-8SMJGmc.004,hqe-8SMJGmc.004.mp4,hqe-8SMJGmc,,,0.7661,"EMO-AffectNet pseudo-label (teacher=Aff-Wild2, top=Surprise 0.41, tension=0.234) - 사람 검수 전"
hqe-8SMJGmc.005,hqe-8SMJGmc.005.mp4,hqe-8SMJGmc,,,0.7521,"EMO-AffectNet pseudo-label (teacher=Aff-Wild2, top=Surprise 0.38, tension=0.248) - 사람 검수 전"
hquzfo9MVDo.004,hquzfo9MVDo.004.mp4,hquzfo9MVDo,,,0.6685,"EMO-AffectNet pseudo-label (teacher=Aff-Wild2, top=Neutral 0.25, tension=0.332) - 사람 검수 전"
hrat_RJczFM.000,hrat_RJczFM.000.mp4,hrat_RJczFM,,,0.676,"EMO-AffectNet pseudo-label (teacher=Aff-Wild2, top=Neutral 0.27, tension=0.324) - 사람 검수 전"
hspeWl-Bip0.000,hspeWl-Bip0.000.mp4,hspeWl-Bip0,,,0.6526,"EMO-AffectNet pseudo-label (teacher=Aff-Wild2, top=Disgust 0.20, tension=0.347) - 사람 검수 전"
huIQlWsIEvY.001,huIQlWsIEvY.001.mp4,huIQlWsIEvY,,,0.7617,"EMO-AffectNet pseudo-label (teacher=Aff-Wild2, top=Neutral 0.26, tension=0.238) - 사람 검수 전"
huIQlWsIEvY.002,huIQlWsIEvY.002.mp4,huIQlWsIEvY,,,0.724,"EMO-AffectNet pseudo-label (teacher=Aff-Wild2, top=Neutral 0.39, tension=0.276) - 사람 검수 전"
hvGLlMhj7iE.002,hvGLlMhj7iE.002.mp4,hvGLlMhj7iE,,,0.7144,"EMO-AffectNet pseudo-label (teacher=Aff-Wild2, top=Neutral 0.27, tension=0.286) - 사람 검수 전"
i3s5XtbhSrE.004,i3s5XtbhSrE.004.mp4,i3s5XtbhSrE,,,0.8025,"EMO-AffectNet pseudo-label (teacher=Aff-Wild2, top=Surprise 0.31, tension=0.198) - 사람 검수 전"
i4IVTm3uvoM.003,i4IVTm3uvoM.003.mp4,i4IVTm3uvoM,,,0.8308,"EMO-AffectNet pseudo-label (teacher=Aff-Wild2, top=Happiness 0.35, tension=0.169) - 사람 검수 전"
i4IVTm3uvoM.004,i4IVTm3uvoM.004.mp4,i4IVTm3uvoM,,,0.8648,"EMO-AffectNet pseudo-label (teacher=Aff-Wild2, top=Happiness 0.50, tension=0.135) - 사람 검수 전"
iFSF6v3xw_k.000,iFSF6v3xw_k.000.mp4,iFSF6v3xw_k,,,0.7133,"EMO-AffectNet pseudo-label (teacher=Aff-Wild2, top=Surprise 0.27, tension=0.287) - 사람 검수 전"
iGBVrJMr62U.004,iGBVrJMr62U.004.mp4,iGBVrJMr62U,,,0.882,"EMO-AffectNet pseudo-label (teacher=Aff-Wild2, top=Happiness 0.61, tension=0.118) - 사람 검수 전"
iJGHwoJKEpA.000,iJGHwoJKEpA.000.mp4,iJGHwoJKEpA,,,0.6595,"EMO-AffectNet pseudo-label (teacher=Aff-Wild2, top=Neutral 0.20, tension=0.341) - 사람 검수 전"
iOB65zCiOFM.000,iOB65zCiOFM.000.mp4,iOB65zCiOFM,,,0.7116,"EMO-AffectNet pseudo-label (teacher=Aff-Wild2, top=Happiness 0.27, tension=0.288) - 사람 검수 전"
iOB65zCiOFM.005,iOB65zCiOFM.005.mp4,iOB65zCiOFM,,,0.6807,"EMO-AffectNet pseudo-label (teacher=Aff-Wild2, top=Happiness 0.24, tension=0.319) - 사람 검수 전"
iOv0_RdVPCM.004,iOv0_RdVPCM.004.mp4,iOv0_RdVPCM,,,0.7906,"EMO-AffectNet pseudo-label (teacher=Aff-Wild2, top=Happiness 0.34, tension=0.209) - 사람 검수 전"
iQvoDdxt06M.004,iQvoDdxt06M.004.mp4,iQvoDdxt06M,,,0.8243,"EMO-AffectNet pseudo-label (teacher=Aff-Wild2, top=Happiness 0.39, tension=0.176) - 사람 검수 전"
iW1t-ZiG2rc.002,iW1t-ZiG2rc.002.mp4,iW1t-ZiG2rc,,,0.6527,"EMO-AffectNet pseudo-label (teacher=Aff-Wild2, top=Neutral 0.22, tension=0.347) - 사람 검수 전"
ibawV2tqKug.002,ibawV2tqKug.002.mp4,ibawV2tqKug,,,0.771,"EMO-AffectNet pseudo-label (teacher=Aff-Wild2, top=Happiness 0.43, tension=0.229) - 사람 검수 전"
ibawV2tqKug.003,ibawV2tqKug.003.mp4,ibawV2tqKug,,,0.618,"EMO-AffectNet pseudo-label (teacher=Aff-Wild2, top=Disgust 0.26, tension=0.382) - 사람 검수 전"
ic_LECbCm5M.005,ic_LECbCm5M.005.mp4,ic_LECbCm5M,,,0.6589,"EMO-AffectNet pseudo-label (teacher=Aff-Wild2, top=Disgust 0.20, tension=0.341) - 사람 검수 전"
iiW_nu6JITY.000,iiW_nu6JITY.000.mp4,iiW_nu6JITY,,,0.7593,"EMO-AffectNet pseudo-label (teacher=Aff-Wild2, top=Neutral 0.34, tension=0.241) - 사람 검수 전"
iiW_nu6JITY.003,iiW_nu6JITY.003.mp4,iiW_nu6JITY,,,0.7811,"EMO-AffectNet pseudo-label (teacher=Aff-Wild2, top=Neutral 0.35, tension=0.219) - 사람 검수 전"
ikCqtEGQbrg.000,ikCqtEGQbrg.000.mp4,ikCqtEGQbrg,,,0.7436,"EMO-AffectNet pseudo-label (teacher=Aff-Wild2, top=Surprise 0.22, tension=0.256) - 사람 검수 전"
ikCqtEGQbrg.003,ikCqtEGQbrg.003.mp4,ikCqtEGQbrg,,,0.7197,"EMO-AffectNet pseudo-label (teacher=Aff-Wild2, top=Surprise 0.20, tension=0.280) - 사람 검수 전"
ilOi-sQo9HI.003,ilOi-sQo9HI.003.mp4,ilOi-sQo9HI,,,0.737,"EMO-AffectNet pseudo-label (teacher=Aff-Wild2, top=Neutral 0.39, tension=0.263) - 사람 검수 전"
in-HuMgiDCE.000,in-HuMgiDCE.000.mp4,in-HuMgiDCE,,,0.6559,"EMO-AffectNet pseudo-label (teacher=Aff-Wild2, top=Sadness 0.30, tension=0.344) - 사람 검수 전"
ins5QQc2dR0.000,ins5QQc2dR0.000.mp4,ins5QQc2dR0,,,0.7565,"EMO-AffectNet pseudo-label (teacher=Aff-Wild2, top=Neutral 0.23, tension=0.243) - 사람 검수 전"
ins5QQc2dR0.002,ins5QQc2dR0.002.mp4,ins5QQc2dR0,,,0.7153,"EMO-AffectNet pseudo-label (teacher=Aff-Wild2, top=Neutral 0.30, tension=0.285) - 사람 검수 전"
io0aNQE8En8.004,io0aNQE8En8.004.mp4,io0aNQE8En8,,,0.6793,"EMO-AffectNet pseudo-label (teacher=Aff-Wild2, top=Neutral 0.30, tension=0.321) - 사람 검수 전"
ipP--IqIuWU.000,ipP--IqIuWU.000.mp4,ipP--IqIuWU,,,0.6856,"EMO-AffectNet pseudo-label (teacher=Aff-Wild2, top=Neutral 0.23, tension=0.314) - 사람 검수 전"
iqs7mZbg5UI.002,iqs7mZbg5UI.002.mp4,iqs7mZbg5UI,,,0.7247,"EMO-AffectNet pseudo-label (teacher=Aff-Wild2, top=Neutral 0.24, tension=0.275) - 사람 검수 전"
iqs7mZbg5UI.003,iqs7mZbg5UI.003.mp4,iqs7mZbg5UI,,,0.7167,"EMO-AffectNet pseudo-label (teacher=Aff-Wild2, top=Neutral 0.21, tension=0.283) - 사람 검수 전"
iqs7mZbg5UI.004,iqs7mZbg5UI.004.mp4,iqs7mZbg5UI,,,0.7199,"EMO-AffectNet pseudo-label (teacher=Aff-Wild2, top=Happiness 0.20, tension=0.280) - 사람 검수 전"
itQ2wSlXqCw.002,itQ2wSlXqCw.002.mp4,itQ2wSlXqCw,,,0.7279,"EMO-AffectNet pseudo-label (teacher=Aff-Wild2, top=Neutral 0.23, tension=0.272) - 사람 검수 전"
itQ2wSlXqCw.004,itQ2wSlXqCw.004.mp4,itQ2wSlXqCw,,,0.7302,"EMO-AffectNet pseudo-label (teacher=Aff-Wild2, top=Neutral 0.36, tension=0.270) - 사람 검수 전"
ivcVlDXJCDo.004,ivcVlDXJCDo.004.mp4,ivcVlDXJCDo,,,0.8832,"EMO-AffectNet pseudo-label (teacher=Aff-Wild2, top=Happiness 0.64, tension=0.117) - 사람 검수 전"
ivpw58MIRtQ.004,ivpw58MIRtQ.004.mp4,ivpw58MIRtQ,,,0.7451,"EMO-AffectNet pseudo-label (teacher=Aff-Wild2, top=Surprise 0.45, tension=0.255) - 사람 검수 전"
iz_eT0DXx3s.001,iz_eT0DXx3s.001.mp4,iz_eT0DXx3s,,,0.7263,"EMO-AffectNet pseudo-label (teacher=Aff-Wild2, top=Neutral 0.40, tension=0.274) - 사람 검수 전"
j-F-t4BS0yM.002,j-F-t4BS0yM.002.mp4,j-F-t4BS0yM,,,0.7398,"EMO-AffectNet pseudo-label (teacher=Aff-Wild2, top=Neutral 0.32, tension=0.260) - 사람 검수 전"
j08b_trEQrU.001,j08b_trEQrU.001.mp4,j08b_trEQrU,,,0.6663,"EMO-AffectNet pseudo-label (teacher=Aff-Wild2, top=Surprise 0.45, tension=0.334) - 사람 검수 전"
j5fXaXrNPoA.003,j5fXaXrNPoA.003.mp4,j5fXaXrNPoA,,,0.7085,"EMO-AffectNet pseudo-label (teacher=Aff-Wild2, top=Neutral 0.26, tension=0.291) - 사람 검수 전"
j6Rvmjjp7pU.003,j6Rvmjjp7pU.003.mp4,j6Rvmjjp7pU,,,0.9136,"EMO-AffectNet pseudo-label (teacher=Aff-Wild2, top=Happiness 0.72, tension=0.086) - 사람 검수 전"
j7VLzb0qw8Q.003,j7VLzb0qw8Q.003.mp4,j7VLzb0qw8Q,,,0.7532,"EMO-AffectNet pseudo-label (teacher=Aff-Wild2, top=Neutral 0.30, tension=0.247) - 사람 검수 전"
jFx6AEw6viQ.000,jFx6AEw6viQ.000.mp4,jFx6AEw6viQ,,,0.6319,"EMO-AffectNet pseudo-label (teacher=Aff-Wild2, top=Sadness 0.29, tension=0.368) - 사람 검수 전"
jKHaHWuaU14.000,jKHaHWuaU14.000.mp4,jKHaHWuaU14,,,0.748,"EMO-AffectNet pseudo-label (teacher=Aff-Wild2, top=Happiness 0.31, tension=0.252) - 사람 검수 전"
jKHaHWuaU14.002,jKHaHWuaU14.002.mp4,jKHaHWuaU14,,,0.7115,"EMO-AffectNet pseudo-label (teacher=Aff-Wild2, top=Sadness 0.25, tension=0.288) - 사람 검수 전"
jKHaHWuaU14.003,jKHaHWuaU14.003.mp4,jKHaHWuaU14,,,0.7023,"EMO-AffectNet pseudo-label (teacher=Aff-Wild2, top=Sadness 0.28, tension=0.298) - 사람 검수 전"
jKHaHWuaU14.005,jKHaHWuaU14.005.mp4,jKHaHWuaU14,,,0.7861,"EMO-AffectNet pseudo-label (teacher=Aff-Wild2, top=Happiness 0.37, tension=0.214) - 사람 검수 전"
jPpZkVzQywk.002,jPpZkVzQywk.002.mp4,jPpZkVzQywk,,,0.6331,"EMO-AffectNet pseudo-label (teacher=Aff-Wild2, top=Sadness 0.45, tension=0.367) - 사람 검수 전"
jPpZkVzQywk.004,jPpZkVzQywk.004.mp4,jPpZkVzQywk,,,0.6372,"EMO-AffectNet pseudo-label (teacher=Aff-Wild2, top=Sadness 0.44, tension=0.363) - 사람 검수 전"
jTkEWnuDnbA.005,jTkEWnuDnbA.005.mp4,jTkEWnuDnbA,,,0.6398,"EMO-AffectNet pseudo-label (teacher=Aff-Wild2, top=Fear 0.23, tension=0.360) - 사람 검수 전"
jVGTEDAYWZ8.002,jVGTEDAYWZ8.002.mp4,jVGTEDAYWZ8,,,0.7073,"EMO-AffectNet pseudo-label (teacher=Aff-Wild2, top=Anger 0.27, tension=0.293) - 사람 검수 전"
jZDlFzVUZwY.004,jZDlFzVUZwY.004.mp4,jZDlFzVUZwY,,,0.6941,"EMO-AffectNet pseudo-label (teacher=Aff-Wild2, top=Anger 0.25, tension=0.306) - 사람 검수 전"
jZl3Rq1MRQg.001,jZl3Rq1MRQg.001.mp4,jZl3Rq1MRQg,,,0.7752,"EMO-AffectNet pseudo-label (teacher=Aff-Wild2, top=Neutral 0.31, tension=0.225) - 사람 검수 전"
jd9_8OPxM3A.001,jd9_8OPxM3A.001.mp4,jd9_8OPxM3A,,,0.662,"EMO-AffectNet pseudo-label (teacher=Aff-Wild2, top=Sadness 0.36, tension=0.338) - 사람 검수 전"
jd9_8OPxM3A.002,jd9_8OPxM3A.002.mp4,jd9_8OPxM3A,,,0.7232,"EMO-AffectNet pseudo-label (teacher=Aff-Wild2, top=Neutral 0.33, tension=0.277) - 사람 검수 전"
jd9_8OPxM3A.003,jd9_8OPxM3A.003.mp4,jd9_8OPxM3A,,,0.771,"EMO-AffectNet pseudo-label (teacher=Aff-Wild2, top=Neutral 0.32, tension=0.229) - 사람 검수 전"
jd9_8OPxM3A.004,jd9_8OPxM3A.004.mp4,jd9_8OPxM3A,,,0.7138,"EMO-AffectNet pseudo-label (teacher=Aff-Wild2, top=Neutral 0.32, tension=0.286) - 사람 검수 전"
jdli4DDP7XM.000,jdli4DDP7XM.000.mp4,jdli4DDP7XM,,,0.864,"EMO-AffectNet pseudo-label (teacher=Aff-Wild2, top=Happiness 0.52, tension=0.136) - 사람 검수 전"
jlHKgXrxCu8.002,jlHKgXrxCu8.002.mp4,jlHKgXrxCu8,,,0.7618,"EMO-AffectNet pseudo-label (teacher=Aff-Wild2, top=Neutral 0.46, tension=0.238) - 사람 검수 전"
jlHKgXrxCu8.003,jlHKgXrxCu8.003.mp4,jlHKgXrxCu8,,,0.7595,"EMO-AffectNet pseudo-label (teacher=Aff-Wild2, top=Neutral 0.40, tension=0.241) - 사람 검수 전"
jmuVZ3HBiWA.005,jmuVZ3HBiWA.005.mp4,jmuVZ3HBiWA,,,0.6362,"EMO-AffectNet pseudo-label (teacher=Aff-Wild2, top=Sadness 0.29, tension=0.364) - 사람 검수 전"
jnEHHvlBgxE.001,jnEHHvlBgxE.001.mp4,jnEHHvlBgxE,,,0.7536,"EMO-AffectNet pseudo-label (teacher=Aff-Wild2, top=Neutral 0.27, tension=0.246) - 사람 검수 전"
jolhoLhAurM.000,jolhoLhAurM.000.mp4,jolhoLhAurM,,,0.7145,"EMO-AffectNet pseudo-label (teacher=Aff-Wild2, top=Surprise 0.35, tension=0.286) - 사람 검수 전"
jpPZVmzleAo.003,jpPZVmzleAo.003.mp4,jpPZVmzleAo,,,0.7243,"EMO-AffectNet pseudo-label (teacher=Aff-Wild2, top=Neutral 0.39, tension=0.276) - 사람 검수 전"
jpPZVmzleAo.005,jpPZVmzleAo.005.mp4,jpPZVmzleAo,,,0.7498,"EMO-AffectNet pseudo-label (teacher=Aff-Wild2, top=Neutral 0.39, tension=0.250) - 사람 검수 전"
jpRnHWTLDUs.001,jpRnHWTLDUs.001.mp4,jpRnHWTLDUs,,,0.7261,"EMO-AffectNet pseudo-label (teacher=Aff-Wild2, top=Surprise 0.29, tension=0.274) - 사람 검수 전"
jpRnHWTLDUs.002,jpRnHWTLDUs.002.mp4,jpRnHWTLDUs,,,0.7642,"EMO-AffectNet pseudo-label (teacher=Aff-Wild2, top=Happiness 0.29, tension=0.236) - 사람 검수 전"
jq1dLOVUQJA.003,jq1dLOVUQJA.003.mp4,jq1dLOVUQJA,,,0.8107,"EMO-AffectNet pseudo-label (teacher=Aff-Wild2, top=Happiness 0.42, tension=0.189) - 사람 검수 전"
jrhvXPaXo-0.001,jrhvXPaXo-0.001.mp4,jrhvXPaXo-0,,,0.7558,"EMO-AffectNet pseudo-label (teacher=Aff-Wild2, top=Happiness 0.21, tension=0.244) - 사람 검수 전"
jrhvXPaXo-0.002,jrhvXPaXo-0.002.mp4,jrhvXPaXo-0,,,0.7158,"EMO-AffectNet pseudo-label (teacher=Aff-Wild2, top=Neutral 0.30, tension=0.284) - 사람 검수 전"
jrhvXPaXo-0.005,jrhvXPaXo-0.005.mp4,jrhvXPaXo-0,,,0.758,"EMO-AffectNet pseudo-label (teacher=Aff-Wild2, top=Neutral 0.24, tension=0.242) - 사람 검수 전"
jwcSbw4NDn0.000,jwcSbw4NDn0.000.mp4,jwcSbw4NDn0,,,0.6492,"EMO-AffectNet pseudo-label (teacher=Aff-Wild2, top=Fear 0.23, tension=0.351) - 사람 검수 전"
k2buv6xZ4_o.002,k2buv6xZ4_o.002.mp4,k2buv6xZ4_o,,,0.7026,"EMO-AffectNet pseudo-label (teacher=Aff-Wild2, top=Neutral 0.34, tension=0.297) - 사람 검수 전"
k4QmzZuQl9s.002,k4QmzZuQl9s.002.mp4,k4QmzZuQl9s,,,0.7935,"EMO-AffectNet pseudo-label (teacher=Aff-Wild2, top=Happiness 0.29, tension=0.207) - 사람 검수 전"
k4eeYoHtnnI.002,k4eeYoHtnnI.002.mp4,k4eeYoHtnnI,,,0.6691,"EMO-AffectNet pseudo-label (teacher=Aff-Wild2, top=Sadness 0.30, tension=0.331) - 사람 검수 전"
k4eeYoHtnnI.003,k4eeYoHtnnI.003.mp4,k4eeYoHtnnI,,,0.6837,"EMO-AffectNet pseudo-label (teacher=Aff-Wild2, top=Neutral 0.29, tension=0.316) - 사람 검수 전"
k4eeYoHtnnI.005,k4eeYoHtnnI.005.mp4,k4eeYoHtnnI,,,0.6556,"EMO-AffectNet pseudo-label (teacher=Aff-Wild2, top=Sadness 0.29, tension=0.344) - 사람 검수 전"
kAjvzIWWrWA.001,kAjvzIWWrWA.001.mp4,kAjvzIWWrWA,,,0.7948,"EMO-AffectNet pseudo-label (teacher=Aff-Wild2, top=Happiness 0.28, tension=0.205) - 사람 검수 전"
kDJigDGDJTo.004,kDJigDGDJTo.004.mp4,kDJigDGDJTo,,,0.7319,"EMO-AffectNet pseudo-label (teacher=Aff-Wild2, top=Neutral 0.26, tension=0.268) - 사람 검수 전"
kFak4VnRnRM.002,kFak4VnRnRM.002.mp4,kFak4VnRnRM,,,0.7187,"EMO-AffectNet pseudo-label (teacher=Aff-Wild2, top=Happiness 0.20, tension=0.281) - 사람 검수 전"
kJLeYUobR0M.000,kJLeYUobR0M.000.mp4,kJLeYUobR0M,,,0.8127,"EMO-AffectNet pseudo-label (teacher=Aff-Wild2, top=Happiness 0.26, tension=0.187) - 사람 검수 전"
kK4QL7pOrhs.005,kK4QL7pOrhs.005.mp4,kK4QL7pOrhs,,,0.8026,"EMO-AffectNet pseudo-label (teacher=Aff-Wild2, top=Happiness 0.29, tension=0.197) - 사람 검수 전"
kK534gUcRF4.003,kK534gUcRF4.003.mp4,kK534gUcRF4,,,0.7632,"EMO-AffectNet pseudo-label (teacher=Aff-Wild2, top=Happiness 0.26, tension=0.237) - 사람 검수 전"
kKRc2aXzQyM.003,kKRc2aXzQyM.003.mp4,kKRc2aXzQyM,,,0.7403,"EMO-AffectNet pseudo-label (teacher=Aff-Wild2, top=Happiness 0.24, tension=0.260) - 사람 검수 전"
kPXVZD3ac8s.000,kPXVZD3ac8s.000.mp4,kPXVZD3ac8s,,,0.7393,"EMO-AffectNet pseudo-label (teacher=Aff-Wild2, top=Surprise 0.21, tension=0.261) - 사람 검수 전"
kPXVZD3ac8s.002,kPXVZD3ac8s.002.mp4,kPXVZD3ac8s,,,0.7761,"EMO-AffectNet pseudo-label (teacher=Aff-Wild2, top=Surprise 0.35, tension=0.224) - 사람 검수 전"
kSk-rf7a1Ig.002,kSk-rf7a1Ig.002.mp4,kSk-rf7a1Ig,,,0.6775,"EMO-AffectNet pseudo-label (teacher=Aff-Wild2, top=Neutral 0.29, tension=0.323) - 사람 검수 전"
kSk-rf7a1Ig.004,kSk-rf7a1Ig.004.mp4,kSk-rf7a1Ig,,,0.6783,"EMO-AffectNet pseudo-label (teacher=Aff-Wild2, top=Neutral 0.30, tension=0.322) - 사람 검수 전"
kUpkeJDcxaE.001,kUpkeJDcxaE.001.mp4,kUpkeJDcxaE,,,0.7515,"EMO-AffectNet pseudo-label (teacher=Aff-Wild2, top=Neutral 0.29, tension=0.248) - 사람 검수 전"
kUpkeJDcxaE.004,kUpkeJDcxaE.004.mp4,kUpkeJDcxaE,,,0.7366,"EMO-AffectNet pseudo-label (teacher=Aff-Wild2, top=Neutral 0.29, tension=0.263) - 사람 검수 전"
kV7MFI2_ddo.001,kV7MFI2_ddo.001.mp4,kV7MFI2_ddo,,,0.637,"EMO-AffectNet pseudo-label (teacher=Aff-Wild2, top=Fear 0.35, tension=0.363) - 사람 검수 전"
kV7MFI2_ddo.004,kV7MFI2_ddo.004.mp4,kV7MFI2_ddo,,,0.6563,"EMO-AffectNet pseudo-label (teacher=Aff-Wild2, top=Surprise 0.30, tension=0.344) - 사람 검수 전"
kY_4WyAXxrQ.005,kY_4WyAXxrQ.005.mp4,kY_4WyAXxrQ,,,0.7208,"EMO-AffectNet pseudo-label (teacher=Aff-Wild2, top=Neutral 0.34, tension=0.279) - 사람 검수 전"
kco35S1k5Ks.001,kco35S1k5Ks.001.mp4,kco35S1k5Ks,,,0.7492,"EMO-AffectNet pseudo-label (teacher=Aff-Wild2, top=Neutral 0.30, tension=0.251) - 사람 검수 전"
kdPRPO3wgg0.003,kdPRPO3wgg0.003.mp4,kdPRPO3wgg0,,,0.7772,"EMO-AffectNet pseudo-label (teacher=Aff-Wild2, top=Neutral 0.30, tension=0.223) - 사람 검수 전"
keW8-eSiQ70.001,keW8-eSiQ70.001.mp4,keW8-eSiQ70,,,0.7647,"EMO-AffectNet pseudo-label (teacher=Aff-Wild2, top=Happiness 0.41, tension=0.235) - 사람 검수 전"
keW8-eSiQ70.002,keW8-eSiQ70.002.mp4,keW8-eSiQ70,,,0.9092,"EMO-AffectNet pseudo-label (teacher=Aff-Wild2, top=Happiness 0.72, tension=0.091) - 사람 검수 전"
keW8-eSiQ70.005,keW8-eSiQ70.005.mp4,keW8-eSiQ70,,,0.7776,"EMO-AffectNet pseudo-label (teacher=Aff-Wild2, top=Happiness 0.43, tension=0.222) - 사람 검수 전"
khCsAN1Bk_I.004,khCsAN1Bk_I.004.mp4,khCsAN1Bk_I,,,0.7843,"EMO-AffectNet pseudo-label (teacher=Aff-Wild2, top=Happiness 0.28, tension=0.216) - 사람 검수 전"
knpgk7LAMb0.001,knpgk7LAMb0.001.mp4,knpgk7LAMb0,,,0.5857,"EMO-AffectNet pseudo-label (teacher=Aff-Wild2, top=Disgust 0.25, tension=0.414) - 사람 검수 전"
kppgmuWEv-A.002,kppgmuWEv-A.002.mp4,kppgmuWEv-A,,,0.7988,"EMO-AffectNet pseudo-label (teacher=Aff-Wild2, top=Happiness 0.46, tension=0.201) - 사람 검수 전"
kvNiQ7LVQnY.000,kvNiQ7LVQnY.000.mp4,kvNiQ7LVQnY,,,0.8257,"EMO-AffectNet pseudo-label (teacher=Aff-Wild2, top=Happiness 0.46, tension=0.174) - 사람 검수 전"
kxJVM1-pYxc.005,kxJVM1-pYxc.005.mp4,kxJVM1-pYxc,,,0.9009,"EMO-AffectNet pseudo-label (teacher=Aff-Wild2, top=Happiness 0.67, tension=0.099) - 사람 검수 전"
kxlqIrk0WnY.000,kxlqIrk0WnY.000.mp4,kxlqIrk0WnY,,,0.6655,"EMO-AffectNet pseudo-label (teacher=Aff-Wild2, top=Fear 0.24, tension=0.334) - 사람 검수 전"
kyq-X4IFMtw.004,kyq-X4IFMtw.004.mp4,kyq-X4IFMtw,,,0.7068,"EMO-AffectNet pseudo-label (teacher=Aff-Wild2, top=Neutral 0.23, tension=0.293) - 사람 검수 전"
l-WgXcGLdZk.000,l-WgXcGLdZk.000.mp4,l-WgXcGLdZk,,,0.7438,"EMO-AffectNet pseudo-label (teacher=Aff-Wild2, top=Neutral 0.34, tension=0.256) - 사람 검수 전"
l1V-DuJ-WgU.003,l1V-DuJ-WgU.003.mp4,l1V-DuJ-WgU,,,0.7407,"EMO-AffectNet pseudo-label (teacher=Aff-Wild2, top=Happiness 0.24, tension=0.259) - 사람 검수 전"
l3IoZ_QmOQo.002,l3IoZ_QmOQo.002.mp4,l3IoZ_QmOQo,,,0.7613,"EMO-AffectNet pseudo-label (teacher=Aff-Wild2, top=Neutral 0.39, tension=0.239) - 사람 검수 전"
l3RE0rN7oEg.004,l3RE0rN7oEg.004.mp4,l3RE0rN7oEg,,,0.8641,"EMO-AffectNet pseudo-label (teacher=Aff-Wild2, top=Happiness 0.62, tension=0.136) - 사람 검수 전"
l8weBJSCHbA.004,l8weBJSCHbA.004.mp4,l8weBJSCHbA,,,0.6299,"EMO-AffectNet pseudo-label (teacher=Aff-Wild2, top=Sadness 0.26, tension=0.370) - 사람 검수 전"
lAJWoIcgXlU.003,lAJWoIcgXlU.003.mp4,lAJWoIcgXlU,,,0.7773,"EMO-AffectNet pseudo-label (teacher=Aff-Wild2, top=Happiness 0.33, tension=0.223) - 사람 검수 전"
lErjGxBb1Bk.000,lErjGxBb1Bk.000.mp4,lErjGxBb1Bk,,,0.7229,"EMO-AffectNet pseudo-label (teacher=Aff-Wild2, top=Neutral 0.22, tension=0.277) - 사람 검수 전"
lErjGxBb1Bk.003,lErjGxBb1Bk.003.mp4,lErjGxBb1Bk,,,0.6881,"EMO-AffectNet pseudo-label (teacher=Aff-Wild2, top=Anger 0.26, tension=0.312) - 사람 검수 전"
lErjGxBb1Bk.005,lErjGxBb1Bk.005.mp4,lErjGxBb1Bk,,,0.7108,"EMO-AffectNet pseudo-label (teacher=Aff-Wild2, top=Anger 0.25, tension=0.289) - 사람 검수 전"
lK1HFH7j93c.002,lK1HFH7j93c.002.mp4,lK1HFH7j93c,,,0.7313,"EMO-AffectNet pseudo-label (teacher=Aff-Wild2, top=Neutral 0.35, tension=0.269) - 사람 검수 전"
lK8qOASUwFE.005,lK8qOASUwFE.005.mp4,lK8qOASUwFE,,,0.7058,"EMO-AffectNet pseudo-label (teacher=Aff-Wild2, top=Happiness 0.24, tension=0.294) - 사람 검수 전"
lKePJbjYiy0.004,lKePJbjYiy0.004.mp4,lKePJbjYiy0,,,0.9135,"EMO-AffectNet pseudo-label (teacher=Aff-Wild2, top=Happiness 0.72, tension=0.086) - 사람 검수 전"
lLObIVKYDUI.001,lLObIVKYDUI.001.mp4,lLObIVKYDUI,,,0.7043,"EMO-AffectNet pseudo-label (teacher=Aff-Wild2, top=Neutral 0.31, tension=0.296) - 사람 검수 전"
lLWOcztaIBI.005,lLWOcztaIBI.005.mp4,lLWOcztaIBI,,,0.742,"EMO-AffectNet pseudo-label (teacher=Aff-Wild2, top=Neutral 0.33, tension=0.258) - 사람 검수 전"
lNG_XdqMf0g.001,lNG_XdqMf0g.001.mp4,lNG_XdqMf0g,,,0.6963,"EMO-AffectNet pseudo-label (teacher=Aff-Wild2, top=Surprise 0.23, tension=0.304) - 사람 검수 전"
liRQoL7SsPw.003,liRQoL7SsPw.003.mp4,liRQoL7SsPw,,,0.7034,"EMO-AffectNet pseudo-label (teacher=Aff-Wild2, top=Surprise 0.26, tension=0.297) - 사람 검수 전"
lkdQjIunxSE.005,lkdQjIunxSE.005.mp4,lkdQjIunxSE,,,0.7062,"EMO-AffectNet pseudo-label (teacher=Aff-Wild2, top=Neutral 0.34, tension=0.294) - 사람 검수 전"
lnawWqnGpMc.001,lnawWqnGpMc.001.mp4,lnawWqnGpMc,,,0.7234,"EMO-AffectNet pseudo-label (teacher=Aff-Wild2, top=Neutral 0.26, tension=0.277) - 사람 검수 전"
lnawWqnGpMc.003,lnawWqnGpMc.003.mp4,lnawWqnGpMc,,,0.7506,"EMO-AffectNet pseudo-label (teacher=Aff-Wild2, top=Neutral 0.30, tension=0.249) - 사람 검수 전"
lsVwEApsljU.001,lsVwEApsljU.001.mp4,lsVwEApsljU,,,0.7422,"EMO-AffectNet pseudo-label (teacher=Aff-Wild2, top=Neutral 0.24, tension=0.258) - 사람 검수 전"
lsXw8u4QXIU.005,lsXw8u4QXIU.005.mp4,lsXw8u4QXIU,,,0.7643,"EMO-AffectNet pseudo-label (teacher=Aff-Wild2, top=Neutral 0.24, tension=0.236) - 사람 검수 전"
luH2RoZW-eY.002,luH2RoZW-eY.002.mp4,luH2RoZW-eY,,,0.7291,"EMO-AffectNet pseudo-label (teacher=Aff-Wild2, top=Neutral 0.24, tension=0.271) - 사람 검수 전"
lx6A8s_Ega8.005,lx6A8s_Ega8.005.mp4,lx6A8s_Ega8,,,0.7039,"EMO-AffectNet pseudo-label (teacher=Aff-Wild2, top=Surprise 0.32, tension=0.296) - 사람 검수 전"
lxnV9X8T2Zc.005,lxnV9X8T2Zc.005.mp4,lxnV9X8T2Zc,,,0.8314,"EMO-AffectNet pseudo-label (teacher=Aff-Wild2, top=Happiness 0.43, tension=0.169) - 사람 검수 전"
lyZZSU1ziCQ.000,lyZZSU1ziCQ.000.mp4,lyZZSU1ziCQ,,,0.7534,"EMO-AffectNet pseudo-label (teacher=Aff-Wild2, top=Neutral 0.47, tension=0.247) - 사람 검수 전"
lyznxF-Pj6g.000,lyznxF-Pj6g.000.mp4,lyznxF-Pj6g,,,0.7211,"EMO-AffectNet pseudo-label (teacher=Aff-Wild2, top=Neutral 0.29, tension=0.279) - 사람 검수 전"
m04e9ylCoK0.002,m04e9ylCoK0.002.mp4,m04e9ylCoK0,,,0.7368,"EMO-AffectNet pseudo-label (teacher=Aff-Wild2, top=Neutral 0.39, tension=0.263) - 사람 검수 전"
m04e9ylCoK0.004,m04e9ylCoK0.004.mp4,m04e9ylCoK0,,,0.7052,"EMO-AffectNet pseudo-label (teacher=Aff-Wild2, top=Neutral 0.36, tension=0.295) - 사람 검수 전"
m0tNIKbEwHE.005,m0tNIKbEwHE.005.mp4,m0tNIKbEwHE,,,0.8176,"EMO-AffectNet pseudo-label (teacher=Aff-Wild2, top=Happiness 0.28, tension=0.182) - 사람 검수 전"
m2uxFfpb5xU.000,m2uxFfpb5xU.000.mp4,m2uxFfpb5xU,,,0.6564,"EMO-AffectNet pseudo-label (teacher=Aff-Wild2, top=Anger 0.34, tension=0.344) - 사람 검수 전"
m5kTITzj1bY.000,m5kTITzj1bY.000.mp4,m5kTITzj1bY,,,0.8659,"EMO-AffectNet pseudo-label (teacher=Aff-Wild2, top=Happiness 0.59, tension=0.134) - 사람 검수 전"
m6JOFpKvkE0.002,m6JOFpKvkE0.002.mp4,m6JOFpKvkE0,,,0.7656,"EMO-AffectNet pseudo-label (teacher=Aff-Wild2, top=Neutral 0.31, tension=0.234) - 사람 검수 전"
m6JOFpKvkE0.005,m6JOFpKvkE0.005.mp4,m6JOFpKvkE0,,,0.8534,"EMO-AffectNet pseudo-label (teacher=Aff-Wild2, top=Happiness 0.44, tension=0.147) - 사람 검수 전"
m7zdWVDT-34.000,m7zdWVDT-34.000.mp4,m7zdWVDT-34,,,0.6621,"EMO-AffectNet pseudo-label (teacher=Aff-Wild2, top=Fear 0.20, tension=0.338) - 사람 검수 전"
m7zdWVDT-34.003,m7zdWVDT-34.003.mp4,m7zdWVDT-34,,,0.6307,"EMO-AffectNet pseudo-label (teacher=Aff-Wild2, top=Sadness 0.25, tension=0.369) - 사람 검수 전"
mAjagYWuT7A.003,mAjagYWuT7A.003.mp4,mAjagYWuT7A,,,0.722,"EMO-AffectNet pseudo-label (teacher=Aff-Wild2, top=Neutral 0.35, tension=0.278) - 사람 검수 전"
mAjagYWuT7A.005,mAjagYWuT7A.005.mp4,mAjagYWuT7A,,,0.7661,"EMO-AffectNet pseudo-label (teacher=Aff-Wild2, top=Surprise 0.24, tension=0.234) - 사람 검수 전"
mBdVuEXRlfQ.002,mBdVuEXRlfQ.002.mp4,mBdVuEXRlfQ,,,0.6916,"EMO-AffectNet pseudo-label (teacher=Aff-Wild2, top=Neutral 0.34, tension=0.308) - 사람 검수 전"
mDRMCwSD3Ms.001,mDRMCwSD3Ms.001.mp4,mDRMCwSD3Ms,,,0.744,"EMO-AffectNet pseudo-label (teacher=Aff-Wild2, top=Surprise 0.37, tension=0.256) - 사람 검수 전"
mDRMCwSD3Ms.004,mDRMCwSD3Ms.004.mp4,mDRMCwSD3Ms,,,0.7222,"EMO-AffectNet pseudo-label (teacher=Aff-Wild2, top=Surprise 0.26, tension=0.278) - 사람 검수 전"
mEQBB6XsJFk.000,mEQBB6XsJFk.000.mp4,mEQBB6XsJFk,,,0.7139,"EMO-AffectNet pseudo-label (teacher=Aff-Wild2, top=Neutral 0.34, tension=0.286) - 사람 검수 전"
mEQBB6XsJFk.004,mEQBB6XsJFk.004.mp4,mEQBB6XsJFk,,,0.6999,"EMO-AffectNet pseudo-label (teacher=Aff-Wild2, top=Sadness 0.26, tension=0.300) - 사람 검수 전"
mFz5Fbs97QA.001,mFz5Fbs97QA.001.mp4,mFz5Fbs97QA,,,0.844,"EMO-AffectNet pseudo-label (teacher=Aff-Wild2, top=Happiness 0.50, tension=0.156) - 사람 검수 전"
mIQnQ8Nmj-c.000,mIQnQ8Nmj-c.000.mp4,mIQnQ8Nmj-c,,,0.7464,"EMO-AffectNet pseudo-label (teacher=Aff-Wild2, top=Happiness 0.24, tension=0.254) - 사람 검수 전"
mIQnQ8Nmj-c.003,mIQnQ8Nmj-c.003.mp4,mIQnQ8Nmj-c,,,0.7018,"EMO-AffectNet pseudo-label (teacher=Aff-Wild2, top=Anger 0.29, tension=0.298) - 사람 검수 전"
mKWscEow1U8.001,mKWscEow1U8.001.mp4,mKWscEow1U8,,,0.7804,"EMO-AffectNet pseudo-label (teacher=Aff-Wild2, top=Neutral 0.43, tension=0.220) - 사람 검수 전"
mKWscEow1U8.004,mKWscEow1U8.004.mp4,mKWscEow1U8,,,0.7838,"EMO-AffectNet pseudo-label (teacher=Aff-Wild2, top=Neutral 0.38, tension=0.216) - 사람 검수 전"
mKsGK9nCTxw.004,mKsGK9nCTxw.004.mp4,mKsGK9nCTxw,,,0.8203,"EMO-AffectNet pseudo-label (teacher=Aff-Wild2, top=Happiness 0.31, tension=0.180) - 사람 검수 전"
mLZw7Hf8AYI.000,mLZw7Hf8AYI.000.mp4,mLZw7Hf8AYI,,,0.7078,"EMO-AffectNet pseudo-label (teacher=Aff-Wild2, top=Neutral 0.27, tension=0.292) - 사람 검수 전"
mLZw7Hf8AYI.001,mLZw7Hf8AYI.001.mp4,mLZw7Hf8AYI,,,0.7992,"EMO-AffectNet pseudo-label (teacher=Aff-Wild2, top=Happiness 0.32, tension=0.201) - 사람 검수 전"
mQpNe8f5xA8.001,mQpNe8f5xA8.001.mp4,mQpNe8f5xA8,,,0.7022,"EMO-AffectNet pseudo-label (teacher=Aff-Wild2, top=Happiness 0.19, tension=0.298) - 사람 검수 전"
mXaI17Dx7u0.002,mXaI17Dx7u0.002.mp4,mXaI17Dx7u0,,,0.67,"EMO-AffectNet pseudo-label (teacher=Aff-Wild2, top=Anger 0.41, tension=0.330) - 사람 검수 전"
mY1ZTvNVkSA.000,mY1ZTvNVkSA.000.mp4,mY1ZTvNVkSA,,,0.8746,"EMO-AffectNet pseudo-label (teacher=Aff-Wild2, top=Happiness 0.56, tension=0.125) - 사람 검수 전"
mZ2CHgzwDt0.004,mZ2CHgzwDt0.004.mp4,mZ2CHgzwDt0,,,0.801,"EMO-AffectNet pseudo-label (teacher=Aff-Wild2, top=Surprise 0.41, tension=0.199) - 사람 검수 전"
mZ3vypXAfHg.001,mZ3vypXAfHg.001.mp4,mZ3vypXAfHg,,,0.6808,"EMO-AffectNet pseudo-label (teacher=Aff-Wild2, top=Happiness 0.18, tension=0.319) - 사람 검수 전"
mZ3vypXAfHg.004,mZ3vypXAfHg.004.mp4,mZ3vypXAfHg,,,0.7798,"EMO-AffectNet pseudo-label (teacher=Aff-Wild2, top=Happiness 0.33, tension=0.220) - 사람 검수 전"
mZQP06F94u8.005,mZQP06F94u8.005.mp4,mZQP06F94u8,,,0.7867,"EMO-AffectNet pseudo-label (teacher=Aff-Wild2, top=Happiness 0.39, tension=0.213) - 사람 검수 전"
mZzWhUI0CP0.001,mZzWhUI0CP0.001.mp4,mZzWhUI0CP0,,,0.8641,"EMO-AffectNet pseudo-label (teacher=Aff-Wild2, top=Happiness 0.52, tension=0.136) - 사람 검수 전"
mZzWhUI0CP0.002,mZzWhUI0CP0.002.mp4,mZzWhUI0CP0,,,0.8235,"EMO-AffectNet pseudo-label (teacher=Aff-Wild2, top=Neutral 0.29, tension=0.176) - 사람 검수 전"
mZzWhUI0CP0.003,mZzWhUI0CP0.003.mp4,mZzWhUI0CP0,,,0.7821,"EMO-AffectNet pseudo-label (teacher=Aff-Wild2, top=Neutral 0.31, tension=0.218) - 사람 검수 전"
mZzWhUI0CP0.004,mZzWhUI0CP0.004.mp4,mZzWhUI0CP0,,,0.7999,"EMO-AffectNet pseudo-label (teacher=Aff-Wild2, top=Neutral 0.45, tension=0.200) - 사람 검수 전"
m_2k0dL8CRM.000,m_2k0dL8CRM.000.mp4,m_2k0dL8CRM,,,0.7773,"EMO-AffectNet pseudo-label (teacher=Aff-Wild2, top=Happiness 0.35, tension=0.223) - 사람 검수 전"
m_9aygJNij8.000,m_9aygJNij8.000.mp4,m_9aygJNij8,,,0.7481,"EMO-AffectNet pseudo-label (teacher=Aff-Wild2, top=Happiness 0.25, tension=0.252) - 사람 검수 전"
me15sHPOjKo.001,me15sHPOjKo.001.mp4,me15sHPOjKo,,,0.722,"EMO-AffectNet pseudo-label (teacher=Aff-Wild2, top=Happiness 0.32, tension=0.278) - 사람 검수 전"
me5UoRny6NU.000,me5UoRny6NU.000.mp4,me5UoRny6NU,,,0.7489,"EMO-AffectNet pseudo-label (teacher=Aff-Wild2, top=Neutral 0.26, tension=0.251) - 사람 검수 전"
me9kzWYVEoI.000,me9kzWYVEoI.000.mp4,me9kzWYVEoI,,,0.8367,"EMO-AffectNet pseudo-label (teacher=Aff-Wild2, top=Happiness 0.48, tension=0.163) - 사람 검수 전"
mfGhtr0zy3k.000,mfGhtr0zy3k.000.mp4,mfGhtr0zy3k,,,0.5923,"EMO-AffectNet pseudo-label (teacher=Aff-Wild2, top=Sadness 0.29, tension=0.408) - 사람 검수 전"
mfGhtr0zy3k.005,mfGhtr0zy3k.005.mp4,mfGhtr0zy3k,,,0.6043,"EMO-AffectNet pseudo-label (teacher=Aff-Wild2, top=Fear 0.29, tension=0.396) - 사람 검수 전"
mfcs3Ta49K8.000,mfcs3Ta49K8.000.mp4,mfcs3Ta49K8,,,0.8304,"EMO-AffectNet pseudo-label (teacher=Aff-Wild2, top=Happiness 0.34, tension=0.170) - 사람 검수 전"
mhvkJjOAjYI.001,mhvkJjOAjYI.001.mp4,mhvkJjOAjYI,,,0.7609,"EMO-AffectNet pseudo-label (teacher=Aff-Wild2, top=Neutral 0.37, tension=0.239) - 사람 검수 전"
mlXZQ8dO0nQ.001,mlXZQ8dO0nQ.001.mp4,mlXZQ8dO0nQ,,,0.637,"EMO-AffectNet pseudo-label (teacher=Aff-Wild2, top=Sadness 0.20, tension=0.363) - 사람 검수 전"
mlXZQ8dO0nQ.002,mlXZQ8dO0nQ.002.mp4,mlXZQ8dO0nQ,,,0.792,"EMO-AffectNet pseudo-label (teacher=Aff-Wild2, top=Happiness 0.36, tension=0.208) - 사람 검수 전"
modNfUPt3F4.002,modNfUPt3F4.002.mp4,modNfUPt3F4,,,0.7458,"EMO-AffectNet pseudo-label (teacher=Aff-Wild2, top=Neutral 0.33, tension=0.254) - 사람 검수 전"
modNfUPt3F4.003,modNfUPt3F4.003.mp4,modNfUPt3F4,,,0.6871,"EMO-AffectNet pseudo-label (teacher=Aff-Wild2, top=Anger 0.32, tension=0.313) - 사람 검수 전"
mpXOSY5dW7c.003,mpXOSY5dW7c.003.mp4,mpXOSY5dW7c,,,0.7358,"EMO-AffectNet pseudo-label (teacher=Aff-Wild2, top=Neutral 0.24, tension=0.264) - 사람 검수 전"
mpk5Ubw2fj8.001,mpk5Ubw2fj8.001.mp4,mpk5Ubw2fj8,,,0.6856,"EMO-AffectNet pseudo-label (teacher=Aff-Wild2, top=Neutral 0.27, tension=0.314) - 사람 검수 전"
mq9NNKmKYdk.002,mq9NNKmKYdk.002.mp4,mq9NNKmKYdk,,,0.6976,"EMO-AffectNet pseudo-label (teacher=Aff-Wild2, top=Surprise 0.28, tension=0.302) - 사람 검수 전"
mqDv8688ztg.000,mqDv8688ztg.000.mp4,mqDv8688ztg,,,0.6281,"EMO-AffectNet pseudo-label (teacher=Aff-Wild2, top=Anger 0.29, tension=0.372) - 사람 검수 전"
mrMp9EorOxE.000,mrMp9EorOxE.000.mp4,mrMp9EorOxE,,,0.8025,"EMO-AffectNet pseudo-label (teacher=Aff-Wild2, top=Happiness 0.34, tension=0.198) - 사람 검수 전"
muLgzV1gGao.002,muLgzV1gGao.002.mp4,muLgzV1gGao,,,0.6969,"EMO-AffectNet pseudo-label (teacher=Aff-Wild2, top=Neutral 0.27, tension=0.303) - 사람 검수 전"
mwjoabuP-GM.000,mwjoabuP-GM.000.mp4,mwjoabuP-GM,,,0.7054,"EMO-AffectNet pseudo-label (teacher=Aff-Wild2, top=Neutral 0.30, tension=0.295) - 사람 검수 전"
mwjoabuP-GM.005,mwjoabuP-GM.005.mp4,mwjoabuP-GM,,,0.6727,"EMO-AffectNet pseudo-label (teacher=Aff-Wild2, top=Neutral 0.36, tension=0.327) - 사람 검수 전"
mxLRr3YqgMU.002,mxLRr3YqgMU.002.mp4,mxLRr3YqgMU,,,0.6703,"EMO-AffectNet pseudo-label (teacher=Aff-Wild2, top=Neutral 0.31, tension=0.330) - 사람 검수 전"
mxLRr3YqgMU.003,mxLRr3YqgMU.003.mp4,mxLRr3YqgMU,,,0.6765,"EMO-AffectNet pseudo-label (teacher=Aff-Wild2, top=Neutral 0.33, tension=0.323) - 사람 검수 전"
mxLRr3YqgMU.005,mxLRr3YqgMU.005.mp4,mxLRr3YqgMU,,,0.6498,"EMO-AffectNet pseudo-label (teacher=Aff-Wild2, top=Sadness 0.32, tension=0.350) - 사람 검수 전"
n0acEDmc0mA.001,n0acEDmc0mA.001.mp4,n0acEDmc0mA,,,0.6665,"EMO-AffectNet pseudo-label (teacher=Aff-Wild2, top=Sadness 0.33, tension=0.334) - 사람 검수 전"
n0acEDmc0mA.004,n0acEDmc0mA.004.mp4,n0acEDmc0mA,,,0.7607,"EMO-AffectNet pseudo-label (teacher=Aff-Wild2, top=Happiness 0.28, tension=0.239) - 사람 검수 전"
n2BuwHbdilY.000,n2BuwHbdilY.000.mp4,n2BuwHbdilY,,,0.7047,"EMO-AffectNet pseudo-label (teacher=Aff-Wild2, top=Neutral 0.36, tension=0.295) - 사람 검수 전"
n6JNJurop2U.005,n6JNJurop2U.005.mp4,n6JNJurop2U,,,0.7808,"EMO-AffectNet pseudo-label (teacher=Aff-Wild2, top=Neutral 0.32, tension=0.219) - 사람 검수 전"
nB-fPmvZg3U.004,nB-fPmvZg3U.004.mp4,nB-fPmvZg3U,,,0.7518,"EMO-AffectNet pseudo-label (teacher=Aff-Wild2, top=Neutral 0.38, tension=0.248) - 사람 검수 전"
nBjBfN9SbpM.000,nBjBfN9SbpM.000.mp4,nBjBfN9SbpM,,,0.7225,"EMO-AffectNet pseudo-label (teacher=Aff-Wild2, top=Surprise 0.27, tension=0.277) - 사람 검수 전"
nCWEEoJfjgE.001,nCWEEoJfjgE.001.mp4,nCWEEoJfjgE,,,0.6403,"EMO-AffectNet pseudo-label (teacher=Aff-Wild2, top=Anger 0.26, tension=0.360) - 사람 검수 전"
nDsTSmE73M0.001,nDsTSmE73M0.001.mp4,nDsTSmE73M0,,,0.7121,"EMO-AffectNet pseudo-label (teacher=Aff-Wild2, top=Surprise 0.25, tension=0.288) - 사람 검수 전"
nEm44UpCKmA.001,nEm44UpCKmA.001.mp4,nEm44UpCKmA,,,0.851,"EMO-AffectNet pseudo-label (teacher=Aff-Wild2, top=Happiness 0.54, tension=0.149) - 사람 검수 전"
nEm44UpCKmA.003,nEm44UpCKmA.003.mp4,nEm44UpCKmA,,,0.7177,"EMO-AffectNet pseudo-label (teacher=Aff-Wild2, top=Neutral 0.29, tension=0.282) - 사람 검수 전"
nFP7EEgz0Xg.000,nFP7EEgz0Xg.000.mp4,nFP7EEgz0Xg,,,0.7226,"EMO-AffectNet pseudo-label (teacher=Aff-Wild2, top=Neutral 0.34, tension=0.277) - 사람 검수 전"
nHdhGsdsKPI.000,nHdhGsdsKPI.000.mp4,nHdhGsdsKPI,,,0.7671,"EMO-AffectNet pseudo-label (teacher=Aff-Wild2, top=Happiness 0.22, tension=0.233) - 사람 검수 전"
nKLhatlbqEw.003,nKLhatlbqEw.003.mp4,nKLhatlbqEw,,,0.8315,"EMO-AffectNet pseudo-label (teacher=Aff-Wild2, top=Happiness 0.36, tension=0.168) - 사람 검수 전"
nKx64KH7Xks.000,nKx64KH7Xks.000.mp4,nKx64KH7Xks,,,0.6365,"EMO-AffectNet pseudo-label (teacher=Aff-Wild2, top=Fear 0.26, tension=0.364) - 사람 검수 전"
nLy7x9kXURM.001,nLy7x9kXURM.001.mp4,nLy7x9kXURM,,,0.8885,"EMO-AffectNet pseudo-label (teacher=Aff-Wild2, top=Happiness 0.69, tension=0.112) - 사람 검수 전"
nOCSTnpB_F4.000,nOCSTnpB_F4.000.mp4,nOCSTnpB_F4,,,0.7362,"EMO-AffectNet pseudo-label (teacher=Aff-Wild2, top=Surprise 0.29, tension=0.264) - 사람 검수 전"
nOFHZ_s7Et4.004,nOFHZ_s7Et4.004.mp4,nOFHZ_s7Et4,,,0.7712,"EMO-AffectNet pseudo-label (teacher=Aff-Wild2, top=Neutral 0.35, tension=0.229) - 사람 검수 전"
nUazOUcW_AM.002,nUazOUcW_AM.002.mp4,nUazOUcW_AM,,,0.7171,"EMO-AffectNet pseudo-label (teacher=Aff-Wild2, top=Neutral 0.35, tension=0.283) - 사람 검수 전"
nUbhRInpVbA.002,nUbhRInpVbA.002.mp4,nUbhRInpVbA,,,0.7513,"EMO-AffectNet pseudo-label (teacher=Aff-Wild2, top=Happiness 0.25, tension=0.249) - 사람 검수 전"
nZC82V87Pm0.001,nZC82V87Pm0.001.mp4,nZC82V87Pm0,,,0.6933,"EMO-AffectNet pseudo-label (teacher=Aff-Wild2, top=Sadness 0.21, tension=0.307) - 사람 검수 전"
nZC82V87Pm0.003,nZC82V87Pm0.003.mp4,nZC82V87Pm0,,,0.6726,"EMO-AffectNet pseudo-label (teacher=Aff-Wild2, top=Fear 0.19, tension=0.327) - 사람 검수 전"
nZz1hK90gwA.001,nZz1hK90gwA.001.mp4,nZz1hK90gwA,,,0.8872,"EMO-AffectNet pseudo-label (teacher=Aff-Wild2, top=Happiness 0.65, tension=0.113) - 사람 검수 전"
nex61B854Ms.000,nex61B854Ms.000.mp4,nex61B854Ms,,,0.7218,"EMO-AffectNet pseudo-label (teacher=Aff-Wild2, top=Happiness 0.21, tension=0.278) - 사람 검수 전"
nfEhF5GBQpo.001,nfEhF5GBQpo.001.mp4,nfEhF5GBQpo,,,0.7674,"EMO-AffectNet pseudo-label (teacher=Aff-Wild2, top=Happiness 0.34, tension=0.233) - 사람 검수 전"
ng42eoHytOA.000,ng42eoHytOA.000.mp4,ng42eoHytOA,,,0.757,"EMO-AffectNet pseudo-label (teacher=Aff-Wild2, top=Neutral 0.44, tension=0.243) - 사람 검수 전"
ng42eoHytOA.004,ng42eoHytOA.004.mp4,ng42eoHytOA,,,0.7797,"EMO-AffectNet pseudo-label (teacher=Aff-Wild2, top=Neutral 0.36, tension=0.220) - 사람 검수 전"
ngB_cSxOjx0.005,ngB_cSxOjx0.005.mp4,ngB_cSxOjx0,,,0.8178,"EMO-AffectNet pseudo-label (teacher=Aff-Wild2, top=Happiness 0.27, tension=0.182) - 사람 검수 전"
nlIrqbcvqLk.002,nlIrqbcvqLk.002.mp4,nlIrqbcvqLk,,,0.7082,"EMO-AffectNet pseudo-label (teacher=Aff-Wild2, top=Neutral 0.28, tension=0.292) - 사람 검수 전"
nlIrqbcvqLk.004,nlIrqbcvqLk.004.mp4,nlIrqbcvqLk,,,0.7207,"EMO-AffectNet pseudo-label (teacher=Aff-Wild2, top=Neutral 0.26, tension=0.279) - 사람 검수 전"
nmZRXxKPPuQ.000,nmZRXxKPPuQ.000.mp4,nmZRXxKPPuQ,,,0.7579,"EMO-AffectNet pseudo-label (teacher=Aff-Wild2, top=Neutral 0.35, tension=0.242) - 사람 검수 전"
nndDX4RgU1w.002,nndDX4RgU1w.002.mp4,nndDX4RgU1w,,,0.7008,"EMO-AffectNet pseudo-label (teacher=Aff-Wild2, top=Anger 0.27, tension=0.299) - 사람 검수 전"
nndDX4RgU1w.004,nndDX4RgU1w.004.mp4,nndDX4RgU1w,,,0.7045,"EMO-AffectNet pseudo-label (teacher=Aff-Wild2, top=Surprise 0.28, tension=0.295) - 사람 검수 전"
nndDX4RgU1w.005,nndDX4RgU1w.005.mp4,nndDX4RgU1w,,,0.7068,"EMO-AffectNet pseudo-label (teacher=Aff-Wild2, top=Surprise 0.23, tension=0.293) - 사람 검수 전"
noepjVnUVFY.002,noepjVnUVFY.002.mp4,noepjVnUVFY,,,0.652,"EMO-AffectNet pseudo-label (teacher=Aff-Wild2, top=Neutral 0.22, tension=0.348) - 사람 검수 전"
noepjVnUVFY.004,noepjVnUVFY.004.mp4,noepjVnUVFY,,,0.6769,"EMO-AffectNet pseudo-label (teacher=Aff-Wild2, top=Neutral 0.20, tension=0.323) - 사람 검수 전"
o1mTIo1vPas.003,o1mTIo1vPas.003.mp4,o1mTIo1vPas,,,0.6963,"EMO-AffectNet pseudo-label (teacher=Aff-Wild2, top=Surprise 0.20, tension=0.304) - 사람 검수 전"
o2wtRccAgjE.000,o2wtRccAgjE.000.mp4,o2wtRccAgjE,,,0.6738,"EMO-AffectNet pseudo-label (teacher=Aff-Wild2, top=Neutral 0.24, tension=0.326) - 사람 검수 전"
o2wtRccAgjE.001,o2wtRccAgjE.001.mp4,o2wtRccAgjE,,,0.6821,"EMO-AffectNet pseudo-label (teacher=Aff-Wild2, top=Neutral 0.29, tension=0.318) - 사람 검수 전"
o2wtRccAgjE.004,o2wtRccAgjE.004.mp4,o2wtRccAgjE,,,0.6779,"EMO-AffectNet pseudo-label (teacher=Aff-Wild2, top=Neutral 0.28, tension=0.322) - 사람 검수 전"
o2wtRccAgjE.005,o2wtRccAgjE.005.mp4,o2wtRccAgjE,,,0.7113,"EMO-AffectNet pseudo-label (teacher=Aff-Wild2, top=Neutral 0.33, tension=0.289) - 사람 검수 전"
o5eCmKiomvo.000,o5eCmKiomvo.000.mp4,o5eCmKiomvo,,,0.8396,"EMO-AffectNet pseudo-label (teacher=Aff-Wild2, top=Happiness 0.50, tension=0.160) - 사람 검수 전"
o5eCmKiomvo.003,o5eCmKiomvo.003.mp4,o5eCmKiomvo,,,0.8454,"EMO-AffectNet pseudo-label (teacher=Aff-Wild2, top=Happiness 0.54, tension=0.155) - 사람 검수 전"
o6JCQlOC3oE.001,o6JCQlOC3oE.001.mp4,o6JCQlOC3oE,,,0.7382,"EMO-AffectNet pseudo-label (teacher=Aff-Wild2, top=Neutral 0.37, tension=0.262) - 사람 검수 전"
o6JCQlOC3oE.004,o6JCQlOC3oE.004.mp4,o6JCQlOC3oE,,,0.7068,"EMO-AffectNet pseudo-label (teacher=Aff-Wild2, top=Neutral 0.36, tension=0.293) - 사람 검수 전"
o6xswp0D8tc.000,o6xswp0D8tc.000.mp4,o6xswp0D8tc,,,0.6611,"EMO-AffectNet pseudo-label (teacher=Aff-Wild2, top=Neutral 0.22, tension=0.339) - 사람 검수 전"
o6xswp0D8tc.003,o6xswp0D8tc.003.mp4,o6xswp0D8tc,,,0.6655,"EMO-AffectNet pseudo-label (teacher=Aff-Wild2, top=Neutral 0.23, tension=0.335) - 사람 검수 전"
o7J2fWIJndQ.001,o7J2fWIJndQ.001.mp4,o7J2fWIJndQ,,,0.7244,"EMO-AffectNet pseudo-label (teacher=Aff-Wild2, top=Happiness 0.27, tension=0.276) - 사람 검수 전"
o7J2fWIJndQ.002,o7J2fWIJndQ.002.mp4,o7J2fWIJndQ,,,0.7838,"EMO-AffectNet pseudo-label (teacher=Aff-Wild2, top=Happiness 0.43, tension=0.216) - 사람 검수 전"
o7rFDFvW300.000,o7rFDFvW300.000.mp4,o7rFDFvW300,,,0.7153,"EMO-AffectNet pseudo-label (teacher=Aff-Wild2, top=Neutral 0.32, tension=0.285) - 사람 검수 전"
o7rFDFvW300.001,o7rFDFvW300.001.mp4,o7rFDFvW300,,,0.6989,"EMO-AffectNet pseudo-label (teacher=Aff-Wild2, top=Neutral 0.32, tension=0.301) - 사람 검수 전"
oG84VxrGfj0.004,oG84VxrGfj0.004.mp4,oG84VxrGfj0,,,0.5973,"EMO-AffectNet pseudo-label (teacher=Aff-Wild2, top=Sadness 0.31, tension=0.403) - 사람 검수 전"
oGa05H9UXxU.000,oGa05H9UXxU.000.mp4,oGa05H9UXxU,,,0.7751,"EMO-AffectNet pseudo-label (teacher=Aff-Wild2, top=Neutral 0.49, tension=0.225) - 사람 검수 전"
oJPdfhG4hT0.000,oJPdfhG4hT0.000.mp4,oJPdfhG4hT0,,,0.6933,"EMO-AffectNet pseudo-label (teacher=Aff-Wild2, top=Neutral 0.28, tension=0.307) - 사람 검수 전"
oU7zAWm_01o.005,oU7zAWm_01o.005.mp4,oU7zAWm_01o,,,0.863,"EMO-AffectNet pseudo-label (teacher=Aff-Wild2, top=Happiness 0.53, tension=0.137) - 사람 검수 전"
oVSMxtPpQ0M.004,oVSMxtPpQ0M.004.mp4,oVSMxtPpQ0M,,,0.6372,"EMO-AffectNet pseudo-label (teacher=Aff-Wild2, top=Fear 0.22, tension=0.363) - 사람 검수 전"
oYiWW-Qc0rs.003,oYiWW-Qc0rs.003.mp4,oYiWW-Qc0rs,,,0.794,"EMO-AffectNet pseudo-label (teacher=Aff-Wild2, top=Neutral 0.41, tension=0.206) - 사람 검수 전"
o_kTWEEjtyw.000,o_kTWEEjtyw.000.mp4,o_kTWEEjtyw,,,0.674,"EMO-AffectNet pseudo-label (teacher=Aff-Wild2, top=Fear 0.27, tension=0.326) - 사람 검수 전"
o_kTWEEjtyw.002,o_kTWEEjtyw.002.mp4,o_kTWEEjtyw,,,0.6793,"EMO-AffectNet pseudo-label (teacher=Aff-Wild2, top=Surprise 0.31, tension=0.321) - 사람 검수 전"
obr7ktzX8w8.005,obr7ktzX8w8.005.mp4,obr7ktzX8w8,,,0.7117,"EMO-AffectNet pseudo-label (teacher=Aff-Wild2, top=Neutral 0.41, tension=0.288) - 사람 검수 전"
odRqijkG28U.002,odRqijkG28U.002.mp4,odRqijkG28U,,,0.7471,"EMO-AffectNet pseudo-label (teacher=Aff-Wild2, top=Neutral 0.26, tension=0.253) - 사람 검수 전"
okSmKH2k5lE.000,okSmKH2k5lE.000.mp4,okSmKH2k5lE,,,0.6609,"EMO-AffectNet pseudo-label (teacher=Aff-Wild2, top=Neutral 0.26, tension=0.339) - 사람 검수 전"
okSmKH2k5lE.003,okSmKH2k5lE.003.mp4,okSmKH2k5lE,,,0.6811,"EMO-AffectNet pseudo-label (teacher=Aff-Wild2, top=Neutral 0.28, tension=0.319) - 사람 검수 전"
okSmKH2k5lE.004,okSmKH2k5lE.004.mp4,okSmKH2k5lE,,,0.6743,"EMO-AffectNet pseudo-label (teacher=Aff-Wild2, top=Neutral 0.28, tension=0.326) - 사람 검수 전"
okdZnQbLnf8.003,okdZnQbLnf8.003.mp4,okdZnQbLnf8,,,0.6859,"EMO-AffectNet pseudo-label (teacher=Aff-Wild2, top=Neutral 0.32, tension=0.314) - 사람 검수 전"
omeHsKF7InA.002,omeHsKF7InA.002.mp4,omeHsKF7InA,,,0.6493,"EMO-AffectNet pseudo-label (teacher=Aff-Wild2, top=Sadness 0.27, tension=0.351) - 사람 검수 전"
onbyz01BC_Y.002,onbyz01BC_Y.002.mp4,onbyz01BC_Y,,,0.7101,"EMO-AffectNet pseudo-label (teacher=Aff-Wild2, top=Neutral 0.29, tension=0.290) - 사람 검수 전"
opEoJBrcmbI.000,opEoJBrcmbI.000.mp4,opEoJBrcmbI,,,0.8315,"EMO-AffectNet pseudo-label (teacher=Aff-Wild2, top=Happiness 0.49, tension=0.168) - 사람 검수 전"
osqQpQsJNPQ.002,osqQpQsJNPQ.002.mp4,osqQpQsJNPQ,,,0.669,"EMO-AffectNet pseudo-label (teacher=Aff-Wild2, top=Sadness 0.28, tension=0.331) - 사람 검수 전"
outvbZgNX58.005,outvbZgNX58.005.mp4,outvbZgNX58,,,0.9129,"EMO-AffectNet pseudo-label (teacher=Aff-Wild2, top=Happiness 0.71, tension=0.087) - 사람 검수 전"
owRKOW0ymCM.005,owRKOW0ymCM.005.mp4,owRKOW0ymCM,,,0.7536,"EMO-AffectNet pseudo-label (teacher=Aff-Wild2, top=Neutral 0.27, tension=0.246) - 사람 검수 전"
p-OcwNFQB0U.000,p-OcwNFQB0U.000.mp4,p-OcwNFQB0U,,,0.6628,"EMO-AffectNet pseudo-label (teacher=Aff-Wild2, top=Anger 0.20, tension=0.337) - 사람 검수 전"
p-OcwNFQB0U.003,p-OcwNFQB0U.003.mp4,p-OcwNFQB0U,,,0.7124,"EMO-AffectNet pseudo-label (teacher=Aff-Wild2, top=Surprise 0.31, tension=0.288) - 사람 검수 전"
p-OcwNFQB0U.004,p-OcwNFQB0U.004.mp4,p-OcwNFQB0U,,,0.6627,"EMO-AffectNet pseudo-label (teacher=Aff-Wild2, top=Surprise 0.25, tension=0.337) - 사람 검수 전"
p-V78q8dtYo.003,p-V78q8dtYo.003.mp4,p-V78q8dtYo,,,0.7094,"EMO-AffectNet pseudo-label (teacher=Aff-Wild2, top=Surprise 0.26, tension=0.291) - 사람 검수 전"
p1ORMiJ0fPU.000,p1ORMiJ0fPU.000.mp4,p1ORMiJ0fPU,,,0.8534,"EMO-AffectNet pseudo-label (teacher=Aff-Wild2, top=Happiness 0.53, tension=0.147) - 사람 검수 전"
p5QXPhJS8Ks.004,p5QXPhJS8Ks.004.mp4,p5QXPhJS8Ks,,,0.6074,"EMO-AffectNet pseudo-label (teacher=Aff-Wild2, top=Sadness 0.30, tension=0.393) - 사람 검수 전"
p7-JUvStF4w.001,p7-JUvStF4w.001.mp4,p7-JUvStF4w,,,0.5877,"EMO-AffectNet pseudo-label (teacher=Aff-Wild2, top=Sadness 0.49, tension=0.412) - 사람 검수 전"
p9tAC-RqZPI.005,p9tAC-RqZPI.005.mp4,p9tAC-RqZPI,,,0.608,"EMO-AffectNet pseudo-label (teacher=Aff-Wild2, top=Fear 0.28, tension=0.392) - 사람 검수 전"
pEYFpmjwKC0.005,pEYFpmjwKC0.005.mp4,pEYFpmjwKC0,,,0.7347,"EMO-AffectNet pseudo-label (teacher=Aff-Wild2, top=Neutral 0.35, tension=0.265) - 사람 검수 전"
pEr7WTIPW64.003,pEr7WTIPW64.003.mp4,pEr7WTIPW64,,,0.7268,"EMO-AffectNet pseudo-label (teacher=Aff-Wild2, top=Neutral 0.21, tension=0.273) - 사람 검수 전"
pHCPbKprJGY.004,pHCPbKprJGY.004.mp4,pHCPbKprJGY,,,0.7355,"EMO-AffectNet pseudo-label (teacher=Aff-Wild2, top=Neutral 0.32, tension=0.265) - 사람 검수 전"
pPtzEnf5afw.004,pPtzEnf5afw.004.mp4,pPtzEnf5afw,,,0.7044,"EMO-AffectNet pseudo-label (teacher=Aff-Wild2, top=Sadness 0.28, tension=0.296) - 사람 검수 전"
pT8nyxks1Q4.000,pT8nyxks1Q4.000.mp4,pT8nyxks1Q4,,,0.7045,"EMO-AffectNet pseudo-label (teacher=Aff-Wild2, top=Neutral 0.25, tension=0.296) - 사람 검수 전"
pT8nyxks1Q4.004,pT8nyxks1Q4.004.mp4,pT8nyxks1Q4,,,0.718,"EMO-AffectNet pseudo-label (teacher=Aff-Wild2, top=Neutral 0.25, tension=0.282) - 사람 검수 전"
pZxqWp0e-Ik.002,pZxqWp0e-Ik.002.mp4,pZxqWp0e-Ik,,,0.7224,"EMO-AffectNet pseudo-label (teacher=Aff-Wild2, top=Neutral 0.25, tension=0.278) - 사람 검수 전"
pZxqWp0e-Ik.003,pZxqWp0e-Ik.003.mp4,pZxqWp0e-Ik,,,0.7196,"EMO-AffectNet pseudo-label (teacher=Aff-Wild2, top=Neutral 0.37, tension=0.280) - 사람 검수 전"
p_mu11crx-s.000,p_mu11crx-s.000.mp4,p_mu11crx-s,,,0.6034,"EMO-AffectNet pseudo-label (teacher=Aff-Wild2, top=Disgust 0.36, tension=0.397) - 사람 검수 전"
p_mu11crx-s.002,p_mu11crx-s.002.mp4,p_mu11crx-s,,,0.6153,"EMO-AffectNet pseudo-label (teacher=Aff-Wild2, top=Disgust 0.32, tension=0.385) - 사람 검수 전"
phjVMKGYBKs.000,phjVMKGYBKs.000.mp4,phjVMKGYBKs,,,0.646,"EMO-AffectNet pseudo-label (teacher=Aff-Wild2, top=Anger 0.33, tension=0.354) - 사람 검수 전"
phjVMKGYBKs.003,phjVMKGYBKs.003.mp4,phjVMKGYBKs,,,0.6892,"EMO-AffectNet pseudo-label (teacher=Aff-Wild2, top=Anger 0.20, tension=0.311) - 사람 검수 전"
pkwzo1OkEmY.004,pkwzo1OkEmY.004.mp4,pkwzo1OkEmY,,,0.7589,"EMO-AffectNet pseudo-label (teacher=Aff-Wild2, top=Neutral 0.39, tension=0.241) - 사람 검수 전"
pzG2VeUbefw.002,pzG2VeUbefw.002.mp4,pzG2VeUbefw,,,0.6369,"EMO-AffectNet pseudo-label (teacher=Aff-Wild2, top=Sadness 0.25, tension=0.363) - 사람 검수 전"
pzfDth6nFQE.002,pzfDth6nFQE.002.mp4,pzfDth6nFQE,,,0.7358,"EMO-AffectNet pseudo-label (teacher=Aff-Wild2, top=Neutral 0.25, tension=0.264) - 사람 검수 전"
q6au1xn_wIE.000,q6au1xn_wIE.000.mp4,q6au1xn_wIE,,,0.8017,"EMO-AffectNet pseudo-label (teacher=Aff-Wild2, top=Happiness 0.31, tension=0.198) - 사람 검수 전"
qAisk1lgv2I.001,qAisk1lgv2I.001.mp4,qAisk1lgv2I,,,0.7706,"EMO-AffectNet pseudo-label (teacher=Aff-Wild2, top=Neutral 0.31, tension=0.229) - 사람 검수 전"
qAisk1lgv2I.002,qAisk1lgv2I.002.mp4,qAisk1lgv2I,,,0.768,"EMO-AffectNet pseudo-label (teacher=Aff-Wild2, top=Neutral 0.28, tension=0.232) - 사람 검수 전"
qBG1mjC7Zgg.002,qBG1mjC7Zgg.002.mp4,qBG1mjC7Zgg,,,0.6816,"EMO-AffectNet pseudo-label (teacher=Aff-Wild2, top=Neutral 0.27, tension=0.318) - 사람 검수 전"
qCFFW1dM8V8.000,qCFFW1dM8V8.000.mp4,qCFFW1dM8V8,,,0.598,"EMO-AffectNet pseudo-label (teacher=Aff-Wild2, top=Disgust 0.45, tension=0.402) - 사람 검수 전"
qD15qWMepxU.002,qD15qWMepxU.002.mp4,qD15qWMepxU,,,0.7113,"EMO-AffectNet pseudo-label (teacher=Aff-Wild2, top=Surprise 0.24, tension=0.289) - 사람 검수 전"
qFYgMFMal_s.001,qFYgMFMal_s.001.mp4,qFYgMFMal_s,,,0.64,"EMO-AffectNet pseudo-label (teacher=Aff-Wild2, top=Anger 0.23, tension=0.360) - 사람 검수 전"
qFYgMFMal_s.002,qFYgMFMal_s.002.mp4,qFYgMFMal_s,,,0.6758,"EMO-AffectNet pseudo-label (teacher=Aff-Wild2, top=Neutral 0.21, tension=0.324) - 사람 검수 전"
qJ6_xSx9kCM.004,qJ6_xSx9kCM.004.mp4,qJ6_xSx9kCM,,,0.6841,"EMO-AffectNet pseudo-label (teacher=Aff-Wild2, top=Neutral 0.28, tension=0.316) - 사람 검수 전"
qLV1a_611kA.000,qLV1a_611kA.000.mp4,qLV1a_611kA,,,0.7726,"EMO-AffectNet pseudo-label (teacher=Aff-Wild2, top=Happiness 0.37, tension=0.227) - 사람 검수 전"
qLV1a_611kA.005,qLV1a_611kA.005.mp4,qLV1a_611kA,,,0.7744,"EMO-AffectNet pseudo-label (teacher=Aff-Wild2, top=Happiness 0.40, tension=0.226) - 사람 검수 전"
qMARpi60Hhs.002,qMARpi60Hhs.002.mp4,qMARpi60Hhs,,,0.6775,"EMO-AffectNet pseudo-label (teacher=Aff-Wild2, top=Fear 0.26, tension=0.323) - 사람 검수 전"
qMARpi60Hhs.003,qMARpi60Hhs.003.mp4,qMARpi60Hhs,,,0.6698,"EMO-AffectNet pseudo-label (teacher=Aff-Wild2, top=Fear 0.28, tension=0.330) - 사람 검수 전"
qMARpi60Hhs.005,qMARpi60Hhs.005.mp4,qMARpi60Hhs,,,0.7062,"EMO-AffectNet pseudo-label (teacher=Aff-Wild2, top=Neutral 0.33, tension=0.294) - 사람 검수 전"
qP1UtCbMaW4.000,qP1UtCbMaW4.000.mp4,qP1UtCbMaW4,,,0.7001,"EMO-AffectNet pseudo-label (teacher=Aff-Wild2, top=Neutral 0.35, tension=0.300) - 사람 검수 전"
qP1UtCbMaW4.002,qP1UtCbMaW4.002.mp4,qP1UtCbMaW4,,,0.7036,"EMO-AffectNet pseudo-label (teacher=Aff-Wild2, top=Neutral 0.30, tension=0.296) - 사람 검수 전"
qP8YzH6LT9c.000,qP8YzH6LT9c.000.mp4,qP8YzH6LT9c,,,0.726,"EMO-AffectNet pseudo-label (teacher=Aff-Wild2, top=Neutral 0.36, tension=0.274) - 사람 검수 전"
qP8YzH6LT9c.004,qP8YzH6LT9c.004.mp4,qP8YzH6LT9c,,,0.7829,"EMO-AffectNet pseudo-label (teacher=Aff-Wild2, top=Neutral 0.44, tension=0.217) - 사람 검수 전"
qVcw5-mm31s.001,qVcw5-mm31s.001.mp4,qVcw5-mm31s,,,0.6602,"EMO-AffectNet pseudo-label (teacher=Aff-Wild2, top=Anger 0.28, tension=0.340) - 사람 검수 전"
qVcw5-mm31s.002,qVcw5-mm31s.002.mp4,qVcw5-mm31s,,,0.6637,"EMO-AffectNet pseudo-label (teacher=Aff-Wild2, top=Anger 0.31, tension=0.336) - 사람 검수 전"
qYxxTubipSs.004,qYxxTubipSs.004.mp4,qYxxTubipSs,,,0.7469,"EMO-AffectNet pseudo-label (teacher=Aff-Wild2, top=Happiness 0.22, tension=0.253) - 사람 검수 전"
qfL0ml0f84g.000,qfL0ml0f84g.000.mp4,qfL0ml0f84g,,,0.7878,"EMO-AffectNet pseudo-label (teacher=Aff-Wild2, top=Happiness 0.30, tension=0.212) - 사람 검수 전"
qjU3GX3jgSY.000,qjU3GX3jgSY.000.mp4,qjU3GX3jgSY,,,0.7674,"EMO-AffectNet pseudo-label (teacher=Aff-Wild2, top=Neutral 0.27, tension=0.233) - 사람 검수 전"
qjU3GX3jgSY.005,qjU3GX3jgSY.005.mp4,qjU3GX3jgSY,,,0.7455,"EMO-AffectNet pseudo-label (teacher=Aff-Wild2, top=Neutral 0.34, tension=0.254) - 사람 검수 전"
qjWi69HY2Fc.001,qjWi69HY2Fc.001.mp4,qjWi69HY2Fc,,,0.755,"EMO-AffectNet pseudo-label (teacher=Aff-Wild2, top=Happiness 0.33, tension=0.245) - 사람 검수 전"
qjWi69HY2Fc.002,qjWi69HY2Fc.002.mp4,qjWi69HY2Fc,,,0.7835,"EMO-AffectNet pseudo-label (teacher=Aff-Wild2, top=Happiness 0.46, tension=0.217) - 사람 검수 전"
qkmEt0ofGq8.001,qkmEt0ofGq8.001.mp4,qkmEt0ofGq8,,,0.7189,"EMO-AffectNet pseudo-label (teacher=Aff-Wild2, top=Surprise 0.27, tension=0.281) - 사람 검수 전"
qkx4lCA1iZo.000,qkx4lCA1iZo.000.mp4,qkx4lCA1iZo,,,0.6592,"EMO-AffectNet pseudo-label (teacher=Aff-Wild2, top=Sadness 0.19, tension=0.341) - 사람 검수 전"
qmiBcHJpKR0.001,qmiBcHJpKR0.001.mp4,qmiBcHJpKR0,,,0.7143,"EMO-AffectNet pseudo-label (teacher=Aff-Wild2, top=Neutral 0.24, tension=0.286) - 사람 검수 전"
qmiBcHJpKR0.002,qmiBcHJpKR0.002.mp4,qmiBcHJpKR0,,,0.752,"EMO-AffectNet pseudo-label (teacher=Aff-Wild2, top=Surprise 0.24, tension=0.248) - 사람 검수 전"
qmiBcHJpKR0.004,qmiBcHJpKR0.004.mp4,qmiBcHJpKR0,,,0.7272,"EMO-AffectNet pseudo-label (teacher=Aff-Wild2, top=Surprise 0.24, tension=0.273) - 사람 검수 전"
qoztP0w5-Vo.001,qoztP0w5-Vo.001.mp4,qoztP0w5-Vo,,,0.8044,"EMO-AffectNet pseudo-label (teacher=Aff-Wild2, top=Happiness 0.49, tension=0.196) - 사람 검수 전"
qoztP0w5-Vo.003,qoztP0w5-Vo.003.mp4,qoztP0w5-Vo,,,0.6234,"EMO-AffectNet pseudo-label (teacher=Aff-Wild2, top=Sadness 0.31, tension=0.377) - 사람 검수 전"
qpwcdPnPeFM.000,qpwcdPnPeFM.000.mp4,qpwcdPnPeFM,,,0.8567,"EMO-AffectNet pseudo-label (teacher=Aff-Wild2, top=Happiness 0.59, tension=0.143) - 사람 검수 전"
qssXr_Fg96o.001,qssXr_Fg96o.001.mp4,qssXr_Fg96o,,,0.8234,"EMO-AffectNet pseudo-label (teacher=Aff-Wild2, top=Happiness 0.51, tension=0.177) - 사람 검수 전"
qyHn_jrNL48.001,qyHn_jrNL48.001.mp4,qyHn_jrNL48,,,0.8015,"EMO-AffectNet pseudo-label (teacher=Aff-Wild2, top=Happiness 0.33, tension=0.199) - 사람 검수 전"
qzwUad9KICA.000,qzwUad9KICA.000.mp4,qzwUad9KICA,,,0.6792,"EMO-AffectNet pseudo-label (teacher=Aff-Wild2, top=Surprise 0.17, tension=0.321) - 사람 검수 전"
r1YAW67aevY.004,r1YAW67aevY.004.mp4,r1YAW67aevY,,,0.7371,"EMO-AffectNet pseudo-label (teacher=Aff-Wild2, top=Neutral 0.37, tension=0.263) - 사람 검수 전"
r1v6EmZv7-o.000,r1v6EmZv7-o.000.mp4,r1v6EmZv7-o,,,0.6575,"EMO-AffectNet pseudo-label (teacher=Aff-Wild2, top=Neutral 0.27, tension=0.343) - 사람 검수 전"
r2HcJYjGK5s.002,r2HcJYjGK5s.002.mp4,r2HcJYjGK5s,,,0.7901,"EMO-AffectNet pseudo-label (teacher=Aff-Wild2, top=Happiness 0.36, tension=0.210) - 사람 검수 전"
r4BGKIXrD9c.002,r4BGKIXrD9c.002.mp4,r4BGKIXrD9c,,,0.6839,"EMO-AffectNet pseudo-label (teacher=Aff-Wild2, top=Neutral 0.23, tension=0.316) - 사람 검수 전"
r93dLeVRk3U.001,r93dLeVRk3U.001.mp4,r93dLeVRk3U,,,0.6553,"EMO-AffectNet pseudo-label (teacher=Aff-Wild2, top=Neutral 0.23, tension=0.345) - 사람 검수 전"
r93dLeVRk3U.005,r93dLeVRk3U.005.mp4,r93dLeVRk3U,,,0.6399,"EMO-AffectNet pseudo-label (teacher=Aff-Wild2, top=Sadness 0.36, tension=0.360) - 사람 검수 전"
rBxWZzkEncE.001,rBxWZzkEncE.001.mp4,rBxWZzkEncE,,,0.7231,"EMO-AffectNet pseudo-label (teacher=Aff-Wild2, top=Happiness 0.21, tension=0.277) - 사람 검수 전"
rCxlfusNJlY.004,rCxlfusNJlY.004.mp4,rCxlfusNJlY,,,0.6423,"EMO-AffectNet pseudo-label (teacher=Aff-Wild2, top=Anger 0.29, tension=0.358) - 사람 검수 전"
rD6NViDdyOU.000,rD6NViDdyOU.000.mp4,rD6NViDdyOU,,,0.7573,"EMO-AffectNet pseudo-label (teacher=Aff-Wild2, top=Neutral 0.34, tension=0.243) - 사람 검수 전"
rFs0AC2qV6o.004,rFs0AC2qV6o.004.mp4,rFs0AC2qV6o,,,0.7795,"EMO-AffectNet pseudo-label (teacher=Aff-Wild2, top=Neutral 0.38, tension=0.220) - 사람 검수 전"
rGNeR3p1jKU.004,rGNeR3p1jKU.004.mp4,rGNeR3p1jKU,,,0.7159,"EMO-AffectNet pseudo-label (teacher=Aff-Wild2, top=Neutral 0.33, tension=0.284) - 사람 검수 전"
rJgbslC72gw.002,rJgbslC72gw.002.mp4,rJgbslC72gw,,,0.6382,"EMO-AffectNet pseudo-label (teacher=Aff-Wild2, top=Fear 0.20, tension=0.362) - 사람 검수 전"
rLEfJzLcVdg.001,rLEfJzLcVdg.001.mp4,rLEfJzLcVdg,,,0.6993,"EMO-AffectNet pseudo-label (teacher=Aff-Wild2, top=Neutral 0.31, tension=0.301) - 사람 검수 전"
rMFJmA5dRFQ.001,rMFJmA5dRFQ.001.mp4,rMFJmA5dRFQ,,,0.6312,"EMO-AffectNet pseudo-label (teacher=Aff-Wild2, top=Fear 0.29, tension=0.369) - 사람 검수 전"
rNDxXRvuSDg.000,rNDxXRvuSDg.000.mp4,rNDxXRvuSDg,,,0.8476,"EMO-AffectNet pseudo-label (teacher=Aff-Wild2, top=Happiness 0.48, tension=0.152) - 사람 검수 전"
rTG9gtci67c.000,rTG9gtci67c.000.mp4,rTG9gtci67c,,,0.7027,"EMO-AffectNet pseudo-label (teacher=Aff-Wild2, top=Neutral 0.25, tension=0.297) - 사람 검수 전"
rTG9gtci67c.003,rTG9gtci67c.003.mp4,rTG9gtci67c,,,0.6849,"EMO-AffectNet pseudo-label (teacher=Aff-Wild2, top=Neutral 0.27, tension=0.315) - 사람 검수 전"
rUGAiuYHNgE.005,rUGAiuYHNgE.005.mp4,rUGAiuYHNgE,,,0.6287,"EMO-AffectNet pseudo-label (teacher=Aff-Wild2, top=Fear 0.20, tension=0.371) - 사람 검수 전"
rV6Vdn-JrTA.004,rV6Vdn-JrTA.004.mp4,rV6Vdn-JrTA,,,0.8019,"EMO-AffectNet pseudo-label (teacher=Aff-Wild2, top=Happiness 0.29, tension=0.198) - 사람 검수 전"
rW7b48Dy_80.000,rW7b48Dy_80.000.mp4,rW7b48Dy_80,,,0.7843,"EMO-AffectNet pseudo-label (teacher=Aff-Wild2, top=Happiness 0.31, tension=0.216) - 사람 검수 전"
r_cVo5qZ9n0.000,r_cVo5qZ9n0.000.mp4,r_cVo5qZ9n0,,,0.6972,"EMO-AffectNet pseudo-label (teacher=Aff-Wild2, top=Fear 0.21, tension=0.303) - 사람 검수 전"
rag7X1kTyBc.000,rag7X1kTyBc.000.mp4,rag7X1kTyBc,,,0.7913,"EMO-AffectNet pseudo-label (teacher=Aff-Wild2, top=Neutral 0.40, tension=0.209) - 사람 검수 전"
rjS0PIwS47M.003,rjS0PIwS47M.003.mp4,rjS0PIwS47M,,,0.7457,"EMO-AffectNet pseudo-label (teacher=Aff-Wild2, top=Neutral 0.45, tension=0.254) - 사람 검수 전"
rrdSLfnU2pg.004,rrdSLfnU2pg.004.mp4,rrdSLfnU2pg,,,0.6686,"EMO-AffectNet pseudo-label (teacher=Aff-Wild2, top=Neutral 0.20, tension=0.331) - 사람 검수 전"
rwinPicu_aw.003,rwinPicu_aw.003.mp4,rwinPicu_aw,,,0.6144,"EMO-AffectNet pseudo-label (teacher=Aff-Wild2, top=Anger 0.22, tension=0.386) - 사람 검수 전"
rwinPicu_aw.004,rwinPicu_aw.004.mp4,rwinPicu_aw,,,0.6095,"EMO-AffectNet pseudo-label (teacher=Aff-Wild2, top=Fear 0.20, tension=0.391) - 사람 검수 전"
s-jZlMKQGwc.005,s-jZlMKQGwc.005.mp4,s-jZlMKQGwc,,,0.825,"EMO-AffectNet pseudo-label (teacher=Aff-Wild2, top=Neutral 0.32, tension=0.175) - 사람 검수 전"
s0MKUEnyHSE.005,s0MKUEnyHSE.005.mp4,s0MKUEnyHSE,,,0.8045,"EMO-AffectNet pseudo-label (teacher=Aff-Wild2, top=Happiness 0.43, tension=0.195) - 사람 검수 전"
s1DOqsQoN5s.000,s1DOqsQoN5s.000.mp4,s1DOqsQoN5s,,,0.7736,"EMO-AffectNet pseudo-label (teacher=Aff-Wild2, top=Happiness 0.28, tension=0.226) - 사람 검수 전"
s1DOqsQoN5s.004,s1DOqsQoN5s.004.mp4,s1DOqsQoN5s,,,0.7427,"EMO-AffectNet pseudo-label (teacher=Aff-Wild2, top=Neutral 0.34, tension=0.257) - 사람 검수 전"
s1DOqsQoN5s.005,s1DOqsQoN5s.005.mp4,s1DOqsQoN5s,,,0.7106,"EMO-AffectNet pseudo-label (teacher=Aff-Wild2, top=Neutral 0.31, tension=0.289) - 사람 검수 전"
s6N1pv5lzrU.005,s6N1pv5lzrU.005.mp4,s6N1pv5lzrU,,,0.8044,"EMO-AffectNet pseudo-label (teacher=Aff-Wild2, top=Happiness 0.28, tension=0.196) - 사람 검수 전"
s6gN_358tk4.002,s6gN_358tk4.002.mp4,s6gN_358tk4,,,0.6457,"EMO-AffectNet pseudo-label (teacher=Aff-Wild2, top=Fear 0.22, tension=0.354) - 사람 검수 전"
s6gN_358tk4.004,s6gN_358tk4.004.mp4,s6gN_358tk4,,,0.6984,"EMO-AffectNet pseudo-label (teacher=Aff-Wild2, top=Surprise 0.24, tension=0.302) - 사람 검수 전"
sC2k2CD1jC0.002,sC2k2CD1jC0.002.mp4,sC2k2CD1jC0,,,0.731,"EMO-AffectNet pseudo-label (teacher=Aff-Wild2, top=Neutral 0.40, tension=0.269) - 사람 검수 전"
sDWJMBZ1mVA.000,sDWJMBZ1mVA.000.mp4,sDWJMBZ1mVA,,,0.7589,"EMO-AffectNet pseudo-label (teacher=Aff-Wild2, top=Neutral 0.43, tension=0.241) - 사람 검수 전"
sHVXhr7_EOs.000,sHVXhr7_EOs.000.mp4,sHVXhr7_EOs,,,0.7611,"EMO-AffectNet pseudo-label (teacher=Aff-Wild2, top=Surprise 0.24, tension=0.239) - 사람 검수 전"
sHVXhr7_EOs.004,sHVXhr7_EOs.004.mp4,sHVXhr7_EOs,,,0.7931,"EMO-AffectNet pseudo-label (teacher=Aff-Wild2, top=Happiness 0.30, tension=0.207) - 사람 검수 전"
sHafPWyXs6k.001,sHafPWyXs6k.001.mp4,sHafPWyXs6k,,,0.8749,"EMO-AffectNet pseudo-label (teacher=Aff-Wild2, top=Happiness 0.54, tension=0.125) - 사람 검수 전"
sHafPWyXs6k.002,sHafPWyXs6k.002.mp4,sHafPWyXs6k,,,0.717,"EMO-AffectNet pseudo-label (teacher=Aff-Wild2, top=Happiness 0.20, tension=0.283) - 사람 검수 전"
sNs4yCA11wk.004,sNs4yCA11wk.004.mp4,sNs4yCA11wk,,,0.8605,"EMO-AffectNet pseudo-label (teacher=Aff-Wild2, top=Happiness 0.48, tension=0.139) - 사람 검수 전"
sPMNhG1Sehc.001,sPMNhG1Sehc.001.mp4,sPMNhG1Sehc,,,0.6991,"EMO-AffectNet pseudo-label (teacher=Aff-Wild2, top=Neutral 0.25, tension=0.301) - 사람 검수 전"
sSR1a5XW7n4.005,sSR1a5XW7n4.005.mp4,sSR1a5XW7n4,,,0.6062,"EMO-AffectNet pseudo-label (teacher=Aff-Wild2, top=Disgust 0.38, tension=0.394) - 사람 검수 전"
scifP1EXSdo.004,scifP1EXSdo.004.mp4,scifP1EXSdo,,,0.7146,"EMO-AffectNet pseudo-label (teacher=Aff-Wild2, top=Neutral 0.38, tension=0.285) - 사람 검수 전"
shEsu57CYnA.000,shEsu57CYnA.000.mp4,shEsu57CYnA,,,0.8217,"EMO-AffectNet pseudo-label (teacher=Aff-Wild2, top=Happiness 0.44, tension=0.178) - 사람 검수 전"
shtirfEzWFA.003,shtirfEzWFA.003.mp4,shtirfEzWFA,,,0.6313,"EMO-AffectNet pseudo-label (teacher=Aff-Wild2, top=Fear 0.21, tension=0.369) - 사람 검수 전"
shtirfEzWFA.005,shtirfEzWFA.005.mp4,shtirfEzWFA,,,0.612,"EMO-AffectNet pseudo-label (teacher=Aff-Wild2, top=Sadness 0.28, tension=0.388) - 사람 검수 전"
siEnTktB4lQ.003,siEnTktB4lQ.003.mp4,siEnTktB4lQ,,,0.6851,"EMO-AffectNet pseudo-label (teacher=Aff-Wild2, top=Sadness 0.31, tension=0.315) - 사람 검수 전"
siEnTktB4lQ.005,siEnTktB4lQ.005.mp4,siEnTktB4lQ,,,0.645,"EMO-AffectNet pseudo-label (teacher=Aff-Wild2, top=Sadness 0.36, tension=0.355) - 사람 검수 전"
si_gZCrLa4A.003,si_gZCrLa4A.003.mp4,si_gZCrLa4A,,,0.7374,"EMO-AffectNet pseudo-label (teacher=Aff-Wild2, top=Neutral 0.39, tension=0.263) - 사람 검수 전"
si_gZCrLa4A.004,si_gZCrLa4A.004.mp4,si_gZCrLa4A,,,0.7516,"EMO-AffectNet pseudo-label (teacher=Aff-Wild2, top=Neutral 0.41, tension=0.248) - 사람 검수 전"
simc6hmrUOE.003,simc6hmrUOE.003.mp4,simc6hmrUOE,,,0.7979,"EMO-AffectNet pseudo-label (teacher=Aff-Wild2, top=Neutral 0.35, tension=0.202) - 사람 검수 전"
slE2PWIwzus.003,slE2PWIwzus.003.mp4,slE2PWIwzus,,,0.8113,"EMO-AffectNet pseudo-label (teacher=Aff-Wild2, top=Happiness 0.49, tension=0.189) - 사람 검수 전"
slE2PWIwzus.005,slE2PWIwzus.005.mp4,slE2PWIwzus,,,0.8404,"EMO-AffectNet pseudo-label (teacher=Aff-Wild2, top=Happiness 0.49, tension=0.160) - 사람 검수 전"
spodWGLGBiw.001,spodWGLGBiw.001.mp4,spodWGLGBiw,,,0.6846,"EMO-AffectNet pseudo-label (teacher=Aff-Wild2, top=Neutral 0.28, tension=0.315) - 사람 검수 전"
sqnW6xXYTKg.005,sqnW6xXYTKg.005.mp4,sqnW6xXYTKg,,,0.9065,"EMO-AffectNet pseudo-label (teacher=Aff-Wild2, top=Happiness 0.66, tension=0.093) - 사람 검수 전"
squHxV3QXlQ.000,squHxV3QXlQ.000.mp4,squHxV3QXlQ,,,0.6399,"EMO-AffectNet pseudo-label (teacher=Aff-Wild2, top=Sadness 0.29, tension=0.360) - 사람 검수 전"
squHxV3QXlQ.005,squHxV3QXlQ.005.mp4,squHxV3QXlQ,,,0.6471,"EMO-AffectNet pseudo-label (teacher=Aff-Wild2, top=Sadness 0.25, tension=0.353) - 사람 검수 전"
ssexxLJLuhU.001,ssexxLJLuhU.001.mp4,ssexxLJLuhU,,,0.7709,"EMO-AffectNet pseudo-label (teacher=Aff-Wild2, top=Neutral 0.35, tension=0.229) - 사람 검수 전"
sx57p5HyekI.001,sx57p5HyekI.001.mp4,sx57p5HyekI,,,0.7597,"EMO-AffectNet pseudo-label (teacher=Aff-Wild2, top=Neutral 0.31, tension=0.240) - 사람 검수 전"
t0AupkXkkZw.000,t0AupkXkkZw.000.mp4,t0AupkXkkZw,,,0.7851,"EMO-AffectNet pseudo-label (teacher=Aff-Wild2, top=Happiness 0.36, tension=0.215) - 사람 검수 전"
t0AupkXkkZw.002,t0AupkXkkZw.002.mp4,t0AupkXkkZw,,,0.7682,"EMO-AffectNet pseudo-label (teacher=Aff-Wild2, top=Happiness 0.37, tension=0.232) - 사람 검수 전"
t0_DAgeU4nM.001,t0_DAgeU4nM.001.mp4,t0_DAgeU4nM,,,0.6884,"EMO-AffectNet pseudo-label (teacher=Aff-Wild2, top=Sadness 0.21, tension=0.312) - 사람 검수 전"
t0_DAgeU4nM.005,t0_DAgeU4nM.005.mp4,t0_DAgeU4nM,,,0.7385,"EMO-AffectNet pseudo-label (teacher=Aff-Wild2, top=Happiness 0.25, tension=0.262) - 사람 검수 전"
t30ERiF6b50.001,t30ERiF6b50.001.mp4,t30ERiF6b50,,,0.7148,"EMO-AffectNet pseudo-label (teacher=Aff-Wild2, top=Neutral 0.33, tension=0.285) - 사람 검수 전"
t9wFHk9TM-U.000,t9wFHk9TM-U.000.mp4,t9wFHk9TM-U,,,0.6948,"EMO-AffectNet pseudo-label (teacher=Aff-Wild2, top=Neutral 0.28, tension=0.305) - 사람 검수 전"
t9wFHk9TM-U.001,t9wFHk9TM-U.001.mp4,t9wFHk9TM-U,,,0.7313,"EMO-AffectNet pseudo-label (teacher=Aff-Wild2, top=Neutral 0.32, tension=0.269) - 사람 검수 전"
tASMzbFSxsQ.004,tASMzbFSxsQ.004.mp4,tASMzbFSxsQ,,,0.7631,"EMO-AffectNet pseudo-label (teacher=Aff-Wild2, top=Happiness 0.37, tension=0.237) - 사람 검수 전"
tCnfvBwWVKw.001,tCnfvBwWVKw.001.mp4,tCnfvBwWVKw,,,0.7049,"EMO-AffectNet pseudo-label (teacher=Aff-Wild2, top=Neutral 0.25, tension=0.295) - 사람 검수 전"
tEQEKN07KgQ.002,tEQEKN07KgQ.002.mp4,tEQEKN07KgQ,,,0.7761,"EMO-AffectNet pseudo-label (teacher=Aff-Wild2, top=Happiness 0.32, tension=0.224) - 사람 검수 전"
tYpxPqwle5k.001,tYpxPqwle5k.001.mp4,tYpxPqwle5k,,,0.8922,"EMO-AffectNet pseudo-label (teacher=Aff-Wild2, top=Happiness 0.65, tension=0.108) - 사람 검수 전"
tYpxPqwle5k.003,tYpxPqwle5k.003.mp4,tYpxPqwle5k,,,0.7926,"EMO-AffectNet pseudo-label (teacher=Aff-Wild2, top=Happiness 0.32, tension=0.207) - 사람 검수 전"
tYpxPqwle5k.004,tYpxPqwle5k.004.mp4,tYpxPqwle5k,,,0.7334,"EMO-AffectNet pseudo-label (teacher=Aff-Wild2, top=Neutral 0.20, tension=0.267) - 사람 검수 전"
tZiRqu8joX8.004,tZiRqu8joX8.004.mp4,tZiRqu8joX8,,,0.8674,"EMO-AffectNet pseudo-label (teacher=Aff-Wild2, top=Happiness 0.59, tension=0.133) - 사람 검수 전"
taSAaWKcmTw.001,taSAaWKcmTw.001.mp4,taSAaWKcmTw,,,0.6706,"EMO-AffectNet pseudo-label (teacher=Aff-Wild2, top=Anger 0.24, tension=0.329) - 사람 검수 전"
tcmYlyeqwuI.001,tcmYlyeqwuI.001.mp4,tcmYlyeqwuI,,,0.7804,"EMO-AffectNet pseudo-label (teacher=Aff-Wild2, top=Happiness 0.27, tension=0.220) - 사람 검수 전"
tcmYlyeqwuI.002,tcmYlyeqwuI.002.mp4,tcmYlyeqwuI,,,0.9006,"EMO-AffectNet pseudo-label (teacher=Aff-Wild2, top=Happiness 0.67, tension=0.099) - 사람 검수 전"
teRgvZ63_2I.002,teRgvZ63_2I.002.mp4,teRgvZ63_2I,,,0.7479,"EMO-AffectNet pseudo-label (teacher=Aff-Wild2, top=Neutral 0.22, tension=0.252) - 사람 검수 전"
tiVKJWLzmk4.002,tiVKJWLzmk4.002.mp4,tiVKJWLzmk4,,,0.6976,"EMO-AffectNet pseudo-label (teacher=Aff-Wild2, top=Neutral 0.28, tension=0.302) - 사람 검수 전"
tiVKJWLzmk4.003,tiVKJWLzmk4.003.mp4,tiVKJWLzmk4,,,0.7067,"EMO-AffectNet pseudo-label (teacher=Aff-Wild2, top=Surprise 0.24, tension=0.293) - 사람 검수 전"
tiVKJWLzmk4.005,tiVKJWLzmk4.005.mp4,tiVKJWLzmk4,,,0.689,"EMO-AffectNet pseudo-label (teacher=Aff-Wild2, top=Neutral 0.23, tension=0.311) - 사람 검수 전"
tomb22yfjTc.000,tomb22yfjTc.000.mp4,tomb22yfjTc,,,0.6271,"EMO-AffectNet pseudo-label (teacher=Aff-Wild2, top=Sadness 0.40, tension=0.373) - 사람 검수 전"
tvKUJujTUEo.002,tvKUJujTUEo.002.mp4,tvKUJujTUEo,,,0.676,"EMO-AffectNet pseudo-label (teacher=Aff-Wild2, top=Surprise 0.32, tension=0.324) - 사람 검수 전"
twO6ceVTuII.004,twO6ceVTuII.004.mp4,twO6ceVTuII,,,0.6748,"EMO-AffectNet pseudo-label (teacher=Aff-Wild2, top=Neutral 0.31, tension=0.325) - 사람 검수 전"
twmdh5zdvfg.001,twmdh5zdvfg.001.mp4,twmdh5zdvfg,,,0.7411,"EMO-AffectNet pseudo-label (teacher=Aff-Wild2, top=Neutral 0.38, tension=0.259) - 사람 검수 전"
twmdh5zdvfg.003,twmdh5zdvfg.003.mp4,twmdh5zdvfg,,,0.7189,"EMO-AffectNet pseudo-label (teacher=Aff-Wild2, top=Neutral 0.24, tension=0.281) - 사람 검수 전"
txU8yE9d-4k.002,txU8yE9d-4k.002.mp4,txU8yE9d-4k,,,0.7305,"EMO-AffectNet pseudo-label (teacher=Aff-Wild2, top=Neutral 0.23, tension=0.269) - 사람 검수 전"
u0ge93spFvY.000,u0ge93spFvY.000.mp4,u0ge93spFvY,,,0.9027,"EMO-AffectNet pseudo-label (teacher=Aff-Wild2, top=Happiness 0.68, tension=0.097) - 사람 검수 전"
u50B6bIkN9g.001,u50B6bIkN9g.001.mp4,u50B6bIkN9g,,,0.6837,"EMO-AffectNet pseudo-label (teacher=Aff-Wild2, top=Anger 0.27, tension=0.316) - 사람 검수 전"
u50B6bIkN9g.003,u50B6bIkN9g.003.mp4,u50B6bIkN9g,,,0.7155,"EMO-AffectNet pseudo-label (teacher=Aff-Wild2, top=Neutral 0.30, tension=0.284) - 사람 검수 전"
u50B6bIkN9g.004,u50B6bIkN9g.004.mp4,u50B6bIkN9g,,,0.6991,"EMO-AffectNet pseudo-label (teacher=Aff-Wild2, top=Anger 0.25, tension=0.301) - 사람 검수 전"
u5mRlNCQ0BQ.001,u5mRlNCQ0BQ.001.mp4,u5mRlNCQ0BQ,,,0.8054,"EMO-AffectNet pseudo-label (teacher=Aff-Wild2, top=Happiness 0.38, tension=0.195) - 사람 검수 전"
uCJNAX_b9mc.001,uCJNAX_b9mc.001.mp4,uCJNAX_b9mc,,,0.6769,"EMO-AffectNet pseudo-label (teacher=Aff-Wild2, top=Sadness 0.24, tension=0.323) - 사람 검수 전"
uDm7iZuX5DQ.001,uDm7iZuX5DQ.001.mp4,uDm7iZuX5DQ,,,0.7769,"EMO-AffectNet pseudo-label (teacher=Aff-Wild2, top=Neutral 0.44, tension=0.223) - 사람 검수 전"
uDm7iZuX5DQ.002,uDm7iZuX5DQ.002.mp4,uDm7iZuX5DQ,,,0.7758,"EMO-AffectNet pseudo-label (teacher=Aff-Wild2, top=Neutral 0.43, tension=0.224) - 사람 검수 전"
uDm7iZuX5DQ.003,uDm7iZuX5DQ.003.mp4,uDm7iZuX5DQ,,,0.7784,"EMO-AffectNet pseudo-label (teacher=Aff-Wild2, top=Neutral 0.41, tension=0.222) - 사람 검수 전"
uE2U_Y7QrIw.004,uE2U_Y7QrIw.004.mp4,uE2U_Y7QrIw,,,0.6999,"EMO-AffectNet pseudo-label (teacher=Aff-Wild2, top=Neutral 0.25, tension=0.300) - 사람 검수 전"
uEBTnI1zqhs.001,uEBTnI1zqhs.001.mp4,uEBTnI1zqhs,,,0.7036,"EMO-AffectNet pseudo-label (teacher=Aff-Wild2, top=Neutral 0.29, tension=0.296) - 사람 검수 전"
uRY3aJAaogw.000,uRY3aJAaogw.000.mp4,uRY3aJAaogw,,,0.6559,"EMO-AffectNet pseudo-label (teacher=Aff-Wild2, top=Anger 0.38, tension=0.344) - 사람 검수 전"
u_qvbRpm88k.003,u_qvbRpm88k.003.mp4,u_qvbRpm88k,,,0.785,"EMO-AffectNet pseudo-label (teacher=Aff-Wild2, top=Happiness 0.30, tension=0.215) - 사람 검수 전"
ua5c716lu5s.000,ua5c716lu5s.000.mp4,ua5c716lu5s,,,0.6167,"EMO-AffectNet pseudo-label (teacher=Aff-Wild2, top=Disgust 0.42, tension=0.383) - 사람 검수 전"
uf_sIIw4zxY.004,uf_sIIw4zxY.004.mp4,uf_sIIw4zxY,,,0.7482,"EMO-AffectNet pseudo-label (teacher=Aff-Wild2, top=Neutral 0.25, tension=0.252) - 사람 검수 전"
ukcUhZbkVBI.002,ukcUhZbkVBI.002.mp4,ukcUhZbkVBI,,,0.7549,"EMO-AffectNet pseudo-label (teacher=Aff-Wild2, top=Neutral 0.24, tension=0.245) - 사람 검수 전"
uoLDJJMK5Gw.001,uoLDJJMK5Gw.001.mp4,uoLDJJMK5Gw,,,0.7904,"EMO-AffectNet pseudo-label (teacher=Aff-Wild2, top=Happiness 0.27, tension=0.210) - 사람 검수 전"
uqd_cEJMJ4o.002,uqd_cEJMJ4o.002.mp4,uqd_cEJMJ4o,,,0.6812,"EMO-AffectNet pseudo-label (teacher=Aff-Wild2, top=Anger 0.22, tension=0.319) - 사람 검수 전"
usG6pVxbQkw.004,usG6pVxbQkw.004.mp4,usG6pVxbQkw,,,0.6806,"EMO-AffectNet pseudo-label (teacher=Aff-Wild2, top=Neutral 0.24, tension=0.319) - 사람 검수 전"
usG6pVxbQkw.005,usG6pVxbQkw.005.mp4,usG6pVxbQkw,,,0.6549,"EMO-AffectNet pseudo-label (teacher=Aff-Wild2, top=Anger 0.24, tension=0.345) - 사람 검수 전"
utv9RBNcL5w.001,utv9RBNcL5w.001.mp4,utv9RBNcL5w,,,0.7495,"EMO-AffectNet pseudo-label (teacher=Aff-Wild2, top=Neutral 0.38, tension=0.250) - 사람 검수 전"
uwYQKM_STCw.001,uwYQKM_STCw.001.mp4,uwYQKM_STCw,,,0.8032,"EMO-AffectNet pseudo-label (teacher=Aff-Wild2, top=Happiness 0.33, tension=0.197) - 사람 검수 전"
uwYQKM_STCw.003,uwYQKM_STCw.003.mp4,uwYQKM_STCw,,,0.7134,"EMO-AffectNet pseudo-label (teacher=Aff-Wild2, top=Neutral 0.28, tension=0.287) - 사람 검수 전"
v1ScttBOQc8.001,v1ScttBOQc8.001.mp4,v1ScttBOQc8,,,0.756,"EMO-AffectNet pseudo-label (teacher=Aff-Wild2, top=Neutral 0.29, tension=0.244) - 사람 검수 전"
v5hZeuRW6m0.003,v5hZeuRW6m0.003.mp4,v5hZeuRW6m0,,,0.5585,"EMO-AffectNet pseudo-label (teacher=Aff-Wild2, top=Sadness 0.37, tension=0.442) - 사람 검수 전"
v68FyWS-Q9s.000,v68FyWS-Q9s.000.mp4,v68FyWS-Q9s,,,0.76,"EMO-AffectNet pseudo-label (teacher=Aff-Wild2, top=Neutral 0.28, tension=0.240) - 사람 검수 전"
vAV6ovUKPDg.000,vAV6ovUKPDg.000.mp4,vAV6ovUKPDg,,,0.76,"EMO-AffectNet pseudo-label (teacher=Aff-Wild2, top=Neutral 0.42, tension=0.240) - 사람 검수 전"
vCCRvatOFLA.002,vCCRvatOFLA.002.mp4,vCCRvatOFLA,,,0.6932,"EMO-AffectNet pseudo-label (teacher=Aff-Wild2, top=Neutral 0.30, tension=0.307) - 사람 검수 전"
vCV-5LypZCs.002,vCV-5LypZCs.002.mp4,vCV-5LypZCs,,,0.7395,"EMO-AffectNet pseudo-label (teacher=Aff-Wild2, top=Neutral 0.30, tension=0.260) - 사람 검수 전"
vCY4uvfrWXA.001,vCY4uvfrWXA.001.mp4,vCY4uvfrWXA,,,0.7583,"EMO-AffectNet pseudo-label (teacher=Aff-Wild2, top=Happiness 0.23, tension=0.242) - 사람 검수 전"
vHIBCKwJLEY.000,vHIBCKwJLEY.000.mp4,vHIBCKwJLEY,,,0.6197,"EMO-AffectNet pseudo-label (teacher=Aff-Wild2, top=Sadness 0.32, tension=0.380) - 사람 검수 전"
vHc0pnY9BoI.000,vHc0pnY9BoI.000.mp4,vHc0pnY9BoI,,,0.6533,"EMO-AffectNet pseudo-label (teacher=Aff-Wild2, top=Sadness 0.26, tension=0.347) - 사람 검수 전"
vHn6-GQAI_Y.002,vHn6-GQAI_Y.002.mp4,vHn6-GQAI_Y,,,0.8574,"EMO-AffectNet pseudo-label (teacher=Aff-Wild2, top=Happiness 0.48, tension=0.143) - 사람 검수 전"
vIW7gDmhYMk.002,vIW7gDmhYMk.002.mp4,vIW7gDmhYMk,,,0.7333,"EMO-AffectNet pseudo-label (teacher=Aff-Wild2, top=Neutral 0.30, tension=0.267) - 사람 검수 전"
vLAHfIjmRMc.003,vLAHfIjmRMc.003.mp4,vLAHfIjmRMc,,,0.7348,"EMO-AffectNet pseudo-label (teacher=Aff-Wild2, top=Surprise 0.33, tension=0.265) - 사람 검수 전"
vLAHfIjmRMc.004,vLAHfIjmRMc.004.mp4,vLAHfIjmRMc,,,0.7269,"EMO-AffectNet pseudo-label (teacher=Aff-Wild2, top=Happiness 0.20, tension=0.273) - 사람 검수 전"
vNEs2yGe77s.005,vNEs2yGe77s.005.mp4,vNEs2yGe77s,,,0.6513,"EMO-AffectNet pseudo-label (teacher=Aff-Wild2, top=Fear 0.19, tension=0.349) - 사람 검수 전"
vOEQlAMABWM.002,vOEQlAMABWM.002.mp4,vOEQlAMABWM,,,0.7749,"EMO-AffectNet pseudo-label (teacher=Aff-Wild2, top=Surprise 0.33, tension=0.225) - 사람 검수 전"
vOEQlAMABWM.005,vOEQlAMABWM.005.mp4,vOEQlAMABWM,,,0.6908,"EMO-AffectNet pseudo-label (teacher=Aff-Wild2, top=Surprise 0.31, tension=0.309) - 사람 검수 전"
vUKex2msIEU.000,vUKex2msIEU.000.mp4,vUKex2msIEU,,,0.5872,"EMO-AffectNet pseudo-label (teacher=Aff-Wild2, top=Sadness 0.34, tension=0.413) - 사람 검수 전"
vUo6wnBOBpo.000,vUo6wnBOBpo.000.mp4,vUo6wnBOBpo,,,0.8638,"EMO-AffectNet pseudo-label (teacher=Aff-Wild2, top=Happiness 0.53, tension=0.136) - 사람 검수 전"
vUo6wnBOBpo.003,vUo6wnBOBpo.003.mp4,vUo6wnBOBpo,,,0.8366,"EMO-AffectNet pseudo-label (teacher=Aff-Wild2, top=Happiness 0.49, tension=0.163) - 사람 검수 전"
vfqYI2QmfeU.003,vfqYI2QmfeU.003.mp4,vfqYI2QmfeU,,,0.6823,"EMO-AffectNet pseudo-label (teacher=Aff-Wild2, top=Sadness 0.24, tension=0.318) - 사람 검수 전"
vhugKRUnd-c.002,vhugKRUnd-c.002.mp4,vhugKRUnd-c,,,0.6876,"EMO-AffectNet pseudo-label (teacher=Aff-Wild2, top=Neutral 0.31, tension=0.312) - 사람 검수 전"
vhugKRUnd-c.003,vhugKRUnd-c.003.mp4,vhugKRUnd-c,,,0.7244,"EMO-AffectNet pseudo-label (teacher=Aff-Wild2, top=Neutral 0.37, tension=0.276) - 사람 검수 전"
vo-Y5kgSBa8.004,vo-Y5kgSBa8.004.mp4,vo-Y5kgSBa8,,,0.6215,"EMO-AffectNet pseudo-label (teacher=Aff-Wild2, top=Anger 0.25, tension=0.379) - 사람 검수 전"
voB6O-ky9cA.000,voB6O-ky9cA.000.mp4,voB6O-ky9cA,,,0.7226,"EMO-AffectNet pseudo-label (teacher=Aff-Wild2, top=Neutral 0.27, tension=0.277) - 사람 검수 전"
voB6O-ky9cA.003,voB6O-ky9cA.003.mp4,voB6O-ky9cA,,,0.717,"EMO-AffectNet pseudo-label (teacher=Aff-Wild2, top=Neutral 0.32, tension=0.283) - 사람 검수 전"
voB6O-ky9cA.005,voB6O-ky9cA.005.mp4,voB6O-ky9cA,,,0.7598,"EMO-AffectNet pseudo-label (teacher=Aff-Wild2, top=Neutral 0.30, tension=0.240) - 사람 검수 전"
voXr6-ykd1w.001,voXr6-ykd1w.001.mp4,voXr6-ykd1w,,,0.8032,"EMO-AffectNet pseudo-label (teacher=Aff-Wild2, top=Happiness 0.31, tension=0.197) - 사람 검수 전"
vp9p1osOaLI.005,vp9p1osOaLI.005.mp4,vp9p1osOaLI,,,0.6512,"EMO-AffectNet pseudo-label (teacher=Aff-Wild2, top=Sadness 0.29, tension=0.349) - 사람 검수 전"
vqLtOsoNPnU.001,vqLtOsoNPnU.001.mp4,vqLtOsoNPnU,,,0.6258,"EMO-AffectNet pseudo-label (teacher=Aff-Wild2, top=Fear 0.41, tension=0.374) - 사람 검수 전"
vqLtOsoNPnU.003,vqLtOsoNPnU.003.mp4,vqLtOsoNPnU,,,0.6468,"EMO-AffectNet pseudo-label (teacher=Aff-Wild2, top=Fear 0.39, tension=0.353) - 사람 검수 전"
vtOEl_Mg0Io.002,vtOEl_Mg0Io.002.mp4,vtOEl_Mg0Io,,,0.7535,"EMO-AffectNet pseudo-label (teacher=Aff-Wild2, top=Neutral 0.38, tension=0.247) - 사람 검수 전"
vxuBHsokOX4.001,vxuBHsokOX4.001.mp4,vxuBHsokOX4,,,0.7118,"EMO-AffectNet pseudo-label (teacher=Aff-Wild2, top=Neutral 0.27, tension=0.288) - 사람 검수 전"
w7O2QJu2Wl4.000,w7O2QJu2Wl4.000.mp4,w7O2QJu2Wl4,,,0.7759,"EMO-AffectNet pseudo-label (teacher=Aff-Wild2, top=Happiness 0.28, tension=0.224) - 사람 검수 전"
w7wPDiQkiA4.000,w7wPDiQkiA4.000.mp4,w7wPDiQkiA4,,,0.7147,"EMO-AffectNet pseudo-label (teacher=Aff-Wild2, top=Surprise 0.33, tension=0.285) - 사람 검수 전"
w989xx44UQI.005,w989xx44UQI.005.mp4,w989xx44UQI,,,0.751,"EMO-AffectNet pseudo-label (teacher=Aff-Wild2, top=Neutral 0.34, tension=0.249) - 사람 검수 전"
wBCSJVBr4ZE.002,wBCSJVBr4ZE.002.mp4,wBCSJVBr4ZE,,,0.7837,"EMO-AffectNet pseudo-label (teacher=Aff-Wild2, top=Neutral 0.45, tension=0.216) - 사람 검수 전"
wBCSJVBr4ZE.003,wBCSJVBr4ZE.003.mp4,wBCSJVBr4ZE,,,0.7961,"EMO-AffectNet pseudo-label (teacher=Aff-Wild2, top=Neutral 0.39, tension=0.204) - 사람 검수 전"
wDvZdcb00Bg.000,wDvZdcb00Bg.000.mp4,wDvZdcb00Bg,,,0.6011,"EMO-AffectNet pseudo-label (teacher=Aff-Wild2, top=Sadness 0.35, tension=0.399) - 사람 검수 전"
wFZJ3gTKwwM.000,wFZJ3gTKwwM.000.mp4,wFZJ3gTKwwM,,,0.734,"EMO-AffectNet pseudo-label (teacher=Aff-Wild2, top=Neutral 0.22, tension=0.266) - 사람 검수 전"
wVpjBxCirAQ.000,wVpjBxCirAQ.000.mp4,wVpjBxCirAQ,,,0.7451,"EMO-AffectNet pseudo-label (teacher=Aff-Wild2, top=Neutral 0.43, tension=0.255) - 사람 검수 전"
wYZJ2HXfvmQ.004,wYZJ2HXfvmQ.004.mp4,wYZJ2HXfvmQ,,,0.6283,"EMO-AffectNet pseudo-label (teacher=Aff-Wild2, top=Sadness 0.23, tension=0.372) - 사람 검수 전"
weggLuKPv0M.000,weggLuKPv0M.000.mp4,weggLuKPv0M,,,0.811,"EMO-AffectNet pseudo-label (teacher=Aff-Wild2, top=Neutral 0.32, tension=0.189) - 사람 검수 전"
wm94g-5Cg5s.001,wm94g-5Cg5s.001.mp4,wm94g-5Cg5s,,,0.6484,"EMO-AffectNet pseudo-label (teacher=Aff-Wild2, top=Sadness 0.21, tension=0.352) - 사람 검수 전"
wr4dP9MuHME.000,wr4dP9MuHME.000.mp4,wr4dP9MuHME,,,0.7186,"EMO-AffectNet pseudo-label (teacher=Aff-Wild2, top=Neutral 0.25, tension=0.281) - 사람 검수 전"
wr4dP9MuHME.002,wr4dP9MuHME.002.mp4,wr4dP9MuHME,,,0.7364,"EMO-AffectNet pseudo-label (teacher=Aff-Wild2, top=Neutral 0.22, tension=0.264) - 사람 검수 전"
wuTgJGTEK-0.000,wuTgJGTEK-0.000.mp4,wuTgJGTEK-0,,,0.9046,"EMO-AffectNet pseudo-label (teacher=Aff-Wild2, top=Happiness 0.71, tension=0.095) - 사람 검수 전"
wuhoIm_jPc0.000,wuhoIm_jPc0.000.mp4,wuhoIm_jPc0,,,0.72,"EMO-AffectNet pseudo-label (teacher=Aff-Wild2, top=Surprise 0.19, tension=0.280) - 사람 검수 전"
wuhoIm_jPc0.001,wuhoIm_jPc0.001.mp4,wuhoIm_jPc0,,,0.7354,"EMO-AffectNet pseudo-label (teacher=Aff-Wild2, top=Happiness 0.22, tension=0.265) - 사람 검수 전"
wy1szFSVpEI.003,wy1szFSVpEI.003.mp4,wy1szFSVpEI,,,0.8362,"EMO-AffectNet pseudo-label (teacher=Aff-Wild2, top=Happiness 0.42, tension=0.164) - 사람 검수 전"
x0CZuHnJ0Hs.001,x0CZuHnJ0Hs.001.mp4,x0CZuHnJ0Hs,,,0.6471,"EMO-AffectNet pseudo-label (teacher=Aff-Wild2, top=Fear 0.25, tension=0.353) - 사람 검수 전"
x0mD5kr2hu4.000,x0mD5kr2hu4.000.mp4,x0mD5kr2hu4,,,0.6895,"EMO-AffectNet pseudo-label (teacher=Aff-Wild2, top=Neutral 0.21, tension=0.311) - 사람 검수 전"
x0mD5kr2hu4.001,x0mD5kr2hu4.001.mp4,x0mD5kr2hu4,,,0.731,"EMO-AffectNet pseudo-label (teacher=Aff-Wild2, top=Anger 0.21, tension=0.269) - 사람 검수 전"
x57nEfACdXA.000,x57nEfACdXA.000.mp4,x57nEfACdXA,,,0.8426,"EMO-AffectNet pseudo-label (teacher=Aff-Wild2, top=Happiness 0.51, tension=0.157) - 사람 검수 전"
x57nEfACdXA.004,x57nEfACdXA.004.mp4,x57nEfACdXA,,,0.7385,"EMO-AffectNet pseudo-label (teacher=Aff-Wild2, top=Surprise 0.22, tension=0.261) - 사람 검수 전"
x6Tluj4dJTU.000,x6Tluj4dJTU.000.mp4,x6Tluj4dJTU,,,0.7751,"EMO-AffectNet pseudo-label (teacher=Aff-Wild2, top=Neutral 0.30, tension=0.225) - 사람 검수 전"
x9FAFeaizu0.005,x9FAFeaizu0.005.mp4,x9FAFeaizu0,,,0.7462,"EMO-AffectNet pseudo-label (teacher=Aff-Wild2, top=Neutral 0.40, tension=0.254) - 사람 검수 전"
xA2OJtxFoeg.002,xA2OJtxFoeg.002.mp4,xA2OJtxFoeg,,,0.6615,"EMO-AffectNet pseudo-label (teacher=Aff-Wild2, top=Fear 0.26, tension=0.338) - 사람 검수 전"
xDjhf8wrNWQ.000,xDjhf8wrNWQ.000.mp4,xDjhf8wrNWQ,,,0.6847,"EMO-AffectNet pseudo-label (teacher=Aff-Wild2, top=Sadness 0.25, tension=0.315) - 사람 검수 전"
xEmwNv4OxGE.000,xEmwNv4OxGE.000.mp4,xEmwNv4OxGE,,,0.7096,"EMO-AffectNet pseudo-label (teacher=Aff-Wild2, top=Neutral 0.27, tension=0.290) - 사람 검수 전"
xEmwNv4OxGE.002,xEmwNv4OxGE.002.mp4,xEmwNv4OxGE,,,0.7063,"EMO-AffectNet pseudo-label (teacher=Aff-Wild2, top=Neutral 0.28, tension=0.294) - 사람 검수 전"
xHb5_bc1JOA.002,xHb5_bc1JOA.002.mp4,xHb5_bc1JOA,,,0.6779,"EMO-AffectNet pseudo-label (teacher=Aff-Wild2, top=Neutral 0.24, tension=0.322) - 사람 검수 전"
xHb5_bc1JOA.004,xHb5_bc1JOA.004.mp4,xHb5_bc1JOA,,,0.6135,"EMO-AffectNet pseudo-label (teacher=Aff-Wild2, top=Sadness 0.31, tension=0.386) - 사람 검수 전"
xHb5_bc1JOA.005,xHb5_bc1JOA.005.mp4,xHb5_bc1JOA,,,0.6837,"EMO-AffectNet pseudo-label (teacher=Aff-Wild2, top=Neutral 0.22, tension=0.316) - 사람 검수 전"
xLfLuyIQOJE.000,xLfLuyIQOJE.000.mp4,xLfLuyIQOJE,,,0.7902,"EMO-AffectNet pseudo-label (teacher=Aff-Wild2, top=Neutral 0.43, tension=0.210) - 사람 검수 전"
xLfLuyIQOJE.001,xLfLuyIQOJE.001.mp4,xLfLuyIQOJE,,,0.7575,"EMO-AffectNet pseudo-label (teacher=Aff-Wild2, top=Neutral 0.31, tension=0.242) - 사람 검수 전"
xQHmbJ_lPjY.002,xQHmbJ_lPjY.002.mp4,xQHmbJ_lPjY,,,0.7653,"EMO-AffectNet pseudo-label (teacher=Aff-Wild2, top=Happiness 0.25, tension=0.235) - 사람 검수 전"
xRhUBifOWiI.002,xRhUBifOWiI.002.mp4,xRhUBifOWiI,,,0.693,"EMO-AffectNet pseudo-label (teacher=Aff-Wild2, top=Neutral 0.29, tension=0.307) - 사람 검수 전"
xVJDjbiIjTo.000,xVJDjbiIjTo.000.mp4,xVJDjbiIjTo,,,0.6187,"EMO-AffectNet pseudo-label (teacher=Aff-Wild2, top=Disgust 0.25, tension=0.381) - 사람 검수 전"
xVJDjbiIjTo.002,xVJDjbiIjTo.002.mp4,xVJDjbiIjTo,,,0.7084,"EMO-AffectNet pseudo-label (teacher=Aff-Wild2, top=Surprise 0.21, tension=0.292) - 사람 검수 전"
xVJDjbiIjTo.003,xVJDjbiIjTo.003.mp4,xVJDjbiIjTo,,,0.8597,"EMO-AffectNet pseudo-label (teacher=Aff-Wild2, top=Happiness 0.58, tension=0.140) - 사람 검수 전"
xYXVkQOmSfk.001,xYXVkQOmSfk.001.mp4,xYXVkQOmSfk,,,0.6859,"EMO-AffectNet pseudo-label (teacher=Aff-Wild2, top=Neutral 0.28, tension=0.314) - 사람 검수 전"
xYXVkQOmSfk.002,xYXVkQOmSfk.002.mp4,xYXVkQOmSfk,,,0.6667,"EMO-AffectNet pseudo-label (teacher=Aff-Wild2, top=Neutral 0.22, tension=0.333) - 사람 검수 전"
xZ9iwqHw7GY.001,xZ9iwqHw7GY.001.mp4,xZ9iwqHw7GY,,,0.6458,"EMO-AffectNet pseudo-label (teacher=Aff-Wild2, top=Disgust 0.22, tension=0.354) - 사람 검수 전"
xfLVThCzEEk.001,xfLVThCzEEk.001.mp4,xfLVThCzEEk,,,0.817,"EMO-AffectNet pseudo-label (teacher=Aff-Wild2, top=Happiness 0.40, tension=0.183) - 사람 검수 전"
xmD4FKMq2rk.003,xmD4FKMq2rk.003.mp4,xmD4FKMq2rk,,,0.7092,"EMO-AffectNet pseudo-label (teacher=Aff-Wild2, top=Neutral 0.35, tension=0.291) - 사람 검수 전"
xpSCu7PgJts.001,xpSCu7PgJts.001.mp4,xpSCu7PgJts,,,0.6748,"EMO-AffectNet pseudo-label (teacher=Aff-Wild2, top=Neutral 0.22, tension=0.325) - 사람 검수 전"
xq0-QVHxp-Q.001,xq0-QVHxp-Q.001.mp4,xq0-QVHxp-Q,,,0.6556,"EMO-AffectNet pseudo-label (teacher=Aff-Wild2, top=Neutral 0.22, tension=0.344) - 사람 검수 전"
xqGyF2T3pso.003,xqGyF2T3pso.003.mp4,xqGyF2T3pso,,,0.5865,"EMO-AffectNet pseudo-label (teacher=Aff-Wild2, top=Disgust 0.42, tension=0.414) - 사람 검수 전"
xrxAyO8pKUo.000,xrxAyO8pKUo.000.mp4,xrxAyO8pKUo,,,0.8145,"EMO-AffectNet pseudo-label (teacher=Aff-Wild2, top=Happiness 0.39, tension=0.185) - 사람 검수 전"
xrxAyO8pKUo.001,xrxAyO8pKUo.001.mp4,xrxAyO8pKUo,,,0.7414,"EMO-AffectNet pseudo-label (teacher=Aff-Wild2, top=Surprise 0.29, tension=0.259) - 사람 검수 전"
xrxAyO8pKUo.004,xrxAyO8pKUo.004.mp4,xrxAyO8pKUo,,,0.7933,"EMO-AffectNet pseudo-label (teacher=Aff-Wild2, top=Happiness 0.32, tension=0.207) - 사람 검수 전"
xsDABUrvs6w.000,xsDABUrvs6w.000.mp4,xsDABUrvs6w,,,0.7074,"EMO-AffectNet pseudo-label (teacher=Aff-Wild2, top=Neutral 0.35, tension=0.293) - 사람 검수 전"
xsLvl2qGrxU.004,xsLvl2qGrxU.004.mp4,xsLvl2qGrxU,,,0.7096,"EMO-AffectNet pseudo-label (teacher=Aff-Wild2, top=Surprise 0.22, tension=0.290) - 사람 검수 전"
xsLvl2qGrxU.005,xsLvl2qGrxU.005.mp4,xsLvl2qGrxU,,,0.8122,"EMO-AffectNet pseudo-label (teacher=Aff-Wild2, top=Happiness 0.44, tension=0.188) - 사람 검수 전"
xtDw9TlWiww.001,xtDw9TlWiww.001.mp4,xtDw9TlWiww,,,0.7406,"EMO-AffectNet pseudo-label (teacher=Aff-Wild2, top=Happiness 0.28, tension=0.259) - 사람 검수 전"
xtDw9TlWiww.004,xtDw9TlWiww.004.mp4,xtDw9TlWiww,,,0.8092,"EMO-AffectNet pseudo-label (teacher=Aff-Wild2, top=Happiness 0.44, tension=0.191) - 사람 검수 전"
xyOq5SL0Evc.005,xyOq5SL0Evc.005.mp4,xyOq5SL0Evc,,,0.7237,"EMO-AffectNet pseudo-label (teacher=Aff-Wild2, top=Neutral 0.27, tension=0.276) - 사람 검수 전"
y--uBBy7ebM.001,y--uBBy7ebM.001.mp4,y--uBBy7ebM,,,0.822,"EMO-AffectNet pseudo-label (teacher=Aff-Wild2, top=Happiness 0.39, tension=0.178) - 사람 검수 전"
y-0p6fGXLD0.001,y-0p6fGXLD0.001.mp4,y-0p6fGXLD0,,,0.5718,"EMO-AffectNet pseudo-label (teacher=Aff-Wild2, top=Sadness 0.34, tension=0.428) - 사람 검수 전"
y-0p6fGXLD0.003,y-0p6fGXLD0.003.mp4,y-0p6fGXLD0,,,0.7415,"EMO-AffectNet pseudo-label (teacher=Aff-Wild2, top=Happiness 0.28, tension=0.258) - 사람 검수 전"
y-0p6fGXLD0.005,y-0p6fGXLD0.005.mp4,y-0p6fGXLD0,,,0.5906,"EMO-AffectNet pseudo-label (teacher=Aff-Wild2, top=Fear 0.22, tension=0.409) - 사람 검수 전"
y3_71Wpt9eA.001,y3_71Wpt9eA.001.mp4,y3_71Wpt9eA,,,0.7171,"EMO-AffectNet pseudo-label (teacher=Aff-Wild2, top=Neutral 0.26, tension=0.283) - 사람 검수 전"
y3_71Wpt9eA.005,y3_71Wpt9eA.005.mp4,y3_71Wpt9eA,,,0.7891,"EMO-AffectNet pseudo-label (teacher=Aff-Wild2, top=Neutral 0.25, tension=0.211) - 사람 검수 전"
y4Ej1YSEQf0.004,y4Ej1YSEQf0.004.mp4,y4Ej1YSEQf0,,,0.7265,"EMO-AffectNet pseudo-label (teacher=Aff-Wild2, top=Surprise 0.23, tension=0.273) - 사람 검수 전"
y4w-PiVPfjI.001,y4w-PiVPfjI.001.mp4,y4w-PiVPfjI,,,0.6984,"EMO-AffectNet pseudo-label (teacher=Aff-Wild2, top=Happiness 0.21, tension=0.302) - 사람 검수 전"
y6LC5kAJmHw.001,y6LC5kAJmHw.001.mp4,y6LC5kAJmHw,,,0.7779,"EMO-AffectNet pseudo-label (teacher=Aff-Wild2, top=Neutral 0.24, tension=0.222) - 사람 검수 전"
yEE9FoKWdpU.004,yEE9FoKWdpU.004.mp4,yEE9FoKWdpU,,,0.6802,"EMO-AffectNet pseudo-label (teacher=Aff-Wild2, top=Happiness 0.22, tension=0.320) - 사람 검수 전"
yEY_2BYZhnQ.003,yEY_2BYZhnQ.003.mp4,yEY_2BYZhnQ,,,0.8172,"EMO-AffectNet pseudo-label (teacher=Aff-Wild2, top=Happiness 0.35, tension=0.183) - 사람 검수 전"
yIe7Rp54-bU.005,yIe7Rp54-bU.005.mp4,yIe7Rp54-bU,,,0.7775,"EMO-AffectNet pseudo-label (teacher=Aff-Wild2, top=Neutral 0.40, tension=0.223) - 사람 검수 전"
yOzHZOg95Ug.002,yOzHZOg95Ug.002.mp4,yOzHZOg95Ug,,,0.7091,"EMO-AffectNet pseudo-label (teacher=Aff-Wild2, top=Neutral 0.39, tension=0.291) - 사람 검수 전"
yRVvI1x2DBI.000,yRVvI1x2DBI.000.mp4,yRVvI1x2DBI,,,0.7041,"EMO-AffectNet pseudo-label (teacher=Aff-Wild2, top=Neutral 0.31, tension=0.296) - 사람 검수 전"
yRVvI1x2DBI.003,yRVvI1x2DBI.003.mp4,yRVvI1x2DBI,,,0.6532,"EMO-AffectNet pseudo-label (teacher=Aff-Wild2, top=Anger 0.21, tension=0.347) - 사람 검수 전"
yUESJPS0wS8.003,yUESJPS0wS8.003.mp4,yUESJPS0wS8,,,0.7129,"EMO-AffectNet pseudo-label (teacher=Aff-Wild2, top=Surprise 0.24, tension=0.287) - 사람 검수 전"
yVSfQZGt1co.002,yVSfQZGt1co.002.mp4,yVSfQZGt1co,,,0.7313,"EMO-AffectNet pseudo-label (teacher=Aff-Wild2, top=Neutral 0.35, tension=0.269) - 사람 검수 전"
yVSfQZGt1co.005,yVSfQZGt1co.005.mp4,yVSfQZGt1co,,,0.6775,"EMO-AffectNet pseudo-label (teacher=Aff-Wild2, top=Neutral 0.30, tension=0.322) - 사람 검수 전"
ygUEI08LgcM.000,ygUEI08LgcM.000.mp4,ygUEI08LgcM,,,0.6703,"EMO-AffectNet pseudo-label (teacher=Aff-Wild2, top=Surprise 0.21, tension=0.330) - 사람 검수 전"
ygUEI08LgcM.003,ygUEI08LgcM.003.mp4,ygUEI08LgcM,,,0.7024,"EMO-AffectNet pseudo-label (teacher=Aff-Wild2, top=Happiness 0.19, tension=0.298) - 사람 검수 전"
ymrFbEMNBME.000,ymrFbEMNBME.000.mp4,ymrFbEMNBME,,,0.8381,"EMO-AffectNet pseudo-label (teacher=Aff-Wild2, top=Happiness 0.45, tension=0.162) - 사람 검수 전"
ymrFbEMNBME.002,ymrFbEMNBME.002.mp4,ymrFbEMNBME,,,0.8225,"EMO-AffectNet pseudo-label (teacher=Aff-Wild2, top=Happiness 0.37, tension=0.177) - 사람 검수 전"
yp-tfq1NxBk.005,yp-tfq1NxBk.005.mp4,yp-tfq1NxBk,,,0.7861,"EMO-AffectNet pseudo-label (teacher=Aff-Wild2, top=Happiness 0.35, tension=0.214) - 사람 검수 전"
yyqXzlF8Fgc.003,yyqXzlF8Fgc.003.mp4,yyqXzlF8Fgc,,,0.7299,"EMO-AffectNet pseudo-label (teacher=Aff-Wild2, top=Neutral 0.30, tension=0.270) - 사람 검수 전"
z-CV743owek.002,z-CV743owek.002.mp4,z-CV743owek,,,0.7471,"EMO-AffectNet pseudo-label (teacher=Aff-Wild2, top=Happiness 0.25, tension=0.253) - 사람 검수 전"
z-CV743owek.004,z-CV743owek.004.mp4,z-CV743owek,,,0.6721,"EMO-AffectNet pseudo-label (teacher=Aff-Wild2, top=Neutral 0.26, tension=0.328) - 사람 검수 전"
z0v9LukQRHU.000,z0v9LukQRHU.000.mp4,z0v9LukQRHU,,,0.8327,"EMO-AffectNet pseudo-label (teacher=Aff-Wild2, top=Happiness 0.45, tension=0.167) - 사람 검수 전"
z0v9LukQRHU.004,z0v9LukQRHU.004.mp4,z0v9LukQRHU,,,0.8034,"EMO-AffectNet pseudo-label (teacher=Aff-Wild2, top=Happiness 0.36, tension=0.197) - 사람 검수 전"
z1q3ktuRdII.005,z1q3ktuRdII.005.mp4,z1q3ktuRdII,,,0.6927,"EMO-AffectNet pseudo-label (teacher=Aff-Wild2, top=Surprise 0.24, tension=0.307) - 사람 검수 전"
z3DO3tdrsnQ.004,z3DO3tdrsnQ.004.mp4,z3DO3tdrsnQ,,,0.7996,"EMO-AffectNet pseudo-label (teacher=Aff-Wild2, top=Happiness 0.42, tension=0.200) - 사람 검수 전"
z3DO3tdrsnQ.005,z3DO3tdrsnQ.005.mp4,z3DO3tdrsnQ,,,0.7207,"EMO-AffectNet pseudo-label (teacher=Aff-Wild2, top=Happiness 0.27, tension=0.279) - 사람 검수 전"
z6E5hLYhaZk.001,z6E5hLYhaZk.001.mp4,z6E5hLYhaZk,,,0.6005,"EMO-AffectNet pseudo-label (teacher=Aff-Wild2, top=Disgust 0.33, tension=0.400) - 사람 검수 전"
z6E5hLYhaZk.005,z6E5hLYhaZk.005.mp4,z6E5hLYhaZk,,,0.6838,"EMO-AffectNet pseudo-label (teacher=Aff-Wild2, top=Disgust 0.27, tension=0.316) - 사람 검수 전"
zDRQAU7MtjA.002,zDRQAU7MtjA.002.mp4,zDRQAU7MtjA,,,0.6645,"EMO-AffectNet pseudo-label (teacher=Aff-Wild2, top=Neutral 0.29, tension=0.336) - 사람 검수 전"
zEyRyTnIw5I.004,zEyRyTnIw5I.004.mp4,zEyRyTnIw5I,,,0.6928,"EMO-AffectNet pseudo-label (teacher=Aff-Wild2, top=Happiness 0.24, tension=0.307) - 사람 검수 전"
zFVjcb45pjI.004,zFVjcb45pjI.004.mp4,zFVjcb45pjI,,,0.6219,"EMO-AffectNet pseudo-label (teacher=Aff-Wild2, top=Fear 0.32, tension=0.378) - 사람 검수 전"
zFVjcb45pjI.005,zFVjcb45pjI.005.mp4,zFVjcb45pjI,,,0.6314,"EMO-AffectNet pseudo-label (teacher=Aff-Wild2, top=Fear 0.32, tension=0.369) - 사람 검수 전"
zH9pTx5_ZwY.001,zH9pTx5_ZwY.001.mp4,zH9pTx5_ZwY,,,0.6998,"EMO-AffectNet pseudo-label (teacher=Aff-Wild2, top=Neutral 0.26, tension=0.300) - 사람 검수 전"
zMXIf66PPhU.000,zMXIf66PPhU.000.mp4,zMXIf66PPhU,,,0.7349,"EMO-AffectNet pseudo-label (teacher=Aff-Wild2, top=Neutral 0.32, tension=0.265) - 사람 검수 전"
zRevZ94Rxjc.003,zRevZ94Rxjc.003.mp4,zRevZ94Rxjc,,,0.7394,"EMO-AffectNet pseudo-label (teacher=Aff-Wild2, top=Surprise 0.27, tension=0.261) - 사람 검수 전"
zT_s9X21gAE.000,zT_s9X21gAE.000.mp4,zT_s9X21gAE,,,0.7601,"EMO-AffectNet pseudo-label (teacher=Aff-Wild2, top=Surprise 0.31, tension=0.240) - 사람 검수 전"
zqpXz9h41jg.003,zqpXz9h41jg.003.mp4,zqpXz9h41jg,,,0.7437,"EMO-AffectNet pseudo-label (teacher=Aff-Wild2, top=Neutral 0.30, tension=0.256) - 사람 검수 전"
zrbcY4TMVyc.001,zrbcY4TMVyc.001.mp4,zrbcY4TMVyc,,,0.762,"EMO-AffectNet pseudo-label (teacher=Aff-Wild2, top=Happiness 0.26, tension=0.238) - 사람 검수 전"
zupxsNi2er8.000,zupxsNi2er8.000.mp4,zupxsNi2er8,,,0.6981,"EMO-AffectNet pseudo-label (teacher=Aff-Wild2, top=Surprise 0.23, tension=0.302) - 사람 검수 전"
zupxsNi2er8.003,zupxsNi2er8.003.mp4,zupxsNi2er8,,,0.6742,"EMO-AffectNet pseudo-label (teacher=Aff-Wild2, top=Fear 0.24, tension=0.326) - 사람 검수 전"
zvX4fNj0uxk.002,zvX4fNj0uxk.002.mp4,zvX4fNj0uxk,,,0.7404,"EMO-AffectNet pseudo-label (teacher=Aff-Wild2, top=Neutral 0.40, tension=0.260) - 사람 검수 전"
zwO2zBdbCb4.001,zwO2zBdbCb4.001.mp4,zwO2zBdbCb4,,,0.7586,"EMO-AffectNet pseudo-label (teacher=Aff-Wild2, top=Neutral 0.32, tension=0.241) - 사람 검수 전"
zxuPCshTSOs.000,zxuPCshTSOs.000.mp4,zxuPCshTSOs,,,0.6893,"EMO-AffectNet pseudo-label (teacher=Aff-Wild2, top=Neutral 0.22, tension=0.311) - 사람 검수 전"
zyGz_H1UTnQ.002,zyGz_H1UTnQ.002.mp4,zyGz_H1UTnQ,,,0.6866,"EMO-AffectNet pseudo-label (teacher=Aff-Wild2, top=Neutral 0.35, tension=0.313) - 사람 검수 전"
zyGz_H1UTnQ.004,zyGz_H1UTnQ.004.mp4,zyGz_H1UTnQ,,,0.6884,"EMO-AffectNet pseudo-label (teacher=Aff-Wild2, top=Neutral 0.37, tension=0.312) - 사람 검수 전"
zyGz_H1UTnQ.005,zyGz_H1UTnQ.005.mp4,zyGz_H1UTnQ,,,0.6826,"EMO-AffectNet pseudo-label (teacher=Aff-Wild2, top=Neutral 0.34, tension=0.317) - 사람 검수 전"
