clip_id,file_name,person_id,labeler_a,labeler_b,label_final,note
--Ymqszjv54.001,--Ymqszjv54.001.mp4,--Ymqszjv54,,,0.6898,"EMO-AffectNet pseudo-label (teacher=Aff-Wild2, top=Surprise 0.24, tension=0.310) - 사람 검수 전"
--Ymqszjv54.003,--Ymqszjv54.003.mp4,--Ymqszjv54,,,0.7335,"EMO-AffectNet pseudo-label (teacher=Aff-Wild2, top=Neutral 0.22, tension=0.267) - 사람 검수 전"
--Ymqszjv54.004,--Ymqszjv54.004.mp4,--Ymqszjv54,,,0.6987,"EMO-AffectNet pseudo-label (teacher=Aff-Wild2, top=Neutral 0.30, tension=0.301) - 사람 검수 전"
--Ymqszjv54.005,--Ymqszjv54.005.mp4,--Ymqszjv54,,,0.6869,"EMO-AffectNet pseudo-label (teacher=Aff-Wild2, top=Neutral 0.28, tension=0.313) - 사람 검수 전"
-2qsCrkXdWs.001,-2qsCrkXdWs.001.mp4,-2qsCrkXdWs,,,0.6213,"EMO-AffectNet pseudo-label (teacher=Aff-Wild2, top=Fear 0.28, tension=0.379) - 사람 검수 전"
-55DRRMTppE.000,-55DRRMTppE.000.mp4,-55DRRMTppE,,,0.7139,"EMO-AffectNet pseudo-label (teacher=Aff-Wild2, top=Neutral 0.26, tension=0.286) - 사람 검수 전"
-55DRRMTppE.005,-55DRRMTppE.005.mp4,-55DRRMTppE,,,0.7193,"EMO-AffectNet pseudo-label (teacher=Aff-Wild2, top=Surprise 0.21, tension=0.281) - 사람 검수 전"
-5riMLK-PgU.001,-5riMLK-PgU.001.mp4,-5riMLK-PgU,,,0.7627,"EMO-AffectNet pseudo-label (teacher=Aff-Wild2, top=Surprise 0.26, tension=0.237) - 사람 검수 전"
-6otZ7M-Mro.000,-6otZ7M-Mro.000.mp4,-6otZ7M-Mro,,,0.7666,"EMO-AffectNet pseudo-label (teacher=Aff-Wild2, top=Happiness 0.23, tension=0.233) - 사람 검수 전"
-6otZ7M-Mro.001,-6otZ7M-Mro.001.mp4,-6otZ7M-Mro,,,0.7187,"EMO-AffectNet pseudo-label (teacher=Aff-Wild2, top=Neutral 0.21, tension=0.281) - 사람 검수 전"
-8asrRvfJWA.003,-8asrRvfJWA.003.mp4,-8asrRvfJWA,,,0.7513,"EMO-AffectNet pseudo-label (teacher=Aff-Wild2, top=Neutral 0.30, tension=0.249) - 사람 검수 전"
-8asrRvfJWA.004,-8asrRvfJWA.004.mp4,-8asrRvfJWA,,,0.7883,"EMO-AffectNet pseudo-label (teacher=Aff-Wild2, top=Surprise 0.29, tension=0.212) - 사람 검수 전"
-9BZ8A9U7TE.000,-9BZ8A9U7TE.000.mp4,-9BZ8A9U7TE,,,0.7352,"EMO-AffectNet pseudo-label (teacher=Aff-Wild2, top=Neutral 0.43, tension=0.265) - 사람 검수 전"
-9BZ8A9U7TE.003,-9BZ8A9U7TE.003.mp4,-9BZ8A9U7TE,,,0.728,"EMO-AffectNet pseudo-label (teacher=Aff-Wild2, top=Neutral 0.42, tension=0.272) - 사람 검수 전"
-9BZ8A9U7TE.004,-9BZ8A9U7TE.004.mp4,-9BZ8A9U7TE,,,0.7517,"EMO-AffectNet pseudo-label (teacher=Aff-Wild2, top=Neutral 0.43, tension=0.248) - 사람 검수 전"
-AmMDnVl4s8.003,-AmMDnVl4s8.003.mp4,-AmMDnVl4s8,,,0.7984,"EMO-AffectNet pseudo-label (teacher=Aff-Wild2, top=Happiness 0.27, tension=0.202) - 사람 검수 전"
-C5M9g4Quzc.002,-C5M9g4Quzc.002.mp4,-C5M9g4Quzc,,,0.7693,"EMO-AffectNet pseudo-label (teacher=Aff-Wild2, top=Happiness 0.24, tension=0.231) - 사람 검수 전"
-DOqN0d8KHw.002,-DOqN0d8KHw.002.mp4,-DOqN0d8KHw,,,0.7721,"EMO-AffectNet pseudo-label (teacher=Aff-Wild2, top=Neutral 0.45, tension=0.228) - 사람 검수 전"
-DOqN0d8KHw.003,-DOqN0d8KHw.003.mp4,-DOqN0d8KHw,,,0.8067,"EMO-AffectNet pseudo-label (teacher=Aff-Wild2, top=Neutral 0.38, tension=0.193) - 사람 검수 전"
-Gl98Jn45Fs.000,-Gl98Jn45Fs.000.mp4,-Gl98Jn45Fs,,,0.6729,"EMO-AffectNet pseudo-label (teacher=Aff-Wild2, top=Neutral 0.27, tension=0.327) - 사람 검수 전"
-Gl98Jn45Fs.001,-Gl98Jn45Fs.001.mp4,-Gl98Jn45Fs,,,0.6803,"EMO-AffectNet pseudo-label (teacher=Aff-Wild2, top=Neutral 0.25, tension=0.320) - 사람 검수 전"
-Gl98Jn45Fs.003,-Gl98Jn45Fs.003.mp4,-Gl98Jn45Fs,,,0.7011,"EMO-AffectNet pseudo-label (teacher=Aff-Wild2, top=Neutral 0.22, tension=0.299) - 사람 검수 전"
-IK--4uz5ZY.000,-IK--4uz5ZY.000.mp4,-IK--4uz5ZY,,,0.7604,"EMO-AffectNet pseudo-label (teacher=Aff-Wild2, top=Happiness 0.26, tension=0.240) - 사람 검수 전"
-IK--4uz5ZY.002,-IK--4uz5ZY.002.mp4,-IK--4uz5ZY,,,0.6995,"EMO-AffectNet pseudo-label (teacher=Aff-Wild2, top=Neutral 0.22, tension=0.301) - 사람 검수 전"
-IK--4uz5ZY.003,-IK--4uz5ZY.003.mp4,-IK--4uz5ZY,,,0.7296,"EMO-AffectNet pseudo-label (teacher=Aff-Wild2, top=Neutral 0.26, tension=0.270) - 사람 검수 전"
-IK--4uz5ZY.004,-IK--4uz5ZY.004.mp4,-IK--4uz5ZY,,,0.7219,"EMO-AffectNet pseudo-label (teacher=Aff-Wild2, top=Neutral 0.24, tension=0.278) - 사람 검수 전"
-N6QKrbnaDs.005,-N6QKrbnaDs.005.mp4,-N6QKrbnaDs,,,0.7021,"EMO-AffectNet pseudo-label (teacher=Aff-Wild2, top=Surprise 0.25, tension=0.298) - 사람 검수 전"
-NwfYYf5xLo.005,-NwfYYf5xLo.005.mp4,-NwfYYf5xLo,,,0.842,"EMO-AffectNet pseudo-label (teacher=Aff-Wild2, top=Happiness 0.46, tension=0.158) - 사람 검수 전"
-OXMbG7ZwRk.000,-OXMbG7ZwRk.000.mp4,-OXMbG7ZwRk,,,0.8235,"EMO-AffectNet pseudo-label (teacher=Aff-Wild2, top=Happiness 0.34, tension=0.177) - 사람 검수 전"
-OXMbG7ZwRk.003,-OXMbG7ZwRk.003.mp4,-OXMbG7ZwRk,,,0.8031,"EMO-AffectNet pseudo-label (teacher=Aff-Wild2, top=Surprise 0.27, tension=0.197) - 사람 검수 전"
-OXMbG7ZwRk.004,-OXMbG7ZwRk.004.mp4,-OXMbG7ZwRk,,,0.8335,"EMO-AffectNet pseudo-label (teacher=Aff-Wild2, top=Happiness 0.41, tension=0.166) - 사람 검수 전"
-OXMbG7ZwRk.005,-OXMbG7ZwRk.005.mp4,-OXMbG7ZwRk,,,0.7873,"EMO-AffectNet pseudo-label (teacher=Aff-Wild2, top=Surprise 0.31, tension=0.213) - 사람 검수 전"
-Osv5l1vrNU.001,-Osv5l1vrNU.001.mp4,-Osv5l1vrNU,,,0.7534,"EMO-AffectNet pseudo-label (teacher=Aff-Wild2, top=Neutral 0.37, tension=0.247) - 사람 검수 전"
-Osv5l1vrNU.004,-Osv5l1vrNU.004.mp4,-Osv5l1vrNU,,,0.8447,"EMO-AffectNet pseudo-label (teacher=Aff-Wild2, top=Happiness 0.43, tension=0.155) - 사람 검수 전"
-R2SZu3SYgM.000,-R2SZu3SYgM.000.mp4,-R2SZu3SYgM,,,0.7363,"EMO-AffectNet pseudo-label (teacher=Aff-Wild2, top=Neutral 0.31, tension=0.264) - 사람 검수 전"
-R2SZu3SYgM.004,-R2SZu3SYgM.004.mp4,-R2SZu3SYgM,,,0.7095,"EMO-AffectNet pseudo-label (teacher=Aff-Wild2, top=Neutral 0.31, tension=0.290) - 사람 검수 전"
-RhPxhfpg4U.001,-RhPxhfpg4U.001.mp4,-RhPxhfpg4U,,,0.7446,"EMO-AffectNet pseudo-label (teacher=Aff-Wild2, top=Neutral 0.23, tension=0.255) - 사람 검수 전"
-RhPxhfpg4U.003,-RhPxhfpg4U.003.mp4,-RhPxhfpg4U,,,0.733,"EMO-AffectNet pseudo-label (teacher=Aff-Wild2, top=Neutral 0.24, tension=0.267) - 사람 검수 전"
-RhPxhfpg4U.005,-RhPxhfpg4U.005.mp4,-RhPxhfpg4U,,,0.8282,"EMO-AffectNet pseudo-label (teacher=Aff-Wild2, top=Happiness 0.44, tension=0.172) - 사람 검수 전"
-VTqcHNgH7M.002,-VTqcHNgH7M.002.mp4,-VTqcHNgH7M,,,0.7074,"EMO-AffectNet pseudo-label (teacher=Aff-Wild2, top=Neutral 0.24, tension=0.293) - 사람 검수 전"
-VTqcHNgH7M.003,-VTqcHNgH7M.003.mp4,-VTqcHNgH7M,,,0.6676,"EMO-AffectNet pseudo-label (teacher=Aff-Wild2, top=Neutral 0.27, tension=0.332) - 사람 검수 전"
-VTqcHNgH7M.004,-VTqcHNgH7M.004.mp4,-VTqcHNgH7M,,,0.7076,"EMO-AffectNet pseudo-label (teacher=Aff-Wild2, top=Neutral 0.21, tension=0.292) - 사람 검수 전"
-Wqk9eex6bQ.002,-Wqk9eex6bQ.002.mp4,-Wqk9eex6bQ,,,0.6204,"EMO-AffectNet pseudo-label (teacher=Aff-Wild2, top=Fear 0.32, tension=0.380) - 사람 검수 전"
-Wqk9eex6bQ.003,-Wqk9eex6bQ.003.mp4,-Wqk9eex6bQ,,,0.6324,"EMO-AffectNet pseudo-label (teacher=Aff-Wild2, top=Fear 0.27, tension=0.368) - 사람 검수 전"
-Wqk9eex6bQ.004,-Wqk9eex6bQ.004.mp4,-Wqk9eex6bQ,,,0.6245,"EMO-AffectNet pseudo-label (teacher=Aff-Wild2, top=Fear 0.31, tension=0.375) - 사람 검수 전"
-Wqk9eex6bQ.005,-Wqk9eex6bQ.005.mp4,-Wqk9eex6bQ,,,0.6175,"EMO-AffectNet pseudo-label (teacher=Aff-Wild2, top=Fear 0.30, tension=0.382) - 사람 검수 전"
-aU2FN5pkWA.001,-aU2FN5pkWA.001.mp4,-aU2FN5pkWA,,,0.9543,"EMO-AffectNet pseudo-label (teacher=Aff-Wild2, top=Happiness 0.85, tension=0.046) - 사람 검수 전"
-aU2FN5pkWA.004,-aU2FN5pkWA.004.mp4,-aU2FN5pkWA,,,0.8378,"EMO-AffectNet pseudo-label (teacher=Aff-Wild2, top=Happiness 0.32, tension=0.162) - 사람 검수 전"
-agCXYgb7pI.004,-agCXYgb7pI.004.mp4,-agCXYgb7pI,,,0.6772,"EMO-AffectNet pseudo-label (teacher=Aff-Wild2, top=Neutral 0.22, tension=0.323) - 사람 검수 전"
-awAu11kBZ0.000,-awAu11kBZ0.000.mp4,-awAu11kBZ0,,,0.659,"EMO-AffectNet pseudo-label (teacher=Aff-Wild2, top=Surprise 0.23, tension=0.341) - 사람 검수 전"
-c2HtptBFxY.002,-c2HtptBFxY.002.mp4,-c2HtptBFxY,,,0.8026,"EMO-AffectNet pseudo-label (teacher=Aff-Wild2, top=Happiness 0.29, tension=0.197) - 사람 검수 전"
-c_tyGzShwk.004,-c_tyGzShwk.004.mp4,-c_tyGzShwk,,,0.8509,"EMO-AffectNet pseudo-label (teacher=Aff-Wild2, top=Happiness 0.53, tension=0.149) - 사람 검수 전"
-fXqnCljdm0.000,-fXqnCljdm0.000.mp4,-fXqnCljdm0,,,0.7482,"EMO-AffectNet pseudo-label (teacher=Aff-Wild2, top=Neutral 0.34, tension=0.252) - 사람 검수 전"
-fXqnCljdm0.003,-fXqnCljdm0.003.mp4,-fXqnCljdm0,,,0.7798,"EMO-AffectNet pseudo-label (teacher=Aff-Wild2, top=Neutral 0.34, tension=0.220) - 사람 검수 전"
-fqiCqZtgYs.001,-fqiCqZtgYs.001.mp4,-fqiCqZtgYs,,,0.7118,"EMO-AffectNet pseudo-label (teacher=Aff-Wild2, top=Neutral 0.34, tension=0.288) - 사람 검수 전"
-fqiCqZtgYs.002,-fqiCqZtgYs.002.mp4,-fqiCqZtgYs,,,0.6875,"EMO-AffectNet pseudo-label (teacher=Aff-Wild2, top=Neutral 0.29, tension=0.313) - 사람 검수 전"
-fqiCqZtgYs.003,-fqiCqZtgYs.003.mp4,-fqiCqZtgYs,,,0.6715,"EMO-AffectNet pseudo-label (teacher=Aff-Wild2, top=Neutral 0.28, tension=0.329) - 사람 검수 전"
-mt-IKgGhuY.004,-mt-IKgGhuY.004.mp4,-mt-IKgGhuY,,,0.7159,"EMO-AffectNet pseudo-label (teacher=Aff-Wild2, top=Anger 0.25, tension=0.284) - 사람 검수 전"
-utrsarZeIY.001,-utrsarZeIY.001.mp4,-utrsarZeIY,,,0.7042,"EMO-AffectNet pseudo-label (teacher=Aff-Wild2, top=Surprise 0.25, tension=0.296) - 사람 검수 전"
-utrsarZeIY.004,-utrsarZeIY.004.mp4,-utrsarZeIY,,,0.7848,"EMO-AffectNet pseudo-label (teacher=Aff-Wild2, top=Surprise 0.36, tension=0.215) - 사람 검수 전"
-zNyDPzId4E.001,-zNyDPzId4E.001.mp4,-zNyDPzId4E,,,0.7048,"EMO-AffectNet pseudo-label (teacher=Aff-Wild2, top=Neutral 0.23, tension=0.295) - 사람 검수 전"
-zNyDPzId4E.003,-zNyDPzId4E.003.mp4,-zNyDPzId4E,,,0.7027,"EMO-AffectNet pseudo-label (teacher=Aff-Wild2, top=Neutral 0.27, tension=0.297) - 사람 검수 전"
01qN-BqJXRM.005,01qN-BqJXRM.005.mp4,01qN-BqJXRM,,,0.6347,"EMO-AffectNet pseudo-label (teacher=Aff-Wild2, top=Sadness 0.34, tension=0.365) - 사람 검수 전"
04oq2yrBwMg.001,04oq2yrBwMg.001.mp4,04oq2yrBwMg,,,0.678,"EMO-AffectNet pseudo-label (teacher=Aff-Wild2, top=Neutral 0.27, tension=0.322) - 사람 검수 전"
04oq2yrBwMg.004,04oq2yrBwMg.004.mp4,04oq2yrBwMg,,,0.8075,"EMO-AffectNet pseudo-label (teacher=Aff-Wild2, top=Happiness 0.40, tension=0.193) - 사람 검수 전"
05l5bteT_qA.000,05l5bteT_qA.000.mp4,05l5bteT_qA,,,0.8586,"EMO-AffectNet pseudo-label (teacher=Aff-Wild2, top=Happiness 0.55, tension=0.141) - 사람 검수 전"
05l5bteT_qA.001,05l5bteT_qA.001.mp4,05l5bteT_qA,,,0.8055,"EMO-AffectNet pseudo-label (teacher=Aff-Wild2, top=Happiness 0.31, tension=0.195) - 사람 검수 전"
0C6i34q2-f8.000,0C6i34q2-f8.000.mp4,0C6i34q2-f8,,,0.7996,"EMO-AffectNet pseudo-label (teacher=Aff-Wild2, top=Neutral 0.49, tension=0.200) - 사람 검수 전"
0C6i34q2-f8.001,0C6i34q2-f8.001.mp4,0C6i34q2-f8,,,0.78,"EMO-AffectNet pseudo-label (teacher=Aff-Wild2, top=Neutral 0.46, tension=0.220) - 사람 검수 전"
0C6i34q2-f8.003,0C6i34q2-f8.003.mp4,0C6i34q2-f8,,,0.8139,"EMO-AffectNet pseudo-label (teacher=Aff-Wild2, top=Happiness 0.37, tension=0.186) - 사람 검수 전"
0D7W2pR4RpQ.004,0D7W2pR4RpQ.004.mp4,0D7W2pR4RpQ,,,0.676,"EMO-AffectNet pseudo-label (teacher=Aff-Wild2, top=Surprise 0.30, tension=0.324) - 사람 검수 전"
0FVu7VKIg2s.000,0FVu7VKIg2s.000.mp4,0FVu7VKIg2s,,,0.5995,"EMO-AffectNet pseudo-label (teacher=Aff-Wild2, top=Sadness 0.22, tension=0.401) - 사람 검수 전"
0G9vplL8ae8.001,0G9vplL8ae8.001.mp4,0G9vplL8ae8,,,0.6858,"EMO-AffectNet pseudo-label (teacher=Aff-Wild2, top=Anger 0.28, tension=0.314) - 사람 검수 전"
0G9vplL8ae8.003,0G9vplL8ae8.003.mp4,0G9vplL8ae8,,,0.721,"EMO-AffectNet pseudo-label (teacher=Aff-Wild2, top=Anger 0.24, tension=0.279) - 사람 검수 전"
0LqfKzp11kg.000,0LqfKzp11kg.000.mp4,0LqfKzp11kg,,,0.6796,"EMO-AffectNet pseudo-label (teacher=Aff-Wild2, top=Neutral 0.25, tension=0.320) - 사람 검수 전"
0MB91ku0eEw.003,0MB91ku0eEw.003.mp4,0MB91ku0eEw,,,0.7124,"EMO-AffectNet pseudo-label (teacher=Aff-Wild2, top=Neutral 0.38, tension=0.288) - 사람 검수 전"
0ObEtA6Q8vU.002,0ObEtA6Q8vU.002.mp4,0ObEtA6Q8vU,,,0.7097,"EMO-AffectNet pseudo-label (teacher=Aff-Wild2, top=Surprise 0.26, tension=0.290) - 사람 검수 전"
0ObEtA6Q8vU.003,0ObEtA6Q8vU.003.mp4,0ObEtA6Q8vU,,,0.7773,"EMO-AffectNet pseudo-label (teacher=Aff-Wild2, top=Neutral 0.24, tension=0.223) - 사람 검수 전"
0ObEtA6Q8vU.005,0ObEtA6Q8vU.005.mp4,0ObEtA6Q8vU,,,0.7801,"EMO-AffectNet pseudo-label (teacher=Aff-Wild2, top=Happiness 0.30, tension=0.220) - 사람 검수 전"
0QTR0WiJSNk.001,0QTR0WiJSNk.001.mp4,0QTR0WiJSNk,,,0.7422,"EMO-AffectNet pseudo-label (teacher=Aff-Wild2, top=Neutral 0.37, tension=0.258) - 사람 검수 전"
0RLFM1ehSFM.000,0RLFM1ehSFM.000.mp4,0RLFM1ehSFM,,,0.6834,"EMO-AffectNet pseudo-label (teacher=Aff-Wild2, top=Fear 0.24, tension=0.317) - 사람 검수 전"
0VnZngec8sc.001,0VnZngec8sc.001.mp4,0VnZngec8sc,,,0.7229,"EMO-AffectNet pseudo-label (teacher=Aff-Wild2, top=Neutral 0.29, tension=0.277) - 사람 검수 전"
0VnZngec8sc.003,0VnZngec8sc.003.mp4,0VnZngec8sc,,,0.7122,"EMO-AffectNet pseudo-label (teacher=Aff-Wild2, top=Neutral 0.27, tension=0.288) - 사람 검수 전"
0VnZngec8sc.004,0VnZngec8sc.004.mp4,0VnZngec8sc,,,0.7626,"EMO-AffectNet pseudo-label (teacher=Aff-Wild2, top=Happiness 0.30, tension=0.237) - 사람 검수 전"
0Wr69VD_oXI.004,0Wr69VD_oXI.004.mp4,0Wr69VD_oXI,,,0.6992,"EMO-AffectNet pseudo-label (teacher=Aff-Wild2, top=Surprise 0.31, tension=0.301) - 사람 검수 전"
0ZK5jQAvhFo.004,0ZK5jQAvhFo.004.mp4,0ZK5jQAvhFo,,,0.8054,"EMO-AffectNet pseudo-label (teacher=Aff-Wild2, top=Happiness 0.41, tension=0.195) - 사람 검수 전"
0_xOGmydDN0.001,0_xOGmydDN0.001.mp4,0_xOGmydDN0,,,0.8292,"EMO-AffectNet pseudo-label (teacher=Aff-Wild2, top=Happiness 0.32, tension=0.171) - 사람 검수 전"
0_xOGmydDN0.002,0_xOGmydDN0.002.mp4,0_xOGmydDN0,,,0.7816,"EMO-AffectNet pseudo-label (teacher=Aff-Wild2, top=Neutral 0.34, tension=0.218) - 사람 검수 전"
0_xOGmydDN0.003,0_xOGmydDN0.003.mp4,0_xOGmydDN0,,,0.8097,"EMO-AffectNet pseudo-label (teacher=Aff-Wild2, top=Neutral 0.30, tension=0.190) - 사람 검수 전"
0_xOGmydDN0.004,0_xOGmydDN0.004.mp4,0_xOGmydDN0,,,0.8058,"EMO-AffectNet pseudo-label (teacher=Aff-Wild2, top=Surprise 0.27, tension=0.194) - 사람 검수 전"
0axZSeaUbfs.002,0axZSeaUbfs.002.mp4,0axZSeaUbfs,,,0.6507,"EMO-AffectNet pseudo-label (teacher=Aff-Wild2, top=Neutral 0.23, tension=0.349) - 사람 검수 전"
0axZSeaUbfs.004,0axZSeaUbfs.004.mp4,0axZSeaUbfs,,,0.7089,"EMO-AffectNet pseudo-label (teacher=Aff-Wild2, top=Neutral 0.39, tension=0.291) - 사람 검수 전"
0axZSeaUbfs.005,0axZSeaUbfs.005.mp4,0axZSeaUbfs,,,0.7032,"EMO-AffectNet pseudo-label (teacher=Aff-Wild2, top=Neutral 0.21, tension=0.297) - 사람 검수 전"
0dIqLMMn4jY.000,0dIqLMMn4jY.000.mp4,0dIqLMMn4jY,,,0.7345,"EMO-AffectNet pseudo-label (teacher=Aff-Wild2, top=Neutral 0.37, tension=0.266) - 사람 검수 전"
0fMw9o1v2tY.001,0fMw9o1v2tY.001.mp4,0fMw9o1v2tY,,,0.7697,"EMO-AffectNet pseudo-label (teacher=Aff-Wild2, top=Neutral 0.38, tension=0.230) - 사람 검수 전"
0fMw9o1v2tY.002,0fMw9o1v2tY.002.mp4,0fMw9o1v2tY,,,0.7628,"EMO-AffectNet pseudo-label (teacher=Aff-Wild2, top=Neutral 0.40, tension=0.237) - 사람 검수 전"
0fMw9o1v2tY.003,0fMw9o1v2tY.003.mp4,0fMw9o1v2tY,,,0.7679,"EMO-AffectNet pseudo-label (teacher=Aff-Wild2, top=Neutral 0.44, tension=0.232) - 사람 검수 전"
0gv5Z0qt2jc.000,0gv5Z0qt2jc.000.mp4,0gv5Z0qt2jc,,,0.7353,"EMO-AffectNet pseudo-label (teacher=Aff-Wild2, top=Neutral 0.31, tension=0.265) - 사람 검수 전"
0gv5Z0qt2jc.001,0gv5Z0qt2jc.001.mp4,0gv5Z0qt2jc,,,0.662,"EMO-AffectNet pseudo-label (teacher=Aff-Wild2, top=Sadness 0.27, tension=0.338) - 사람 검수 전"
0gv5Z0qt2jc.002,0gv5Z0qt2jc.002.mp4,0gv5Z0qt2jc,,,0.7207,"EMO-AffectNet pseudo-label (teacher=Aff-Wild2, top=Happiness 0.26, tension=0.279) - 사람 검수 전"
0gv5Z0qt2jc.003,0gv5Z0qt2jc.003.mp4,0gv5Z0qt2jc,,,0.7595,"EMO-AffectNet pseudo-label (teacher=Aff-Wild2, top=Happiness 0.25, tension=0.241) - 사람 검수 전"
0gv5Z0qt2jc.004,0gv5Z0qt2jc.004.mp4,0gv5Z0qt2jc,,,0.7444,"EMO-AffectNet pseudo-label (teacher=Aff-Wild2, top=Neutral 0.25, tension=0.256) - 사람 검수 전"
0gv5Z0qt2jc.005,0gv5Z0qt2jc.005.mp4,0gv5Z0qt2jc,,,0.8683,"EMO-AffectNet pseudo-label (teacher=Aff-Wild2, top=Happiness 0.59, tension=0.132) - 사람 검수 전"
0hWbtuRVUgM.001,0hWbtuRVUgM.001.mp4,0hWbtuRVUgM,,,0.7064,"EMO-AffectNet pseudo-label (teacher=Aff-Wild2, top=Neutral 0.27, tension=0.294) - 사람 검수 전"
0hWbtuRVUgM.005,0hWbtuRVUgM.005.mp4,0hWbtuRVUgM,,,0.7188,"EMO-AffectNet pseudo-label (teacher=Aff-Wild2, top=Neutral 0.20, tension=0.281) - 사람 검수 전"
0iQIfGnKflc.001,0iQIfGnKflc.001.mp4,0iQIfGnKflc,,,0.6926,"EMO-AffectNet pseudo-label (teacher=Aff-Wild2, top=Anger 0.38, tension=0.307) - 사람 검수 전"
0iQIfGnKflc.002,0iQIfGnKflc.002.mp4,0iQIfGnKflc,,,0.6928,"EMO-AffectNet pseudo-label (teacher=Aff-Wild2, top=Anger 0.37, tension=0.307) - 사람 검수 전"
0iXXdsO95O0.000,0iXXdsO95O0.000.mp4,0iXXdsO95O0,,,0.7708,"EMO-AffectNet pseudo-label (teacher=Aff-Wild2, top=Surprise 0.23, tension=0.229) - 사람 검수 전"
0kg6pmbSN6A.000,0kg6pmbSN6A.000.mp4,0kg6pmbSN6A,,,0.748,"EMO-AffectNet pseudo-label (teacher=Aff-Wild2, top=Neutral 0.33, tension=0.252) - 사람 검수 전"
0kg6pmbSN6A.001,0kg6pmbSN6A.001.mp4,0kg6pmbSN6A,,,0.7669,"EMO-AffectNet pseudo-label (teacher=Aff-Wild2, top=Neutral 0.39, tension=0.233) - 사람 검수 전"
0kg6pmbSN6A.002,0kg6pmbSN6A.002.mp4,0kg6pmbSN6A,,,0.7719,"EMO-AffectNet pseudo-label (teacher=Aff-Wild2, top=Neutral 0.34, tension=0.228) - 사람 검수 전"
0kg6pmbSN6A.005,0kg6pmbSN6A.005.mp4,0kg6pmbSN6A,,,0.8042,"EMO-AffectNet pseudo-label (teacher=Aff-Wild2, top=Happiness 0.33, tension=0.196) - 사람 검수 전"
0mym1CooiTE.000,0mym1CooiTE.000.mp4,0mym1CooiTE,,,0.7418,"EMO-AffectNet pseudo-label (teacher=Aff-Wild2, top=Neutral 0.29, tension=0.258) - 사람 검수 전"
0mym1CooiTE.001,0mym1CooiTE.001.mp4,0mym1CooiTE,,,0.7289,"EMO-AffectNet pseudo-label (teacher=Aff-Wild2, top=Neutral 0.25, tension=0.271) - 사람 검수 전"
0mym1CooiTE.003,0mym1CooiTE.003.mp4,0mym1CooiTE,,,0.8481,"EMO-AffectNet pseudo-label (teacher=Aff-Wild2, top=Happiness 0.49, tension=0.152) - 사람 검수 전"
0mym1CooiTE.004,0mym1CooiTE.004.mp4,0mym1CooiTE,,,0.8321,"EMO-AffectNet pseudo-label (teacher=Aff-Wild2, top=Happiness 0.47, tension=0.168) - 사람 검수 전"
0n2vWTs6XwA.001,0n2vWTs6XwA.001.mp4,0n2vWTs6XwA,,,0.6919,"EMO-AffectNet pseudo-label (teacher=Aff-Wild2, top=Neutral 0.32, tension=0.308) - 사람 검수 전"
0tse0Fsy_rg.001,0tse0Fsy_rg.001.mp4,0tse0Fsy_rg,,,0.8179,"EMO-AffectNet pseudo-label (teacher=Aff-Wild2, top=Neutral 0.32, tension=0.182) - 사람 검수 전"
0tse0Fsy_rg.002,0tse0Fsy_rg.002.mp4,0tse0Fsy_rg,,,0.7695,"EMO-AffectNet pseudo-label (teacher=Aff-Wild2, top=Neutral 0.39, tension=0.231) - 사람 검수 전"
0tse0Fsy_rg.004,0tse0Fsy_rg.004.mp4,0tse0Fsy_rg,,,0.8001,"EMO-AffectNet pseudo-label (teacher=Aff-Wild2, top=Neutral 0.44, tension=0.200) - 사람 검수 전"
0u56Q_QmxIM.002,0u56Q_QmxIM.002.mp4,0u56Q_QmxIM,,,0.7193,"EMO-AffectNet pseudo-label (teacher=Aff-Wild2, top=Neutral 0.27, tension=0.281) - 사람 검수 전"
0u56Q_QmxIM.004,0u56Q_QmxIM.004.mp4,0u56Q_QmxIM,,,0.7357,"EMO-AffectNet pseudo-label (teacher=Aff-Wild2, top=Neutral 0.29, tension=0.264) - 사람 검수 전"
0uCqd5hZcyI.000,0uCqd5hZcyI.000.mp4,0uCqd5hZcyI,,,0.6926,"EMO-AffectNet pseudo-label (teacher=Aff-Wild2, top=Neutral 0.27, tension=0.307) - 사람 검수 전"
0uCqd5hZcyI.005,0uCqd5hZcyI.005.mp4,0uCqd5hZcyI,,,0.7234,"EMO-AffectNet pseudo-label (teacher=Aff-Wild2, top=Surprise 0.28, tension=0.277) - 사람 검수 전"
0zJcYnsh55g.003,0zJcYnsh55g.003.mp4,0zJcYnsh55g,,,0.9032,"EMO-AffectNet pseudo-label (teacher=Aff-Wild2, top=Happiness 0.66, tension=0.097) - 사람 검수 전"
1-GgVRmAEoo.002,1-GgVRmAEoo.002.mp4,1-GgVRmAEoo,,,0.738,"EMO-AffectNet pseudo-label (teacher=Aff-Wild2, top=Neutral 0.22, tension=0.262) - 사람 검수 전"
1-GgVRmAEoo.003,1-GgVRmAEoo.003.mp4,1-GgVRmAEoo,,,0.8498,"EMO-AffectNet pseudo-label (teacher=Aff-Wild2, top=Happiness 0.55, tension=0.150) - 사람 검수 전"
1-GgVRmAEoo.004,1-GgVRmAEoo.004.mp4,1-GgVRmAEoo,,,0.7154,"EMO-AffectNet pseudo-label (teacher=Aff-Wild2, top=Sadness 0.22, tension=0.285) - 사람 검수 전"
117jrwvl2Nc.000,117jrwvl2Nc.000.mp4,117jrwvl2Nc,,,0.8597,"EMO-AffectNet pseudo-label (teacher=Aff-Wild2, top=Happiness 0.50, tension=0.140) - 사람 검수 전"
117jrwvl2Nc.004,117jrwvl2Nc.004.mp4,117jrwvl2Nc,,,0.8029,"EMO-AffectNet pseudo-label (teacher=Aff-Wild2, top=Happiness 0.29, tension=0.197) - 사람 검수 전"
12Ezy1y1cWY.001,12Ezy1y1cWY.001.mp4,12Ezy1y1cWY,,,0.8588,"EMO-AffectNet pseudo-label (teacher=Aff-Wild2, top=Happiness 0.59, tension=0.141) - 사람 검수 전"
12Ezy1y1cWY.005,12Ezy1y1cWY.005.mp4,12Ezy1y1cWY,,,0.7837,"EMO-AffectNet pseudo-label (teacher=Aff-Wild2, top=Happiness 0.36, tension=0.216) - 사람 검수 전"
12Hbl_oZF9c.001,12Hbl_oZF9c.001.mp4,12Hbl_oZF9c,,,0.741,"EMO-AffectNet pseudo-label (teacher=Aff-Wild2, top=Surprise 0.20, tension=0.259) - 사람 검수 전"
12Hbl_oZF9c.003,12Hbl_oZF9c.003.mp4,12Hbl_oZF9c,,,0.7303,"EMO-AffectNet pseudo-label (teacher=Aff-Wild2, top=Happiness 0.23, tension=0.270) - 사람 검수 전"
12lqQE6oPNE.001,12lqQE6oPNE.001.mp4,12lqQE6oPNE,,,0.7588,"EMO-AffectNet pseudo-label (teacher=Aff-Wild2, top=Surprise 0.24, tension=0.241) - 사람 검수 전"
13KtmgntgQw.002,13KtmgntgQw.002.mp4,13KtmgntgQw,,,0.7656,"EMO-AffectNet pseudo-label (teacher=Aff-Wild2, top=Surprise 0.38, tension=0.234) - 사람 검수 전"
13XlKeC_p3U.000,13XlKeC_p3U.000.mp4,13XlKeC_p3U,,,0.7073,"EMO-AffectNet pseudo-label (teacher=Aff-Wild2, top=Anger 0.29, tension=0.293) - 사람 검수 전"
13XlKeC_p3U.001,13XlKeC_p3U.001.mp4,13XlKeC_p3U,,,0.7065,"EMO-AffectNet pseudo-label (teacher=Aff-Wild2, top=Anger 0.31, tension=0.294) - 사람 검수 전"
13kjwEtSyXc.000,13kjwEtSyXc.000.mp4,13kjwEtSyXc,,,0.6551,"EMO-AffectNet pseudo-label (teacher=Aff-Wild2, top=Fear 0.30, tension=0.345) - 사람 검수 전"
13kjwEtSyXc.002,13kjwEtSyXc.002.mp4,13kjwEtSyXc,,,0.6747,"EMO-AffectNet pseudo-label (teacher=Aff-Wild2, top=Fear 0.26, tension=0.325) - 사람 검수 전"
13kjwEtSyXc.004,13kjwEtSyXc.004.mp4,13kjwEtSyXc,,,0.6769,"EMO-AffectNet pseudo-label (teacher=Aff-Wild2, top=Neutral 0.25, tension=0.323) - 사람 검수 전"
15yOT2ZolPE.002,15yOT2ZolPE.002.mp4,15yOT2ZolPE,,,0.6361,"EMO-AffectNet pseudo-label (teacher=Aff-Wild2, top=Anger 0.35, tension=0.364) - 사람 검수 전"
176vWywoq9E.000,176vWywoq9E.000.mp4,176vWywoq9E,,,0.851,"EMO-AffectNet pseudo-label (teacher=Aff-Wild2, top=Happiness 0.53, tension=0.149) - 사람 검수 전"
176vWywoq9E.001,176vWywoq9E.001.mp4,176vWywoq9E,,,0.8136,"EMO-AffectNet pseudo-label (teacher=Aff-Wild2, top=Happiness 0.41, tension=0.186) - 사람 검수 전"
176vWywoq9E.002,176vWywoq9E.002.mp4,176vWywoq9E,,,0.8655,"EMO-AffectNet pseudo-label (teacher=Aff-Wild2, top=Happiness 0.56, tension=0.134) - 사람 검수 전"
176vWywoq9E.004,176vWywoq9E.004.mp4,176vWywoq9E,,,0.79,"EMO-AffectNet pseudo-label (teacher=Aff-Wild2, top=Happiness 0.35, tension=0.210) - 사람 검수 전"
184MlJCcboQ.000,184MlJCcboQ.000.mp4,184MlJCcboQ,,,0.7349,"EMO-AffectNet pseudo-label (teacher=Aff-Wild2, top=Surprise 0.23, tension=0.265) - 사람 검수 전"
186c7kCyCHQ.005,186c7kCyCHQ.005.mp4,186c7kCyCHQ,,,0.7268,"EMO-AffectNet pseudo-label (teacher=Aff-Wild2, top=Happiness 0.24, tension=0.273) - 사람 검수 전"
19cplBTXyoY.002,19cplBTXyoY.002.mp4,19cplBTXyoY,,,0.725,"EMO-AffectNet pseudo-label (teacher=Aff-Wild2, top=Happiness 0.21, tension=0.275) - 사람 검수 전"
19pTUX8KfYM.000,19pTUX8KfYM.000.mp4,19pTUX8KfYM,,,0.6787,"EMO-AffectNet pseudo-label (teacher=Aff-Wild2, top=Fear 0.29, tension=0.321) - 사람 검수 전"
1AMp8Y_0UGc.000,1AMp8Y_0UGc.000.mp4,1AMp8Y_0UGc,,,0.7567,"EMO-AffectNet pseudo-label (teacher=Aff-Wild2, top=Surprise 0.26, tension=0.243) - 사람 검수 전"
1AMp8Y_0UGc.002,1AMp8Y_0UGc.002.mp4,1AMp8Y_0UGc,,,0.7759,"EMO-AffectNet pseudo-label (teacher=Aff-Wild2, top=Happiness 0.30, tension=0.224) - 사람 검수 전"
1AMp8Y_0UGc.004,1AMp8Y_0UGc.004.mp4,1AMp8Y_0UGc,,,0.7848,"EMO-AffectNet pseudo-label (teacher=Aff-Wild2, top=Happiness 0.33, tension=0.215) - 사람 검수 전"
1CYzbX8AaP8.001,1CYzbX8AaP8.001.mp4,1CYzbX8AaP8,,,0.7804,"EMO-AffectNet pseudo-label (teacher=Aff-Wild2, top=Happiness 0.36, tension=0.220) - 사람 검수 전"
1CYzbX8AaP8.003,1CYzbX8AaP8.003.mp4,1CYzbX8AaP8,,,0.6662,"EMO-AffectNet pseudo-label (teacher=Aff-Wild2, top=Neutral 0.27, tension=0.334) - 사람 검수 전"
1DCnIad1Y0w.002,1DCnIad1Y0w.002.mp4,1DCnIad1Y0w,,,0.7375,"EMO-AffectNet pseudo-label (teacher=Aff-Wild2, top=Neutral 0.43, tension=0.262) - 사람 검수 전"
1Gn4GX8miWQ.000,1Gn4GX8miWQ.000.mp4,1Gn4GX8miWQ,,,0.6423,"EMO-AffectNet pseudo-label (teacher=Aff-Wild2, top=Anger 0.26, tension=0.358) - 사람 검수 전"
1Gn4GX8miWQ.001,1Gn4GX8miWQ.001.mp4,1Gn4GX8miWQ,,,0.6185,"EMO-AffectNet pseudo-label (teacher=Aff-Wild2, top=Disgust 0.22, tension=0.382) - 사람 검수 전"
1Gn4GX8miWQ.002,1Gn4GX8miWQ.002.mp4,1Gn4GX8miWQ,,,0.6329,"EMO-AffectNet pseudo-label (teacher=Aff-Wild2, top=Anger 0.24, tension=0.367) - 사람 검수 전"
1Gn4GX8miWQ.003,1Gn4GX8miWQ.003.mp4,1Gn4GX8miWQ,,,0.6299,"EMO-AffectNet pseudo-label (teacher=Aff-Wild2, top=Anger 0.21, tension=0.370) - 사람 검수 전"
1Gn4GX8miWQ.004,1Gn4GX8miWQ.004.mp4,1Gn4GX8miWQ,,,0.6457,"EMO-AffectNet pseudo-label (teacher=Aff-Wild2, top=Anger 0.21, tension=0.354) - 사람 검수 전"
1Gn4GX8miWQ.005,1Gn4GX8miWQ.005.mp4,1Gn4GX8miWQ,,,0.635,"EMO-AffectNet pseudo-label (teacher=Aff-Wild2, top=Anger 0.24, tension=0.365) - 사람 검수 전"
1Kb5d-w3YJ8.002,1Kb5d-w3YJ8.002.mp4,1Kb5d-w3YJ8,,,0.6486,"EMO-AffectNet pseudo-label (teacher=Aff-Wild2, top=Neutral 0.24, tension=0.351) - 사람 검수 전"
1Lv72Si4GnY.001,1Lv72Si4GnY.001.mp4,1Lv72Si4GnY,,,0.7808,"EMO-AffectNet pseudo-label (teacher=Aff-Wild2, top=Happiness 0.36, tension=0.219) - 사람 검수 전"
1OGu_7IljCo.004,1OGu_7IljCo.004.mp4,1OGu_7IljCo,,,0.7118,"EMO-AffectNet pseudo-label (teacher=Aff-Wild2, top=Neutral 0.22, tension=0.288) - 사람 검수 전"
1RMdiCbNNh4.003,1RMdiCbNNh4.003.mp4,1RMdiCbNNh4,,,0.624,"EMO-AffectNet pseudo-label (teacher=Aff-Wild2, top=Fear 0.31, tension=0.376) - 사람 검수 전"
1RMdiCbNNh4.005,1RMdiCbNNh4.005.mp4,1RMdiCbNNh4,,,0.6324,"EMO-AffectNet pseudo-label (teacher=Aff-Wild2, top=Fear 0.30, tension=0.368) - 사람 검수 전"
1S0SxmfbOus.002,1S0SxmfbOus.002.mp4,1S0SxmfbOus,,,0.6931,"EMO-AffectNet pseudo-label (teacher=Aff-Wild2, top=Surprise 0.21, tension=0.307) - 사람 검수 전"
1UaqZEUUk9I.000,1UaqZEUUk9I.000.mp4,1UaqZEUUk9I,,,0.7619,"EMO-AffectNet pseudo-label (teacher=Aff-Wild2, top=Neutral 0.36, tension=0.238) - 사람 검수 전"
1UaqZEUUk9I.002,1UaqZEUUk9I.002.mp4,1UaqZEUUk9I,,,0.7444,"EMO-AffectNet pseudo-label (teacher=Aff-Wild2, top=Neutral 0.33, tension=0.256) - 사람 검수 전"
1W7XLdNpEgc.001,1W7XLdNpEgc.001.mp4,1W7XLdNpEgc,,,0.6573,"EMO-AffectNet pseudo-label (teacher=Aff-Wild2, top=Anger 0.19, tension=0.343) - 사람 검수 전"
1W7XLdNpEgc.005,1W7XLdNpEgc.005.mp4,1W7XLdNpEgc,,,0.6591,"EMO-AffectNet pseudo-label (teacher=Aff-Wild2, top=Anger 0.18, tension=0.341) - 사람 검수 전"
1Wh2mIFrGvk.001,1Wh2mIFrGvk.001.mp4,1Wh2mIFrGvk,,,0.7073,"EMO-AffectNet pseudo-label (teacher=Aff-Wild2, top=Surprise 0.28, tension=0.293) - 사람 검수 전"
1XqMZQu_pP4.002,1XqMZQu_pP4.002.mp4,1XqMZQu_pP4,,,0.6991,"EMO-AffectNet pseudo-label (teacher=Aff-Wild2, top=Neutral 0.24, tension=0.301) - 사람 검수 전"
1YsZ4GPpyBA.004,1YsZ4GPpyBA.004.mp4,1YsZ4GPpyBA,,,0.7341,"EMO-AffectNet pseudo-label (teacher=Aff-Wild2, top=Neutral 0.39, tension=0.266) - 사람 검수 전"
1YsZ4GPpyBA.005,1YsZ4GPpyBA.005.mp4,1YsZ4GPpyBA,,,0.7132,"EMO-AffectNet pseudo-label (teacher=Aff-Wild2, top=Neutral 0.36, tension=0.287) - 사람 검수 전"
1ZqHFoxLz54.000,1ZqHFoxLz54.000.mp4,1ZqHFoxLz54,,,0.8075,"EMO-AffectNet pseudo-label (teacher=Aff-Wild2, top=Happiness 0.38, tension=0.193) - 사람 검수 전"
1cqwKxx6GF8.001,1cqwKxx6GF8.001.mp4,1cqwKxx6GF8,,,0.6375,"EMO-AffectNet pseudo-label (teacher=Aff-Wild2, top=Anger 0.33, tension=0.363) - 사람 검수 전"
1cqwKxx6GF8.004,1cqwKxx6GF8.004.mp4,1cqwKxx6GF8,,,0.6336,"EMO-AffectNet pseudo-label (teacher=Aff-Wild2, top=Anger 0.31, tension=0.366) - 사람 검수 전"
1cqwKxx6GF8.005,1cqwKxx6GF8.005.mp4,1cqwKxx6GF8,,,0.6382,"EMO-AffectNet pseudo-label (teacher=Aff-Wild2, top=Anger 0.30, tension=0.362) - 사람 검수 전"
1dOaM7zWPo8.000,1dOaM7zWPo8.000.mp4,1dOaM7zWPo8,,,0.7414,"EMO-AffectNet pseudo-label (teacher=Aff-Wild2, top=Neutral 0.28, tension=0.259) - 사람 검수 전"
1eOvtoZCie8.000,1eOvtoZCie8.000.mp4,1eOvtoZCie8,,,0.6318,"EMO-AffectNet pseudo-label (teacher=Aff-Wild2, top=Sadness 0.25, tension=0.368) - 사람 검수 전"
1eOvtoZCie8.002,1eOvtoZCie8.002.mp4,1eOvtoZCie8,,,0.7001,"EMO-AffectNet pseudo-label (teacher=Aff-Wild2, top=Neutral 0.23, tension=0.300) - 사람 검수 전"
1eOvtoZCie8.004,1eOvtoZCie8.004.mp4,1eOvtoZCie8,,,0.7188,"EMO-AffectNet pseudo-label (teacher=Aff-Wild2, top=Neutral 0.22, tension=0.281) - 사람 검수 전"
1eOvtoZCie8.005,1eOvtoZCie8.005.mp4,1eOvtoZCie8,,,0.6332,"EMO-AffectNet pseudo-label (teacher=Aff-Wild2, top=Sadness 0.21, tension=0.367) - 사람 검수 전"
1fsFL_qNYlQ.001,1fsFL_qNYlQ.001.mp4,1fsFL_qNYlQ,,,0.6881,"EMO-AffectNet pseudo-label (teacher=Aff-Wild2, top=Sadness 0.25, tension=0.312) - 사람 검수 전"
1fsFL_qNYlQ.005,1fsFL_qNYlQ.005.mp4,1fsFL_qNYlQ,,,0.7039,"EMO-AffectNet pseudo-label (teacher=Aff-Wild2, top=Neutral 0.22, tension=0.296) - 사람 검수 전"
1hpZ2ecWqtI.002,1hpZ2ecWqtI.002.mp4,1hpZ2ecWqtI,,,0.8095,"EMO-AffectNet pseudo-label (teacher=Aff-Wild2, top=Happiness 0.46, tension=0.190) - 사람 검수 전"
1hpZ2ecWqtI.003,1hpZ2ecWqtI.003.mp4,1hpZ2ecWqtI,,,0.8635,"EMO-AffectNet pseudo-label (teacher=Aff-Wild2, top=Happiness 0.60, tension=0.137) - 사람 검수 전"
1hpZ2ecWqtI.005,1hpZ2ecWqtI.005.mp4,1hpZ2ecWqtI,,,0.9445,"EMO-AffectNet pseudo-label (teacher=Aff-Wild2, top=Happiness 0.82, tension=0.055) - 사람 검수 전"
1izSTcQI7H4.000,1izSTcQI7H4.000.mp4,1izSTcQI7H4,,,0.5982,"EMO-AffectNet pseudo-label (teacher=Aff-Wild2, top=Fear 0.27, tension=0.402) - 사람 검수 전"
1izSTcQI7H4.004,1izSTcQI7H4.004.mp4,1izSTcQI7H4,,,0.5835,"EMO-AffectNet pseudo-label (teacher=Aff-Wild2, top=Sadness 0.28, tension=0.416) - 사람 검수 전"
1jC4vsQsjwM.002,1jC4vsQsjwM.002.mp4,1jC4vsQsjwM,,,0.8,"EMO-AffectNet pseudo-label (teacher=Aff-Wild2, top=Happiness 0.34, tension=0.200) - 사람 검수 전"
1jC4vsQsjwM.004,1jC4vsQsjwM.004.mp4,1jC4vsQsjwM,,,0.8149,"EMO-AffectNet pseudo-label (teacher=Aff-Wild2, top=Happiness 0.39, tension=0.185) - 사람 검수 전"
1jC4vsQsjwM.005,1jC4vsQsjwM.005.mp4,1jC4vsQsjwM,,,0.7789,"EMO-AffectNet pseudo-label (teacher=Aff-Wild2, top=Happiness 0.30, tension=0.221) - 사람 검수 전"
1m67onLoRwY.000,1m67onLoRwY.000.mp4,1m67onLoRwY,,,0.7619,"EMO-AffectNet pseudo-label (teacher=Aff-Wild2, top=Neutral 0.24, tension=0.238) - 사람 검수 전"
1m67onLoRwY.003,1m67onLoRwY.003.mp4,1m67onLoRwY,,,0.745,"EMO-AffectNet pseudo-label (teacher=Aff-Wild2, top=Neutral 0.27, tension=0.255) - 사람 검수 전"
1mHjMNZZvFo.000,1mHjMNZZvFo.000.mp4,1mHjMNZZvFo,,,0.7445,"EMO-AffectNet pseudo-label (teacher=Aff-Wild2, top=Happiness 0.27, tension=0.255) - 사람 검수 전"
1mHjMNZZvFo.003,1mHjMNZZvFo.003.mp4,1mHjMNZZvFo,,,0.7065,"EMO-AffectNet pseudo-label (teacher=Aff-Wild2, top=Anger 0.22, tension=0.294) - 사람 검수 전"
1mHjMNZZvFo.004,1mHjMNZZvFo.004.mp4,1mHjMNZZvFo,,,0.7012,"EMO-AffectNet pseudo-label (teacher=Aff-Wild2, top=Anger 0.26, tension=0.299) - 사람 검수 전"
1mHjMNZZvFo.005,1mHjMNZZvFo.005.mp4,1mHjMNZZvFo,,,0.8471,"EMO-AffectNet pseudo-label (teacher=Aff-Wild2, top=Happiness 0.53, tension=0.153) - 사람 검수 전"
1mODTfLRGdI.000,1mODTfLRGdI.000.mp4,1mODTfLRGdI,,,0.6858,"EMO-AffectNet pseudo-label (teacher=Aff-Wild2, top=Happiness 0.19, tension=0.314) - 사람 검수 전"
1mODTfLRGdI.001,1mODTfLRGdI.001.mp4,1mODTfLRGdI,,,0.8465,"EMO-AffectNet pseudo-label (teacher=Aff-Wild2, top=Happiness 0.51, tension=0.153) - 사람 검수 전"
1mODTfLRGdI.003,1mODTfLRGdI.003.mp4,1mODTfLRGdI,,,0.818,"EMO-AffectNet pseudo-label (teacher=Aff-Wild2, top=Happiness 0.48, tension=0.182) - 사람 검수 전"
1mReUxIEuw0.000,1mReUxIEuw0.000.mp4,1mReUxIEuw0,,,0.8438,"EMO-AffectNet pseudo-label (teacher=Aff-Wild2, top=Happiness 0.48, tension=0.156) - 사람 검수 전"
1mReUxIEuw0.005,1mReUxIEuw0.005.mp4,1mReUxIEuw0,,,0.7335,"EMO-AffectNet pseudo-label (teacher=Aff-Wild2, top=Neutral 0.29, tension=0.267) - 사람 검수 전"
1mdMhaq5p4w.001,1mdMhaq5p4w.001.mp4,1mdMhaq5p4w,,,0.7739,"EMO-AffectNet pseudo-label (teacher=Aff-Wild2, top=Happiness 0.28, tension=0.226) - 사람 검수 전"
1mdMhaq5p4w.002,1mdMhaq5p4w.002.mp4,1mdMhaq5p4w,,,0.7315,"EMO-AffectNet pseudo-label (teacher=Aff-Wild2, top=Happiness 0.25, tension=0.268) - 사람 검수 전"
1mdMhaq5p4w.004,1mdMhaq5p4w.004.mp4,1mdMhaq5p4w,,,0.7186,"EMO-AffectNet pseudo-label (teacher=Aff-Wild2, top=Happiness 0.21, tension=0.281) - 사람 검수 전"
1mdMhaq5p4w.005,1mdMhaq5p4w.005.mp4,1mdMhaq5p4w,,,0.8625,"EMO-AffectNet pseudo-label (teacher=Aff-Wild2, top=Happiness 0.55, tension=0.138) - 사람 검수 전"
1mfrM-FT-5E.000,1mfrM-FT-5E.000.mp4,1mfrM-FT-5E,,,0.7673,"EMO-AffectNet pseudo-label (teacher=Aff-Wild2, top=Neutral 0.45, tension=0.233) - 사람 검수 전"
1pm5uoU85FI.000,1pm5uoU85FI.000.mp4,1pm5uoU85FI,,,0.7741,"EMO-AffectNet pseudo-label (teacher=Aff-Wild2, top=Anger 0.23, tension=0.226) - 사람 검수 전"
1pm5uoU85FI.001,1pm5uoU85FI.001.mp4,1pm5uoU85FI,,,0.7649,"EMO-AffectNet pseudo-label (teacher=Aff-Wild2, top=Neutral 0.24, tension=0.235) - 사람 검수 전"
1pm5uoU85FI.003,1pm5uoU85FI.003.mp4,1pm5uoU85FI,,,0.7515,"EMO-AffectNet pseudo-label (teacher=Aff-Wild2, top=Anger 0.25, tension=0.249) - 사람 검수 전"
1q-N_zbsAg0.000,1q-N_zbsAg0.000.mp4,1q-N_zbsAg0,,,0.776,"EMO-AffectNet pseudo-label (teacher=Aff-Wild2, top=Neutral 0.38, tension=0.224) - 사람 검수 전"
1q-N_zbsAg0.001,1q-N_zbsAg0.001.mp4,1q-N_zbsAg0,,,0.7942,"EMO-AffectNet pseudo-label (teacher=Aff-Wild2, top=Neutral 0.33, tension=0.206) - 사람 검수 전"
1q-N_zbsAg0.003,1q-N_zbsAg0.003.mp4,1q-N_zbsAg0,,,0.7927,"EMO-AffectNet pseudo-label (teacher=Aff-Wild2, top=Neutral 0.36, tension=0.207) - 사람 검수 전"
1q-N_zbsAg0.004,1q-N_zbsAg0.004.mp4,1q-N_zbsAg0,,,0.7924,"EMO-AffectNet pseudo-label (teacher=Aff-Wild2, top=Neutral 0.28, tension=0.208) - 사람 검수 전"
1sjXuXtx9-E.000,1sjXuXtx9-E.000.mp4,1sjXuXtx9-E,,,0.7542,"EMO-AffectNet pseudo-label (teacher=Aff-Wild2, top=Neutral 0.27, tension=0.246) - 사람 검수 전"
1tPH6PNeOSk.002,1tPH6PNeOSk.002.mp4,1tPH6PNeOSk,,,0.8898,"EMO-AffectNet pseudo-label (teacher=Aff-Wild2, top=Happiness 0.68, tension=0.110) - 사람 검수 전"
1tPH6PNeOSk.004,1tPH6PNeOSk.004.mp4,1tPH6PNeOSk,,,0.8809,"EMO-AffectNet pseudo-label (teacher=Aff-Wild2, top=Happiness 0.65, tension=0.119) - 사람 검수 전"
1uCO2d0pFg0.000,1uCO2d0pFg0.000.mp4,1uCO2d0pFg0,,,0.624,"EMO-AffectNet pseudo-label (teacher=Aff-Wild2, top=Fear 0.27, tension=0.376) - 사람 검수 전"
1wWMWbl6ILg.004,1wWMWbl6ILg.004.mp4,1wWMWbl6ILg,,,0.8833,"EMO-AffectNet pseudo-label (teacher=Aff-Wild2, top=Happiness 0.56, tension=0.117) - 사람 검수 전"
1yIGI42lzak.001,1yIGI42lzak.001.mp4,1yIGI42lzak,,,0.6963,"EMO-AffectNet pseudo-label (teacher=Aff-Wild2, top=Neutral 0.22, tension=0.304) - 사람 검수 전"
1yIGI42lzak.002,1yIGI42lzak.002.mp4,1yIGI42lzak,,,0.6995,"EMO-AffectNet pseudo-label (teacher=Aff-Wild2, top=Neutral 0.25, tension=0.300) - 사람 검수 전"
1yIGI42lzak.003,1yIGI42lzak.003.mp4,1yIGI42lzak,,,0.7116,"EMO-AffectNet pseudo-label (teacher=Aff-Wild2, top=Neutral 0.26, tension=0.288) - 사람 검수 전"
1yIGI42lzak.005,1yIGI42lzak.005.mp4,1yIGI42lzak,,,0.7125,"EMO-AffectNet pseudo-label (teacher=Aff-Wild2, top=Neutral 0.28, tension=0.287) - 사람 검수 전"
1yjRBwUiYxs.005,1yjRBwUiYxs.005.mp4,1yjRBwUiYxs,,,0.7317,"EMO-AffectNet pseudo-label (teacher=Aff-Wild2, top=Neutral 0.35, tension=0.268) - 사람 검수 전"
2-LDYe7OXZU.000,2-LDYe7OXZU.000.mp4,2-LDYe7OXZU,,,0.7547,"EMO-AffectNet pseudo-label (teacher=Aff-Wild2, top=Neutral 0.27, tension=0.245) - 사람 검수 전"
2-LDYe7OXZU.001,2-LDYe7OXZU.001.mp4,2-LDYe7OXZU,,,0.748,"EMO-AffectNet pseudo-label (teacher=Aff-Wild2, top=Surprise 0.26, tension=0.252) - 사람 검수 전"
2-LDYe7OXZU.003,2-LDYe7OXZU.003.mp4,2-LDYe7OXZU,,,0.7097,"EMO-AffectNet pseudo-label (teacher=Aff-Wild2, top=Neutral 0.27, tension=0.290) - 사람 검수 전"
2-LDYe7OXZU.005,2-LDYe7OXZU.005.mp4,2-LDYe7OXZU,,,0.7139,"EMO-AffectNet pseudo-label (teacher=Aff-Wild2, top=Neutral 0.25, tension=0.286) - 사람 검수 전"
26ZnknvfdNM.001,26ZnknvfdNM.001.mp4,26ZnknvfdNM,,,0.7123,"EMO-AffectNet pseudo-label (teacher=Aff-Wild2, top=Neutral 0.25, tension=0.288) - 사람 검수 전"
26ZnknvfdNM.002,26ZnknvfdNM.002.mp4,26ZnknvfdNM,,,0.7093,"EMO-AffectNet pseudo-label (teacher=Aff-Wild2, top=Surprise 0.27, tension=0.291) - 사람 검수 전"
26ZnknvfdNM.003,26ZnknvfdNM.003.mp4,26ZnknvfdNM,,,0.7252,"EMO-AffectNet pseudo-label (teacher=Aff-Wild2, top=Neutral 0.27, tension=0.275) - 사람 검수 전"
26ZnknvfdNM.004,26ZnknvfdNM.004.mp4,26ZnknvfdNM,,,0.7175,"EMO-AffectNet pseudo-label (teacher=Aff-Wild2, top=Surprise 0.26, tension=0.282) - 사람 검수 전"
29UCGJldICw.005,29UCGJldICw.005.mp4,29UCGJldICw,,,0.6237,"EMO-AffectNet pseudo-label (teacher=Aff-Wild2, top=Sadness 0.32, tension=0.376) - 사람 검수 전"
2AV8m02PjdU.000,2AV8m02PjdU.000.mp4,2AV8m02PjdU,,,0.7094,"EMO-AffectNet pseudo-label (teacher=Aff-Wild2, top=Neutral 0.28, tension=0.291) - 사람 검수 전"
2AV8m02PjdU.002,2AV8m02PjdU.002.mp4,2AV8m02PjdU,,,0.7161,"EMO-AffectNet pseudo-label (teacher=Aff-Wild2, top=Surprise 0.24, tension=0.284) - 사람 검수 전"
2AV8m02PjdU.003,2AV8m02PjdU.003.mp4,2AV8m02PjdU,,,0.6989,"EMO-AffectNet pseudo-label (teacher=Aff-Wild2, top=Neutral 0.24, tension=0.301) - 사람 검수 전"
2AYq7CdNXNo.000,2AYq7CdNXNo.000.mp4,2AYq7CdNXNo,,,0.7067,"EMO-AffectNet pseudo-label (teacher=Aff-Wild2, top=Surprise 0.25, tension=0.293) - 사람 검수 전"
2AYq7CdNXNo.001,2AYq7CdNXNo.001.mp4,2AYq7CdNXNo,,,0.7586,"EMO-AffectNet pseudo-label (teacher=Aff-Wild2, top=Surprise 0.24, tension=0.241) - 사람 검수 전"
2AYq7CdNXNo.003,2AYq7CdNXNo.003.mp4,2AYq7CdNXNo,,,0.735,"EMO-AffectNet pseudo-label (teacher=Aff-Wild2, top=Surprise 0.27, tension=0.265) - 사람 검수 전"
2AYq7CdNXNo.004,2AYq7CdNXNo.004.mp4,2AYq7CdNXNo,,,0.7226,"EMO-AffectNet pseudo-label (teacher=Aff-Wild2, top=Surprise 0.28, tension=0.277) - 사람 검수 전"
2DZb5yIc6Fg.001,2DZb5yIc6Fg.001.mp4,2DZb5yIc6Fg,,,0.7824,"EMO-AffectNet pseudo-label (teacher=Aff-Wild2, top=Neutral 0.40, tension=0.218) - 사람 검수 전"
2DZb5yIc6Fg.002,2DZb5yIc6Fg.002.mp4,2DZb5yIc6Fg,,,0.796,"EMO-AffectNet pseudo-label (teacher=Aff-Wild2, top=Neutral 0.46, tension=0.204) - 사람 검수 전"
2DZb5yIc6Fg.003,2DZb5yIc6Fg.003.mp4,2DZb5yIc6Fg,,,0.7959,"EMO-AffectNet pseudo-label (teacher=Aff-Wild2, top=Neutral 0.44, tension=0.204) - 사람 검수 전"
2Fgn78rYjPM.005,2Fgn78rYjPM.005.mp4,2Fgn78rYjPM,,,0.744,"EMO-AffectNet pseudo-label (teacher=Aff-Wild2, top=Neutral 0.28, tension=0.256) - 사람 검수 전"
2GHz8LYflE0.000,2GHz8LYflE0.000.mp4,2GHz8LYflE0,,,0.708,"EMO-AffectNet pseudo-label (teacher=Aff-Wild2, top=Neutral 0.29, tension=0.292) - 사람 검수 전"
2HE6cw3HFPk.001,2HE6cw3HFPk.001.mp4,2HE6cw3HFPk,,,0.7049,"EMO-AffectNet pseudo-label (teacher=Aff-Wild2, top=Neutral 0.29, tension=0.295) - 사람 검수 전"
2HE6cw3HFPk.003,2HE6cw3HFPk.003.mp4,2HE6cw3HFPk,,,0.6945,"EMO-AffectNet pseudo-label (teacher=Aff-Wild2, top=Neutral 0.28, tension=0.305) - 사람 검수 전"
2IwWILRuuNU.003,2IwWILRuuNU.003.mp4,2IwWILRuuNU,,,0.8306,"EMO-AffectNet pseudo-label (teacher=Aff-Wild2, top=Happiness 0.42, tension=0.169) - 사람 검수 전"
2IwWILRuuNU.004,2IwWILRuuNU.004.mp4,2IwWILRuuNU,,,0.8508,"EMO-AffectNet pseudo-label (teacher=Aff-Wild2, top=Happiness 0.53, tension=0.149) - 사람 검수 전"
2IwWILRuuNU.005,2IwWILRuuNU.005.mp4,2IwWILRuuNU,,,0.8772,"EMO-AffectNet pseudo-label (teacher=Aff-Wild2, top=Happiness 0.60, tension=0.123) - 사람 검수 전"
2KSBoJZMcMU.003,2KSBoJZMcMU.003.mp4,2KSBoJZMcMU,,,0.637,"EMO-AffectNet pseudo-label (teacher=Aff-Wild2, top=Fear 0.32, tension=0.363) - 사람 검수 전"
2KSBoJZMcMU.004,2KSBoJZMcMU.004.mp4,2KSBoJZMcMU,,,0.6343,"EMO-AffectNet pseudo-label (teacher=Aff-Wild2, top=Fear 0.26, tension=0.366) - 사람 검수 전"
2KSBoJZMcMU.005,2KSBoJZMcMU.005.mp4,2KSBoJZMcMU,,,0.6329,"EMO-AffectNet pseudo-label (teacher=Aff-Wild2, top=Sadness 0.27, tension=0.367) - 사람 검수 전"
2Lgd2Ye-1L8.000,2Lgd2Ye-1L8.000.mp4,2Lgd2Ye-1L8,,,0.7827,"EMO-AffectNet pseudo-label (teacher=Aff-Wild2, top=Surprise 0.25, tension=0.217) - 사람 검수 전"
2NNYN1ZCJhw.003,2NNYN1ZCJhw.003.mp4,2NNYN1ZCJhw,,,0.7482,"EMO-AffectNet pseudo-label (teacher=Aff-Wild2, top=Surprise 0.28, tension=0.252) - 사람 검수 전"
2OAA4slRc5M.004,2OAA4slRc5M.004.mp4,2OAA4slRc5M,,,0.6988,"EMO-AffectNet pseudo-label (teacher=Aff-Wild2, top=Neutral 0.34, tension=0.301) - 사람 검수 전"
2P1FbMJLUAs.000,2P1FbMJLUAs.000.mp4,2P1FbMJLUAs,,,0.7514,"EMO-AffectNet pseudo-label (teacher=Aff-Wild2, top=Neutral 0.27, tension=0.249) - 사람 검수 전"
2P1FbMJLUAs.003,2P1FbMJLUAs.003.mp4,2P1FbMJLUAs,,,0.7447,"EMO-AffectNet pseudo-label (teacher=Aff-Wild2, top=Neutral 0.26, tension=0.255) - 사람 검수 전"
2P1FbMJLUAs.005,2P1FbMJLUAs.005.mp4,2P1FbMJLUAs,,,0.7243,"EMO-AffectNet pseudo-label (teacher=Aff-Wild2, top=Neutral 0.35, tension=0.276) - 사람 검수 전"
2PSGksTyrnI.001,2PSGksTyrnI.001.mp4,2PSGksTyrnI,,,0.7067,"EMO-AffectNet pseudo-label (teacher=Aff-Wild2, top=Happiness 0.27, tension=0.293) - 사람 검수 전"
2PSGksTyrnI.003,2PSGksTyrnI.003.mp4,2PSGksTyrnI,,,0.6296,"EMO-AffectNet pseudo-label (teacher=Aff-Wild2, top=Disgust 0.32, tension=0.370) - 사람 검수 전"
2PSGksTyrnI.004,2PSGksTyrnI.004.mp4,2PSGksTyrnI,,,0.5651,"EMO-AffectNet pseudo-label (teacher=Aff-Wild2, top=Disgust 0.49, tension=0.435) - 사람 검수 전"
2PSGksTyrnI.005,2PSGksTyrnI.005.mp4,2PSGksTyrnI,,,0.673,"EMO-AffectNet pseudo-label (teacher=Aff-Wild2, top=Disgust 0.26, tension=0.327) - 사람 검수 전"
2RQGNwx_nlI.000,2RQGNwx_nlI.000.mp4,2RQGNwx_nlI,,,0.835,"EMO-AffectNet pseudo-label (teacher=Aff-Wild2, top=Happiness 0.50, tension=0.165) - 사람 검수 전"
2SzC9dm4Yy4.002,2SzC9dm4Yy4.002.mp4,2SzC9dm4Yy4,,,0.82,"EMO-AffectNet pseudo-label (teacher=Aff-Wild2, top=Happiness 0.46, tension=0.180) - 사람 검수 전"
2T3oK1Gse2g.000,2T3oK1Gse2g.000.mp4,2T3oK1Gse2g,,,0.889,"EMO-AffectNet pseudo-label (teacher=Aff-Wild2, top=Happiness 0.58, tension=0.111) - 사람 검수 전"
2T3oK1Gse2g.002,2T3oK1Gse2g.002.mp4,2T3oK1Gse2g,,,0.8802,"EMO-AffectNet pseudo-label (teacher=Aff-Wild2, top=Happiness 0.57, tension=0.120) - 사람 검수 전"
2TMl5EMrdVI.002,2TMl5EMrdVI.002.mp4,2TMl5EMrdVI,,,0.6852,"EMO-AffectNet pseudo-label (teacher=Aff-Wild2, top=Neutral 0.28, tension=0.315) - 사람 검수 전"
2TMl5EMrdVI.003,2TMl5EMrdVI.003.mp4,2TMl5EMrdVI,,,0.7358,"EMO-AffectNet pseudo-label (teacher=Aff-Wild2, top=Neutral 0.41, tension=0.264) - 사람 검수 전"
2TMl5EMrdVI.004,2TMl5EMrdVI.004.mp4,2TMl5EMrdVI,,,0.683,"EMO-AffectNet pseudo-label (teacher=Aff-Wild2, top=Neutral 0.28, tension=0.317) - 사람 검수 전"
2TMl5EMrdVI.005,2TMl5EMrdVI.005.mp4,2TMl5EMrdVI,,,0.7505,"EMO-AffectNet pseudo-label (teacher=Aff-Wild2, top=Neutral 0.42, tension=0.249) - 사람 검수 전"
2TXrDZgbDHE.001,2TXrDZgbDHE.001.mp4,2TXrDZgbDHE,,,0.6905,"EMO-AffectNet pseudo-label (teacher=Aff-Wild2, top=Neutral 0.22, tension=0.309) - 사람 검수 전"
2TXrDZgbDHE.005,2TXrDZgbDHE.005.mp4,2TXrDZgbDHE,,,0.6701,"EMO-AffectNet pseudo-label (teacher=Aff-Wild2, top=Sadness 0.29, tension=0.330) - 사람 검수 전"
2TbU3Eg2i4A.003,2TbU3Eg2i4A.003.mp4,2TbU3Eg2i4A,,,0.8368,"EMO-AffectNet pseudo-label (teacher=Aff-Wild2, top=Happiness 0.45, tension=0.163) - 사람 검수 전"
2TbU3Eg2i4A.004,2TbU3Eg2i4A.004.mp4,2TbU3Eg2i4A,,,0.7973,"EMO-AffectNet pseudo-label (teacher=Aff-Wild2, top=Happiness 0.29, tension=0.203) - 사람 검수 전"
2TbU3Eg2i4A.005,2TbU3Eg2i4A.005.mp4,2TbU3Eg2i4A,,,0.7098,"EMO-AffectNet pseudo-label (teacher=Aff-Wild2, top=Neutral 0.33, tension=0.290) - 사람 검수 전"
2UqnC_rFcRQ.001,2UqnC_rFcRQ.001.mp4,2UqnC_rFcRQ,,,0.7757,"EMO-AffectNet pseudo-label (teacher=Aff-Wild2, top=Happiness 0.39, tension=0.224) - 사람 검수 전"
2UqnC_rFcRQ.002,2UqnC_rFcRQ.002.mp4,2UqnC_rFcRQ,,,0.7272,"EMO-AffectNet pseudo-label (teacher=Aff-Wild2, top=Neutral 0.31, tension=0.273) - 사람 검수 전"
2UqnC_rFcRQ.003,2UqnC_rFcRQ.003.mp4,2UqnC_rFcRQ,,,0.8338,"EMO-AffectNet pseudo-label (teacher=Aff-Wild2, top=Happiness 0.50, tension=0.166) - 사람 검수 전"
2WuhWF4fAOQ.001,2WuhWF4fAOQ.001.mp4,2WuhWF4fAOQ,,,0.921,"EMO-AffectNet pseudo-label (teacher=Aff-Wild2, top=Happiness 0.77, tension=0.079) - 사람 검수 전"
2WuhWF4fAOQ.002,2WuhWF4fAOQ.002.mp4,2WuhWF4fAOQ,,,0.6652,"EMO-AffectNet pseudo-label (teacher=Aff-Wild2, top=Sadness 0.29, tension=0.335) - 사람 검수 전"
2WuhWF4fAOQ.003,2WuhWF4fAOQ.003.mp4,2WuhWF4fAOQ,,,0.6184,"EMO-AffectNet pseudo-label (teacher=Aff-Wild2, top=Sadness 0.39, tension=0.382) - 사람 검수 전"
2WuhWF4fAOQ.004,2WuhWF4fAOQ.004.mp4,2WuhWF4fAOQ,,,0.709,"EMO-AffectNet pseudo-label (teacher=Aff-Wild2, top=Sadness 0.23, tension=0.291) - 사람 검수 전"
2_OOIcYfLV0.003,2_OOIcYfLV0.003.mp4,2_OOIcYfLV0,,,0.8444,"EMO-AffectNet pseudo-label (teacher=Aff-Wild2, top=Happiness 0.49, tension=0.156) - 사람 검수 전"
2bAsXLQjlt8.001,2bAsXLQjlt8.001.mp4,2bAsXLQjlt8,,,0.887,"EMO-AffectNet pseudo-label (teacher=Aff-Wild2, top=Happiness 0.63, tension=0.113) - 사람 검수 전"
2bAsXLQjlt8.002,2bAsXLQjlt8.002.mp4,2bAsXLQjlt8,,,0.7888,"EMO-AffectNet pseudo-label (teacher=Aff-Wild2, top=Surprise 0.34, tension=0.211) - 사람 검수 전"
2bAsXLQjlt8.004,2bAsXLQjlt8.004.mp4,2bAsXLQjlt8,,,0.8384,"EMO-AffectNet pseudo-label (teacher=Aff-Wild2, top=Happiness 0.46, tension=0.162) - 사람 검수 전"
2bAsXLQjlt8.005,2bAsXLQjlt8.005.mp4,2bAsXLQjlt8,,,0.8337,"EMO-AffectNet pseudo-label (teacher=Aff-Wild2, top=Happiness 0.47, tension=0.166) - 사람 검수 전"
2ceHmUmguzk.000,2ceHmUmguzk.000.mp4,2ceHmUmguzk,,,0.6604,"EMO-AffectNet pseudo-label (teacher=Aff-Wild2, top=Surprise 0.37, tension=0.340) - 사람 검수 전"
2ceHmUmguzk.001,2ceHmUmguzk.001.mp4,2ceHmUmguzk,,,0.688,"EMO-AffectNet pseudo-label (teacher=Aff-Wild2, top=Surprise 0.30, tension=0.312) - 사람 검수 전"
2ceHmUmguzk.002,2ceHmUmguzk.002.mp4,2ceHmUmguzk,,,0.7371,"EMO-AffectNet pseudo-label (teacher=Aff-Wild2, top=Surprise 0.24, tension=0.263) - 사람 검수 전"
2ceHmUmguzk.005,2ceHmUmguzk.005.mp4,2ceHmUmguzk,,,0.6877,"EMO-AffectNet pseudo-label (teacher=Aff-Wild2, top=Surprise 0.38, tension=0.312) - 사람 검수 전"
2d6btbaNdfo.004,2d6btbaNdfo.004.mp4,2d6btbaNdfo,,,0.6892,"EMO-AffectNet pseudo-label (teacher=Aff-Wild2, top=Neutral 0.29, tension=0.311) - 사람 검수 전"
2f7rLXwzP3s.000,2f7rLXwzP3s.000.mp4,2f7rLXwzP3s,,,0.7871,"EMO-AffectNet pseudo-label (teacher=Aff-Wild2, top=Happiness 0.28, tension=0.213) - 사람 검수 전"
2f7rLXwzP3s.002,2f7rLXwzP3s.002.mp4,2f7rLXwzP3s,,,0.733,"EMO-AffectNet pseudo-label (teacher=Aff-Wild2, top=Neutral 0.26, tension=0.267) - 사람 검수 전"
2fzLibPAtvI.004,2fzLibPAtvI.004.mp4,2fzLibPAtvI,,,0.7041,"EMO-AffectNet pseudo-label (teacher=Aff-Wild2, top=Neutral 0.25, tension=0.296) - 사람 검수 전"
2fzLibPAtvI.005,2fzLibPAtvI.005.mp4,2fzLibPAtvI,,,0.6922,"EMO-AffectNet pseudo-label (teacher=Aff-Wild2, top=Neutral 0.30, tension=0.308) - 사람 검수 전"
2hhqEWiv4eI.000,2hhqEWiv4eI.000.mp4,2hhqEWiv4eI,,,0.5935,"EMO-AffectNet pseudo-label (teacher=Aff-Wild2, top=Disgust 0.32, tension=0.406) - 사람 검수 전"
2hhqEWiv4eI.001,2hhqEWiv4eI.001.mp4,2hhqEWiv4eI,,,0.575,"EMO-AffectNet pseudo-label (teacher=Aff-Wild2, top=Disgust 0.37, tension=0.425) - 사람 검수 전"
2hhqEWiv4eI.002,2hhqEWiv4eI.002.mp4,2hhqEWiv4eI,,,0.6494,"EMO-AffectNet pseudo-label (teacher=Aff-Wild2, top=Disgust 0.27, tension=0.351) - 사람 검수 전"
2hhqEWiv4eI.004,2hhqEWiv4eI.004.mp4,2hhqEWiv4eI,,,0.682,"EMO-AffectNet pseudo-label (teacher=Aff-Wild2, top=Anger 0.20, tension=0.318) - 사람 검수 전"
2kqPuht5jTg.002,2kqPuht5jTg.002.mp4,2kqPuht5jTg,,,0.7224,"EMO-AffectNet pseudo-label (teacher=Aff-Wild2, top=Neutral 0.23, tension=0.278) - 사람 검수 전"
2kqPuht5jTg.004,2kqPuht5jTg.004.mp4,2kqPuht5jTg,,,0.6701,"EMO-AffectNet pseudo-label (teacher=Aff-Wild2, top=Neutral 0.23, tension=0.330) - 사람 검수 전"
2kqPuht5jTg.005,2kqPuht5jTg.005.mp4,2kqPuht5jTg,,,0.736,"EMO-AffectNet pseudo-label (teacher=Aff-Wild2, top=Surprise 0.26, tension=0.264) - 사람 검수 전"
2mfmw63l88g.001,2mfmw63l88g.001.mp4,2mfmw63l88g,,,0.6942,"EMO-AffectNet pseudo-label (teacher=Aff-Wild2, top=Neutral 0.37, tension=0.306) - 사람 검수 전"
2mfmw63l88g.003,2mfmw63l88g.003.mp4,2mfmw63l88g,,,0.6617,"EMO-AffectNet pseudo-label (teacher=Aff-Wild2, top=Neutral 0.30, tension=0.338) - 사람 검수 전"
2mfmw63l88g.004,2mfmw63l88g.004.mp4,2mfmw63l88g,,,0.6817,"EMO-AffectNet pseudo-label (teacher=Aff-Wild2, top=Neutral 0.31, tension=0.318) - 사람 검수 전"
2mfmw63l88g.005,2mfmw63l88g.005.mp4,2mfmw63l88g,,,0.7057,"EMO-AffectNet pseudo-label (teacher=Aff-Wild2, top=Neutral 0.39, tension=0.294) - 사람 검수 전"
2mgj9ncREyA.000,2mgj9ncREyA.000.mp4,2mgj9ncREyA,,,0.8013,"EMO-AffectNet pseudo-label (teacher=Aff-Wild2, top=Happiness 0.33, tension=0.199) - 사람 검수 전"
2mgj9ncREyA.005,2mgj9ncREyA.005.mp4,2mgj9ncREyA,,,0.8018,"EMO-AffectNet pseudo-label (teacher=Aff-Wild2, top=Happiness 0.28, tension=0.198) - 사람 검수 전"
2oEUp9sGRGk.000,2oEUp9sGRGk.000.mp4,2oEUp9sGRGk,,,0.6837,"EMO-AffectNet pseudo-label (teacher=Aff-Wild2, top=Neutral 0.22, tension=0.316) - 사람 검수 전"
2oEUp9sGRGk.001,2oEUp9sGRGk.001.mp4,2oEUp9sGRGk,,,0.6796,"EMO-AffectNet pseudo-label (teacher=Aff-Wild2, top=Surprise 0.21, tension=0.320) - 사람 검수 전"
2oiXF5_gTyk.001,2oiXF5_gTyk.001.mp4,2oiXF5_gTyk,,,0.9204,"EMO-AffectNet pseudo-label (teacher=Aff-Wild2, top=Happiness 0.73, tension=0.080) - 사람 검수 전"
2oiXF5_gTyk.002,2oiXF5_gTyk.002.mp4,2oiXF5_gTyk,,,0.7168,"EMO-AffectNet pseudo-label (teacher=Aff-Wild2, top=Happiness 0.31, tension=0.283) - 사람 검수 전"
2oiXF5_gTyk.003,2oiXF5_gTyk.003.mp4,2oiXF5_gTyk,,,0.8572,"EMO-AffectNet pseudo-label (teacher=Aff-Wild2, top=Happiness 0.49, tension=0.143) - 사람 검수 전"
2pNKs0i3YkY.002,2pNKs0i3YkY.002.mp4,2pNKs0i3YkY,,,0.8683,"EMO-AffectNet pseudo-label (teacher=Aff-Wild2, top=Happiness 0.58, tension=0.132) - 사람 검수 전"
2q7ZwMoPvok.000,2q7ZwMoPvok.000.mp4,2q7ZwMoPvok,,,0.723,"EMO-AffectNet pseudo-label (teacher=Aff-Wild2, top=Neutral 0.36, tension=0.277) - 사람 검수 전"
2q8orkMs2Jg.000,2q8orkMs2Jg.000.mp4,2q8orkMs2Jg,,,0.7706,"EMO-AffectNet pseudo-label (teacher=Aff-Wild2, top=Happiness 0.35, tension=0.229) - 사람 검수 전"
2q8orkMs2Jg.003,2q8orkMs2Jg.003.mp4,2q8orkMs2Jg,,,0.7793,"EMO-AffectNet pseudo-label (teacher=Aff-Wild2, top=Happiness 0.34, tension=0.221) - 사람 검수 전"
2q8orkMs2Jg.005,2q8orkMs2Jg.005.mp4,2q8orkMs2Jg,,,0.7039,"EMO-AffectNet pseudo-label (teacher=Aff-Wild2, top=Surprise 0.30, tension=0.296) - 사람 검수 전"
2r5NVi3SZ2I.000,2r5NVi3SZ2I.000.mp4,2r5NVi3SZ2I,,,0.7016,"EMO-AffectNet pseudo-label (teacher=Aff-Wild2, top=Neutral 0.21, tension=0.298) - 사람 검수 전"
2rV3Ibtdnvs.000,2rV3Ibtdnvs.000.mp4,2rV3Ibtdnvs,,,0.7322,"EMO-AffectNet pseudo-label (teacher=Aff-Wild2, top=Surprise 0.21, tension=0.268) - 사람 검수 전"
2uAJJH7B5aw.000,2uAJJH7B5aw.000.mp4,2uAJJH7B5aw,,,0.7325,"EMO-AffectNet pseudo-label (teacher=Aff-Wild2, top=Neutral 0.23, tension=0.268) - 사람 검수 전"
2uAJJH7B5aw.001,2uAJJH7B5aw.001.mp4,2uAJJH7B5aw,,,0.6767,"EMO-AffectNet pseudo-label (teacher=Aff-Wild2, top=Neutral 0.26, tension=0.323) - 사람 검수 전"
2uAJJH7B5aw.003,2uAJJH7B5aw.003.mp4,2uAJJH7B5aw,,,0.7036,"EMO-AffectNet pseudo-label (teacher=Aff-Wild2, top=Neutral 0.34, tension=0.296) - 사람 검수 전"
2x8GZaBY6TM.001,2x8GZaBY6TM.001.mp4,2x8GZaBY6TM,,,0.6222,"EMO-AffectNet pseudo-label (teacher=Aff-Wild2, top=Sadness 0.40, tension=0.378) - 사람 검수 전"
2x8GZaBY6TM.002,2x8GZaBY6TM.002.mp4,2x8GZaBY6TM,,,0.6898,"EMO-AffectNet pseudo-label (teacher=Aff-Wild2, top=Surprise 0.21, tension=0.310) - 사람 검수 전"
2x8GZaBY6TM.003,2x8GZaBY6TM.003.mp4,2x8GZaBY6TM,,,0.6951,"EMO-AffectNet pseudo-label (teacher=Aff-Wild2, top=Neutral 0.24, tension=0.305) - 사람 검수 전"
2yUnXroXyeI.003,2yUnXroXyeI.003.mp4,2yUnXroXyeI,,,0.7982,"EMO-AffectNet pseudo-label (teacher=Aff-Wild2, top=Happiness 0.38, tension=0.202) - 사람 검수 전"
300gK3CnzW0.000,300gK3CnzW0.000.mp4,300gK3CnzW0,,,0.6934,"EMO-AffectNet pseudo-label (teacher=Aff-Wild2, top=Neutral 0.41, tension=0.307) - 사람 검수 전"
300gK3CnzW0.002,300gK3CnzW0.002.mp4,300gK3CnzW0,,,0.7658,"EMO-AffectNet pseudo-label (teacher=Aff-Wild2, top=Neutral 0.47, tension=0.234) - 사람 검수 전"
300gK3CnzW0.004,300gK3CnzW0.004.mp4,300gK3CnzW0,,,0.7509,"EMO-AffectNet pseudo-label (teacher=Aff-Wild2, top=Neutral 0.44, tension=0.249) - 사람 검수 전"
32XmVytuwQc.001,32XmVytuwQc.001.mp4,32XmVytuwQc,,,0.6277,"EMO-AffectNet pseudo-label (teacher=Aff-Wild2, top=Sadness 0.23, tension=0.372) - 사람 검수 전"
35-2f1y0guA.000,35-2f1y0guA.000.mp4,35-2f1y0guA,,,0.6932,"EMO-AffectNet pseudo-label (teacher=Aff-Wild2, top=Surprise 0.23, tension=0.307) - 사람 검수 전"
36NZ0sHWQFg.001,36NZ0sHWQFg.001.mp4,36NZ0sHWQFg,,,0.7214,"EMO-AffectNet pseudo-label (teacher=Aff-Wild2, top=Happiness 0.23, tension=0.279) - 사람 검수 전"
36sZ__mv_KY.003,36sZ__mv_KY.003.mp4,36sZ__mv_KY,,,0.7746,"EMO-AffectNet pseudo-label (teacher=Aff-Wild2, top=Happiness 0.31, tension=0.225) - 사람 검수 전"
38fE5B4ghw0.000,38fE5B4ghw0.000.mp4,38fE5B4ghw0,,,0.7486,"EMO-AffectNet pseudo-label (teacher=Aff-Wild2, top=Surprise 0.39, tension=0.251) - 사람 검수 전"
38fE5B4ghw0.002,38fE5B4ghw0.002.mp4,38fE5B4ghw0,,,0.7243,"EMO-AffectNet pseudo-label (teacher=Aff-Wild2, top=Happiness 0.27, tension=0.276) - 사람 검수 전"
38fE5B4ghw0.003,38fE5B4ghw0.003.mp4,38fE5B4ghw0,,,0.7772,"EMO-AffectNet pseudo-label (teacher=Aff-Wild2, top=Happiness 0.35, tension=0.223) - 사람 검수 전"
38fE5B4ghw0.004,38fE5B4ghw0.004.mp4,38fE5B4ghw0,,,0.7497,"EMO-AffectNet pseudo-label (teacher=Aff-Wild2, top=Happiness 0.38, tension=0.250) - 사람 검수 전"
38fE5B4ghw0.005,38fE5B4ghw0.005.mp4,38fE5B4ghw0,,,0.7555,"EMO-AffectNet pseudo-label (teacher=Aff-Wild2, top=Surprise 0.39, tension=0.244) - 사람 검수 전"
39BJkEXJpgc.001,39BJkEXJpgc.001.mp4,39BJkEXJpgc,,,0.7453,"EMO-AffectNet pseudo-label (teacher=Aff-Wild2, top=Neutral 0.40, tension=0.255) - 사람 검수 전"
39BJkEXJpgc.003,39BJkEXJpgc.003.mp4,39BJkEXJpgc,,,0.7344,"EMO-AffectNet pseudo-label (teacher=Aff-Wild2, top=Neutral 0.38, tension=0.266) - 사람 검수 전"
39BJkEXJpgc.005,39BJkEXJpgc.005.mp4,39BJkEXJpgc,,,0.7216,"EMO-AffectNet pseudo-label (teacher=Aff-Wild2, top=Neutral 0.34, tension=0.278) - 사람 검수 전"
39o1zJFeM7E.001,39o1zJFeM7E.001.mp4,39o1zJFeM7E,,,0.7126,"EMO-AffectNet pseudo-label (teacher=Aff-Wild2, top=Surprise 0.30, tension=0.287) - 사람 검수 전"
39o1zJFeM7E.002,39o1zJFeM7E.002.mp4,39o1zJFeM7E,,,0.7346,"EMO-AffectNet pseudo-label (teacher=Aff-Wild2, top=Surprise 0.29, tension=0.265) - 사람 검수 전"
39o1zJFeM7E.003,39o1zJFeM7E.003.mp4,39o1zJFeM7E,,,0.7073,"EMO-AffectNet pseudo-label (teacher=Aff-Wild2, top=Surprise 0.28, tension=0.293) - 사람 검수 전"
39o1zJFeM7E.004,39o1zJFeM7E.004.mp4,39o1zJFeM7E,,,0.7097,"EMO-AffectNet pseudo-label (teacher=Aff-Wild2, top=Surprise 0.39, tension=0.290) - 사람 검수 전"
3AyjQQYmqU4.000,3AyjQQYmqU4.000.mp4,3AyjQQYmqU4,,,0.7007,"EMO-AffectNet pseudo-label (teacher=Aff-Wild2, top=Neutral 0.36, tension=0.299) - 사람 검수 전"
3AyjQQYmqU4.001,3AyjQQYmqU4.001.mp4,3AyjQQYmqU4,,,0.6916,"EMO-AffectNet pseudo-label (teacher=Aff-Wild2, top=Neutral 0.34, tension=0.308) - 사람 검수 전"
3AyjQQYmqU4.003,3AyjQQYmqU4.003.mp4,3AyjQQYmqU4,,,0.7023,"EMO-AffectNet pseudo-label (teacher=Aff-Wild2, top=Neutral 0.35, tension=0.298) - 사람 검수 전"
3DURnr95fMg.000,3DURnr95fMg.000.mp4,3DURnr95fMg,,,0.6554,"EMO-AffectNet pseudo-label (teacher=Aff-Wild2, top=Neutral 0.27, tension=0.345) - 사람 검수 전"
3DURnr95fMg.002,3DURnr95fMg.002.mp4,3DURnr95fMg,,,0.6452,"EMO-AffectNet pseudo-label (teacher=Aff-Wild2, top=Neutral 0.26, tension=0.355) - 사람 검수 전"
3DURnr95fMg.004,3DURnr95fMg.004.mp4,3DURnr95fMg,,,0.6131,"EMO-AffectNet pseudo-label (teacher=Aff-Wild2, top=Sadness 0.31, tension=0.387) - 사람 검수 전"
3GylAjrajHs.003,3GylAjrajHs.003.mp4,3GylAjrajHs,,,0.6494,"EMO-AffectNet pseudo-label (teacher=Aff-Wild2, top=Sadness 0.22, tension=0.351) - 사람 검수 전"
3GylAjrajHs.004,3GylAjrajHs.004.mp4,3GylAjrajHs,,,0.6928,"EMO-AffectNet pseudo-label (teacher=Aff-Wild2, top=Sadness 0.23, tension=0.307) - 사람 검수 전"
3HA2W1s4oP8.000,3HA2W1s4oP8.000.mp4,3HA2W1s4oP8,,,0.5609,"EMO-AffectNet pseudo-label (teacher=Aff-Wild2, top=Sadness 0.36, tension=0.439) - 사람 검수 전"
3HA2W1s4oP8.001,3HA2W1s4oP8.001.mp4,3HA2W1s4oP8,,,0.5738,"EMO-AffectNet pseudo-label (teacher=Aff-Wild2, top=Fear 0.32, tension=0.426) - 사람 검수 전"
3HA2W1s4oP8.002,3HA2W1s4oP8.002.mp4,3HA2W1s4oP8,,,0.5653,"EMO-AffectNet pseudo-label (teacher=Aff-Wild2, top=Sadness 0.38, tension=0.435) - 사람 검수 전"
3HA2W1s4oP8.003,3HA2W1s4oP8.003.mp4,3HA2W1s4oP8,,,0.5712,"EMO-AffectNet pseudo-label (teacher=Aff-Wild2, top=Sadness 0.35, tension=0.429) - 사람 검수 전"
3J7Cl3FXs1o.001,3J7Cl3FXs1o.001.mp4,3J7Cl3FXs1o,,,0.6749,"EMO-AffectNet pseudo-label (teacher=Aff-Wild2, top=Happiness 0.23, tension=0.325) - 사람 검수 전"
3J7Cl3FXs1o.004,3J7Cl3FXs1o.004.mp4,3J7Cl3FXs1o,,,0.6277,"EMO-AffectNet pseudo-label (teacher=Aff-Wild2, top=Fear 0.28, tension=0.372) - 사람 검수 전"
3JAFkk42zPs.004,3JAFkk42zPs.004.mp4,3JAFkk42zPs,,,0.6816,"EMO-AffectNet pseudo-label (teacher=Aff-Wild2, top=Neutral 0.30, tension=0.318) - 사람 검수 전"
3JAFkk42zPs.005,3JAFkk42zPs.005.mp4,3JAFkk42zPs,,,0.6484,"EMO-AffectNet pseudo-label (teacher=Aff-Wild2, top=Sadness 0.34, tension=0.352) - 사람 검수 전"
3JzvXA-Zfbs.000,3JzvXA-Zfbs.000.mp4,3JzvXA-Zfbs,,,0.7053,"EMO-AffectNet pseudo-label (teacher=Aff-Wild2, top=Neutral 0.25, tension=0.295) - 사람 검수 전"
3JzvXA-Zfbs.001,3JzvXA-Zfbs.001.mp4,3JzvXA-Zfbs,,,0.7438,"EMO-AffectNet pseudo-label (teacher=Aff-Wild2, top=Neutral 0.25, tension=0.256) - 사람 검수 전"
3JzvXA-Zfbs.002,3JzvXA-Zfbs.002.mp4,3JzvXA-Zfbs,,,0.6899,"EMO-AffectNet pseudo-label (teacher=Aff-Wild2, top=Neutral 0.26, tension=0.310) - 사람 검수 전"
3JzvXA-Zfbs.003,3JzvXA-Zfbs.003.mp4,3JzvXA-Zfbs,,,0.7863,"EMO-AffectNet pseudo-label (teacher=Aff-Wild2, top=Happiness 0.28, tension=0.214) - 사람 검수 전"
3K16KyiAZHw.004,3K16KyiAZHw.004.mp4,3K16KyiAZHw,,,0.7116,"EMO-AffectNet pseudo-label (teacher=Aff-Wild2, top=Neutral 0.33, tension=0.288) - 사람 검수 전"
3LAaFUSGvsU.001,3LAaFUSGvsU.001.mp4,3LAaFUSGvsU,,,0.735,"EMO-AffectNet pseudo-label (teacher=Aff-Wild2, top=Neutral 0.37, tension=0.265) - 사람 검수 전"
3LAaFUSGvsU.003,3LAaFUSGvsU.003.mp4,3LAaFUSGvsU,,,0.7137,"EMO-AffectNet pseudo-label (teacher=Aff-Wild2, top=Neutral 0.35, tension=0.286) - 사람 검수 전"
3LAaFUSGvsU.004,3LAaFUSGvsU.004.mp4,3LAaFUSGvsU,,,0.7326,"EMO-AffectNet pseudo-label (teacher=Aff-Wild2, top=Happiness 0.19, tension=0.267) - 사람 검수 전"
3OoQBXWTGfE.000,3OoQBXWTGfE.000.mp4,3OoQBXWTGfE,,,0.6188,"EMO-AffectNet pseudo-label (teacher=Aff-Wild2, top=Sadness 0.23, tension=0.381) - 사람 검수 전"
3OoQBXWTGfE.001,3OoQBXWTGfE.001.mp4,3OoQBXWTGfE,,,0.7362,"EMO-AffectNet pseudo-label (teacher=Aff-Wild2, top=Surprise 0.22, tension=0.264) - 사람 검수 전"
3OoQBXWTGfE.002,3OoQBXWTGfE.002.mp4,3OoQBXWTGfE,,,0.5973,"EMO-AffectNet pseudo-label (teacher=Aff-Wild2, top=Disgust 0.40, tension=0.403) - 사람 검수 전"
3OoQBXWTGfE.004,3OoQBXWTGfE.004.mp4,3OoQBXWTGfE,,,0.7204,"EMO-AffectNet pseudo-label (teacher=Aff-Wild2, top=Happiness 0.21, tension=0.280) - 사람 검수 전"
3P_D_bd-_NM.000,3P_D_bd-_NM.000.mp4,3P_D_bd-_NM,,,0.8402,"EMO-AffectNet pseudo-label (teacher=Aff-Wild2, top=Happiness 0.39, tension=0.160) - 사람 검수 전"
3P_D_bd-_NM.001,3P_D_bd-_NM.001.mp4,3P_D_bd-_NM,,,0.8007,"EMO-AffectNet pseudo-label (teacher=Aff-Wild2, top=Neutral 0.34, tension=0.199) - 사람 검수 전"
3P_D_bd-_NM.003,3P_D_bd-_NM.003.mp4,3P_D_bd-_NM,,,0.8008,"EMO-AffectNet pseudo-label (teacher=Aff-Wild2, top=Neutral 0.35, tension=0.199) - 사람 검수 전"
3P_D_bd-_NM.005,3P_D_bd-_NM.005.mp4,3P_D_bd-_NM,,,0.7976,"EMO-AffectNet pseudo-label (teacher=Aff-Wild2, top=Neutral 0.30, tension=0.202) - 사람 검수 전"
3Q3SB1dVAng.000,3Q3SB1dVAng.000.mp4,3Q3SB1dVAng,,,0.8599,"EMO-AffectNet pseudo-label (teacher=Aff-Wild2, top=Happiness 0.55, tension=0.140) - 사람 검수 전"
3Q3SB1dVAng.001,3Q3SB1dVAng.001.mp4,3Q3SB1dVAng,,,0.778,"EMO-AffectNet pseudo-label (teacher=Aff-Wild2, top=Happiness 0.32, tension=0.222) - 사람 검수 전"
3Q3SB1dVAng.002,3Q3SB1dVAng.002.mp4,3Q3SB1dVAng,,,0.7933,"EMO-AffectNet pseudo-label (teacher=Aff-Wild2, top=Happiness 0.34, tension=0.207) - 사람 검수 전"
3Q3SB1dVAng.003,3Q3SB1dVAng.003.mp4,3Q3SB1dVAng,,,0.7734,"EMO-AffectNet pseudo-label (teacher=Aff-Wild2, top=Happiness 0.31, tension=0.227) - 사람 검수 전"
3Q3SB1dVAng.005,3Q3SB1dVAng.005.mp4,3Q3SB1dVAng,,,0.7368,"EMO-AffectNet pseudo-label (teacher=Aff-Wild2, top=Surprise 0.34, tension=0.263) - 사람 검수 전"
3R2LrAKCWr8.001,3R2LrAKCWr8.001.mp4,3R2LrAKCWr8,,,0.6955,"EMO-AffectNet pseudo-label (teacher=Aff-Wild2, top=Neutral 0.27, tension=0.305) - 사람 검수 전"
3R2LrAKCWr8.002,3R2LrAKCWr8.002.mp4,3R2LrAKCWr8,,,0.701,"EMO-AffectNet pseudo-label (teacher=Aff-Wild2, top=Neutral 0.28, tension=0.299) - 사람 검수 전"
3RhBqNzCMG8.001,3RhBqNzCMG8.001.mp4,3RhBqNzCMG8,,,0.7385,"EMO-AffectNet pseudo-label (teacher=Aff-Wild2, top=Neutral 0.29, tension=0.262) - 사람 검수 전"
3S72dDIm1fM.000,3S72dDIm1fM.000.mp4,3S72dDIm1fM,,,0.7566,"EMO-AffectNet pseudo-label (teacher=Aff-Wild2, top=Neutral 0.23, tension=0.243) - 사람 검수 전"
3S72dDIm1fM.001,3S72dDIm1fM.001.mp4,3S72dDIm1fM,,,0.7558,"EMO-AffectNet pseudo-label (teacher=Aff-Wild2, top=Neutral 0.26, tension=0.244) - 사람 검수 전"
3S8QUGYVf_w.000,3S8QUGYVf_w.000.mp4,3S8QUGYVf_w,,,0.7582,"EMO-AffectNet pseudo-label (teacher=Aff-Wild2, top=Neutral 0.34, tension=0.242) - 사람 검수 전"
3S8QUGYVf_w.001,3S8QUGYVf_w.001.mp4,3S8QUGYVf_w,,,0.7768,"EMO-AffectNet pseudo-label (teacher=Aff-Wild2, top=Neutral 0.47, tension=0.223) - 사람 검수 전"
3S8QUGYVf_w.003,3S8QUGYVf_w.003.mp4,3S8QUGYVf_w,,,0.7458,"EMO-AffectNet pseudo-label (teacher=Aff-Wild2, top=Neutral 0.28, tension=0.254) - 사람 검수 전"
3S8QUGYVf_w.004,3S8QUGYVf_w.004.mp4,3S8QUGYVf_w,,,0.7711,"EMO-AffectNet pseudo-label (teacher=Aff-Wild2, top=Neutral 0.45, tension=0.229) - 사람 검수 전"
3Sj-GZ3YXWs.000,3Sj-GZ3YXWs.000.mp4,3Sj-GZ3YXWs,,,0.7768,"EMO-AffectNet pseudo-label (teacher=Aff-Wild2, top=Surprise 0.29, tension=0.223) - 사람 검수 전"
3Sj-GZ3YXWs.001,3Sj-GZ3YXWs.001.mp4,3Sj-GZ3YXWs,,,0.7695,"EMO-AffectNet pseudo-label (teacher=Aff-Wild2, top=Neutral 0.25, tension=0.230) - 사람 검수 전"
3Sj-GZ3YXWs.002,3Sj-GZ3YXWs.002.mp4,3Sj-GZ3YXWs,,,0.7328,"EMO-AffectNet pseudo-label (teacher=Aff-Wild2, top=Neutral 0.24, tension=0.267) - 사람 검수 전"
3Sj-GZ3YXWs.004,3Sj-GZ3YXWs.004.mp4,3Sj-GZ3YXWs,,,0.8086,"EMO-AffectNet pseudo-label (teacher=Aff-Wild2, top=Happiness 0.35, tension=0.191) - 사람 검수 전"
3Sj-GZ3YXWs.005,3Sj-GZ3YXWs.005.mp4,3Sj-GZ3YXWs,,,0.7814,"EMO-AffectNet pseudo-label (teacher=Aff-Wild2, top=Surprise 0.31, tension=0.219) - 사람 검수 전"
3VTL2kFt17M.000,3VTL2kFt17M.000.mp4,3VTL2kFt17M,,,0.7024,"EMO-AffectNet pseudo-label (teacher=Aff-Wild2, top=Neutral 0.22, tension=0.298) - 사람 검수 전"
3VTL2kFt17M.002,3VTL2kFt17M.002.mp4,3VTL2kFt17M,,,0.6921,"EMO-AffectNet pseudo-label (teacher=Aff-Wild2, top=Neutral 0.27, tension=0.308) - 사람 검수 전"
3VTL2kFt17M.004,3VTL2kFt17M.004.mp4,3VTL2kFt17M,,,0.7,"EMO-AffectNet pseudo-label (teacher=Aff-Wild2, top=Neutral 0.31, tension=0.300) - 사람 검수 전"
3VTL2kFt17M.005,3VTL2kFt17M.005.mp4,3VTL2kFt17M,,,0.7818,"EMO-AffectNet pseudo-label (teacher=Aff-Wild2, top=Happiness 0.30, tension=0.218) - 사람 검수 전"
3Vr5-zedeWk.000,3Vr5-zedeWk.000.mp4,3Vr5-zedeWk,,,0.6528,"EMO-AffectNet pseudo-label (teacher=Aff-Wild2, top=Anger 0.32, tension=0.347) - 사람 검수 전"
3Vr5-zedeWk.002,3Vr5-zedeWk.002.mp4,3Vr5-zedeWk,,,0.676,"EMO-AffectNet pseudo-label (teacher=Aff-Wild2, top=Anger 0.39, tension=0.324) - 사람 검수 전"
3Vr5-zedeWk.003,3Vr5-zedeWk.003.mp4,3Vr5-zedeWk,,,0.6727,"EMO-AffectNet pseudo-label (teacher=Aff-Wild2, top=Anger 0.41, tension=0.327) - 사람 검수 전"
3Vr5-zedeWk.004,3Vr5-zedeWk.004.mp4,3Vr5-zedeWk,,,0.6624,"EMO-AffectNet pseudo-label (teacher=Aff-Wild2, top=Anger 0.41, tension=0.338) - 사람 검수 전"
3Vr5-zedeWk.005,3Vr5-zedeWk.005.mp4,3Vr5-zedeWk,,,0.6618,"EMO-AffectNet pseudo-label (teacher=Aff-Wild2, top=Anger 0.41, tension=0.338) - 사람 검수 전"
3VyriB3isO8.001,3VyriB3isO8.001.mp4,3VyriB3isO8,,,0.8661,"EMO-AffectNet pseudo-label (teacher=Aff-Wild2, top=Happiness 0.57, tension=0.134) - 사람 검수 전"
3VyriB3isO8.004,3VyriB3isO8.004.mp4,3VyriB3isO8,,,0.787,"EMO-AffectNet pseudo-label (teacher=Aff-Wild2, top=Happiness 0.34, tension=0.213) - 사람 검수 전"
3WPXm_5f4Lw.002,3WPXm_5f4Lw.002.mp4,3WPXm_5f4Lw,,,0.9039,"EMO-AffectNet pseudo-label (teacher=Aff-Wild2, top=Happiness 0.64, tension=0.096) - 사람 검수 전"
3WmWJ1lNy-U.000,3WmWJ1lNy-U.000.mp4,3WmWJ1lNy-U,,,0.6527,"EMO-AffectNet pseudo-label (teacher=Aff-Wild2, top=Anger 0.21, tension=0.347) - 사람 검수 전"
3WmWJ1lNy-U.001,3WmWJ1lNy-U.001.mp4,3WmWJ1lNy-U,,,0.6359,"EMO-AffectNet pseudo-label (teacher=Aff-Wild2, top=Neutral 0.18, tension=0.364) - 사람 검수 전"
3WoXkI06zGk.001,3WoXkI06zGk.001.mp4,3WoXkI06zGk,,,0.7481,"EMO-AffectNet pseudo-label (teacher=Aff-Wild2, top=Neutral 0.41, tension=0.252) - 사람 검수 전"
3WoXkI06zGk.002,3WoXkI06zGk.002.mp4,3WoXkI06zGk,,,0.7275,"EMO-AffectNet pseudo-label (teacher=Aff-Wild2, top=Neutral 0.37, tension=0.273) - 사람 검수 전"
3WoXkI06zGk.003,3WoXkI06zGk.003.mp4,3WoXkI06zGk,,,0.757,"EMO-AffectNet pseudo-label (teacher=Aff-Wild2, top=Neutral 0.32, tension=0.243) - 사람 검수 전"
3ZwXifihvtA.000,3ZwXifihvtA.000.mp4,3ZwXifihvtA,,,0.7339,"EMO-AffectNet pseudo-label (teacher=Aff-Wild2, top=Neutral 0.24, tension=0.266) - 사람 검수 전"
3b9fhd-EDaY.001,3b9fhd-EDaY.001.mp4,3b9fhd-EDaY,,,0.8312,"EMO-AffectNet pseudo-label (teacher=Aff-Wild2, top=Happiness 0.43, tension=0.169) - 사람 검수 전"
3ccY8jYkI5o.000,3ccY8jYkI5o.000.mp4,3ccY8jYkI5o,,,0.7767,"EMO-AffectNet pseudo-label (teacher=Aff-Wild2, top=Happiness 0.24, tension=0.223) - 사람 검수 전"
3ccY8jYkI5o.002,3ccY8jYkI5o.002.mp4,3ccY8jYkI5o,,,0.8225,"EMO-AffectNet pseudo-label (teacher=Aff-Wild2, top=Happiness 0.37, tension=0.178) - 사람 검수 전"
3ccY8jYkI5o.004,3ccY8jYkI5o.004.mp4,3ccY8jYkI5o,,,0.9156,"EMO-AffectNet pseudo-label (teacher=Aff-Wild2, top=Happiness 0.74, tension=0.084) - 사람 검수 전"
3ccY8jYkI5o.005,3ccY8jYkI5o.005.mp4,3ccY8jYkI5o,,,0.8053,"EMO-AffectNet pseudo-label (teacher=Aff-Wild2, top=Happiness 0.32, tension=0.195) - 사람 검수 전"
3df_Uk9EmwU.000,3df_Uk9EmwU.000.mp4,3df_Uk9EmwU,,,0.6627,"EMO-AffectNet pseudo-label (teacher=Aff-Wild2, top=Fear 0.24, tension=0.337) - 사람 검수 전"
3df_Uk9EmwU.001,3df_Uk9EmwU.001.mp4,3df_Uk9EmwU,,,0.6516,"EMO-AffectNet pseudo-label (teacher=Aff-Wild2, top=Fear 0.26, tension=0.348) - 사람 검수 전"
3df_Uk9EmwU.004,3df_Uk9EmwU.004.mp4,3df_Uk9EmwU,,,0.6475,"EMO-AffectNet pseudo-label (teacher=Aff-Wild2, top=Fear 0.28, tension=0.353) - 사람 검수 전"
3df_Uk9EmwU.005,3df_Uk9EmwU.005.mp4,3df_Uk9EmwU,,,0.6573,"EMO-AffectNet pseudo-label (teacher=Aff-Wild2, top=Fear 0.27, tension=0.343) - 사람 검수 전"
3g6Ab-BIbR4.001,3g6Ab-BIbR4.001.mp4,3g6Ab-BIbR4,,,0.8273,"EMO-AffectNet pseudo-label (teacher=Aff-Wild2, top=Happiness 0.43, tension=0.173) - 사람 검수 전"
3gKpBq-1yG4.000,3gKpBq-1yG4.000.mp4,3gKpBq-1yG4,,,0.7912,"EMO-AffectNet pseudo-label (teacher=Aff-Wild2, top=Neutral 0.40, tension=0.209) - 사람 검수 전"
3gKpBq-1yG4.001,3gKpBq-1yG4.001.mp4,3gKpBq-1yG4,,,0.7964,"EMO-AffectNet pseudo-label (teacher=Aff-Wild2, top=Neutral 0.35, tension=0.204) - 사람 검수 전"
3gKpBq-1yG4.002,3gKpBq-1yG4.002.mp4,3gKpBq-1yG4,,,0.7918,"EMO-AffectNet pseudo-label (teacher=Aff-Wild2, top=Neutral 0.41, tension=0.208) - 사람 검수 전"
3gKpBq-1yG4.003,3gKpBq-1yG4.003.mp4,3gKpBq-1yG4,,,0.8432,"EMO-AffectNet pseudo-label (teacher=Aff-Wild2, top=Happiness 0.37, tension=0.157) - 사람 검수 전"
3gKpBq-1yG4.004,3gKpBq-1yG4.004.mp4,3gKpBq-1yG4,,,0.8232,"EMO-AffectNet pseudo-label (teacher=Aff-Wild2, top=Neutral 0.37, tension=0.177) - 사람 검수 전"
3gKpBq-1yG4.005,3gKpBq-1yG4.005.mp4,3gKpBq-1yG4,,,0.7998,"EMO-AffectNet pseudo-label (teacher=Aff-Wild2, top=Neutral 0.45, tension=0.200) - 사람 검수 전"
3gmc2kLV4Bo.002,3gmc2kLV4Bo.002.mp4,3gmc2kLV4Bo,,,0.7969,"EMO-AffectNet pseudo-label (teacher=Aff-Wild2, top=Happiness 0.36, tension=0.203) - 사람 검수 전"
3hKgh9AB3tk.001,3hKgh9AB3tk.001.mp4,3hKgh9AB3tk,,,0.6755,"EMO-AffectNet pseudo-label (teacher=Aff-Wild2, top=Anger 0.16, tension=0.325) - 사람 검수 전"
3hKgh9AB3tk.002,3hKgh9AB3tk.002.mp4,3hKgh9AB3tk,,,0.6691,"EMO-AffectNet pseudo-label (teacher=Aff-Wild2, top=Neutral 0.19, tension=0.331) - 사람 검수 전"
3hKgh9AB3tk.005,3hKgh9AB3tk.005.mp4,3hKgh9AB3tk,,,0.6664,"EMO-AffectNet pseudo-label (teacher=Aff-Wild2, top=Neutral 0.21, tension=0.334) - 사람 검수 전"
3lV-sr3NOUo.003,3lV-sr3NOUo.003.mp4,3lV-sr3NOUo,,,0.7285,"EMO-AffectNet pseudo-label (teacher=Aff-Wild2, top=Neutral 0.24, tension=0.271) - 사람 검수 전"
3lV-sr3NOUo.004,3lV-sr3NOUo.004.mp4,3lV-sr3NOUo,,,0.7235,"EMO-AffectNet pseudo-label (teacher=Aff-Wild2, top=Neutral 0.33, tension=0.277) - 사람 검수 전"
3nxH1f6IQjQ.000,3nxH1f6IQjQ.000.mp4,3nxH1f6IQjQ,,,0.7509,"EMO-AffectNet pseudo-label (teacher=Aff-Wild2, top=Happiness 0.24, tension=0.249) - 사람 검수 전"
3orJLMVqWYw.000,3orJLMVqWYw.000.mp4,3orJLMVqWYw,,,0.7685,"EMO-AffectNet pseudo-label (teacher=Aff-Wild2, top=Happiness 0.28, tension=0.231) - 사람 검수 전"
3orJLMVqWYw.004,3orJLMVqWYw.004.mp4,3orJLMVqWYw,,,0.8533,"EMO-AffectNet pseudo-label (teacher=Aff-Wild2, top=Happiness 0.55, tension=0.147) - 사람 검수 전"
3pJZOCtAzYE.001,3pJZOCtAzYE.001.mp4,3pJZOCtAzYE,,,0.7527,"EMO-AffectNet pseudo-label (teacher=Aff-Wild2, top=Happiness 0.38, tension=0.247) - 사람 검수 전"
3tPq9fNOXZQ.001,3tPq9fNOXZQ.001.mp4,3tPq9fNOXZQ,,,0.8143,"EMO-AffectNet pseudo-label (teacher=Aff-Wild2, top=Happiness 0.35, tension=0.186) - 사람 검수 전"
3tPq9fNOXZQ.002,3tPq9fNOXZQ.002.mp4,3tPq9fNOXZQ,,,0.863,"EMO-AffectNet pseudo-label (teacher=Aff-Wild2, top=Happiness 0.54, tension=0.137) - 사람 검수 전"
3tPq9fNOXZQ.003,3tPq9fNOXZQ.003.mp4,3tPq9fNOXZQ,,,0.7344,"EMO-AffectNet pseudo-label (teacher=Aff-Wild2, top=Neutral 0.27, tension=0.266) - 사람 검수 전"
3tPq9fNOXZQ.005,3tPq9fNOXZQ.005.mp4,3tPq9fNOXZQ,,,0.772,"EMO-AffectNet pseudo-label (teacher=Aff-Wild2, top=Happiness 0.26, tension=0.228) - 사람 검수 전"
3taD1fEPfC8.001,3taD1fEPfC8.001.mp4,3taD1fEPfC8,,,0.6995,"EMO-AffectNet pseudo-label (teacher=Aff-Wild2, top=Neutral 0.24, tension=0.301) - 사람 검수 전"
3taD1fEPfC8.002,3taD1fEPfC8.002.mp4,3taD1fEPfC8,,,0.7471,"EMO-AffectNet pseudo-label (teacher=Aff-Wild2, top=Happiness 0.23, tension=0.253) - 사람 검수 전"
3taD1fEPfC8.003,3taD1fEPfC8.003.mp4,3taD1fEPfC8,,,0.7579,"EMO-AffectNet pseudo-label (teacher=Aff-Wild2, top=Neutral 0.25, tension=0.242) - 사람 검수 전"
3taD1fEPfC8.004,3taD1fEPfC8.004.mp4,3taD1fEPfC8,,,0.7897,"EMO-AffectNet pseudo-label (teacher=Aff-Wild2, top=Happiness 0.31, tension=0.210) - 사람 검수 전"
3wRj39GKLJ0.001,3wRj39GKLJ0.001.mp4,3wRj39GKLJ0,,,0.9019,"EMO-AffectNet pseudo-label (teacher=Aff-Wild2, top=Happiness 0.73, tension=0.098) - 사람 검수 전"
3wgZrRMosvY.002,3wgZrRMosvY.002.mp4,3wgZrRMosvY,,,0.8122,"EMO-AffectNet pseudo-label (teacher=Aff-Wild2, top=Neutral 0.35, tension=0.188) - 사람 검수 전"
3wgZrRMosvY.003,3wgZrRMosvY.003.mp4,3wgZrRMosvY,,,0.8305,"EMO-AffectNet pseudo-label (teacher=Aff-Wild2, top=Happiness 0.45, tension=0.170) - 사람 검수 전"
3y3au0hVfm8.001,3y3au0hVfm8.001.mp4,3y3au0hVfm8,,,0.8459,"EMO-AffectNet pseudo-label (teacher=Aff-Wild2, top=Happiness 0.48, tension=0.154) - 사람 검수 전"
3ySH8eJQRCI.001,3ySH8eJQRCI.001.mp4,3ySH8eJQRCI,,,0.8578,"EMO-AffectNet pseudo-label (teacher=Aff-Wild2, top=Happiness 0.52, tension=0.142) - 사람 검수 전"
3ySH8eJQRCI.002,3ySH8eJQRCI.002.mp4,3ySH8eJQRCI,,,0.8432,"EMO-AffectNet pseudo-label (teacher=Aff-Wild2, top=Happiness 0.46, tension=0.157) - 사람 검수 전"
3ySH8eJQRCI.003,3ySH8eJQRCI.003.mp4,3ySH8eJQRCI,,,0.8245,"EMO-AffectNet pseudo-label (teacher=Aff-Wild2, top=Happiness 0.41, tension=0.175) - 사람 검수 전"
3ySH8eJQRCI.004,3ySH8eJQRCI.004.mp4,3ySH8eJQRCI,,,0.84,"EMO-AffectNet pseudo-label (teacher=Aff-Wild2, top=Happiness 0.47, tension=0.160) - 사람 검수 전"
3ySH8eJQRCI.005,3ySH8eJQRCI.005.mp4,3ySH8eJQRCI,,,0.8185,"EMO-AffectNet pseudo-label (teacher=Aff-Wild2, top=Happiness 0.36, tension=0.182) - 사람 검수 전"
3yU-7AXnFCM.002,3yU-7AXnFCM.002.mp4,3yU-7AXnFCM,,,0.7113,"EMO-AffectNet pseudo-label (teacher=Aff-Wild2, top=Neutral 0.31, tension=0.289) - 사람 검수 전"
3yU-7AXnFCM.003,3yU-7AXnFCM.003.mp4,3yU-7AXnFCM,,,0.7215,"EMO-AffectNet pseudo-label (teacher=Aff-Wild2, top=Neutral 0.25, tension=0.278) - 사람 검수 전"
3zAyM2edy1g.000,3zAyM2edy1g.000.mp4,3zAyM2edy1g,,,0.6974,"EMO-AffectNet pseudo-label (teacher=Aff-Wild2, top=Neutral 0.24, tension=0.303) - 사람 검수 전"
3zAyM2edy1g.001,3zAyM2edy1g.001.mp4,3zAyM2edy1g,,,0.6923,"EMO-AffectNet pseudo-label (teacher=Aff-Wild2, top=Neutral 0.29, tension=0.308) - 사람 검수 전"
3zAyM2edy1g.004,3zAyM2edy1g.004.mp4,3zAyM2edy1g,,,0.6833,"EMO-AffectNet pseudo-label (teacher=Aff-Wild2, top=Neutral 0.29, tension=0.317) - 사람 검수 전"
40rn4A64Bdk.001,40rn4A64Bdk.001.mp4,40rn4A64Bdk,,,0.737,"EMO-AffectNet pseudo-label (teacher=Aff-Wild2, top=Neutral 0.30, tension=0.263) - 사람 검수 전"
40rn4A64Bdk.003,40rn4A64Bdk.003.mp4,40rn4A64Bdk,,,0.7824,"EMO-AffectNet pseudo-label (teacher=Aff-Wild2, top=Neutral 0.25, tension=0.218) - 사람 검수 전"
41NNb7cucVo.000,41NNb7cucVo.000.mp4,41NNb7cucVo,,,0.8709,"EMO-AffectNet pseudo-label (teacher=Aff-Wild2, top=Happiness 0.53, tension=0.129) - 사람 검수 전"
41NNb7cucVo.001,41NNb7cucVo.001.mp4,41NNb7cucVo,,,0.7124,"EMO-AffectNet pseudo-label (teacher=Aff-Wild2, top=Neutral 0.26, tension=0.288) - 사람 검수 전"
41NNb7cucVo.002,41NNb7cucVo.002.mp4,41NNb7cucVo,,,0.7333,"EMO-AffectNet pseudo-label (teacher=Aff-Wild2, top=Neutral 0.23, tension=0.267) - 사람 검수 전"
41NNb7cucVo.003,41NNb7cucVo.003.mp4,41NNb7cucVo,,,0.7204,"EMO-AffectNet pseudo-label (teacher=Aff-Wild2, top=Neutral 0.29, tension=0.280) - 사람 검수 전"
43tayteIFRk.005,43tayteIFRk.005.mp4,43tayteIFRk,,,0.5509,"EMO-AffectNet pseudo-label (teacher=Aff-Wild2, top=Disgust 0.61, tension=0.449) - 사람 검수 전"
44rxmXiga90.001,44rxmXiga90.001.mp4,44rxmXiga90,,,0.7886,"EMO-AffectNet pseudo-label (teacher=Aff-Wild2, top=Happiness 0.31, tension=0.211) - 사람 검수 전"
44rxmXiga90.002,44rxmXiga90.002.mp4,44rxmXiga90,,,0.7785,"EMO-AffectNet pseudo-label (teacher=Aff-Wild2, top=Surprise 0.27, tension=0.222) - 사람 검수 전"
44rxmXiga90.003,44rxmXiga90.003.mp4,44rxmXiga90,,,0.7843,"EMO-AffectNet pseudo-label (teacher=Aff-Wild2, top=Surprise 0.25, tension=0.216) - 사람 검수 전"
44rxmXiga90.004,44rxmXiga90.004.mp4,44rxmXiga90,,,0.7804,"EMO-AffectNet pseudo-label (teacher=Aff-Wild2, top=Surprise 0.24, tension=0.220) - 사람 검수 전"
44rxmXiga90.005,44rxmXiga90.005.mp4,44rxmXiga90,,,0.806,"EMO-AffectNet pseudo-label (teacher=Aff-Wild2, top=Happiness 0.32, tension=0.194) - 사람 검수 전"
45SH4ohAH3M.000,45SH4ohAH3M.000.mp4,45SH4ohAH3M,,,0.7313,"EMO-AffectNet pseudo-label (teacher=Aff-Wild2, top=Neutral 0.36, tension=0.269) - 사람 검수 전"
45SH4ohAH3M.001,45SH4ohAH3M.001.mp4,45SH4ohAH3M,,,0.7149,"EMO-AffectNet pseudo-label (teacher=Aff-Wild2, top=Neutral 0.35, tension=0.285) - 사람 검수 전"
45SH4ohAH3M.005,45SH4ohAH3M.005.mp4,45SH4ohAH3M,,,0.6751,"EMO-AffectNet pseudo-label (teacher=Aff-Wild2, top=Fear 0.25, tension=0.325) - 사람 검수 전"
48S9_KZvzVw.001,48S9_KZvzVw.001.mp4,48S9_KZvzVw,,,0.7455,"EMO-AffectNet pseudo-label (teacher=Aff-Wild2, top=Neutral 0.37, tension=0.254) - 사람 검수 전"
48S9_KZvzVw.003,48S9_KZvzVw.003.mp4,48S9_KZvzVw,,,0.7576,"EMO-AffectNet pseudo-label (teacher=Aff-Wild2, top=Neutral 0.40, tension=0.242) - 사람 검수 전"
48S9_KZvzVw.004,48S9_KZvzVw.004.mp4,48S9_KZvzVw,,,0.7807,"EMO-AffectNet pseudo-label (teacher=Aff-Wild2, top=Neutral 0.37, tension=0.219) - 사람 검수 전"
48S9_KZvzVw.005,48S9_KZvzVw.005.mp4,48S9_KZvzVw,,,0.7902,"EMO-AffectNet pseudo-label (teacher=Aff-Wild2, top=Neutral 0.32, tension=0.210) - 사람 검수 전"
495hLlCEW64.001,495hLlCEW64.001.mp4,495hLlCEW64,,,0.8149,"EMO-AffectNet pseudo-label (teacher=Aff-Wild2, top=Happiness 0.41, tension=0.185) - 사람 검수 전"
495hLlCEW64.002,495hLlCEW64.002.mp4,495hLlCEW64,,,0.7708,"EMO-AffectNet pseudo-label (teacher=Aff-Wild2, top=Happiness 0.27, tension=0.229) - 사람 검수 전"
495hLlCEW64.003,495hLlCEW64.003.mp4,495hLlCEW64,,,0.842,"EMO-AffectNet pseudo-label (teacher=Aff-Wild2, top=Happiness 0.49, tension=0.158) - 사람 검수 전"
4CSV8L7aVik.000,4CSV8L7aVik.000.mp4,4CSV8L7aVik,,,0.8301,"EMO-AffectNet pseudo-label (teacher=Aff-Wild2, top=Happiness 0.49, tension=0.170) - 사람 검수 전"
4CiR99jTzso.000,4CiR99jTzso.000.mp4,4CiR99jTzso,,,0.7461,"EMO-AffectNet pseudo-label (teacher=Aff-Wild2, top=Neutral 0.29, tension=0.254) - 사람 검수 전"
4F-WBGPXiqQ.001,4F-WBGPXiqQ.001.mp4,4F-WBGPXiqQ,,,0.748,"EMO-AffectNet pseudo-label (teacher=Aff-Wild2, top=Neutral 0.36, tension=0.252) - 사람 검수 전"
4ICb270oLpE.000,4ICb270oLpE.000.mp4,4ICb270oLpE,,,0.7575,"EMO-AffectNet pseudo-label (teacher=Aff-Wild2, top=Neutral 0.26, tension=0.243) - 사람 검수 전"
4ICb270oLpE.002,4ICb270oLpE.002.mp4,4ICb270oLpE,,,0.7197,"EMO-AffectNet pseudo-label (teacher=Aff-Wild2, top=Neutral 0.29, tension=0.280) - 사람 검수 전"
4JYmE9a21aI.002,4JYmE9a21aI.002.mp4,4JYmE9a21aI,,,0.6763,"EMO-AffectNet pseudo-label (teacher=Aff-Wild2, top=Neutral 0.18, tension=0.324) - 사람 검수 전"
4JYmE9a21aI.004,4JYmE9a21aI.004.mp4,4JYmE9a21aI,,,0.6517,"EMO-AffectNet pseudo-label (teacher=Aff-Wild2, top=Anger 0.21, tension=0.348) - 사람 검수 전"
4JjpfL4y3XM.000,4JjpfL4y3XM.000.mp4,4JjpfL4y3XM,,,0.8364,"EMO-AffectNet pseudo-label (teacher=Aff-Wild2, top=Happiness 0.50, tension=0.164) - 사람 검수 전"
4JjpfL4y3XM.001,4JjpfL4y3XM.001.mp4,4JjpfL4y3XM,,,0.768,"EMO-AffectNet pseudo-label (teacher=Aff-Wild2, top=Happiness 0.29, tension=0.232) - 사람 검수 전"
4KD3XCMsIBs.004,4KD3XCMsIBs.004.mp4,4KD3XCMsIBs,,,0.7813,"EMO-AffectNet pseudo-label (teacher=Aff-Wild2, top=Happiness 0.35, tension=0.219) - 사람 검수 전"
4LZJvOecyM8.001,4LZJvOecyM8.001.mp4,4LZJvOecyM8,,,0.8286,"EMO-AffectNet pseudo-label (teacher=Aff-Wild2, top=Happiness 0.39, tension=0.171) - 사람 검수 전"
4LZJvOecyM8.002,4LZJvOecyM8.002.mp4,4LZJvOecyM8,,,0.8465,"EMO-AffectNet pseudo-label (teacher=Aff-Wild2, top=Happiness 0.45, tension=0.153) - 사람 검수 전"
4LZJvOecyM8.005,4LZJvOecyM8.005.mp4,4LZJvOecyM8,,,0.7691,"EMO-AffectNet pseudo-label (teacher=Aff-Wild2, top=Neutral 0.43, tension=0.231) - 사람 검수 전"
4NzqG0XwOWg.002,4NzqG0XwOWg.002.mp4,4NzqG0XwOWg,,,0.7078,"EMO-AffectNet pseudo-label (teacher=Aff-Wild2, top=Surprise 0.23, tension=0.292) - 사람 검수 전"
4NzqG0XwOWg.004,4NzqG0XwOWg.004.mp4,4NzqG0XwOWg,,,0.7299,"EMO-AffectNet pseudo-label (teacher=Aff-Wild2, top=Surprise 0.28, tension=0.270) - 사람 검수 전"
4QUgf0dHnKk.004,4QUgf0dHnKk.004.mp4,4QUgf0dHnKk,,,0.7201,"EMO-AffectNet pseudo-label (teacher=Aff-Wild2, top=Neutral 0.33, tension=0.280) - 사람 검수 전"
4QUgf0dHnKk.005,4QUgf0dHnKk.005.mp4,4QUgf0dHnKk,,,0.7368,"EMO-AffectNet pseudo-label (teacher=Aff-Wild2, top=Neutral 0.35, tension=0.263) - 사람 검수 전"
4Qr1BjZhnpg.003,4Qr1BjZhnpg.003.mp4,4Qr1BjZhnpg,,,0.772,"EMO-AffectNet pseudo-label (teacher=Aff-Wild2, top=Happiness 0.30, tension=0.228) - 사람 검수 전"
4RoZPrjRQZE.000,4RoZPrjRQZE.000.mp4,4RoZPrjRQZE,,,0.6121,"EMO-AffectNet pseudo-label (teacher=Aff-Wild2, top=Disgust 0.37, tension=0.388) - 사람 검수 전"
4T9UUWWRE94.000,4T9UUWWRE94.000.mp4,4T9UUWWRE94,,,0.7599,"EMO-AffectNet pseudo-label (teacher=Aff-Wild2, top=Neutral 0.26, tension=0.240) - 사람 검수 전"
4T9UUWWRE94.003,4T9UUWWRE94.003.mp4,4T9UUWWRE94,,,0.8183,"EMO-AffectNet pseudo-label (teacher=Aff-Wild2, top=Happiness 0.35, tension=0.182) - 사람 검수 전"
4TpJ1FT2w6Y.001,4TpJ1FT2w6Y.001.mp4,4TpJ1FT2w6Y,,,0.8147,"EMO-AffectNet pseudo-label (teacher=Aff-Wild2, top=Happiness 0.42, tension=0.185) - 사람 검수 전"
4TpJ1FT2w6Y.003,4TpJ1FT2w6Y.003.mp4,4TpJ1FT2w6Y,,,0.896,"EMO-AffectNet pseudo-label (teacher=Aff-Wild2, top=Happiness 0.70, tension=0.104) - 사람 검수 전"
4TpJ1FT2w6Y.004,4TpJ1FT2w6Y.004.mp4,4TpJ1FT2w6Y,,,0.8882,"EMO-AffectNet pseudo-label (teacher=Aff-Wild2, top=Happiness 0.67, tension=0.112) - 사람 검수 전"
4TpJ1FT2w6Y.005,4TpJ1FT2w6Y.005.mp4,4TpJ1FT2w6Y,,,0.78,"EMO-AffectNet pseudo-label (teacher=Aff-Wild2, top=Surprise 0.24, tension=0.220) - 사람 검수 전"
4V7doeEKsus.001,4V7doeEKsus.001.mp4,4V7doeEKsus,,,0.6978,"EMO-AffectNet pseudo-label (teacher=Aff-Wild2, top=Neutral 0.38, tension=0.302) - 사람 검수 전"
4V7doeEKsus.002,4V7doeEKsus.002.mp4,4V7doeEKsus,,,0.7394,"EMO-AffectNet pseudo-label (teacher=Aff-Wild2, top=Neutral 0.44, tension=0.261) - 사람 검수 전"
4VwcU0ROy5k.001,4VwcU0ROy5k.001.mp4,4VwcU0ROy5k,,,0.8082,"EMO-AffectNet pseudo-label (teacher=Aff-Wild2, top=Neutral 0.34, tension=0.192) - 사람 검수 전"
4VwcU0ROy5k.002,4VwcU0ROy5k.002.mp4,4VwcU0ROy5k,,,0.801,"EMO-AffectNet pseudo-label (teacher=Aff-Wild2, top=Neutral 0.32, tension=0.199) - 사람 검수 전"
4VwcU0ROy5k.004,4VwcU0ROy5k.004.mp4,4VwcU0ROy5k,,,0.7792,"EMO-AffectNet pseudo-label (teacher=Aff-Wild2, top=Neutral 0.41, tension=0.221) - 사람 검수 전"
4XdZDodpzac.000,4XdZDodpzac.000.mp4,4XdZDodpzac,,,0.7475,"EMO-AffectNet pseudo-label (teacher=Aff-Wild2, top=Neutral 0.35, tension=0.252) - 사람 검수 전"
4XdZDodpzac.003,4XdZDodpzac.003.mp4,4XdZDodpzac,,,0.7309,"EMO-AffectNet pseudo-label (teacher=Aff-Wild2, top=Neutral 0.34, tension=0.269) - 사람 검수 전"
4ZlcaXadwlo.000,4ZlcaXadwlo.000.mp4,4ZlcaXadwlo,,,0.7444,"EMO-AffectNet pseudo-label (teacher=Aff-Wild2, top=Neutral 0.30, tension=0.256) - 사람 검수 전"
4ZlcaXadwlo.001,4ZlcaXadwlo.001.mp4,4ZlcaXadwlo,,,0.7454,"EMO-AffectNet pseudo-label (teacher=Aff-Wild2, top=Neutral 0.43, tension=0.255) - 사람 검수 전"
4ZlcaXadwlo.003,4ZlcaXadwlo.003.mp4,4ZlcaXadwlo,,,0.7545,"EMO-AffectNet pseudo-label (teacher=Aff-Wild2, top=Neutral 0.29, tension=0.246) - 사람 검수 전"
4ZlcaXadwlo.005,4ZlcaXadwlo.005.mp4,4ZlcaXadwlo,,,0.8095,"EMO-AffectNet pseudo-label (teacher=Aff-Wild2, top=Neutral 0.33, tension=0.190) - 사람 검수 전"
4a6-tNo-NDM.000,4a6-tNo-NDM.000.mp4,4a6-tNo-NDM,,,0.629,"EMO-AffectNet pseudo-label (teacher=Aff-Wild2, top=Sadness 0.25, tension=0.371) - 사람 검수 전"
4bDOetaLvZs.001,4bDOetaLvZs.001.mp4,4bDOetaLvZs,,,0.7232,"EMO-AffectNet pseudo-label (teacher=Aff-Wild2, top=Neutral 0.39, tension=0.277) - 사람 검수 전"
4bDOetaLvZs.004,4bDOetaLvZs.004.mp4,4bDOetaLvZs,,,0.8035,"EMO-AffectNet pseudo-label (teacher=Aff-Wild2, top=Neutral 0.46, tension=0.196) - 사람 검수 전"
4bDOetaLvZs.005,4bDOetaLvZs.005.mp4,4bDOetaLvZs,,,0.7904,"EMO-AffectNet pseudo-label (teacher=Aff-Wild2, top=Neutral 0.35, tension=0.210) - 사람 검수 전"
4fN-DKUzgWQ.001,4fN-DKUzgWQ.001.mp4,4fN-DKUzgWQ,,,0.6433,"EMO-AffectNet pseudo-label (teacher=Aff-Wild2, top=Sadness 0.33, tension=0.357) - 사람 검수 전"
4fN-DKUzgWQ.005,4fN-DKUzgWQ.005.mp4,4fN-DKUzgWQ,,,0.6849,"EMO-AffectNet pseudo-label (teacher=Aff-Wild2, top=Sadness 0.26, tension=0.315) - 사람 검수 전"
4kIHxR6s1L4.001,4kIHxR6s1L4.001.mp4,4kIHxR6s1L4,,,0.8067,"EMO-AffectNet pseudo-label (teacher=Aff-Wild2, top=Happiness 0.36, tension=0.193) - 사람 검수 전"
4kIHxR6s1L4.004,4kIHxR6s1L4.004.mp4,4kIHxR6s1L4,,,0.7693,"EMO-AffectNet pseudo-label (teacher=Aff-Wild2, top=Happiness 0.24, tension=0.231) - 사람 검수 전"
4kIHxR6s1L4.005,4kIHxR6s1L4.005.mp4,4kIHxR6s1L4,,,0.742,"EMO-AffectNet pseudo-label (teacher=Aff-Wild2, top=Neutral 0.22, tension=0.258) - 사람 검수 전"
4lH5nLSwmoM.001,4lH5nLSwmoM.001.mp4,4lH5nLSwmoM,,,0.5894,"EMO-AffectNet pseudo-label (teacher=Aff-Wild2, top=Fear 0.34, tension=0.411) - 사람 검수 전"
4lH5nLSwmoM.003,4lH5nLSwmoM.003.mp4,4lH5nLSwmoM,,,0.6625,"EMO-AffectNet pseudo-label (teacher=Aff-Wild2, top=Anger 0.18, tension=0.337) - 사람 검수 전"
4lIbWq27O84.000,4lIbWq27O84.000.mp4,4lIbWq27O84,,,0.6466,"EMO-AffectNet pseudo-label (teacher=Aff-Wild2, top=Fear 0.29, tension=0.353) - 사람 검수 전"
4lIbWq27O84.001,4lIbWq27O84.001.mp4,4lIbWq27O84,,,0.6458,"EMO-AffectNet pseudo-label (teacher=Aff-Wild2, top=Fear 0.26, tension=0.354) - 사람 검수 전"
4lIbWq27O84.002,4lIbWq27O84.002.mp4,4lIbWq27O84,,,0.6389,"EMO-AffectNet pseudo-label (teacher=Aff-Wild2, top=Fear 0.20, tension=0.361) - 사람 검수 전"
4lj66h4CXI8.002,4lj66h4CXI8.002.mp4,4lj66h4CXI8,,,0.7177,"EMO-AffectNet pseudo-label (teacher=Aff-Wild2, top=Neutral 0.23, tension=0.282) - 사람 검수 전"
4lj66h4CXI8.003,4lj66h4CXI8.003.mp4,4lj66h4CXI8,,,0.7481,"EMO-AffectNet pseudo-label (teacher=Aff-Wild2, top=Happiness 0.24, tension=0.252) - 사람 검수 전"
4lj66h4CXI8.005,4lj66h4CXI8.005.mp4,4lj66h4CXI8,,,0.7344,"EMO-AffectNet pseudo-label (teacher=Aff-Wild2, top=Happiness 0.27, tension=0.266) - 사람 검수 전"
4lyKh2_xCDQ.003,4lyKh2_xCDQ.003.mp4,4lyKh2_xCDQ,,,0.7793,"EMO-AffectNet pseudo-label (teacher=Aff-Wild2, top=Happiness 0.31, tension=0.221) - 사람 검수 전"
4lyKh2_xCDQ.004,4lyKh2_xCDQ.004.mp4,4lyKh2_xCDQ,,,0.769,"EMO-AffectNet pseudo-label (teacher=Aff-Wild2, top=Happiness 0.26, tension=0.231) - 사람 검수 전"
4nJLbAKgwfw.005,4nJLbAKgwfw.005.mp4,4nJLbAKgwfw,,,0.6618,"EMO-AffectNet pseudo-label (teacher=Aff-Wild2, top=Disgust 0.23, tension=0.338) - 사람 검수 전"
4nir0YtjHVs.001,4nir0YtjHVs.001.mp4,4nir0YtjHVs,,,0.7531,"EMO-AffectNet pseudo-label (teacher=Aff-Wild2, top=Neutral 0.31, tension=0.247) - 사람 검수 전"
4nir0YtjHVs.002,4nir0YtjHVs.002.mp4,4nir0YtjHVs,,,0.76,"EMO-AffectNet pseudo-label (teacher=Aff-Wild2, top=Neutral 0.27, tension=0.240) - 사람 검수 전"
4sCa35TOxgs.001,4sCa35TOxgs.001.mp4,4sCa35TOxgs,,,0.7186,"EMO-AffectNet pseudo-label (teacher=Aff-Wild2, top=Surprise 0.26, tension=0.281) - 사람 검수 전"
4vJ69g7gAH4.001,4vJ69g7gAH4.001.mp4,4vJ69g7gAH4,,,0.6689,"EMO-AffectNet pseudo-label (teacher=Aff-Wild2, top=Surprise 0.29, tension=0.331) - 사람 검수 전"
4vdJGgZpj4k.004,4vdJGgZpj4k.004.mp4,4vdJGgZpj4k,,,0.8107,"EMO-AffectNet pseudo-label (teacher=Aff-Wild2, top=Happiness 0.30, tension=0.189) - 사람 검수 전"
4vdJGgZpj4k.005,4vdJGgZpj4k.005.mp4,4vdJGgZpj4k,,,0.7904,"EMO-AffectNet pseudo-label (teacher=Aff-Wild2, top=Happiness 0.27, tension=0.210) - 사람 검수 전"
4xdT0Uedsro.000,4xdT0Uedsro.000.mp4,4xdT0Uedsro,,,0.7475,"EMO-AffectNet pseudo-label (teacher=Aff-Wild2, top=Neutral 0.40, tension=0.253) - 사람 검수 전"
4xdT0Uedsro.002,4xdT0Uedsro.002.mp4,4xdT0Uedsro,,,0.7702,"EMO-AffectNet pseudo-label (teacher=Aff-Wild2, top=Neutral 0.43, tension=0.230) - 사람 검수 전"
4yogPbHFQ9o.002,4yogPbHFQ9o.002.mp4,4yogPbHFQ9o,,,0.7314,"EMO-AffectNet pseudo-label (teacher=Aff-Wild2, top=Neutral 0.30, tension=0.269) - 사람 검수 전"
4yogPbHFQ9o.003,4yogPbHFQ9o.003.mp4,4yogPbHFQ9o,,,0.702,"EMO-AffectNet pseudo-label (teacher=Aff-Wild2, top=Neutral 0.28, tension=0.298) - 사람 검수 전"
4yogPbHFQ9o.004,4yogPbHFQ9o.004.mp4,4yogPbHFQ9o,,,0.7165,"EMO-AffectNet pseudo-label (teacher=Aff-Wild2, top=Neutral 0.36, tension=0.284) - 사람 검수 전"
4yogPbHFQ9o.005,4yogPbHFQ9o.005.mp4,4yogPbHFQ9o,,,0.7003,"EMO-AffectNet pseudo-label (teacher=Aff-Wild2, top=Neutral 0.27, tension=0.300) - 사람 검수 전"
4zkY1SG-7xc.003,4zkY1SG-7xc.003.mp4,4zkY1SG-7xc,,,0.6666,"EMO-AffectNet pseudo-label (teacher=Aff-Wild2, top=Neutral 0.24, tension=0.333) - 사람 검수 전"
5-mwIFjOWZ4.000,5-mwIFjOWZ4.000.mp4,5-mwIFjOWZ4,,,0.7391,"EMO-AffectNet pseudo-label (teacher=Aff-Wild2, top=Neutral 0.29, tension=0.261) - 사람 검수 전"
50gokPvvMs8.000,50gokPvvMs8.000.mp4,50gokPvvMs8,,,0.7574,"EMO-AffectNet pseudo-label (teacher=Aff-Wild2, top=Surprise 0.26, tension=0.243) - 사람 검수 전"
50gokPvvMs8.002,50gokPvvMs8.002.mp4,50gokPvvMs8,,,0.8439,"EMO-AffectNet pseudo-label (teacher=Aff-Wild2, top=Happiness 0.50, tension=0.156) - 사람 검수 전"
51KRxB3g7A8.000,51KRxB3g7A8.000.mp4,51KRxB3g7A8,,,0.7929,"EMO-AffectNet pseudo-label (teacher=Aff-Wild2, top=Happiness 0.35, tension=0.207) - 사람 검수 전"
51hGkzvYP00.001,51hGkzvYP00.001.mp4,51hGkzvYP00,,,0.8097,"EMO-AffectNet pseudo-label (teacher=Aff-Wild2, top=Neutral 0.30, tension=0.190) - 사람 검수 전"
51z2rCqPqPE.003,51z2rCqPqPE.003.mp4,51z2rCqPqPE,,,0.676,"EMO-AffectNet pseudo-label (teacher=Aff-Wild2, top=Neutral 0.21, tension=0.324) - 사람 검수 전"
51z2rCqPqPE.005,51z2rCqPqPE.005.mp4,51z2rCqPqPE,,,0.7034,"EMO-AffectNet pseudo-label (teacher=Aff-Wild2, top=Surprise 0.25, tension=0.297) - 사람 검수 전"
521sm7CTyfg.000,521sm7CTyfg.000.mp4,521sm7CTyfg,,,0.7464,"EMO-AffectNet pseudo-label (teacher=Aff-Wild2, top=Neutral 0.31, tension=0.254) - 사람 검수 전"
521sm7CTyfg.001,521sm7CTyfg.001.mp4,521sm7CTyfg,,,0.7364,"EMO-AffectNet pseudo-label (teacher=Aff-Wild2, top=Anger 0.30, tension=0.264) - 사람 검수 전"
521sm7CTyfg.003,521sm7CTyfg.003.mp4,521sm7CTyfg,,,0.7387,"EMO-AffectNet pseudo-label (teacher=Aff-Wild2, top=Neutral 0.32, tension=0.261) - 사람 검수 전"
521sm7CTyfg.004,521sm7CTyfg.004.mp4,521sm7CTyfg,,,0.7679,"EMO-AffectNet pseudo-label (teacher=Aff-Wild2, top=Neutral 0.30, tension=0.232) - 사람 검수 전"
521sm7CTyfg.005,521sm7CTyfg.005.mp4,521sm7CTyfg,,,0.8949,"EMO-AffectNet pseudo-label (teacher=Aff-Wild2, top=Happiness 0.64, tension=0.105) - 사람 검수 전"
53QFyec0uN0.002,53QFyec0uN0.002.mp4,53QFyec0uN0,,,0.8761,"EMO-AffectNet pseudo-label (teacher=Aff-Wild2, top=Happiness 0.62, tension=0.124) - 사람 검수 전"
53QFyec0uN0.003,53QFyec0uN0.003.mp4,53QFyec0uN0,,,0.7384,"EMO-AffectNet pseudo-label (teacher=Aff-Wild2, top=Surprise 0.23, tension=0.262) - 사람 검수 전"
53gtUkC7IZM.001,53gtUkC7IZM.001.mp4,53gtUkC7IZM,,,0.8489,"EMO-AffectNet pseudo-label (teacher=Aff-Wild2, top=Happiness 0.52, tension=0.151) - 사람 검수 전"
53srfuqv9LM.001,53srfuqv9LM.001.mp4,53srfuqv9LM,,,0.6566,"EMO-AffectNet pseudo-label (teacher=Aff-Wild2, top=Fear 0.31, tension=0.343) - 사람 검수 전"
53srfuqv9LM.002,53srfuqv9LM.002.mp4,53srfuqv9LM,,,0.6448,"EMO-AffectNet pseudo-label (teacher=Aff-Wild2, top=Fear 0.35, tension=0.355) - 사람 검수 전"
54JawR1x0II.001,54JawR1x0II.001.mp4,54JawR1x0II,,,0.7816,"EMO-AffectNet pseudo-label (teacher=Aff-Wild2, top=Neutral 0.28, tension=0.218) - 사람 검수 전"
54JawR1x0II.002,54JawR1x0II.002.mp4,54JawR1x0II,,,0.6974,"EMO-AffectNet pseudo-label (teacher=Aff-Wild2, top=Anger 0.25, tension=0.303) - 사람 검수 전"
54K75EhiTEk.000,54K75EhiTEk.000.mp4,54K75EhiTEk,,,0.6608,"EMO-AffectNet pseudo-label (teacher=Aff-Wild2, top=Anger 0.28, tension=0.339) - 사람 검수 전"
54K75EhiTEk.002,54K75EhiTEk.002.mp4,54K75EhiTEk,,,0.622,"EMO-AffectNet pseudo-label (teacher=Aff-Wild2, top=Anger 0.33, tension=0.378) - 사람 검수 전"
54K75EhiTEk.003,54K75EhiTEk.003.mp4,54K75EhiTEk,,,0.638,"EMO-AffectNet pseudo-label (teacher=Aff-Wild2, top=Anger 0.33, tension=0.362) - 사람 검수 전"
54K75EhiTEk.005,54K75EhiTEk.005.mp4,54K75EhiTEk,,,0.6726,"EMO-AffectNet pseudo-label (teacher=Aff-Wild2, top=Anger 0.33, tension=0.327) - 사람 검수 전"
54TGLGvIm_8.001,54TGLGvIm_8.001.mp4,54TGLGvIm_8,,,0.6859,"EMO-AffectNet pseudo-label (teacher=Aff-Wild2, top=Surprise 0.31, tension=0.314) - 사람 검수 전"
54TGLGvIm_8.002,54TGLGvIm_8.002.mp4,54TGLGvIm_8,,,0.661,"EMO-AffectNet pseudo-label (teacher=Aff-Wild2, top=Surprise 0.28, tension=0.339) - 사람 검수 전"
54TGLGvIm_8.003,54TGLGvIm_8.003.mp4,54TGLGvIm_8,,,0.6794,"EMO-AffectNet pseudo-label (teacher=Aff-Wild2, top=Surprise 0.29, tension=0.321) - 사람 검수 전"
54TGLGvIm_8.004,54TGLGvIm_8.004.mp4,54TGLGvIm_8,,,0.6916,"EMO-AffectNet pseudo-label (teacher=Aff-Wild2, top=Surprise 0.29, tension=0.308) - 사람 검수 전"
57RdMTGegww.000,57RdMTGegww.000.mp4,57RdMTGegww,,,0.8821,"EMO-AffectNet pseudo-label (teacher=Aff-Wild2, top=Happiness 0.64, tension=0.118) - 사람 검수 전"
57o4odfqTs8.001,57o4odfqTs8.001.mp4,57o4odfqTs8,,,0.7762,"EMO-AffectNet pseudo-label (teacher=Aff-Wild2, top=Neutral 0.25, tension=0.224) - 사람 검수 전"
57o4odfqTs8.003,57o4odfqTs8.003.mp4,57o4odfqTs8,,,0.7711,"EMO-AffectNet pseudo-label (teacher=Aff-Wild2, top=Surprise 0.29, tension=0.229) - 사람 검수 전"
59Smv7wl--w.001,59Smv7wl--w.001.mp4,59Smv7wl--w,,,0.6998,"EMO-AffectNet pseudo-label (teacher=Aff-Wild2, top=Neutral 0.32, tension=0.300) - 사람 검수 전"
59Smv7wl--w.002,59Smv7wl--w.002.mp4,59Smv7wl--w,,,0.6888,"EMO-AffectNet pseudo-label (teacher=Aff-Wild2, top=Neutral 0.27, tension=0.311) - 사람 검수 전"
59Smv7wl--w.003,59Smv7wl--w.003.mp4,59Smv7wl--w,,,0.6769,"EMO-AffectNet pseudo-label (teacher=Aff-Wild2, top=Anger 0.25, tension=0.323) - 사람 검수 전"
59Smv7wl--w.005,59Smv7wl--w.005.mp4,59Smv7wl--w,,,0.696,"EMO-AffectNet pseudo-label (teacher=Aff-Wild2, top=Neutral 0.31, tension=0.304) - 사람 검수 전"
5BPGRteF64Y.001,5BPGRteF64Y.001.mp4,5BPGRteF64Y,,,0.8127,"EMO-AffectNet pseudo-label (teacher=Aff-Wild2, top=Neutral 0.47, tension=0.187) - 사람 검수 전"
5BPGRteF64Y.002,5BPGRteF64Y.002.mp4,5BPGRteF64Y,,,0.7939,"EMO-AffectNet pseudo-label (teacher=Aff-Wild2, top=Neutral 0.47, tension=0.206) - 사람 검수 전"
5BPGRteF64Y.005,5BPGRteF64Y.005.mp4,5BPGRteF64Y,,,0.8121,"EMO-AffectNet pseudo-label (teacher=Aff-Wild2, top=Neutral 0.50, tension=0.188) - 사람 검수 전"
5Bgd2zgiT0Q.004,5Bgd2zgiT0Q.004.mp4,5Bgd2zgiT0Q,,,0.7875,"EMO-AffectNet pseudo-label (teacher=Aff-Wild2, top=Surprise 0.24, tension=0.213) - 사람 검수 전"
5CRqN54uejE.000,5CRqN54uejE.000.mp4,5CRqN54uejE,,,0.8475,"EMO-AffectNet pseudo-label (teacher=Aff-Wild2, top=Happiness 0.49, tension=0.152) - 사람 검수 전"
5CRqN54uejE.002,5CRqN54uejE.002.mp4,5CRqN54uejE,,,0.9122,"EMO-AffectNet pseudo-label (teacher=Aff-Wild2, top=Happiness 0.70, tension=0.088) - 사람 검수 전"
5CRqN54uejE.005,5CRqN54uejE.005.mp4,5CRqN54uejE,,,0.8778,"EMO-AffectNet pseudo-label (teacher=Aff-Wild2, top=Happiness 0.58, tension=0.122) - 사람 검수 전"
5Eez38v8TuU.000,5Eez38v8TuU.000.mp4,5Eez38v8TuU,,,0.6975,"EMO-AffectNet pseudo-label (teacher=Aff-Wild2, top=Surprise 0.21, tension=0.303) - 사람 검수 전"
5Eez38v8TuU.003,5Eez38v8TuU.003.mp4,5Eez38v8TuU,,,0.6539,"EMO-AffectNet pseudo-label (teacher=Aff-Wild2, top=Sadness 0.22, tension=0.346) - 사람 검수 전"
5Eez38v8TuU.005,5Eez38v8TuU.005.mp4,5Eez38v8TuU,,,0.6965,"EMO-AffectNet pseudo-label (teacher=Aff-Wild2, top=Neutral 0.24, tension=0.304) - 사람 검수 전"
5IqtX-uq28E.001,5IqtX-uq28E.001.mp4,5IqtX-uq28E,,,0.7853,"EMO-AffectNet pseudo-label (teacher=Aff-Wild2, top=Neutral 0.33, tension=0.215) - 사람 검수 전"
5IqtX-uq28E.002,5IqtX-uq28E.002.mp4,5IqtX-uq28E,,,0.7809,"EMO-AffectNet pseudo-label (teacher=Aff-Wild2, top=Neutral 0.39, tension=0.219) - 사람 검수 전"
5KHOpRCxnwQ.005,5KHOpRCxnwQ.005.mp4,5KHOpRCxnwQ,,,0.7703,"EMO-AffectNet pseudo-label (teacher=Aff-Wild2, top=Surprise 0.35, tension=0.230) - 사람 검수 전"
5Ku4_r_Yxsk.000,5Ku4_r_Yxsk.000.mp4,5Ku4_r_Yxsk,,,0.6925,"EMO-AffectNet pseudo-label (teacher=Aff-Wild2, top=Neutral 0.27, tension=0.307) - 사람 검수 전"
5Ku4_r_Yxsk.001,5Ku4_r_Yxsk.001.mp4,5Ku4_r_Yxsk,,,0.732,"EMO-AffectNet pseudo-label (teacher=Aff-Wild2, top=Surprise 0.22, tension=0.268) - 사람 검수 전"
5Mc-mjLvvGU.000,5Mc-mjLvvGU.000.mp4,5Mc-mjLvvGU,,,0.7343,"EMO-AffectNet pseudo-label (teacher=Aff-Wild2, top=Neutral 0.27, tension=0.266) - 사람 검수 전"
5Mc-mjLvvGU.003,5Mc-mjLvvGU.003.mp4,5Mc-mjLvvGU,,,0.6658,"EMO-AffectNet pseudo-label (teacher=Aff-Wild2, top=Neutral 0.27, tension=0.334) - 사람 검수 전"
5PsD_NFMWpQ.000,5PsD_NFMWpQ.000.mp4,5PsD_NFMWpQ,,,0.8119,"EMO-AffectNet pseudo-label (teacher=Aff-Wild2, top=Happiness 0.31, tension=0.188) - 사람 검수 전"
5T2PhH-OMds.000,5T2PhH-OMds.000.mp4,5T2PhH-OMds,,,0.794,"EMO-AffectNet pseudo-label (teacher=Aff-Wild2, top=Surprise 0.27, tension=0.206) - 사람 검수 전"
5T2PhH-OMds.001,5T2PhH-OMds.001.mp4,5T2PhH-OMds,,,0.7792,"EMO-AffectNet pseudo-label (teacher=Aff-Wild2, top=Surprise 0.31, tension=0.221) - 사람 검수 전"
5T2PhH-OMds.003,5T2PhH-OMds.003.mp4,5T2PhH-OMds,,,0.7989,"EMO-AffectNet pseudo-label (teacher=Aff-Wild2, top=Happiness 0.33, tension=0.201) - 사람 검수 전"
5TYuLy7JLj4.000,5TYuLy7JLj4.000.mp4,5TYuLy7JLj4,,,0.702,"EMO-AffectNet pseudo-label (teacher=Aff-Wild2, top=Neutral 0.36, tension=0.298) - 사람 검수 전"
5U0xeSXEZOU.000,5U0xeSXEZOU.000.mp4,5U0xeSXEZOU,,,0.8326,"EMO-AffectNet pseudo-label (teacher=Aff-Wild2, top=Happiness 0.34, tension=0.167) - 사람 검수 전"
5U0xeSXEZOU.001,5U0xeSXEZOU.001.mp4,5U0xeSXEZOU,,,0.8989,"EMO-AffectNet pseudo-label (teacher=Aff-Wild2, top=Happiness 0.63, tension=0.101) - 사람 검수 전"
5U0xeSXEZOU.004,5U0xeSXEZOU.004.mp4,5U0xeSXEZOU,,,0.8589,"EMO-AffectNet pseudo-label (teacher=Aff-Wild2, top=Happiness 0.45, tension=0.141) - 사람 검수 전"
5U0xeSXEZOU.005,5U0xeSXEZOU.005.mp4,5U0xeSXEZOU,,,0.8496,"EMO-AffectNet pseudo-label (teacher=Aff-Wild2, top=Happiness 0.42, tension=0.150) - 사람 검수 전"
5VG1EgzvprE.000,5VG1EgzvprE.000.mp4,5VG1EgzvprE,,,0.7798,"EMO-AffectNet pseudo-label (teacher=Aff-Wild2, top=Neutral 0.32, tension=0.220) - 사람 검수 전"
5VG1EgzvprE.005,5VG1EgzvprE.005.mp4,5VG1EgzvprE,,,0.7755,"EMO-AffectNet pseudo-label (teacher=Aff-Wild2, top=Happiness 0.25, tension=0.224) - 사람 검수 전"
5Wfa94_5Psg.002,5Wfa94_5Psg.002.mp4,5Wfa94_5Psg,,,0.7629,"EMO-AffectNet pseudo-label (teacher=Aff-Wild2, top=Happiness 0.27, tension=0.237) - 사람 검수 전"
5Wfa94_5Psg.003,5Wfa94_5Psg.003.mp4,5Wfa94_5Psg,,,0.7572,"EMO-AffectNet pseudo-label (teacher=Aff-Wild2, top=Happiness 0.22, tension=0.243) - 사람 검수 전"
5Wfa94_5Psg.004,5Wfa94_5Psg.004.mp4,5Wfa94_5Psg,,,0.7319,"EMO-AffectNet pseudo-label (teacher=Aff-Wild2, top=Neutral 0.23, tension=0.268) - 사람 검수 전"
5Wmlo8Z5yVA.003,5Wmlo8Z5yVA.003.mp4,5Wmlo8Z5yVA,,,0.7538,"EMO-AffectNet pseudo-label (teacher=Aff-Wild2, top=Happiness 0.25, tension=0.246) - 사람 검수 전"
5bi_PM3XMEQ.005,5bi_PM3XMEQ.005.mp4,5bi_PM3XMEQ,,,0.7413,"EMO-AffectNet pseudo-label (teacher=Aff-Wild2, top=Neutral 0.21, tension=0.259) - 사람 검수 전"
5f6s8cwA7WQ.001,5f6s8cwA7WQ.001.mp4,5f6s8cwA7WQ,,,0.704,"EMO-AffectNet pseudo-label (teacher=Aff-Wild2, top=Surprise 0.40, tension=0.296) - 사람 검수 전"
5f6s8cwA7WQ.002,5f6s8cwA7WQ.002.mp4,5f6s8cwA7WQ,,,0.6635,"EMO-AffectNet pseudo-label (teacher=Aff-Wild2, top=Neutral 0.26, tension=0.336) - 사람 검수 전"
5f6s8cwA7WQ.004,5f6s8cwA7WQ.004.mp4,5f6s8cwA7WQ,,,0.6767,"EMO-AffectNet pseudo-label (teacher=Aff-Wild2, top=Surprise 0.21, tension=0.323) - 사람 검수 전"
5f6s8cwA7WQ.005,5f6s8cwA7WQ.005.mp4,5f6s8cwA7WQ,,,0.6942,"EMO-AffectNet pseudo-label (teacher=Aff-Wild2, top=Surprise 0.22, tension=0.306) - 사람 검수 전"
5gJsrcXQvrk.002,5gJsrcXQvrk.002.mp4,5gJsrcXQvrk,,,0.692,"EMO-AffectNet pseudo-label (teacher=Aff-Wild2, top=Neutral 0.26, tension=0.308) - 사람 검수 전"
5ghk5950BhU.002,5ghk5950BhU.002.mp4,5ghk5950BhU,,,0.7165,"EMO-AffectNet pseudo-label (teacher=Aff-Wild2, top=Neutral 0.27, tension=0.283) - 사람 검수 전"
5ghk5950BhU.004,5ghk5950BhU.004.mp4,5ghk5950BhU,,,0.7333,"EMO-AffectNet pseudo-label (teacher=Aff-Wild2, top=Neutral 0.28, tension=0.267) - 사람 검수 전"
5ghk5950BhU.005,5ghk5950BhU.005.mp4,5ghk5950BhU,,,0.769,"EMO-AffectNet pseudo-label (teacher=Aff-Wild2, top=Happiness 0.26, tension=0.231) - 사람 검수 전"
5h5Pajjc_xM.001,5h5Pajjc_xM.001.mp4,5h5Pajjc_xM,,,0.7659,"EMO-AffectNet pseudo-label (teacher=Aff-Wild2, top=Neutral 0.22, tension=0.234) - 사람 검수 전"
5hFRSHAis2E.003,5hFRSHAis2E.003.mp4,5hFRSHAis2E,,,0.6964,"EMO-AffectNet pseudo-label (teacher=Aff-Wild2, top=Neutral 0.22, tension=0.304) - 사람 검수 전"
5hFRSHAis2E.005,5hFRSHAis2E.005.mp4,5hFRSHAis2E,,,0.7844,"EMO-AffectNet pseudo-label (teacher=Aff-Wild2, top=Neutral 0.27, tension=0.216) - 사람 검수 전"
5kY-Iv6UkeU.003,5kY-Iv6UkeU.003.mp4,5kY-Iv6UkeU,,,0.7499,"EMO-AffectNet pseudo-label (teacher=Aff-Wild2, top=Neutral 0.33, tension=0.250) - 사람 검수 전"
5kaqMZ7SB9w.002,5kaqMZ7SB9w.002.mp4,5kaqMZ7SB9w,,,0.859,"EMO-AffectNet pseudo-label (teacher=Aff-Wild2, top=Happiness 0.59, tension=0.141) - 사람 검수 전"
5kwoq4EZixQ.001,5kwoq4EZixQ.001.mp4,5kwoq4EZixQ,,,0.7573,"EMO-AffectNet pseudo-label (teacher=Aff-Wild2, top=Neutral 0.30, tension=0.243) - 사람 검수 전"
5kwoq4EZixQ.003,5kwoq4EZixQ.003.mp4,5kwoq4EZixQ,,,0.7245,"EMO-AffectNet pseudo-label (teacher=Aff-Wild2, top=Neutral 0.41, tension=0.276) - 사람 검수 전"
5kwoq4EZixQ.004,5kwoq4EZixQ.004.mp4,5kwoq4EZixQ,,,0.7394,"EMO-AffectNet pseudo-label (teacher=Aff-Wild2, top=Neutral 0.47, tension=0.261) - 사람 검수 전"
5kwoq4EZixQ.005,5kwoq4EZixQ.005.mp4,5kwoq4EZixQ,,,0.7195,"EMO-AffectNet pseudo-label (teacher=Aff-Wild2, top=Neutral 0.42, tension=0.280) - 사람 검수 전"
5uFZ-2kYGO0.000,5uFZ-2kYGO0.000.mp4,5uFZ-2kYGO0,,,0.6714,"EMO-AffectNet pseudo-label (teacher=Aff-Wild2, top=Surprise 0.22, tension=0.329) - 사람 검수 전"
5wpoKhbt28c.001,5wpoKhbt28c.001.mp4,5wpoKhbt28c,,,0.7632,"EMO-AffectNet pseudo-label (teacher=Aff-Wild2, top=Surprise 0.28, tension=0.237) - 사람 검수 전"
5wpoKhbt28c.004,5wpoKhbt28c.004.mp4,5wpoKhbt28c,,,0.7851,"EMO-AffectNet pseudo-label (teacher=Aff-Wild2, top=Happiness 0.27, tension=0.215) - 사람 검수 전"
5xA8-Y5qgT0.000,5xA8-Y5qgT0.000.mp4,5xA8-Y5qgT0,,,0.7435,"EMO-AffectNet pseudo-label (teacher=Aff-Wild2, top=Neutral 0.27, tension=0.257) - 사람 검수 전"
5xA8-Y5qgT0.001,5xA8-Y5qgT0.001.mp4,5xA8-Y5qgT0,,,0.7309,"EMO-AffectNet pseudo-label (teacher=Aff-Wild2, top=Neutral 0.31, tension=0.269) - 사람 검수 전"
5xA8-Y5qgT0.003,5xA8-Y5qgT0.003.mp4,5xA8-Y5qgT0,,,0.7883,"EMO-AffectNet pseudo-label (teacher=Aff-Wild2, top=Happiness 0.27, tension=0.212) - 사람 검수 전"
5xA8-Y5qgT0.004,5xA8-Y5qgT0.004.mp4,5xA8-Y5qgT0,,,0.7408,"EMO-AffectNet pseudo-label (teacher=Aff-Wild2, top=Neutral 0.36, tension=0.259) - 사람 검수 전"
5z4G0biL9B4.000,5z4G0biL9B4.000.mp4,5z4G0biL9B4,,,0.6635,"EMO-AffectNet pseudo-label (teacher=Aff-Wild2, top=Neutral 0.31, tension=0.336) - 사람 검수 전"
5z4G0biL9B4.003,5z4G0biL9B4.003.mp4,5z4G0biL9B4,,,0.6845,"EMO-AffectNet pseudo-label (teacher=Aff-Wild2, top=Neutral 0.33, tension=0.315) - 사람 검수 전"
6-O-HJf6OZI.001,6-O-HJf6OZI.001.mp4,6-O-HJf6OZI,,,0.7745,"EMO-AffectNet pseudo-label (teacher=Aff-Wild2, top=Neutral 0.41, tension=0.225) - 사람 검수 전"
6-O-HJf6OZI.002,6-O-HJf6OZI.002.mp4,6-O-HJf6OZI,,,0.7867,"EMO-AffectNet pseudo-label (teacher=Aff-Wild2, top=Neutral 0.41, tension=0.213) - 사람 검수 전"
6-O-HJf6OZI.004,6-O-HJf6OZI.004.mp4,6-O-HJf6OZI,,,0.7774,"EMO-AffectNet pseudo-label (teacher=Aff-Wild2, top=Neutral 0.52, tension=0.223) - 사람 검수 전"
6-O-HJf6OZI.005,6-O-HJf6OZI.005.mp4,6-O-HJf6OZI,,,0.779,"EMO-AffectNet pseudo-label (teacher=Aff-Wild2, top=Neutral 0.37, tension=0.221) - 사람 검수 전"
6-_1-vBNl_0.002,6-_1-vBNl_0.002.mp4,6-_1-vBNl_0,,,0.7249,"EMO-AffectNet pseudo-label (teacher=Aff-Wild2, top=Surprise 0.28, tension=0.275) - 사람 검수 전"
6-_1-vBNl_0.003,6-_1-vBNl_0.003.mp4,6-_1-vBNl_0,,,0.7429,"EMO-AffectNet pseudo-label (teacher=Aff-Wild2, top=Neutral 0.39, tension=0.257) - 사람 검수 전"
6-_1-vBNl_0.004,6-_1-vBNl_0.004.mp4,6-_1-vBNl_0,,,0.7202,"EMO-AffectNet pseudo-label (teacher=Aff-Wild2, top=Neutral 0.32, tension=0.280) - 사람 검수 전"
62ngcaBjRCY.005,62ngcaBjRCY.005.mp4,62ngcaBjRCY,,,0.6941,"EMO-AffectNet pseudo-label (teacher=Aff-Wild2, top=Surprise 0.20, tension=0.306) - 사람 검수 전"
65xWDhgq1OE.004,65xWDhgq1OE.004.mp4,65xWDhgq1OE,,,0.796,"EMO-AffectNet pseudo-label (teacher=Aff-Wild2, top=Happiness 0.34, tension=0.204) - 사람 검수 전"
69BopbFc34U.000,69BopbFc34U.000.mp4,69BopbFc34U,,,0.6851,"EMO-AffectNet pseudo-label (teacher=Aff-Wild2, top=Sadness 0.25, tension=0.315) - 사람 검수 전"
69BopbFc34U.001,69BopbFc34U.001.mp4,69BopbFc34U,,,0.7046,"EMO-AffectNet pseudo-label (teacher=Aff-Wild2, top=Happiness 0.22, tension=0.295) - 사람 검수 전"
69BopbFc34U.004,69BopbFc34U.004.mp4,69BopbFc34U,,,0.7101,"EMO-AffectNet pseudo-label (teacher=Aff-Wild2, top=Happiness 0.21, tension=0.290) - 사람 검수 전"
69EsTnCVCp0.003,69EsTnCVCp0.003.mp4,69EsTnCVCp0,,,0.6378,"EMO-AffectNet pseudo-label (teacher=Aff-Wild2, top=Sadness 0.20, tension=0.362) - 사람 검수 전"
6CRet5sD6xI.003,6CRet5sD6xI.003.mp4,6CRet5sD6xI,,,0.639,"EMO-AffectNet pseudo-label (teacher=Aff-Wild2, top=Disgust 0.27, tension=0.361) - 사람 검수 전"
6EMgu2djYrU.001,6EMgu2djYrU.001.mp4,6EMgu2djYrU,,,0.8738,"EMO-AffectNet pseudo-label (teacher=Aff-Wild2, top=Happiness 0.51, tension=0.126) - 사람 검수 전"
6EMgu2djYrU.002,6EMgu2djYrU.002.mp4,6EMgu2djYrU,,,0.8534,"EMO-AffectNet pseudo-label (teacher=Aff-Wild2, top=Happiness 0.42, tension=0.147) - 사람 검수 전"
6EMgu2djYrU.004,6EMgu2djYrU.004.mp4,6EMgu2djYrU,,,0.8399,"EMO-AffectNet pseudo-label (teacher=Aff-Wild2, top=Happiness 0.36, tension=0.160) - 사람 검수 전"
6EMgu2djYrU.005,6EMgu2djYrU.005.mp4,6EMgu2djYrU,,,0.8605,"EMO-AffectNet pseudo-label (teacher=Aff-Wild2, top=Happiness 0.46, tension=0.139) - 사람 검수 전"
6IOtQTOyQRU.000,6IOtQTOyQRU.000.mp4,6IOtQTOyQRU,,,0.729,"EMO-AffectNet pseudo-label (teacher=Aff-Wild2, top=Neutral 0.30, tension=0.271) - 사람 검수 전"
6IOtQTOyQRU.001,6IOtQTOyQRU.001.mp4,6IOtQTOyQRU,,,0.7777,"EMO-AffectNet pseudo-label (teacher=Aff-Wild2, top=Neutral 0.28, tension=0.222) - 사람 검수 전"
6JfSPPVUgIg.003,6JfSPPVUgIg.003.mp4,6JfSPPVUgIg,,,0.6944,"EMO-AffectNet pseudo-label (teacher=Aff-Wild2, top=Neutral 0.32, tension=0.306) - 사람 검수 전"
6JfSPPVUgIg.005,6JfSPPVUgIg.005.mp4,6JfSPPVUgIg,,,0.7148,"EMO-AffectNet pseudo-label (teacher=Aff-Wild2, top=Neutral 0.32, tension=0.285) - 사람 검수 전"
6KKNrufnL80.000,6KKNrufnL80.000.mp4,6KKNrufnL80,,,0.7516,"EMO-AffectNet pseudo-label (teacher=Aff-Wild2, top=Surprise 0.32, tension=0.248) - 사람 검수 전"
6LKbPUX03sY.000,6LKbPUX03sY.000.mp4,6LKbPUX03sY,,,0.6867,"EMO-AffectNet pseudo-label (teacher=Aff-Wild2, top=Surprise 0.36, tension=0.313) - 사람 검수 전"
6LKbPUX03sY.003,6LKbPUX03sY.003.mp4,6LKbPUX03sY,,,0.7854,"EMO-AffectNet pseudo-label (teacher=Aff-Wild2, top=Happiness 0.37, tension=0.215) - 사람 검수 전"
6LKbPUX03sY.005,6LKbPUX03sY.005.mp4,6LKbPUX03sY,,,0.7183,"EMO-AffectNet pseudo-label (teacher=Aff-Wild2, top=Surprise 0.40, tension=0.282) - 사람 검수 전"
6N02tjYPLh8.000,6N02tjYPLh8.000.mp4,6N02tjYPLh8,,,0.7649,"EMO-AffectNet pseudo-label (teacher=Aff-Wild2, top=Neutral 0.42, tension=0.235) - 사람 검수 전"
6N02tjYPLh8.001,6N02tjYPLh8.001.mp4,6N02tjYPLh8,,,0.7754,"EMO-AffectNet pseudo-label (teacher=Aff-Wild2, top=Neutral 0.40, tension=0.225) - 사람 검수 전"
6N02tjYPLh8.005,6N02tjYPLh8.005.mp4,6N02tjYPLh8,,,0.7337,"EMO-AffectNet pseudo-label (teacher=Aff-Wild2, top=Neutral 0.35, tension=0.266) - 사람 검수 전"
6NHEp_CF2jE.000,6NHEp_CF2jE.000.mp4,6NHEp_CF2jE,,,0.808,"EMO-AffectNet pseudo-label (teacher=Aff-Wild2, top=Happiness 0.35, tension=0.192) - 사람 검수 전"
6NjuNY4LfQc.004,6NjuNY4LfQc.004.mp4,6NjuNY4LfQc,,,0.6973,"EMO-AffectNet pseudo-label (teacher=Aff-Wild2, top=Surprise 0.22, tension=0.303) - 사람 검수 전"
6RwVJK3husE.005,6RwVJK3husE.005.mp4,6RwVJK3husE,,,0.7995,"EMO-AffectNet pseudo-label (teacher=Aff-Wild2, top=Neutral 0.26, tension=0.201) - 사람 검수 전"
6SiutTvCDUw.000,6SiutTvCDUw.000.mp4,6SiutTvCDUw,,,0.7629,"EMO-AffectNet pseudo-label (teacher=Aff-Wild2, top=Neutral 0.27, tension=0.237) - 사람 검수 전"
6SiutTvCDUw.001,6SiutTvCDUw.001.mp4,6SiutTvCDUw,,,0.7786,"EMO-AffectNet pseudo-label (teacher=Aff-Wild2, top=Neutral 0.27, tension=0.221) - 사람 검수 전"
6TkMavTyimI.000,6TkMavTyimI.000.mp4,6TkMavTyimI,,,0.7221,"EMO-AffectNet pseudo-label (teacher=Aff-Wild2, top=Neutral 0.29, tension=0.278) - 사람 검수 전"
6TkMavTyimI.001,6TkMavTyimI.001.mp4,6TkMavTyimI,,,0.6889,"EMO-AffectNet pseudo-label (teacher=Aff-Wild2, top=Surprise 0.28, tension=0.311) - 사람 검수 전"
6TkMavTyimI.002,6TkMavTyimI.002.mp4,6TkMavTyimI,,,0.7373,"EMO-AffectNet pseudo-label (teacher=Aff-Wild2, top=Neutral 0.28, tension=0.263) - 사람 검수 전"
6TkMavTyimI.003,6TkMavTyimI.003.mp4,6TkMavTyimI,,,0.693,"EMO-AffectNet pseudo-label (teacher=Aff-Wild2, top=Surprise 0.31, tension=0.307) - 사람 검수 전"
6TkMavTyimI.004,6TkMavTyimI.004.mp4,6TkMavTyimI,,,0.6868,"EMO-AffectNet pseudo-label (teacher=Aff-Wild2, top=Neutral 0.24, tension=0.313) - 사람 검수 전"
6TkMavTyimI.005,6TkMavTyimI.005.mp4,6TkMavTyimI,,,0.7104,"EMO-AffectNet pseudo-label (teacher=Aff-Wild2, top=Neutral 0.20, tension=0.290) - 사람 검수 전"
6V92xyqy0q4.000,6V92xyqy0q4.000.mp4,6V92xyqy0q4,,,0.7565,"EMO-AffectNet pseudo-label (teacher=Aff-Wild2, top=Neutral 0.33, tension=0.244) - 사람 검수 전"
6V92xyqy0q4.001,6V92xyqy0q4.001.mp4,6V92xyqy0q4,,,0.7699,"EMO-AffectNet pseudo-label (teacher=Aff-Wild2, top=Neutral 0.42, tension=0.230) - 사람 검수 전"
6WSr4IW6cNI.000,6WSr4IW6cNI.000.mp4,6WSr4IW6cNI,,,0.5749,"EMO-AffectNet pseudo-label (teacher=Aff-Wild2, top=Disgust 0.45, tension=0.425) - 사람 검수 전"
6WSr4IW6cNI.003,6WSr4IW6cNI.003.mp4,6WSr4IW6cNI,,,0.549,"EMO-AffectNet pseudo-label (teacher=Aff-Wild2, top=Disgust 0.62, tension=0.451) - 사람 검수 전"
6e5BsNaQmTo.003,6e5BsNaQmTo.003.mp4,6e5BsNaQmTo,,,0.7492,"EMO-AffectNet pseudo-label (teacher=Aff-Wild2, top=Neutral 0.22, tension=0.251) - 사람 검수 전"
6ePyEPQp77Q.001,6ePyEPQp77Q.001.mp4,6ePyEPQp77Q,,,0.6916,"EMO-AffectNet pseudo-label (teacher=Aff-Wild2, top=Neutral 0.29, tension=0.308) - 사람 검수 전"
6ePyEPQp77Q.002,6ePyEPQp77Q.002.mp4,6ePyEPQp77Q,,,0.6982,"EMO-AffectNet pseudo-label (teacher=Aff-Wild2, top=Neutral 0.33, tension=0.302) - 사람 검수 전"
6ePyEPQp77Q.004,6ePyEPQp77Q.004.mp4,6ePyEPQp77Q,,,0.7227,"EMO-AffectNet pseudo-label (teacher=Aff-Wild2, top=Neutral 0.36, tension=0.277) - 사람 검수 전"
6ePyEPQp77Q.005,6ePyEPQp77Q.005.mp4,6ePyEPQp77Q,,,0.7223,"EMO-AffectNet pseudo-label (teacher=Aff-Wild2, top=Neutral 0.32, tension=0.278) - 사람 검수 전"
6h6kk-tPzmE.000,6h6kk-tPzmE.000.mp4,6h6kk-tPzmE,,,0.7959,"EMO-AffectNet pseudo-label (teacher=Aff-Wild2, top=Happiness 0.25, tension=0.204) - 사람 검수 전"
6k8RQViPUTc.000,6k8RQViPUTc.000.mp4,6k8RQViPUTc,,,0.6898,"EMO-AffectNet pseudo-label (teacher=Aff-Wild2, top=Neutral 0.26, tension=0.310) - 사람 검수 전"
6nbxAP_ZKQQ.000,6nbxAP_ZKQQ.000.mp4,6nbxAP_ZKQQ,,,0.8074,"EMO-AffectNet pseudo-label (teacher=Aff-Wild2, top=Neutral 0.45, tension=0.193) - 사람 검수 전"
6nbxAP_ZKQQ.005,6nbxAP_ZKQQ.005.mp4,6nbxAP_ZKQQ,,,0.7917,"EMO-AffectNet pseudo-label (teacher=Aff-Wild2, top=Neutral 0.43, tension=0.208) - 사람 검수 전"
6nv6D2moFQw.002,6nv6D2moFQw.002.mp4,6nv6D2moFQw,,,0.7942,"EMO-AffectNet pseudo-label (teacher=Aff-Wild2, top=Neutral 0.32, tension=0.206) - 사람 검수 전"
6nv6D2moFQw.003,6nv6D2moFQw.003.mp4,6nv6D2moFQw,,,0.8123,"EMO-AffectNet pseudo-label (teacher=Aff-Wild2, top=Happiness 0.33, tension=0.188) - 사람 검수 전"
6nv6D2moFQw.005,6nv6D2moFQw.005.mp4,6nv6D2moFQw,,,0.8265,"EMO-AffectNet pseudo-label (teacher=Aff-Wild2, top=Happiness 0.41, tension=0.173) - 사람 검수 전"
6oL9yyc9iJc.001,6oL9yyc9iJc.001.mp4,6oL9yyc9iJc,,,0.7676,"EMO-AffectNet pseudo-label (teacher=Aff-Wild2, top=Happiness 0.25, tension=0.232) - 사람 검수 전"
6oL9yyc9iJc.003,6oL9yyc9iJc.003.mp4,6oL9yyc9iJc,,,0.7825,"EMO-AffectNet pseudo-label (teacher=Aff-Wild2, top=Happiness 0.30, tension=0.218) - 사람 검수 전"
6tBnFWDqvJE.003,6tBnFWDqvJE.003.mp4,6tBnFWDqvJE,,,0.7893,"EMO-AffectNet pseudo-label (teacher=Aff-Wild2, top=Happiness 0.35, tension=0.211) - 사람 검수 전"
6tyhnIgNVs8.005,6tyhnIgNVs8.005.mp4,6tyhnIgNVs8,,,0.7257,"EMO-AffectNet pseudo-label (teacher=Aff-Wild2, top=Neutral 0.27, tension=0.274) - 사람 검수 전"
6uqXoPJSoPg.000,6uqXoPJSoPg.000.mp4,6uqXoPJSoPg,,,0.77,"EMO-AffectNet pseudo-label (teacher=Aff-Wild2, top=Neutral 0.36, tension=0.230) - 사람 검수 전"
6uqXoPJSoPg.003,6uqXoPJSoPg.003.mp4,6uqXoPJSoPg,,,0.7693,"EMO-AffectNet pseudo-label (teacher=Aff-Wild2, top=Neutral 0.43, tension=0.231) - 사람 검수 전"
6uqXoPJSoPg.004,6uqXoPJSoPg.004.mp4,6uqXoPJSoPg,,,0.7405,"EMO-AffectNet pseudo-label (teacher=Aff-Wild2, top=Neutral 0.27, tension=0.260) - 사람 검수 전"
6uqXoPJSoPg.005,6uqXoPJSoPg.005.mp4,6uqXoPJSoPg,,,0.8087,"EMO-AffectNet pseudo-label (teacher=Aff-Wild2, top=Neutral 0.29, tension=0.191) - 사람 검수 전"
6wHQsN5g2RM.000,6wHQsN5g2RM.000.mp4,6wHQsN5g2RM,,,0.6834,"EMO-AffectNet pseudo-label (teacher=Aff-Wild2, top=Neutral 0.24, tension=0.317) - 사람 검수 전"
6wHQsN5g2RM.002,6wHQsN5g2RM.002.mp4,6wHQsN5g2RM,,,0.7365,"EMO-AffectNet pseudo-label (teacher=Aff-Wild2, top=Neutral 0.30, tension=0.264) - 사람 검수 전"
6wHQsN5g2RM.003,6wHQsN5g2RM.003.mp4,6wHQsN5g2RM,,,0.7499,"EMO-AffectNet pseudo-label (teacher=Aff-Wild2, top=Neutral 0.27, tension=0.250) - 사람 검수 전"
6wHQsN5g2RM.004,6wHQsN5g2RM.004.mp4,6wHQsN5g2RM,,,0.788,"EMO-AffectNet pseudo-label (teacher=Aff-Wild2, top=Happiness 0.27, tension=0.212) - 사람 검수 전"
6wIEiqmuHOM.000,6wIEiqmuHOM.000.mp4,6wIEiqmuHOM,,,0.7559,"EMO-AffectNet pseudo-label (teacher=Aff-Wild2, top=Neutral 0.34, tension=0.244) - 사람 검수 전"
6waL_gUxtAM.000,6waL_gUxtAM.000.mp4,6waL_gUxtAM,,,0.7691,"EMO-AffectNet pseudo-label (teacher=Aff-Wild2, top=Surprise 0.32, tension=0.231) - 사람 검수 전"
6waL_gUxtAM.004,6waL_gUxtAM.004.mp4,6waL_gUxtAM,,,0.7349,"EMO-AffectNet pseudo-label (teacher=Aff-Wild2, top=Surprise 0.27, tension=0.265) - 사람 검수 전"
6xlHkQDHxbs.000,6xlHkQDHxbs.000.mp4,6xlHkQDHxbs,,,0.7823,"EMO-AffectNet pseudo-label (teacher=Aff-Wild2, top=Happiness 0.36, tension=0.218) - 사람 검수 전"
6zm71IHOCZA.000,6zm71IHOCZA.000.mp4,6zm71IHOCZA,,,0.5697,"EMO-AffectNet pseudo-label (teacher=Aff-Wild2, top=Disgust 0.39, tension=0.430) - 사람 검수 전"
6zm71IHOCZA.001,6zm71IHOCZA.001.mp4,6zm71IHOCZA,,,0.6696,"EMO-AffectNet pseudo-label (teacher=Aff-Wild2, top=Disgust 0.25, tension=0.330) - 사람 검수 전"
6zm71IHOCZA.002,6zm71IHOCZA.002.mp4,6zm71IHOCZA,,,0.6391,"EMO-AffectNet pseudo-label (teacher=Aff-Wild2, top=Sadness 0.19, tension=0.361) - 사람 검수 전"
70FJFG-MISQ.004,70FJFG-MISQ.004.mp4,70FJFG-MISQ,,,0.7377,"EMO-AffectNet pseudo-label (teacher=Aff-Wild2, top=Neutral 0.30, tension=0.262) - 사람 검수 전"
75XbCb7G8kw.001,75XbCb7G8kw.001.mp4,75XbCb7G8kw,,,0.6802,"EMO-AffectNet pseudo-label (teacher=Aff-Wild2, top=Anger 0.34, tension=0.320) - 사람 검수 전"
75XbCb7G8kw.002,75XbCb7G8kw.002.mp4,75XbCb7G8kw,,,0.6796,"EMO-AffectNet pseudo-label (teacher=Aff-Wild2, top=Anger 0.29, tension=0.320) - 사람 검수 전"
78zauTEQ-k8.000,78zauTEQ-k8.000.mp4,78zauTEQ-k8,,,0.7117,"EMO-AffectNet pseudo-label (teacher=Aff-Wild2, top=Neutral 0.30, tension=0.288) - 사람 검수 전"
78zauTEQ-k8.001,78zauTEQ-k8.001.mp4,78zauTEQ-k8,,,0.6989,"EMO-AffectNet pseudo-label (teacher=Aff-Wild2, top=Neutral 0.33, tension=0.301) - 사람 검수 전"
78zauTEQ-k8.004,78zauTEQ-k8.004.mp4,78zauTEQ-k8,,,0.7054,"EMO-AffectNet pseudo-label (teacher=Aff-Wild2, top=Neutral 0.27, tension=0.295) - 사람 검수 전"
79xbT95IyKI.001,79xbT95IyKI.001.mp4,79xbT95IyKI,,,0.7626,"EMO-AffectNet pseudo-label (teacher=Aff-Wild2, top=Happiness 0.34, tension=0.237) - 사람 검수 전"
7BgScfRre5M.001,7BgScfRre5M.001.mp4,7BgScfRre5M,,,0.8417,"EMO-AffectNet pseudo-label (teacher=Aff-Wild2, top=Happiness 0.51, tension=0.158) - 사람 검수 전"
7BgScfRre5M.003,7BgScfRre5M.003.mp4,7BgScfRre5M,,,0.8262,"EMO-AffectNet pseudo-label (teacher=Aff-Wild2, top=Happiness 0.44, tension=0.174) - 사람 검수 전"
7BgScfRre5M.004,7BgScfRre5M.004.mp4,7BgScfRre5M,,,0.7292,"EMO-AffectNet pseudo-label (teacher=Aff-Wild2, top=Happiness 0.21, tension=0.271) - 사람 검수 전"
7FXs86Z98E0.002,7FXs86Z98E0.002.mp4,7FXs86Z98E0,,,0.7495,"EMO-AffectNet pseudo-label (teacher=Aff-Wild2, top=Surprise 0.22, tension=0.251) - 사람 검수 전"
7GRC7XjGzX8.001,7GRC7XjGzX8.001.mp4,7GRC7XjGzX8,,,0.7468,"EMO-AffectNet pseudo-label (teacher=Aff-Wild2, top=Surprise 0.30, tension=0.253) - 사람 검수 전"
7GRC7XjGzX8.003,7GRC7XjGzX8.003.mp4,7GRC7XjGzX8,,,0.8132,"EMO-AffectNet pseudo-label (teacher=Aff-Wild2, top=Happiness 0.43, tension=0.187) - 사람 검수 전"
7I-B2bBL0K0.004,7I-B2bBL0K0.004.mp4,7I-B2bBL0K0,,,0.7176,"EMO-AffectNet pseudo-label (teacher=Aff-Wild2, top=Neutral 0.36, tension=0.282) - 사람 검수 전"
7IegDaeNlik.000,7IegDaeNlik.000.mp4,7IegDaeNlik,,,0.6656,"EMO-AffectNet pseudo-label (teacher=Aff-Wild2, top=Sadness 0.20, tension=0.334) - 사람 검수 전"
7IegDaeNlik.002,7IegDaeNlik.002.mp4,7IegDaeNlik,,,0.7612,"EMO-AffectNet pseudo-label (teacher=Aff-Wild2, top=Happiness 0.31, tension=0.239) - 사람 검수 전"
7IegDaeNlik.003,7IegDaeNlik.003.mp4,7IegDaeNlik,,,0.5949,"EMO-AffectNet pseudo-label (teacher=Aff-Wild2, top=Sadness 0.36, tension=0.405) - 사람 검수 전"
7IegDaeNlik.005,7IegDaeNlik.005.mp4,7IegDaeNlik,,,0.672,"EMO-AffectNet pseudo-label (teacher=Aff-Wild2, top=Fear 0.18, tension=0.328) - 사람 검수 전"
7Kn5VT9bB4I.001,7Kn5VT9bB4I.001.mp4,7Kn5VT9bB4I,,,0.6845,"EMO-AffectNet pseudo-label (teacher=Aff-Wild2, top=Neutral 0.23, tension=0.315) - 사람 검수 전"
7LHmNEH65Pk.000,7LHmNEH65Pk.000.mp4,7LHmNEH65Pk,,,0.706,"EMO-AffectNet pseudo-label (teacher=Aff-Wild2, top=Surprise 0.27, tension=0.294) - 사람 검수 전"
7LHmNEH65Pk.002,7LHmNEH65Pk.002.mp4,7LHmNEH65Pk,,,0.6877,"EMO-AffectNet pseudo-label (teacher=Aff-Wild2, top=Surprise 0.22, tension=0.312) - 사람 검수 전"
7LHmNEH65Pk.004,7LHmNEH65Pk.004.mp4,7LHmNEH65Pk,,,0.6661,"EMO-AffectNet pseudo-label (teacher=Aff-Wild2, top=Fear 0.25, tension=0.334) - 사람 검수 전"
7LHmNEH65Pk.005,7LHmNEH65Pk.005.mp4,7LHmNEH65Pk,,,0.6778,"EMO-AffectNet pseudo-label (teacher=Aff-Wild2, top=Neutral 0.22, tension=0.322) - 사람 검수 전"
7MwZm3mhSA8.004,7MwZm3mhSA8.004.mp4,7MwZm3mhSA8,,,0.7925,"EMO-AffectNet pseudo-label (teacher=Aff-Wild2, top=Neutral 0.33, tension=0.207) - 사람 검수 전"
7P2F5Mk_Q1s.000,7P2F5Mk_Q1s.000.mp4,7P2F5Mk_Q1s,,,0.7664,"EMO-AffectNet pseudo-label (teacher=Aff-Wild2, top=Neutral 0.46, tension=0.234) - 사람 검수 전"
7P2F5Mk_Q1s.002,7P2F5Mk_Q1s.002.mp4,7P2F5Mk_Q1s,,,0.7595,"EMO-AffectNet pseudo-label (teacher=Aff-Wild2, top=Neutral 0.39, tension=0.241) - 사람 검수 전"
7PYAn9njCHI.001,7PYAn9njCHI.001.mp4,7PYAn9njCHI,,,0.779,"EMO-AffectNet pseudo-label (teacher=Aff-Wild2, top=Neutral 0.46, tension=0.221) - 사람 검수 전"
7PYAn9njCHI.004,7PYAn9njCHI.004.mp4,7PYAn9njCHI,,,0.7644,"EMO-AffectNet pseudo-label (teacher=Aff-Wild2, top=Neutral 0.47, tension=0.236) - 사람 검수 전"
7QeVs-mXmcI.003,7QeVs-mXmcI.003.mp4,7QeVs-mXmcI,,,0.6753,"EMO-AffectNet pseudo-label (teacher=Aff-Wild2, top=Surprise 0.22, tension=0.325) - 사람 검수 전"
7RQbn7LM10I.000,7RQbn7LM10I.000.mp4,7RQbn7LM10I,,,0.6823,"EMO-AffectNet pseudo-label (teacher=Aff-Wild2, top=Anger 0.39, tension=0.318) - 사람 검수 전"
7TvOygqwNuE.000,7TvOygqwNuE.000.mp4,7TvOygqwNuE,,,0.7402,"EMO-AffectNet pseudo-label (teacher=Aff-Wild2, top=Neutral 0.32, tension=0.260) - 사람 검수 전"
7UQt8QB3cQY.001,7UQt8QB3cQY.001.mp4,7UQt8QB3cQY,,,0.6405,"EMO-AffectNet pseudo-label (teacher=Aff-Wild2, top=Disgust 0.32, tension=0.359) - 사람 검수 전"
7UQt8QB3cQY.002,7UQt8QB3cQY.002.mp4,7UQt8QB3cQY,,,0.6301,"EMO-AffectNet pseudo-label (teacher=Aff-Wild2, top=Disgust 0.39, tension=0.370) - 사람 검수 전"
7UQt8QB3cQY.003,7UQt8QB3cQY.003.mp4,7UQt8QB3cQY,,,0.6397,"EMO-AffectNet pseudo-label (teacher=Aff-Wild2, top=Disgust 0.32, tension=0.360) - 사람 검수 전"
7UQt8QB3cQY.004,7UQt8QB3cQY.004.mp4,7UQt8QB3cQY,,,0.6565,"EMO-AffectNet pseudo-label (teacher=Aff-Wild2, top=Disgust 0.28, tension=0.344) - 사람 검수 전"
7Wr-fwmpRfw.001,7Wr-fwmpRfw.001.mp4,7Wr-fwmpRfw,,,0.7534,"EMO-AffectNet pseudo-label (teacher=Aff-Wild2, top=Neutral 0.45, tension=0.247) - 사람 검수 전"
7Wr-fwmpRfw.003,7Wr-fwmpRfw.003.mp4,7Wr-fwmpRfw,,,0.7598,"EMO-AffectNet pseudo-label (teacher=Aff-Wild2, top=Neutral 0.46, tension=0.240) - 사람 검수 전"
7Y3S4nfQHeo.001,7Y3S4nfQHeo.001.mp4,7Y3S4nfQHeo,,,0.6763,"EMO-AffectNet pseudo-label (teacher=Aff-Wild2, top=Anger 0.37, tension=0.324) - 사람 검수 전"
7Y3S4nfQHeo.002,7Y3S4nfQHeo.002.mp4,7Y3S4nfQHeo,,,0.6615,"EMO-AffectNet pseudo-label (teacher=Aff-Wild2, top=Anger 0.44, tension=0.339) - 사람 검수 전"
7Y3S4nfQHeo.005,7Y3S4nfQHeo.005.mp4,7Y3S4nfQHeo,,,0.6623,"EMO-AffectNet pseudo-label (teacher=Aff-Wild2, top=Anger 0.38, tension=0.338) - 사람 검수 전"
7Y4cUPFEt-4.000,7Y4cUPFEt-4.000.mp4,7Y4cUPFEt-4,,,0.8228,"EMO-AffectNet pseudo-label (teacher=Aff-Wild2, top=Happiness 0.34, tension=0.177) - 사람 검수 전"
7Y4cUPFEt-4.002,7Y4cUPFEt-4.002.mp4,7Y4cUPFEt-4,,,0.7777,"EMO-AffectNet pseudo-label (teacher=Aff-Wild2, top=Neutral 0.27, tension=0.222) - 사람 검수 전"
7Y4cUPFEt-4.005,7Y4cUPFEt-4.005.mp4,7Y4cUPFEt-4,,,0.8058,"EMO-AffectNet pseudo-label (teacher=Aff-Wild2, top=Surprise 0.35, tension=0.194) - 사람 검수 전"
7ZnijRlK5-E.002,7ZnijRlK5-E.002.mp4,7ZnijRlK5-E,,,0.7285,"EMO-AffectNet pseudo-label (teacher=Aff-Wild2, top=Surprise 0.23, tension=0.271) - 사람 검수 전"
7ZnijRlK5-E.003,7ZnijRlK5-E.003.mp4,7ZnijRlK5-E,,,0.6519,"EMO-AffectNet pseudo-label (teacher=Aff-Wild2, top=Sadness 0.30, tension=0.348) - 사람 검수 전"
7b9DirXrkHo.002,7b9DirXrkHo.002.mp4,7b9DirXrkHo,,,0.7065,"EMO-AffectNet pseudo-label (teacher=Aff-Wild2, top=Neutral 0.23, tension=0.294) - 사람 검수 전"
7b9DirXrkHo.003,7b9DirXrkHo.003.mp4,7b9DirXrkHo,,,0.7068,"EMO-AffectNet pseudo-label (teacher=Aff-Wild2, top=Neutral 0.35, tension=0.293) - 사람 검수 전"
7gyJdWaLpmE.003,7gyJdWaLpmE.003.mp4,7gyJdWaLpmE,,,0.7166,"EMO-AffectNet pseudo-label (teacher=Aff-Wild2, top=Neutral 0.30, tension=0.283) - 사람 검수 전"
7gyJdWaLpmE.004,7gyJdWaLpmE.004.mp4,7gyJdWaLpmE,,,0.7378,"EMO-AffectNet pseudo-label (teacher=Aff-Wild2, top=Neutral 0.35, tension=0.262) - 사람 검수 전"
7kO7jYYUVWg.004,7kO7jYYUVWg.004.mp4,7kO7jYYUVWg,,,0.7808,"EMO-AffectNet pseudo-label (teacher=Aff-Wild2, top=Happiness 0.34, tension=0.219) - 사람 검수 전"
7nJPNkWZDOY.003,7nJPNkWZDOY.003.mp4,7nJPNkWZDOY,,,0.8169,"EMO-AffectNet pseudo-label (teacher=Aff-Wild2, top=Happiness 0.42, tension=0.183) - 사람 검수 전"
7nhJXn9PI0I.001,7nhJXn9PI0I.001.mp4,7nhJXn9PI0I,,,0.6608,"EMO-AffectNet pseudo-label (teacher=Aff-Wild2, top=Fear 0.26, tension=0.339) - 사람 검수 전"
7nhJXn9PI0I.004,7nhJXn9PI0I.004.mp4,7nhJXn9PI0I,,,0.6977,"EMO-AffectNet pseudo-label (teacher=Aff-Wild2, top=Neutral 0.21, tension=0.302) - 사람 검수 전"
7nhJXn9PI0I.005,7nhJXn9PI0I.005.mp4,7nhJXn9PI0I,,,0.6237,"EMO-AffectNet pseudo-label (teacher=Aff-Wild2, top=Fear 0.25, tension=0.376) - 사람 검수 전"
7pLWTfnOSIU.001,7pLWTfnOSIU.001.mp4,7pLWTfnOSIU,,,0.7049,"EMO-AffectNet pseudo-label (teacher=Aff-Wild2, top=Neutral 0.34, tension=0.295) - 사람 검수 전"
7pLWTfnOSIU.004,7pLWTfnOSIU.004.mp4,7pLWTfnOSIU,,,0.7592,"EMO-AffectNet pseudo-label (teacher=Aff-Wild2, top=Neutral 0.44, tension=0.241) - 사람 검수 전"
7pLYJKO75_c.001,7pLYJKO75_c.001.mp4,7pLYJKO75_c,,,0.8003,"EMO-AffectNet pseudo-label (teacher=Aff-Wild2, top=Happiness 0.37, tension=0.200) - 사람 검수 전"
7qGYGbIg45c.002,7qGYGbIg45c.002.mp4,7qGYGbIg45c,,,0.7491,"EMO-AffectNet pseudo-label (teacher=Aff-Wild2, top=Neutral 0.29, tension=0.251) - 사람 검수 전"
7qGYGbIg45c.004,7qGYGbIg45c.004.mp4,7qGYGbIg45c,,,0.7521,"EMO-AffectNet pseudo-label (teacher=Aff-Wild2, top=Neutral 0.32, tension=0.248) - 사람 검수 전"
7qGYGbIg45c.005,7qGYGbIg45c.005.mp4,7qGYGbIg45c,,,0.7538,"EMO-AffectNet pseudo-label (teacher=Aff-Wild2, top=Neutral 0.30, tension=0.246) - 사람 검수 전"
7rZF73nDGEY.003,7rZF73nDGEY.003.mp4,7rZF73nDGEY,,,0.7554,"EMO-AffectNet pseudo-label (teacher=Aff-Wild2, top=Neutral 0.24, tension=0.245) - 사람 검수 전"
7s3itKIXww0.002,7s3itKIXww0.002.mp4,7s3itKIXww0,,,0.6579,"EMO-AffectNet pseudo-label (teacher=Aff-Wild2, top=Sadness 0.33, tension=0.342) - 사람 검수 전"
7tlMys6MZ34.000,7tlMys6MZ34.000.mp4,7tlMys6MZ34,,,0.6587,"EMO-AffectNet pseudo-label (teacher=Aff-Wild2, top=Neutral 0.30, tension=0.341) - 사람 검수 전"
7tlMys6MZ34.001,7tlMys6MZ34.001.mp4,7tlMys6MZ34,,,0.7012,"EMO-AffectNet pseudo-label (teacher=Aff-Wild2, top=Neutral 0.33, tension=0.299) - 사람 검수 전"
7tlMys6MZ34.003,7tlMys6MZ34.003.mp4,7tlMys6MZ34,,,0.7529,"EMO-AffectNet pseudo-label (teacher=Aff-Wild2, top=Neutral 0.33, tension=0.247) - 사람 검수 전"
7tlMys6MZ34.004,7tlMys6MZ34.004.mp4,7tlMys6MZ34,,,0.7096,"EMO-AffectNet pseudo-label (teacher=Aff-Wild2, top=Neutral 0.39, tension=0.290) - 사람 검수 전"
7tlMys6MZ34.005,7tlMys6MZ34.005.mp4,7tlMys6MZ34,,,0.6795,"EMO-AffectNet pseudo-label (teacher=Aff-Wild2, top=Neutral 0.31, tension=0.320) - 사람 검수 전"
7vF5WLD1RxY.003,7vF5WLD1RxY.003.mp4,7vF5WLD1RxY,,,0.8827,"EMO-AffectNet pseudo-label (teacher=Aff-Wild2, top=Happiness 0.59, tension=0.117) - 사람 검수 전"
7wsksuXYoMY.000,7wsksuXYoMY.000.mp4,7wsksuXYoMY,,,0.8045,"EMO-AffectNet pseudo-label (teacher=Aff-Wild2, top=Happiness 0.41, tension=0.195) - 사람 검수 전"
7wsksuXYoMY.001,7wsksuXYoMY.001.mp4,7wsksuXYoMY,,,0.746,"EMO-AffectNet pseudo-label (teacher=Aff-Wild2, top=Happiness 0.23, tension=0.254) - 사람 검수 전"
7wsksuXYoMY.002,7wsksuXYoMY.002.mp4,7wsksuXYoMY,,,0.7218,"EMO-AffectNet pseudo-label (teacher=Aff-Wild2, top=Happiness 0.22, tension=0.278) - 사람 검수 전"
7wsksuXYoMY.004,7wsksuXYoMY.004.mp4,7wsksuXYoMY,,,0.6953,"EMO-AffectNet pseudo-label (teacher=Aff-Wild2, top=Neutral 0.19, tension=0.305) - 사람 검수 전"
7wsksuXYoMY.005,7wsksuXYoMY.005.mp4,7wsksuXYoMY,,,0.7625,"EMO-AffectNet pseudo-label (teacher=Aff-Wild2, top=Happiness 0.30, tension=0.237) - 사람 검수 전"
8-OKP1nf19E.000,8-OKP1nf19E.000.mp4,8-OKP1nf19E,,,0.7951,"EMO-AffectNet pseudo-label (teacher=Aff-Wild2, top=Happiness 0.27, tension=0.205) - 사람 검수 전"
8-OKP1nf19E.001,8-OKP1nf19E.001.mp4,8-OKP1nf19E,,,0.777,"EMO-AffectNet pseudo-label (teacher=Aff-Wild2, top=Neutral 0.26, tension=0.223) - 사람 검수 전"
8-OKP1nf19E.005,8-OKP1nf19E.005.mp4,8-OKP1nf19E,,,0.76,"EMO-AffectNet pseudo-label (teacher=Aff-Wild2, top=Surprise 0.26, tension=0.240) - 사람 검수 전"
81f9t2HMNas.001,81f9t2HMNas.001.mp4,81f9t2HMNas,,,0.6977,"EMO-AffectNet pseudo-label (teacher=Aff-Wild2, top=Neutral 0.28, tension=0.302) - 사람 검수 전"
81f9t2HMNas.002,81f9t2HMNas.002.mp4,81f9t2HMNas,,,0.7354,"EMO-AffectNet pseudo-label (teacher=Aff-Wild2, top=Happiness 0.21, tension=0.265) - 사람 검수 전"
81f9t2HMNas.003,81f9t2HMNas.003.mp4,81f9t2HMNas,,,0.6849,"EMO-AffectNet pseudo-label (teacher=Aff-Wild2, top=Anger 0.24, tension=0.315) - 사람 검수 전"
81f9t2HMNas.004,81f9t2HMNas.004.mp4,81f9t2HMNas,,,0.7125,"EMO-AffectNet pseudo-label (teacher=Aff-Wild2, top=Neutral 0.34, tension=0.288) - 사람 검수 전"
81f9t2HMNas.005,81f9t2HMNas.005.mp4,81f9t2HMNas,,,0.7965,"EMO-AffectNet pseudo-label (teacher=Aff-Wild2, top=Happiness 0.33, tension=0.203) - 사람 검수 전"
836kYlEs9GI.001,836kYlEs9GI.001.mp4,836kYlEs9GI,,,0.8466,"EMO-AffectNet pseudo-label (teacher=Aff-Wild2, top=Happiness 0.51, tension=0.153) - 사람 검수 전"
836kYlEs9GI.002,836kYlEs9GI.002.mp4,836kYlEs9GI,,,0.798,"EMO-AffectNet pseudo-label (teacher=Aff-Wild2, top=Surprise 0.44, tension=0.202) - 사람 검수 전"
836kYlEs9GI.003,836kYlEs9GI.003.mp4,836kYlEs9GI,,,0.7976,"EMO-AffectNet pseudo-label (teacher=Aff-Wild2, top=Surprise 0.43, tension=0.202) - 사람 검수 전"
83cmR2fkyy8.002,83cmR2fkyy8.002.mp4,83cmR2fkyy8,,,0.8096,"EMO-AffectNet pseudo-label (teacher=Aff-Wild2, top=Happiness 0.39, tension=0.190) - 사람 검수 전"
83cmR2fkyy8.004,83cmR2fkyy8.004.mp4,83cmR2fkyy8,,,0.8086,"EMO-AffectNet pseudo-label (teacher=Aff-Wild2, top=Happiness 0.40, tension=0.191) - 사람 검수 전"
83cmR2fkyy8.005,83cmR2fkyy8.005.mp4,83cmR2fkyy8,,,0.8615,"EMO-AffectNet pseudo-label (teacher=Aff-Wild2, top=Happiness 0.55, tension=0.138) - 사람 검수 전"
84Lz5a9yRZg.001,84Lz5a9yRZg.001.mp4,84Lz5a9yRZg,,,0.8166,"EMO-AffectNet pseudo-label (teacher=Aff-Wild2, top=Happiness 0.33, tension=0.183) - 사람 검수 전"
84Lz5a9yRZg.002,84Lz5a9yRZg.002.mp4,84Lz5a9yRZg,,,0.7983,"EMO-AffectNet pseudo-label (teacher=Aff-Wild2, top=Neutral 0.31, tension=0.202) - 사람 검수 전"
84Lz5a9yRZg.004,84Lz5a9yRZg.004.mp4,84Lz5a9yRZg,,,0.7625,"EMO-AffectNet pseudo-label (teacher=Aff-Wild2, top=Neutral 0.31, tension=0.237) - 사람 검수 전"
84emxO86qa8.001,84emxO86qa8.001.mp4,84emxO86qa8,,,0.9153,"EMO-AffectNet pseudo-label (teacher=Aff-Wild2, top=Happiness 0.72, tension=0.085) - 사람 검수 전"
84emxO86qa8.002,84emxO86qa8.002.mp4,84emxO86qa8,,,0.9185,"EMO-AffectNet pseudo-label (teacher=Aff-Wild2, top=Happiness 0.73, tension=0.082) - 사람 검수 전"
84emxO86qa8.005,84emxO86qa8.005.mp4,84emxO86qa8,,,0.8662,"EMO-AffectNet pseudo-label (teacher=Aff-Wild2, top=Happiness 0.56, tension=0.134) - 사람 검수 전"
853IG69l2SE.000,853IG69l2SE.000.mp4,853IG69l2SE,,,0.7519,"EMO-AffectNet pseudo-label (teacher=Aff-Wild2, top=Anger 0.24, tension=0.248) - 사람 검수 전"
853IG69l2SE.003,853IG69l2SE.003.mp4,853IG69l2SE,,,0.7268,"EMO-AffectNet pseudo-label (teacher=Aff-Wild2, top=Anger 0.29, tension=0.273) - 사람 검수 전"
86HyqfDcAJM.001,86HyqfDcAJM.001.mp4,86HyqfDcAJM,,,0.7551,"EMO-AffectNet pseudo-label (teacher=Aff-Wild2, top=Neutral 0.34, tension=0.245) - 사람 검수 전"
86upzmhvpXw.001,86upzmhvpXw.001.mp4,86upzmhvpXw,,,0.7902,"EMO-AffectNet pseudo-label (teacher=Aff-Wild2, top=Neutral 0.38, tension=0.210) - 사람 검수 전"
86upzmhvpXw.002,86upzmhvpXw.002.mp4,86upzmhvpXw,,,0.7982,"EMO-AffectNet pseudo-label (teacher=Aff-Wild2, top=Neutral 0.39, tension=0.202) - 사람 검수 전"
86upzmhvpXw.005,86upzmhvpXw.005.mp4,86upzmhvpXw,,,0.7451,"EMO-AffectNet pseudo-label (teacher=Aff-Wild2, top=Neutral 0.38, tension=0.255) - 사람 검수 전"
87r3cLkrw4A.002,87r3cLkrw4A.002.mp4,87r3cLkrw4A,,,0.6192,"EMO-AffectNet pseudo-label (teacher=Aff-Wild2, top=Sadness 0.32, tension=0.381) - 사람 검수 전"
8AnIttmflwI.002,8AnIttmflwI.002.mp4,8AnIttmflwI,,,0.7264,"EMO-AffectNet pseudo-label (teacher=Aff-Wild2, top=Neutral 0.28, tension=0.274) - 사람 검수 전"
8AyIkT2Dg14.003,8AyIkT2Dg14.003.mp4,8AyIkT2Dg14,,,0.8251,"EMO-AffectNet pseudo-label (teacher=Aff-Wild2, top=Happiness 0.37, tension=0.175) - 사람 검수 전"
8BE-2l-RBjA.000,8BE-2l-RBjA.000.mp4,8BE-2l-RBjA,,,0.6954,"EMO-AffectNet pseudo-label (teacher=Aff-Wild2, top=Neutral 0.29, tension=0.305) - 사람 검수 전"
8BE-2l-RBjA.003,8BE-2l-RBjA.003.mp4,8BE-2l-RBjA,,,0.7164,"EMO-AffectNet pseudo-label (teacher=Aff-Wild2, top=Neutral 0.37, tension=0.284) - 사람 검수 전"
8Bt-vEroq6M.003,8Bt-vEroq6M.003.mp4,8Bt-vEroq6M,,,0.6444,"EMO-AffectNet pseudo-label (teacher=Aff-Wild2, top=Fear 0.32, tension=0.356) - 사람 검수 전"
8Bt-vEroq6M.004,8Bt-vEroq6M.004.mp4,8Bt-vEroq6M,,,0.6577,"EMO-AffectNet pseudo-label (teacher=Aff-Wild2, top=Surprise 0.35, tension=0.342) - 사람 검수 전"
8GFElKeREfQ.000,8GFElKeREfQ.000.mp4,8GFElKeREfQ,,,0.8136,"EMO-AffectNet pseudo-label (teacher=Aff-Wild2, top=Happiness 0.34, tension=0.186) - 사람 검수 전"
8GFElKeREfQ.005,8GFElKeREfQ.005.mp4,8GFElKeREfQ,,,0.7975,"EMO-AffectNet pseudo-label (teacher=Aff-Wild2, top=Surprise 0.28, tension=0.203) - 사람 검수 전"
8HqEniErmmE.000,8HqEniErmmE.000.mp4,8HqEniErmmE,,,0.7926,"EMO-AffectNet pseudo-label (teacher=Aff-Wild2, top=Happiness 0.30, tension=0.207) - 사람 검수 전"
8KyS0FKbKfI.002,8KyS0FKbKfI.002.mp4,8KyS0FKbKfI,,,0.6133,"EMO-AffectNet pseudo-label (teacher=Aff-Wild2, top=Sadness 0.34, tension=0.387) - 사람 검수 전"
8OGiv7FetSQ.000,8OGiv7FetSQ.000.mp4,8OGiv7FetSQ,,,0.685,"EMO-AffectNet pseudo-label (teacher=Aff-Wild2, top=Happiness 0.21, tension=0.315) - 사람 검수 전"
8OGiv7FetSQ.001,8OGiv7FetSQ.001.mp4,8OGiv7FetSQ,,,0.8116,"EMO-AffectNet pseudo-label (teacher=Aff-Wild2, top=Happiness 0.50, tension=0.188) - 사람 검수 전"
8OGiv7FetSQ.002,8OGiv7FetSQ.002.mp4,8OGiv7FetSQ,,,0.7006,"EMO-AffectNet pseudo-label (teacher=Aff-Wild2, top=Happiness 0.23, tension=0.299) - 사람 검수 전"
8OGiv7FetSQ.004,8OGiv7FetSQ.004.mp4,8OGiv7FetSQ,,,0.7319,"EMO-AffectNet pseudo-label (teacher=Aff-Wild2, top=Happiness 0.26, tension=0.268) - 사람 검수 전"
8PXQ_5tUv74.000,8PXQ_5tUv74.000.mp4,8PXQ_5tUv74,,,0.7622,"EMO-AffectNet pseudo-label (teacher=Aff-Wild2, top=Happiness 0.29, tension=0.238) - 사람 검수 전"
8PXQ_5tUv74.001,8PXQ_5tUv74.001.mp4,8PXQ_5tUv74,,,0.6996,"EMO-AffectNet pseudo-label (teacher=Aff-Wild2, top=Neutral 0.27, tension=0.300) - 사람 검수 전"
8PXQ_5tUv74.004,8PXQ_5tUv74.004.mp4,8PXQ_5tUv74,,,0.7296,"EMO-AffectNet pseudo-label (teacher=Aff-Wild2, top=Neutral 0.35, tension=0.270) - 사람 검수 전"
8PXQ_5tUv74.005,8PXQ_5tUv74.005.mp4,8PXQ_5tUv74,,,0.7247,"EMO-AffectNet pseudo-label (teacher=Aff-Wild2, top=Happiness 0.20, tension=0.275) - 사람 검수 전"
8QtlG5ujHyc.001,8QtlG5ujHyc.001.mp4,8QtlG5ujHyc,,,0.7789,"EMO-AffectNet pseudo-label (teacher=Aff-Wild2, top=Happiness 0.30, tension=0.221) - 사람 검수 전"
8RObWRnyuG0.001,8RObWRnyuG0.001.mp4,8RObWRnyuG0,,,0.6181,"EMO-AffectNet pseudo-label (teacher=Aff-Wild2, top=Disgust 0.24, tension=0.382) - 사람 검수 전"
8RVJqjILSD0.000,8RVJqjILSD0.000.mp4,8RVJqjILSD0,,,0.7047,"EMO-AffectNet pseudo-label (teacher=Aff-Wild2, top=Neutral 0.23, tension=0.295) - 사람 검수 전"
8RVJqjILSD0.001,8RVJqjILSD0.001.mp4,8RVJqjILSD0,,,0.733,"EMO-AffectNet pseudo-label (teacher=Aff-Wild2, top=Neutral 0.21, tension=0.267) - 사람 검수 전"
8RVJqjILSD0.003,8RVJqjILSD0.003.mp4,8RVJqjILSD0,,,0.7094,"EMO-AffectNet pseudo-label (teacher=Aff-Wild2, top=Neutral 0.24, tension=0.291) - 사람 검수 전"
8XBprf4NyOg.001,8XBprf4NyOg.001.mp4,8XBprf4NyOg,,,0.8085,"EMO-AffectNet pseudo-label (teacher=Aff-Wild2, top=Happiness 0.38, tension=0.192) - 사람 검수 전"
8XBprf4NyOg.002,8XBprf4NyOg.002.mp4,8XBprf4NyOg,,,0.7462,"EMO-AffectNet pseudo-label (teacher=Aff-Wild2, top=Surprise 0.29, tension=0.254) - 사람 검수 전"
8XBprf4NyOg.004,8XBprf4NyOg.004.mp4,8XBprf4NyOg,,,0.7551,"EMO-AffectNet pseudo-label (teacher=Aff-Wild2, top=Surprise 0.37, tension=0.245) - 사람 검수 전"
8XBprf4NyOg.005,8XBprf4NyOg.005.mp4,8XBprf4NyOg,,,0.7667,"EMO-AffectNet pseudo-label (teacher=Aff-Wild2, top=Surprise 0.32, tension=0.233) - 사람 검수 전"
8XJCdulCPkM.003,8XJCdulCPkM.003.mp4,8XJCdulCPkM,,,0.8249,"EMO-AffectNet pseudo-label (teacher=Aff-Wild2, top=Neutral 0.33, tension=0.175) - 사람 검수 전"
8XJCdulCPkM.004,8XJCdulCPkM.004.mp4,8XJCdulCPkM,,,0.8153,"EMO-AffectNet pseudo-label (teacher=Aff-Wild2, top=Neutral 0.36, tension=0.185) - 사람 검수 전"
8XJCdulCPkM.005,8XJCdulCPkM.005.mp4,8XJCdulCPkM,,,0.7983,"EMO-AffectNet pseudo-label (teacher=Aff-Wild2, top=Neutral 0.36, tension=0.202) - 사람 검수 전"
8YQKwMdiaAE.001,8YQKwMdiaAE.001.mp4,8YQKwMdiaAE,,,0.7191,"EMO-AffectNet pseudo-label (teacher=Aff-Wild2, top=Neutral 0.26, tension=0.281) - 사람 검수 전"
8YQKwMdiaAE.002,8YQKwMdiaAE.002.mp4,8YQKwMdiaAE,,,0.7193,"EMO-AffectNet pseudo-label (teacher=Aff-Wild2, top=Neutral 0.32, tension=0.281) - 사람 검수 전"
8Yo-27O0P38.003,8Yo-27O0P38.003.mp4,8Yo-27O0P38,,,0.9198,"EMO-AffectNet pseudo-label (teacher=Aff-Wild2, top=Happiness 0.74, tension=0.080) - 사람 검수 전"
8Z6PrQdqffA.001,8Z6PrQdqffA.001.mp4,8Z6PrQdqffA,,,0.6963,"EMO-AffectNet pseudo-label (teacher=Aff-Wild2, top=Neutral 0.31, tension=0.304) - 사람 검수 전"
8Z6PrQdqffA.002,8Z6PrQdqffA.002.mp4,8Z6PrQdqffA,,,0.6999,"EMO-AffectNet pseudo-label (teacher=Aff-Wild2, top=Neutral 0.28, tension=0.300) - 사람 검수 전"
8Z6PrQdqffA.004,8Z6PrQdqffA.004.mp4,8Z6PrQdqffA,,,0.6724,"EMO-AffectNet pseudo-label (teacher=Aff-Wild2, top=Neutral 0.26, tension=0.328) - 사람 검수 전"
8Z6PrQdqffA.005,8Z6PrQdqffA.005.mp4,8Z6PrQdqffA,,,0.6843,"EMO-AffectNet pseudo-label (teacher=Aff-Wild2, top=Neutral 0.22, tension=0.316) - 사람 검수 전"
8ZHpqRJ39HA.002,8ZHpqRJ39HA.002.mp4,8ZHpqRJ39HA,,,0.7106,"EMO-AffectNet pseudo-label (teacher=Aff-Wild2, top=Neutral 0.31, tension=0.289) - 사람 검수 전"
8ZHpqRJ39HA.003,8ZHpqRJ39HA.003.mp4,8ZHpqRJ39HA,,,0.7128,"EMO-AffectNet pseudo-label (teacher=Aff-Wild2, top=Surprise 0.24, tension=0.287) - 사람 검수 전"
8ZHpqRJ39HA.004,8ZHpqRJ39HA.004.mp4,8ZHpqRJ39HA,,,0.6695,"EMO-AffectNet pseudo-label (teacher=Aff-Wild2, top=Neutral 0.23, tension=0.331) - 사람 검수 전"
8ZHpqRJ39HA.005,8ZHpqRJ39HA.005.mp4,8ZHpqRJ39HA,,,0.7002,"EMO-AffectNet pseudo-label (teacher=Aff-Wild2, top=Neutral 0.30, tension=0.300) - 사람 검수 전"
8aLr0vNobr4.000,8aLr0vNobr4.000.mp4,8aLr0vNobr4,,,0.6214,"EMO-AffectNet pseudo-label (teacher=Aff-Wild2, top=Sadness 0.24, tension=0.379) - 사람 검수 전"
8aLr0vNobr4.001,8aLr0vNobr4.001.mp4,8aLr0vNobr4,,,0.6216,"EMO-AffectNet pseudo-label (teacher=Aff-Wild2, top=Fear 0.25, tension=0.378) - 사람 검수 전"
8aLr0vNobr4.004,8aLr0vNobr4.004.mp4,8aLr0vNobr4,,,0.6095,"EMO-AffectNet pseudo-label (teacher=Aff-Wild2, top=Fear 0.22, tension=0.391) - 사람 검수 전"
8aPfoJiDeBY.004,8aPfoJiDeBY.004.mp4,8aPfoJiDeBY,,,0.6736,"EMO-AffectNet pseudo-label (teacher=Aff-Wild2, top=Fear 0.26, tension=0.326) - 사람 검수 전"
8bn3HZY76xU.000,8bn3HZY76xU.000.mp4,8bn3HZY76xU,,,0.7585,"EMO-AffectNet pseudo-label (teacher=Aff-Wild2, top=Neutral 0.38, tension=0.242) - 사람 검수 전"
8bn3HZY76xU.001,8bn3HZY76xU.001.mp4,8bn3HZY76xU,,,0.6717,"EMO-AffectNet pseudo-label (teacher=Aff-Wild2, top=Neutral 0.31, tension=0.328) - 사람 검수 전"
8bn3HZY76xU.004,8bn3HZY76xU.004.mp4,8bn3HZY76xU,,,0.7116,"EMO-AffectNet pseudo-label (teacher=Aff-Wild2, top=Neutral 0.37, tension=0.288) - 사람 검수 전"
8c4_VDh2r5s.001,8c4_VDh2r5s.001.mp4,8c4_VDh2r5s,,,0.6473,"EMO-AffectNet pseudo-label (teacher=Aff-Wild2, top=Disgust 0.23, tension=0.353) - 사람 검수 전"
8cIuBkFoh0s.000,8cIuBkFoh0s.000.mp4,8cIuBkFoh0s,,,0.7504,"EMO-AffectNet pseudo-label (teacher=Aff-Wild2, top=Neutral 0.26, tension=0.250) - 사람 검수 전"
8dVcA5J1Dcw.000,8dVcA5J1Dcw.000.mp4,8dVcA5J1Dcw,,,0.701,"EMO-AffectNet pseudo-label (teacher=Aff-Wild2, top=Anger 0.21, tension=0.299) - 사람 검수 전"
8e4nnel_x-M.001,8e4nnel_x-M.001.mp4,8e4nnel_x-M,,,0.8316,"EMO-AffectNet pseudo-label (teacher=Aff-Wild2, top=Neutral 0.29, tension=0.168) - 사람 검수 전"
8e4nnel_x-M.005,8e4nnel_x-M.005.mp4,8e4nnel_x-M,,,0.8787,"EMO-AffectNet pseudo-label (teacher=Aff-Wild2, top=Happiness 0.54, tension=0.121) - 사람 검수 전"
8eeZjC_bmtc.001,8eeZjC_bmtc.001.mp4,8eeZjC_bmtc,,,0.8155,"EMO-AffectNet pseudo-label (teacher=Aff-Wild2, top=Happiness 0.38, tension=0.184) - 사람 검수 전"
8eeZjC_bmtc.005,8eeZjC_bmtc.005.mp4,8eeZjC_bmtc,,,0.8043,"EMO-AffectNet pseudo-label (teacher=Aff-Wild2, top=Happiness 0.36, tension=0.196) - 사람 검수 전"
8g5jPiQ6XdA.001,8g5jPiQ6XdA.001.mp4,8g5jPiQ6XdA,,,0.7481,"EMO-AffectNet pseudo-label (teacher=Aff-Wild2, top=Happiness 0.25, tension=0.252) - 사람 검수 전"
8g5jPiQ6XdA.003,8g5jPiQ6XdA.003.mp4,8g5jPiQ6XdA,,,0.7795,"EMO-AffectNet pseudo-label (teacher=Aff-Wild2, top=Happiness 0.33, tension=0.220) - 사람 검수 전"
8g5jPiQ6XdA.004,8g5jPiQ6XdA.004.mp4,8g5jPiQ6XdA,,,0.7093,"EMO-AffectNet pseudo-label (teacher=Aff-Wild2, top=Neutral 0.32, tension=0.291) - 사람 검수 전"
8gvBbE6iZNo.001,8gvBbE6iZNo.001.mp4,8gvBbE6iZNo,,,0.7194,"EMO-AffectNet pseudo-label (teacher=Aff-Wild2, top=Neutral 0.38, tension=0.281) - 사람 검수 전"
8gvBbE6iZNo.003,8gvBbE6iZNo.003.mp4,8gvBbE6iZNo,,,0.7067,"EMO-AffectNet pseudo-label (teacher=Aff-Wild2, top=Neutral 0.36, tension=0.293) - 사람 검수 전"
8gvBbE6iZNo.005,8gvBbE6iZNo.005.mp4,8gvBbE6iZNo,,,0.7208,"EMO-AffectNet pseudo-label (teacher=Aff-Wild2, top=Neutral 0.39, tension=0.279) - 사람 검수 전"
8hGOOynn3ZU.003,8hGOOynn3ZU.003.mp4,8hGOOynn3ZU,,,0.8137,"EMO-AffectNet pseudo-label (teacher=Aff-Wild2, top=Neutral 0.29, tension=0.186) - 사람 검수 전"
8hGOOynn3ZU.005,8hGOOynn3ZU.005.mp4,8hGOOynn3ZU,,,0.8164,"EMO-AffectNet pseudo-label (teacher=Aff-Wild2, top=Happiness 0.27, tension=0.184) - 사람 검수 전"
8hW6WfYBP18.001,8hW6WfYBP18.001.mp4,8hW6WfYBP18,,,0.7227,"EMO-AffectNet pseudo-label (teacher=Aff-Wild2, top=Neutral 0.25, tension=0.277) - 사람 검수 전"
8hW6WfYBP18.005,8hW6WfYBP18.005.mp4,8hW6WfYBP18,,,0.8017,"EMO-AffectNet pseudo-label (teacher=Aff-Wild2, top=Happiness 0.41, tension=0.198) - 사람 검수 전"
8hfhLOXpCNM.002,8hfhLOXpCNM.002.mp4,8hfhLOXpCNM,,,0.7245,"EMO-AffectNet pseudo-label (teacher=Aff-Wild2, top=Surprise 0.26, tension=0.275) - 사람 검수 전"
8hfhLOXpCNM.005,8hfhLOXpCNM.005.mp4,8hfhLOXpCNM,,,0.6736,"EMO-AffectNet pseudo-label (teacher=Aff-Wild2, top=Neutral 0.22, tension=0.326) - 사람 검수 전"
8i7H-uSCQcc.001,8i7H-uSCQcc.001.mp4,8i7H-uSCQcc,,,0.7122,"EMO-AffectNet pseudo-label (teacher=Aff-Wild2, top=Neutral 0.24, tension=0.288) - 사람 검수 전"
8i7H-uSCQcc.004,8i7H-uSCQcc.004.mp4,8i7H-uSCQcc,,,0.718,"EMO-AffectNet pseudo-label (teacher=Aff-Wild2, top=Neutral 0.34, tension=0.282) - 사람 검수 전"
8lg8A_zFOmg.000,8lg8A_zFOmg.000.mp4,8lg8A_zFOmg,,,0.7443,"EMO-AffectNet pseudo-label (teacher=Aff-Wild2, top=Neutral 0.34, tension=0.256) - 사람 검수 전"
8mZZlnbmOYE.000,8mZZlnbmOYE.000.mp4,8mZZlnbmOYE,,,0.7032,"EMO-AffectNet pseudo-label (teacher=Aff-Wild2, top=Neutral 0.31, tension=0.297) - 사람 검수 전"
8mZZlnbmOYE.001,8mZZlnbmOYE.001.mp4,8mZZlnbmOYE,,,0.6706,"EMO-AffectNet pseudo-label (teacher=Aff-Wild2, top=Neutral 0.25, tension=0.329) - 사람 검수 전"
8mZZlnbmOYE.003,8mZZlnbmOYE.003.mp4,8mZZlnbmOYE,,,0.6956,"EMO-AffectNet pseudo-label (teacher=Aff-Wild2, top=Neutral 0.32, tension=0.304) - 사람 검수 전"
8mZZlnbmOYE.004,8mZZlnbmOYE.004.mp4,8mZZlnbmOYE,,,0.7019,"EMO-AffectNet pseudo-label (teacher=Aff-Wild2, top=Neutral 0.26, tension=0.298) - 사람 검수 전"
8n6G3V3-Tk8.002,8n6G3V3-Tk8.002.mp4,8n6G3V3-Tk8,,,0.7942,"EMO-AffectNet pseudo-label (teacher=Aff-Wild2, top=Happiness 0.31, tension=0.206) - 사람 검수 전"
8n6G3V3-Tk8.005,8n6G3V3-Tk8.005.mp4,8n6G3V3-Tk8,,,0.6858,"EMO-AffectNet pseudo-label (teacher=Aff-Wild2, top=Neutral 0.25, tension=0.314) - 사람 검수 전"
8narByy2B5g.000,8narByy2B5g.000.mp4,8narByy2B5g,,,0.753,"EMO-AffectNet pseudo-label (teacher=Aff-Wild2, top=Happiness 0.31, tension=0.247) - 사람 검수 전"
8narByy2B5g.001,8narByy2B5g.001.mp4,8narByy2B5g,,,0.7132,"EMO-AffectNet pseudo-label (teacher=Aff-Wild2, top=Happiness 0.23, tension=0.287) - 사람 검수 전"
8narByy2B5g.004,8narByy2B5g.004.mp4,8narByy2B5g,,,0.6937,"EMO-AffectNet pseudo-label (teacher=Aff-Wild2, top=Neutral 0.24, tension=0.306) - 사람 검수 전"
8pM3X-xsD4s.001,8pM3X-xsD4s.001.mp4,8pM3X-xsD4s,,,0.7296,"EMO-AffectNet pseudo-label (teacher=Aff-Wild2, top=Surprise 0.32, tension=0.270) - 사람 검수 전"
8py6SksNsZQ.001,8py6SksNsZQ.001.mp4,8py6SksNsZQ,,,0.7599,"EMO-AffectNet pseudo-label (teacher=Aff-Wild2, top=Happiness 0.35, tension=0.240) - 사람 검수 전"
8py6SksNsZQ.002,8py6SksNsZQ.002.mp4,8py6SksNsZQ,,,0.6409,"EMO-AffectNet pseudo-label (teacher=Aff-Wild2, top=Sadness 0.32, tension=0.359) - 사람 검수 전"
8py6SksNsZQ.003,8py6SksNsZQ.003.mp4,8py6SksNsZQ,,,0.6778,"EMO-AffectNet pseudo-label (teacher=Aff-Wild2, top=Sadness 0.24, tension=0.322) - 사람 검수 전"
8py6SksNsZQ.005,8py6SksNsZQ.005.mp4,8py6SksNsZQ,,,0.7066,"EMO-AffectNet pseudo-label (teacher=Aff-Wild2, top=Happiness 0.21, tension=0.293) - 사람 검수 전"
8qDKGnABATw.001,8qDKGnABATw.001.mp4,8qDKGnABATw,,,0.7337,"EMO-AffectNet pseudo-label (teacher=Aff-Wild2, top=Neutral 0.28, tension=0.266) - 사람 검수 전"
8qG1sMihtPA.000,8qG1sMihtPA.000.mp4,8qG1sMihtPA,,,0.6953,"EMO-AffectNet pseudo-label (teacher=Aff-Wild2, top=Surprise 0.28, tension=0.305) - 사람 검수 전"
8qG1sMihtPA.003,8qG1sMihtPA.003.mp4,8qG1sMihtPA,,,0.7121,"EMO-AffectNet pseudo-label (teacher=Aff-Wild2, top=Surprise 0.39, tension=0.288) - 사람 검수 전"
8qG1sMihtPA.004,8qG1sMihtPA.004.mp4,8qG1sMihtPA,,,0.7996,"EMO-AffectNet pseudo-label (teacher=Aff-Wild2, top=Happiness 0.34, tension=0.200) - 사람 검수 전"
8qesctueAV0.000,8qesctueAV0.000.mp4,8qesctueAV0,,,0.8864,"EMO-AffectNet pseudo-label (teacher=Aff-Wild2, top=Happiness 0.66, tension=0.114) - 사람 검수 전"
8toLcoDcGOY.001,8toLcoDcGOY.001.mp4,8toLcoDcGOY,,,0.7406,"EMO-AffectNet pseudo-label (teacher=Aff-Wild2, top=Neutral 0.44, tension=0.259) - 사람 검수 전"
8toLcoDcGOY.003,8toLcoDcGOY.003.mp4,8toLcoDcGOY,,,0.7142,"EMO-AffectNet pseudo-label (teacher=Aff-Wild2, top=Neutral 0.37, tension=0.286) - 사람 검수 전"
8waTw8jF1Ys.000,8waTw8jF1Ys.000.mp4,8waTw8jF1Ys,,,0.8436,"EMO-AffectNet pseudo-label (teacher=Aff-Wild2, top=Happiness 0.57, tension=0.156) - 사람 검수 전"
8xHdW7Zx_OY.000,8xHdW7Zx_OY.000.mp4,8xHdW7Zx_OY,,,0.6911,"EMO-AffectNet pseudo-label (teacher=Aff-Wild2, top=Surprise 0.21, tension=0.309) - 사람 검수 전"
8xHdW7Zx_OY.001,8xHdW7Zx_OY.001.mp4,8xHdW7Zx_OY,,,0.7375,"EMO-AffectNet pseudo-label (teacher=Aff-Wild2, top=Surprise 0.25, tension=0.263) - 사람 검수 전"
8yFYvQ_kxW8.000,8yFYvQ_kxW8.000.mp4,8yFYvQ_kxW8,,,0.7389,"EMO-AffectNet pseudo-label (teacher=Aff-Wild2, top=Neutral 0.33, tension=0.261) - 사람 검수 전"
8yFYvQ_kxW8.001,8yFYvQ_kxW8.001.mp4,8yFYvQ_kxW8,,,0.7241,"EMO-AffectNet pseudo-label (teacher=Aff-Wild2, top=Neutral 0.27, tension=0.276) - 사람 검수 전"
8yFYvQ_kxW8.003,8yFYvQ_kxW8.003.mp4,8yFYvQ_kxW8,,,0.7657,"EMO-AffectNet pseudo-label (teacher=Aff-Wild2, top=Happiness 0.28, tension=0.234) - 사람 검수 전"
8yFYvQ_kxW8.005,8yFYvQ_kxW8.005.mp4,8yFYvQ_kxW8,,,0.7318,"EMO-AffectNet pseudo-label (teacher=Aff-Wild2, top=Neutral 0.27, tension=0.268) - 사람 검수 전"
8z-WF2UNRb8.002,8z-WF2UNRb8.002.mp4,8z-WF2UNRb8,,,0.7184,"EMO-AffectNet pseudo-label (teacher=Aff-Wild2, top=Happiness 0.26, tension=0.282) - 사람 검수 전"
9-lptN92A68.005,9-lptN92A68.005.mp4,9-lptN92A68,,,0.8495,"EMO-AffectNet pseudo-label (teacher=Aff-Wild2, top=Happiness 0.55, tension=0.150) - 사람 검수 전"
90p68AEmNMA.000,90p68AEmNMA.000.mp4,90p68AEmNMA,,,0.6804,"EMO-AffectNet pseudo-label (teacher=Aff-Wild2, top=Anger 0.25, tension=0.320) - 사람 검수 전"
90p68AEmNMA.001,90p68AEmNMA.001.mp4,90p68AEmNMA,,,0.7793,"EMO-AffectNet pseudo-label (teacher=Aff-Wild2, top=Happiness 0.39, tension=0.221) - 사람 검수 전"
93XyRBd_HqU.002,93XyRBd_HqU.002.mp4,93XyRBd_HqU,,,0.8002,"EMO-AffectNet pseudo-label (teacher=Aff-Wild2, top=Neutral 0.35, tension=0.200) - 사람 검수 전"
98fnGDVky00.000,98fnGDVky00.000.mp4,98fnGDVky00,,,0.7465,"EMO-AffectNet pseudo-label (teacher=Aff-Wild2, top=Happiness 0.31, tension=0.253) - 사람 검수 전"
98fnGDVky00.001,98fnGDVky00.001.mp4,98fnGDVky00,,,0.6958,"EMO-AffectNet pseudo-label (teacher=Aff-Wild2, top=Sadness 0.29, tension=0.304) - 사람 검수 전"
98fnGDVky00.002,98fnGDVky00.002.mp4,98fnGDVky00,,,0.7536,"EMO-AffectNet pseudo-label (teacher=Aff-Wild2, top=Happiness 0.30, tension=0.246) - 사람 검수 전"
98fnGDVky00.003,98fnGDVky00.003.mp4,98fnGDVky00,,,0.6964,"EMO-AffectNet pseudo-label (teacher=Aff-Wild2, top=Sadness 0.29, tension=0.304) - 사람 검수 전"
98fnGDVky00.004,98fnGDVky00.004.mp4,98fnGDVky00,,,0.782,"EMO-AffectNet pseudo-label (teacher=Aff-Wild2, top=Happiness 0.38, tension=0.218) - 사람 검수 전"
98fnGDVky00.005,98fnGDVky00.005.mp4,98fnGDVky00,,,0.7598,"EMO-AffectNet pseudo-label (teacher=Aff-Wild2, top=Happiness 0.32, tension=0.240) - 사람 검수 전"
99OBSlFjLXI.000,99OBSlFjLXI.000.mp4,99OBSlFjLXI,,,0.8972,"EMO-AffectNet pseudo-label (teacher=Aff-Wild2, top=Happiness 0.63, tension=0.103) - 사람 검수 전"
99OBSlFjLXI.002,99OBSlFjLXI.002.mp4,99OBSlFjLXI,,,0.8995,"EMO-AffectNet pseudo-label (teacher=Aff-Wild2, top=Happiness 0.64, tension=0.100) - 사람 검수 전"
9AsxY-x-TjM.000,9AsxY-x-TjM.000.mp4,9AsxY-x-TjM,,,0.9079,"EMO-AffectNet pseudo-label (teacher=Aff-Wild2, top=Happiness 0.73, tension=0.092) - 사람 검수 전"
9AsxY-x-TjM.002,9AsxY-x-TjM.002.mp4,9AsxY-x-TjM,,,0.8636,"EMO-AffectNet pseudo-label (teacher=Aff-Wild2, top=Happiness 0.56, tension=0.136) - 사람 검수 전"
9AsxY-x-TjM.004,9AsxY-x-TjM.004.mp4,9AsxY-x-TjM,,,0.7966,"EMO-AffectNet pseudo-label (teacher=Aff-Wild2, top=Happiness 0.38, tension=0.203) - 사람 검수 전"
9CPKW0sqR3E.000,9CPKW0sqR3E.000.mp4,9CPKW0sqR3E,,,0.7209,"EMO-AffectNet pseudo-label (teacher=Aff-Wild2, top=Neutral 0.23, tension=0.279) - 사람 검수 전"
9CPKW0sqR3E.001,9CPKW0sqR3E.001.mp4,9CPKW0sqR3E,,,0.6866,"EMO-AffectNet pseudo-label (teacher=Aff-Wild2, top=Fear 0.21, tension=0.313) - 사람 검수 전"
9CPKW0sqR3E.002,9CPKW0sqR3E.002.mp4,9CPKW0sqR3E,,,0.637,"EMO-AffectNet pseudo-label (teacher=Aff-Wild2, top=Fear 0.26, tension=0.363) - 사람 검수 전"
9CPKW0sqR3E.003,9CPKW0sqR3E.003.mp4,9CPKW0sqR3E,,,0.6791,"EMO-AffectNet pseudo-label (teacher=Aff-Wild2, top=Neutral 0.24, tension=0.321) - 사람 검수 전"
9CPKW0sqR3E.005,9CPKW0sqR3E.005.mp4,9CPKW0sqR3E,,,0.6988,"EMO-AffectNet pseudo-label (teacher=Aff-Wild2, top=Neutral 0.25, tension=0.301) - 사람 검수 전"
9Crw2RtrBcY.000,9Crw2RtrBcY.000.mp4,9Crw2RtrBcY,,,0.7287,"EMO-AffectNet pseudo-label (teacher=Aff-Wild2, top=Neutral 0.35, tension=0.271) - 사람 검수 전"
9Crw2RtrBcY.001,9Crw2RtrBcY.001.mp4,9Crw2RtrBcY,,,0.7366,"EMO-AffectNet pseudo-label (teacher=Aff-Wild2, top=Neutral 0.40, tension=0.263) - 사람 검수 전"
9Crw2RtrBcY.002,9Crw2RtrBcY.002.mp4,9Crw2RtrBcY,,,0.7501,"EMO-AffectNet pseudo-label (teacher=Aff-Wild2, top=Neutral 0.39, tension=0.250) - 사람 검수 전"
9Crw2RtrBcY.003,9Crw2RtrBcY.003.mp4,9Crw2RtrBcY,,,0.7409,"EMO-AffectNet pseudo-label (teacher=Aff-Wild2, top=Neutral 0.40, tension=0.259) - 사람 검수 전"
9Crw2RtrBcY.004,9Crw2RtrBcY.004.mp4,9Crw2RtrBcY,,,0.7287,"EMO-AffectNet pseudo-label (teacher=Aff-Wild2, top=Neutral 0.40, tension=0.271) - 사람 검수 전"
9DF_-PXbpkg.001,9DF_-PXbpkg.001.mp4,9DF_-PXbpkg,,,0.8189,"EMO-AffectNet pseudo-label (teacher=Aff-Wild2, top=Happiness 0.38, tension=0.181) - 사람 검수 전"
9DF_-PXbpkg.002,9DF_-PXbpkg.002.mp4,9DF_-PXbpkg,,,0.7497,"EMO-AffectNet pseudo-label (teacher=Aff-Wild2, top=Surprise 0.25, tension=0.250) - 사람 검수 전"
9DF_-PXbpkg.003,9DF_-PXbpkg.003.mp4,9DF_-PXbpkg,,,0.7708,"EMO-AffectNet pseudo-label (teacher=Aff-Wild2, top=Surprise 0.30, tension=0.229) - 사람 검수 전"
9FN1KxoTMtQ.000,9FN1KxoTMtQ.000.mp4,9FN1KxoTMtQ,,,0.732,"EMO-AffectNet pseudo-label (teacher=Aff-Wild2, top=Neutral 0.26, tension=0.268) - 사람 검수 전"
9J-KIPMQmqk.004,9J-KIPMQmqk.004.mp4,9J-KIPMQmqk,,,0.6686,"EMO-AffectNet pseudo-label (teacher=Aff-Wild2, top=Neutral 0.22, tension=0.331) - 사람 검수 전"
9J-KIPMQmqk.005,9J-KIPMQmqk.005.mp4,9J-KIPMQmqk,,,0.6523,"EMO-AffectNet pseudo-label (teacher=Aff-Wild2, top=Neutral 0.21, tension=0.348) - 사람 검수 전"
9KAqOrdiZ4I.001,9KAqOrdiZ4I.001.mp4,9KAqOrdiZ4I,,,0.8278,"EMO-AffectNet pseudo-label (teacher=Aff-Wild2, top=Happiness 0.48, tension=0.172) - 사람 검수 전"
9KAqOrdiZ4I.002,9KAqOrdiZ4I.002.mp4,9KAqOrdiZ4I,,,0.792,"EMO-AffectNet pseudo-label (teacher=Aff-Wild2, top=Happiness 0.32, tension=0.208) - 사람 검수 전"
9Lbj3wpwk-c.000,9Lbj3wpwk-c.000.mp4,9Lbj3wpwk-c,,,0.6677,"EMO-AffectNet pseudo-label (teacher=Aff-Wild2, top=Neutral 0.31, tension=0.332) - 사람 검수 전"
9Lbj3wpwk-c.001,9Lbj3wpwk-c.001.mp4,9Lbj3wpwk-c,,,0.712,"EMO-AffectNet pseudo-label (teacher=Aff-Wild2, top=Neutral 0.29, tension=0.288) - 사람 검수 전"
9Lbj3wpwk-c.003,9Lbj3wpwk-c.003.mp4,9Lbj3wpwk-c,,,0.7344,"EMO-AffectNet pseudo-label (teacher=Aff-Wild2, top=Happiness 0.22, tension=0.266) - 사람 검수 전"
9Lbj3wpwk-c.004,9Lbj3wpwk-c.004.mp4,9Lbj3wpwk-c,,,0.7684,"EMO-AffectNet pseudo-label (teacher=Aff-Wild2, top=Happiness 0.37, tension=0.232) - 사람 검수 전"
9ND95tPlYt4.000,9ND95tPlYt4.000.mp4,9ND95tPlYt4,,,0.6614,"EMO-AffectNet pseudo-label (teacher=Aff-Wild2, top=Anger 0.37, tension=0.339) - 사람 검수 전"
9QGTbcqb2tM.001,9QGTbcqb2tM.001.mp4,9QGTbcqb2tM,,,0.755,"EMO-AffectNet pseudo-label (teacher=Aff-Wild2, top=Neutral 0.43, tension=0.245) - 사람 검수 전"
9QGTbcqb2tM.002,9QGTbcqb2tM.002.mp4,9QGTbcqb2tM,,,0.7712,"EMO-AffectNet pseudo-label (teacher=Aff-Wild2, top=Neutral 0.50, tension=0.229) - 사람 검수 전"
9QGTbcqb2tM.003,9QGTbcqb2tM.003.mp4,9QGTbcqb2tM,,,0.8041,"EMO-AffectNet pseudo-label (teacher=Aff-Wild2, top=Neutral 0.54, tension=0.196) - 사람 검수 전"
9QOFKbaPX3M.000,9QOFKbaPX3M.000.mp4,9QOFKbaPX3M,,,0.6162,"EMO-AffectNet pseudo-label (teacher=Aff-Wild2, top=Anger 0.21, tension=0.384) - 사람 검수 전"
9QOFKbaPX3M.001,9QOFKbaPX3M.001.mp4,9QOFKbaPX3M,,,0.6469,"EMO-AffectNet pseudo-label (teacher=Aff-Wild2, top=Fear 0.24, tension=0.353) - 사람 검수 전"
9QOFKbaPX3M.002,9QOFKbaPX3M.002.mp4,9QOFKbaPX3M,,,0.6282,"EMO-AffectNet pseudo-label (teacher=Aff-Wild2, top=Fear 0.21, tension=0.372) - 사람 검수 전"
9RfE2-aTvaM.000,9RfE2-aTvaM.000.mp4,9RfE2-aTvaM,,,0.7922,"EMO-AffectNet pseudo-label (teacher=Aff-Wild2, top=Happiness 0.38, tension=0.208) - 사람 검수 전"
9RfE2-aTvaM.001,9RfE2-aTvaM.001.mp4,9RfE2-aTvaM,,,0.6973,"EMO-AffectNet pseudo-label (teacher=Aff-Wild2, top=Neutral 0.25, tension=0.303) - 사람 검수 전"
9RfE2-aTvaM.003,9RfE2-aTvaM.003.mp4,9RfE2-aTvaM,,,0.7823,"EMO-AffectNet pseudo-label (teacher=Aff-Wild2, top=Happiness 0.27, tension=0.218) - 사람 검수 전"
9SGTRbePKLI.004,9SGTRbePKLI.004.mp4,9SGTRbePKLI,,,0.7831,"EMO-AffectNet pseudo-label (teacher=Aff-Wild2, top=Happiness 0.34, tension=0.217) - 사람 검수 전"
9UEBU_yiTPs.001,9UEBU_yiTPs.001.mp4,9UEBU_yiTPs,,,0.6984,"EMO-AffectNet pseudo-label (teacher=Aff-Wild2, top=Surprise 0.26, tension=0.302) - 사람 검수 전"
9UEBU_yiTPs.002,9UEBU_yiTPs.002.mp4,9UEBU_yiTPs,,,0.7337,"EMO-AffectNet pseudo-label (teacher=Aff-Wild2, top=Surprise 0.37, tension=0.266) - 사람 검수 전"
9UUtf0_ZR14.001,9UUtf0_ZR14.001.mp4,9UUtf0_ZR14,,,0.7023,"EMO-AffectNet pseudo-label (teacher=Aff-Wild2, top=Neutral 0.23, tension=0.298) - 사람 검수 전"
9UWCHrG5mys.001,9UWCHrG5mys.001.mp4,9UWCHrG5mys,,,0.7795,"EMO-AffectNet pseudo-label (teacher=Aff-Wild2, top=Happiness 0.26, tension=0.221) - 사람 검수 전"
9UWCHrG5mys.004,9UWCHrG5mys.004.mp4,9UWCHrG5mys,,,0.7936,"EMO-AffectNet pseudo-label (teacher=Aff-Wild2, top=Happiness 0.32, tension=0.206) - 사람 검수 전"
9XqeGs2MMic.000,9XqeGs2MMic.000.mp4,9XqeGs2MMic,,,0.6825,"EMO-AffectNet pseudo-label (teacher=Aff-Wild2, top=Neutral 0.27, tension=0.317) - 사람 검수 전"
9XvDnTa0Z1M.003,9XvDnTa0Z1M.003.mp4,9XvDnTa0Z1M,,,0.6915,"EMO-AffectNet pseudo-label (teacher=Aff-Wild2, top=Neutral 0.26, tension=0.308) - 사람 검수 전"
9ZMIYSBYIh8.000,9ZMIYSBYIh8.000.mp4,9ZMIYSBYIh8,,,0.6924,"EMO-AffectNet pseudo-label (teacher=Aff-Wild2, top=Surprise 0.27, tension=0.308) - 사람 검수 전"
9ZMIYSBYIh8.003,9ZMIYSBYIh8.003.mp4,9ZMIYSBYIh8,,,0.6881,"EMO-AffectNet pseudo-label (teacher=Aff-Wild2, top=Surprise 0.18, tension=0.312) - 사람 검수 전"
9_6auSk_wkY.000,9_6auSk_wkY.000.mp4,9_6auSk_wkY,,,0.7686,"EMO-AffectNet pseudo-label (teacher=Aff-Wild2, top=Neutral 0.26, tension=0.231) - 사람 검수 전"
9_6auSk_wkY.004,9_6auSk_wkY.004.mp4,9_6auSk_wkY,,,0.7441,"EMO-AffectNet pseudo-label (teacher=Aff-Wild2, top=Neutral 0.37, tension=0.256) - 사람 검수 전"
9_6auSk_wkY.005,9_6auSk_wkY.005.mp4,9_6auSk_wkY,,,0.7441,"EMO-AffectNet pseudo-label (teacher=Aff-Wild2, top=Neutral 0.29, tension=0.256) - 사람 검수 전"
9a-3LrB7cDI.000,9a-3LrB7cDI.000.mp4,9a-3LrB7cDI,,,0.7509,"EMO-AffectNet pseudo-label (teacher=Aff-Wild2, top=Surprise 0.24, tension=0.249) - 사람 검수 전"
9a-3LrB7cDI.003,9a-3LrB7cDI.003.mp4,9a-3LrB7cDI,,,0.754,"EMO-AffectNet pseudo-label (teacher=Aff-Wild2, top=Surprise 0.25, tension=0.246) - 사람 검수 전"
9a-3LrB7cDI.004,9a-3LrB7cDI.004.mp4,9a-3LrB7cDI,,,0.7263,"EMO-AffectNet pseudo-label (teacher=Aff-Wild2, top=Surprise 0.25, tension=0.274) - 사람 검수 전"
9a-3LrB7cDI.005,9a-3LrB7cDI.005.mp4,9a-3LrB7cDI,,,0.7386,"EMO-AffectNet pseudo-label (teacher=Aff-Wild2, top=Surprise 0.26, tension=0.261) - 사람 검수 전"
9c66Lb7e1BQ.002,9c66Lb7e1BQ.002.mp4,9c66Lb7e1BQ,,,0.797,"EMO-AffectNet pseudo-label (teacher=Aff-Wild2, top=Surprise 0.33, tension=0.203) - 사람 검수 전"
9c66Lb7e1BQ.003,9c66Lb7e1BQ.003.mp4,9c66Lb7e1BQ,,,0.7766,"EMO-AffectNet pseudo-label (teacher=Aff-Wild2, top=Neutral 0.29, tension=0.223) - 사람 검수 전"
9cHxDnk6SUs.000,9cHxDnk6SUs.000.mp4,9cHxDnk6SUs,,,0.7282,"EMO-AffectNet pseudo-label (teacher=Aff-Wild2, top=Neutral 0.30, tension=0.272) - 사람 검수 전"
9cHxDnk6SUs.001,9cHxDnk6SUs.001.mp4,9cHxDnk6SUs,,,0.7203,"EMO-AffectNet pseudo-label (teacher=Aff-Wild2, top=Neutral 0.32, tension=0.280) - 사람 검수 전"
9cHxDnk6SUs.002,9cHxDnk6SUs.002.mp4,9cHxDnk6SUs,,,0.7516,"EMO-AffectNet pseudo-label (teacher=Aff-Wild2, top=Neutral 0.38, tension=0.248) - 사람 검수 전"
9cHxDnk6SUs.005,9cHxDnk6SUs.005.mp4,9cHxDnk6SUs,,,0.7218,"EMO-AffectNet pseudo-label (teacher=Aff-Wild2, top=Neutral 0.33, tension=0.278) - 사람 검수 전"
9cWmvIfAAn0.000,9cWmvIfAAn0.000.mp4,9cWmvIfAAn0,,,0.7896,"EMO-AffectNet pseudo-label (teacher=Aff-Wild2, top=Happiness 0.39, tension=0.210) - 사람 검수 전"
9cj8rrj1wSk.000,9cj8rrj1wSk.000.mp4,9cj8rrj1wSk,,,0.7323,"EMO-AffectNet pseudo-label (teacher=Aff-Wild2, top=Neutral 0.32, tension=0.268) - 사람 검수 전"
9cj8rrj1wSk.004,9cj8rrj1wSk.004.mp4,9cj8rrj1wSk,,,0.7489,"EMO-AffectNet pseudo-label (teacher=Aff-Wild2, top=Neutral 0.31, tension=0.251) - 사람 검수 전"
9cj8rrj1wSk.005,9cj8rrj1wSk.005.mp4,9cj8rrj1wSk,,,0.727,"EMO-AffectNet pseudo-label (teacher=Aff-Wild2, top=Neutral 0.31, tension=0.273) - 사람 검수 전"
9eNHxfOV2Kg.002,9eNHxfOV2Kg.002.mp4,9eNHxfOV2Kg,,,0.7878,"EMO-AffectNet pseudo-label (teacher=Aff-Wild2, top=Surprise 0.36, tension=0.212) - 사람 검수 전"
9eNHxfOV2Kg.004,9eNHxfOV2Kg.004.mp4,9eNHxfOV2Kg,,,0.6379,"EMO-AffectNet pseudo-label (teacher=Aff-Wild2, top=Disgust 0.23, tension=0.362) - 사람 검수 전"
9hMSThogdKo.001,9hMSThogdKo.001.mp4,9hMSThogdKo,,,0.7356,"EMO-AffectNet pseudo-label (teacher=Aff-Wild2, top=Neutral 0.37, tension=0.264) - 사람 검수 전"
9hqH1PJ6cG8.001,9hqH1PJ6cG8.001.mp4,9hqH1PJ6cG8,,,0.8351,"EMO-AffectNet pseudo-label (teacher=Aff-Wild2, top=Happiness 0.43, tension=0.165) - 사람 검수 전"
9kEyN8a76j4.004,9kEyN8a76j4.004.mp4,9kEyN8a76j4,,,0.7377,"EMO-AffectNet pseudo-label (teacher=Aff-Wild2, top=Neutral 0.21, tension=0.262) - 사람 검수 전"
9kEyN8a76j4.005,9kEyN8a76j4.005.mp4,9kEyN8a76j4,,,0.7392,"EMO-AffectNet pseudo-label (teacher=Aff-Wild2, top=Neutral 0.25, tension=0.261) - 사람 검수 전"
9mAw0B-mEPQ.001,9mAw0B-mEPQ.001.mp4,9mAw0B-mEPQ,,,0.8697,"EMO-AffectNet pseudo-label (teacher=Aff-Wild2, top=Happiness 0.60, tension=0.130) - 사람 검수 전"
9mAw0B-mEPQ.005,9mAw0B-mEPQ.005.mp4,9mAw0B-mEPQ,,,0.8145,"EMO-AffectNet pseudo-label (teacher=Aff-Wild2, top=Happiness 0.36, tension=0.185) - 사람 검수 전"
9mM_0vrO3wc.003,9mM_0vrO3wc.003.mp4,9mM_0vrO3wc,,,0.783,"EMO-AffectNet pseudo-label (teacher=Aff-Wild2, top=Surprise 0.33, tension=0.217) - 사람 검수 전"
9n8dNi-ERQ0.003,9n8dNi-ERQ0.003.mp4,9n8dNi-ERQ0,,,0.6203,"EMO-AffectNet pseudo-label (teacher=Aff-Wild2, top=Disgust 0.27, tension=0.380) - 사람 검수 전"
9n8dNi-ERQ0.004,9n8dNi-ERQ0.004.mp4,9n8dNi-ERQ0,,,0.8274,"EMO-AffectNet pseudo-label (teacher=Aff-Wild2, top=Happiness 0.51, tension=0.173) - 사람 검수 전"
9o10YrQykMk.000,9o10YrQykMk.000.mp4,9o10YrQykMk,,,0.7485,"EMO-AffectNet pseudo-label (teacher=Aff-Wild2, top=Neutral 0.27, tension=0.251) - 사람 검수 전"
9o10YrQykMk.002,9o10YrQykMk.002.mp4,9o10YrQykMk,,,0.7142,"EMO-AffectNet pseudo-label (teacher=Aff-Wild2, top=Neutral 0.27, tension=0.286) - 사람 검수 전"
9o10YrQykMk.003,9o10YrQykMk.003.mp4,9o10YrQykMk,,,0.7441,"EMO-AffectNet pseudo-label (teacher=Aff-Wild2, top=Neutral 0.30, tension=0.256) - 사람 검수 전"
9pGJyf1MXLY.000,9pGJyf1MXLY.000.mp4,9pGJyf1MXLY,,,0.7269,"EMO-AffectNet pseudo-label (teacher=Aff-Wild2, top=Surprise 0.24, tension=0.273) - 사람 검수 전"
9pGJyf1MXLY.002,9pGJyf1MXLY.002.mp4,9pGJyf1MXLY,,,0.7477,"EMO-AffectNet pseudo-label (teacher=Aff-Wild2, top=Surprise 0.31, tension=0.252) - 사람 검수 전"
9pGJyf1MXLY.005,9pGJyf1MXLY.005.mp4,9pGJyf1MXLY,,,0.7155,"EMO-AffectNet pseudo-label (teacher=Aff-Wild2, top=Surprise 0.28, tension=0.285) - 사람 검수 전"
9rF3BEXetOo.000,9rF3BEXetOo.000.mp4,9rF3BEXetOo,,,0.7691,"EMO-AffectNet pseudo-label (teacher=Aff-Wild2, top=Happiness 0.29, tension=0.231) - 사람 검수 전"
9sfpnlBRCl0.000,9sfpnlBRCl0.000.mp4,9sfpnlBRCl0,,,0.7904,"EMO-AffectNet pseudo-label (teacher=Aff-Wild2, top=Happiness 0.30, tension=0.210) - 사람 검수 전"
9uMpKla2OQM.001,9uMpKla2OQM.001.mp4,9uMpKla2OQM,,,0.6806,"EMO-AffectNet pseudo-label (teacher=Aff-Wild2, top=Surprise 0.29, tension=0.319) - 사람 검수 전"
9xJ0rFCU-OM.004,9xJ0rFCU-OM.004.mp4,9xJ0rFCU-OM,,,0.6901,"EMO-AffectNet pseudo-label (teacher=Aff-Wild2, top=Neutral 0.25, tension=0.310) - 사람 검수 전"
9xJ0rFCU-OM.005,9xJ0rFCU-OM.005.mp4,9xJ0rFCU-OM,,,0.7058,"EMO-AffectNet pseudo-label (teacher=Aff-Wild2, top=Surprise 0.22, tension=0.294) - 사람 검수 전"
9yZEb6bdxNY.000,9yZEb6bdxNY.000.mp4,9yZEb6bdxNY,,,0.8751,"EMO-AffectNet pseudo-label (teacher=Aff-Wild2, top=Happiness 0.60, tension=0.125) - 사람 검수 전"
9yZEb6bdxNY.004,9yZEb6bdxNY.004.mp4,9yZEb6bdxNY,,,0.867,"EMO-AffectNet pseudo-label (teacher=Aff-Wild2, top=Happiness 0.58, tension=0.133) - 사람 검수 전"
9ydyJKZBWiA.000,9ydyJKZBWiA.000.mp4,9ydyJKZBWiA,,,0.766,"EMO-AffectNet pseudo-label (teacher=Aff-Wild2, top=Neutral 0.49, tension=0.234) - 사람 검수 전"
9ydyJKZBWiA.001,9ydyJKZBWiA.001.mp4,9ydyJKZBWiA,,,0.7599,"EMO-AffectNet pseudo-label (teacher=Aff-Wild2, top=Neutral 0.50, tension=0.240) - 사람 검수 전"
9ydyJKZBWiA.002,9ydyJKZBWiA.002.mp4,9ydyJKZBWiA,,,0.7775,"EMO-AffectNet pseudo-label (teacher=Aff-Wild2, top=Neutral 0.50, tension=0.222) - 사람 검수 전"
9ydyJKZBWiA.003,9ydyJKZBWiA.003.mp4,9ydyJKZBWiA,,,0.7739,"EMO-AffectNet pseudo-label (teacher=Aff-Wild2, top=Neutral 0.50, tension=0.226) - 사람 검수 전"
9ydyJKZBWiA.005,9ydyJKZBWiA.005.mp4,9ydyJKZBWiA,,,0.7604,"EMO-AffectNet pseudo-label (teacher=Aff-Wild2, top=Neutral 0.45, tension=0.240) - 사람 검수 전"
9z5cV1ANYwE.002,9z5cV1ANYwE.002.mp4,9z5cV1ANYwE,,,0.7324,"EMO-AffectNet pseudo-label (teacher=Aff-Wild2, top=Surprise 0.32, tension=0.268) - 사람 검수 전"
A0braVJH3Pw.000,A0braVJH3Pw.000.mp4,A0braVJH3Pw,,,0.7393,"EMO-AffectNet pseudo-label (teacher=Aff-Wild2, top=Neutral 0.38, tension=0.261) - 사람 검수 전"
A0braVJH3Pw.001,A0braVJH3Pw.001.mp4,A0braVJH3Pw,,,0.7343,"EMO-AffectNet pseudo-label (teacher=Aff-Wild2, top=Neutral 0.31, tension=0.266) - 사람 검수 전"
A0braVJH3Pw.002,A0braVJH3Pw.002.mp4,A0braVJH3Pw,,,0.7389,"EMO-AffectNet pseudo-label (teacher=Aff-Wild2, top=Neutral 0.37, tension=0.261) - 사람 검수 전"
A0braVJH3Pw.003,A0braVJH3Pw.003.mp4,A0braVJH3Pw,,,0.7923,"EMO-AffectNet pseudo-label (teacher=Aff-Wild2, top=Happiness 0.28, tension=0.208) - 사람 검수 전"
A0braVJH3Pw.004,A0braVJH3Pw.004.mp4,A0braVJH3Pw,,,0.7234,"EMO-AffectNet pseudo-label (teacher=Aff-Wild2, top=Neutral 0.31, tension=0.277) - 사람 검수 전"
A1lbD_OCuj4.000,A1lbD_OCuj4.000.mp4,A1lbD_OCuj4,,,0.6572,"EMO-AffectNet pseudo-label (teacher=Aff-Wild2, top=Surprise 0.25, tension=0.343) - 사람 검수 전"
A1lbD_OCuj4.003,A1lbD_OCuj4.003.mp4,A1lbD_OCuj4,,,0.6712,"EMO-AffectNet pseudo-label (teacher=Aff-Wild2, top=Surprise 0.26, tension=0.329) - 사람 검수 전"
A1lbD_OCuj4.005,A1lbD_OCuj4.005.mp4,A1lbD_OCuj4,,,0.6586,"EMO-AffectNet pseudo-label (teacher=Aff-Wild2, top=Anger 0.27, tension=0.341) - 사람 검수 전"
A3StIKMjn4k.001,A3StIKMjn4k.001.mp4,A3StIKMjn4k,,,0.7134,"EMO-AffectNet pseudo-label (teacher=Aff-Wild2, top=Surprise 0.33, tension=0.287) - 사람 검수 전"
A3StIKMjn4k.002,A3StIKMjn4k.002.mp4,A3StIKMjn4k,,,0.6899,"EMO-AffectNet pseudo-label (teacher=Aff-Wild2, top=Surprise 0.36, tension=0.310) - 사람 검수 전"
A3StIKMjn4k.004,A3StIKMjn4k.004.mp4,A3StIKMjn4k,,,0.6935,"EMO-AffectNet pseudo-label (teacher=Aff-Wild2, top=Surprise 0.37, tension=0.307) - 사람 검수 전"
A3StIKMjn4k.005,A3StIKMjn4k.005.mp4,A3StIKMjn4k,,,0.6827,"EMO-AffectNet pseudo-label (teacher=Aff-Wild2, top=Surprise 0.26, tension=0.317) - 사람 검수 전"
A4zSLp-1gps.000,A4zSLp-1gps.000.mp4,A4zSLp-1gps,,,0.7775,"EMO-AffectNet pseudo-label (teacher=Aff-Wild2, top=Surprise 0.28, tension=0.223) - 사람 검수 전"
A4zSLp-1gps.002,A4zSLp-1gps.002.mp4,A4zSLp-1gps,,,0.8171,"EMO-AffectNet pseudo-label (teacher=Aff-Wild2, top=Happiness 0.38, tension=0.183) - 사람 검수 전"
A4zSLp-1gps.005,A4zSLp-1gps.005.mp4,A4zSLp-1gps,,,0.8055,"EMO-AffectNet pseudo-label (teacher=Aff-Wild2, top=Happiness 0.36, tension=0.195) - 사람 검수 전"
A6ZWTfKPLPE.001,A6ZWTfKPLPE.001.mp4,A6ZWTfKPLPE,,,0.7252,"EMO-AffectNet pseudo-label (teacher=Aff-Wild2, top=Neutral 0.38, tension=0.275) - 사람 검수 전"
A6ZWTfKPLPE.002,A6ZWTfKPLPE.002.mp4,A6ZWTfKPLPE,,,0.7254,"EMO-AffectNet pseudo-label (teacher=Aff-Wild2, top=Neutral 0.32, tension=0.275) - 사람 검수 전"
A6ZWTfKPLPE.003,A6ZWTfKPLPE.003.mp4,A6ZWTfKPLPE,,,0.7314,"EMO-AffectNet pseudo-label (teacher=Aff-Wild2, top=Neutral 0.38, tension=0.269) - 사람 검수 전"
A6ZWTfKPLPE.004,A6ZWTfKPLPE.004.mp4,A6ZWTfKPLPE,,,0.749,"EMO-AffectNet pseudo-label (teacher=Aff-Wild2, top=Neutral 0.42, tension=0.251) - 사람 검수 전"
A6ZWTfKPLPE.005,A6ZWTfKPLPE.005.mp4,A6ZWTfKPLPE,,,0.7162,"EMO-AffectNet pseudo-label (teacher=Aff-Wild2, top=Neutral 0.26, tension=0.284) - 사람 검수 전"
A7exx3pEPkE.000,A7exx3pEPkE.000.mp4,A7exx3pEPkE,,,0.6679,"EMO-AffectNet pseudo-label (teacher=Aff-Wild2, top=Neutral 0.24, tension=0.332) - 사람 검수 전"
A7exx3pEPkE.003,A7exx3pEPkE.003.mp4,A7exx3pEPkE,,,0.6429,"EMO-AffectNet pseudo-label (teacher=Aff-Wild2, top=Sadness 0.27, tension=0.357) - 사람 검수 전"
A7exx3pEPkE.005,A7exx3pEPkE.005.mp4,A7exx3pEPkE,,,0.6379,"EMO-AffectNet pseudo-label (teacher=Aff-Wild2, top=Fear 0.25, tension=0.362) - 사람 검수 전"
A7qb47cmxJo.000,A7qb47cmxJo.000.mp4,A7qb47cmxJo,,,0.6899,"EMO-AffectNet pseudo-label (teacher=Aff-Wild2, top=Neutral 0.21, tension=0.310) - 사람 검수 전"
A7qb47cmxJo.005,A7qb47cmxJo.005.mp4,A7qb47cmxJo,,,0.6869,"EMO-AffectNet pseudo-label (teacher=Aff-Wild2, top=Neutral 0.29, tension=0.313) - 사람 검수 전"
ABWFQuPG1LA.000,ABWFQuPG1LA.000.mp4,ABWFQuPG1LA,,,0.7607,"EMO-AffectNet pseudo-label (teacher=Aff-Wild2, top=Neutral 0.44, tension=0.239) - 사람 검수 전"
ABWFQuPG1LA.002,ABWFQuPG1LA.002.mp4,ABWFQuPG1LA,,,0.7642,"EMO-AffectNet pseudo-label (teacher=Aff-Wild2, top=Neutral 0.36, tension=0.236) - 사람 검수 전"
ABWFQuPG1LA.003,ABWFQuPG1LA.003.mp4,ABWFQuPG1LA,,,0.7615,"EMO-AffectNet pseudo-label (teacher=Aff-Wild2, top=Happiness 0.26, tension=0.238) - 사람 검수 전"
ABWFQuPG1LA.004,ABWFQuPG1LA.004.mp4,ABWFQuPG1LA,,,0.8151,"EMO-AffectNet pseudo-label (teacher=Aff-Wild2, top=Happiness 0.38, tension=0.185) - 사람 검수 전"
ABWFQuPG1LA.005,ABWFQuPG1LA.005.mp4,ABWFQuPG1LA,,,0.8366,"EMO-AffectNet pseudo-label (teacher=Aff-Wild2, top=Happiness 0.51, tension=0.163) - 사람 검수 전"
ADa9rkwF2uA.000,ADa9rkwF2uA.000.mp4,ADa9rkwF2uA,,,0.7918,"EMO-AffectNet pseudo-label (teacher=Aff-Wild2, top=Happiness 0.36, tension=0.208) - 사람 검수 전"
ADa9rkwF2uA.001,ADa9rkwF2uA.001.mp4,ADa9rkwF2uA,,,0.7994,"EMO-AffectNet pseudo-label (teacher=Aff-Wild2, top=Happiness 0.38, tension=0.201) - 사람 검수 전"
ADa9rkwF2uA.002,ADa9rkwF2uA.002.mp4,ADa9rkwF2uA,,,0.7888,"EMO-AffectNet pseudo-label (teacher=Aff-Wild2, top=Happiness 0.39, tension=0.211) - 사람 검수 전"
ADa9rkwF2uA.003,ADa9rkwF2uA.003.mp4,ADa9rkwF2uA,,,0.8018,"EMO-AffectNet pseudo-label (teacher=Aff-Wild2, top=Happiness 0.44, tension=0.198) - 사람 검수 전"
AEqpMdMeMZA.002,AEqpMdMeMZA.002.mp4,AEqpMdMeMZA,,,0.9516,"EMO-AffectNet pseudo-label (teacher=Aff-Wild2, top=Happiness 0.85, tension=0.048) - 사람 검수 전"
AFQz-qy0FkY.001,AFQz-qy0FkY.001.mp4,AFQz-qy0FkY,,,0.8213,"EMO-AffectNet pseudo-label (teacher=Aff-Wild2, top=Happiness 0.30, tension=0.179) - 사람 검수 전"
AFtQfwBA_gI.000,AFtQfwBA_gI.000.mp4,AFtQfwBA_gI,,,0.6857,"EMO-AffectNet pseudo-label (teacher=Aff-Wild2, top=Anger 0.27, tension=0.314) - 사람 검수 전"
AFvUxDwJB84.000,AFvUxDwJB84.000.mp4,AFvUxDwJB84,,,0.6324,"EMO-AffectNet pseudo-label (teacher=Aff-Wild2, top=Fear 0.21, tension=0.368) - 사람 검수 전"
AFvUxDwJB84.001,AFvUxDwJB84.001.mp4,AFvUxDwJB84,,,0.7197,"EMO-AffectNet pseudo-label (teacher=Aff-Wild2, top=Neutral 0.25, tension=0.280) - 사람 검수 전"
AFvUxDwJB84.002,AFvUxDwJB84.002.mp4,AFvUxDwJB84,,,0.6924,"EMO-AffectNet pseudo-label (teacher=Aff-Wild2, top=Neutral 0.20, tension=0.308) - 사람 검수 전"
AFvUxDwJB84.003,AFvUxDwJB84.003.mp4,AFvUxDwJB84,,,0.6462,"EMO-AffectNet pseudo-label (teacher=Aff-Wild2, top=Sadness 0.23, tension=0.354) - 사람 검수 전"
AGYoSGlq-ck.002,AGYoSGlq-ck.002.mp4,AGYoSGlq-ck,,,0.806,"EMO-AffectNet pseudo-label (teacher=Aff-Wild2, top=Neutral 0.44, tension=0.194) - 사람 검수 전"
AJIphVRpYrg.002,AJIphVRpYrg.002.mp4,AJIphVRpYrg,,,0.8008,"EMO-AffectNet pseudo-label (teacher=Aff-Wild2, top=Neutral 0.43, tension=0.199) - 사람 검수 전"
AJIphVRpYrg.003,AJIphVRpYrg.003.mp4,AJIphVRpYrg,,,0.7803,"EMO-AffectNet pseudo-label (teacher=Aff-Wild2, top=Neutral 0.45, tension=0.220) - 사람 검수 전"
AJIphVRpYrg.004,AJIphVRpYrg.004.mp4,AJIphVRpYrg,,,0.8345,"EMO-AffectNet pseudo-label (teacher=Aff-Wild2, top=Happiness 0.36, tension=0.165) - 사람 검수 전"
AJIphVRpYrg.005,AJIphVRpYrg.005.mp4,AJIphVRpYrg,,,0.7728,"EMO-AffectNet pseudo-label (teacher=Aff-Wild2, top=Neutral 0.43, tension=0.227) - 사람 검수 전"
AP0aklGHino.000,AP0aklGHino.000.mp4,AP0aklGHino,,,0.7815,"EMO-AffectNet pseudo-label (teacher=Aff-Wild2, top=Neutral 0.32, tension=0.218) - 사람 검수 전"
AP0aklGHino.003,AP0aklGHino.003.mp4,AP0aklGHino,,,0.7963,"EMO-AffectNet pseudo-label (teacher=Aff-Wild2, top=Neutral 0.42, tension=0.204) - 사람 검수 전"
AP0aklGHino.005,AP0aklGHino.005.mp4,AP0aklGHino,,,0.7803,"EMO-AffectNet pseudo-label (teacher=Aff-Wild2, top=Neutral 0.45, tension=0.220) - 사람 검수 전"
APqMkruLkoE.004,APqMkruLkoE.004.mp4,APqMkruLkoE,,,0.88,"EMO-AffectNet pseudo-label (teacher=Aff-Wild2, top=Happiness 0.59, tension=0.120) - 사람 검수 전"
AQz6_ZpzGIE.003,AQz6_ZpzGIE.003.mp4,AQz6_ZpzGIE,,,0.7918,"EMO-AffectNet pseudo-label (teacher=Aff-Wild2, top=Happiness 0.34, tension=0.208) - 사람 검수 전"
AR3UwbmgKuQ.001,AR3UwbmgKuQ.001.mp4,AR3UwbmgKuQ,,,0.6633,"EMO-AffectNet pseudo-label (teacher=Aff-Wild2, top=Anger 0.22, tension=0.337) - 사람 검수 전"
AR3UwbmgKuQ.003,AR3UwbmgKuQ.003.mp4,AR3UwbmgKuQ,,,0.6782,"EMO-AffectNet pseudo-label (teacher=Aff-Wild2, top=Anger 0.27, tension=0.322) - 사람 검수 전"
AR3UwbmgKuQ.004,AR3UwbmgKuQ.004.mp4,AR3UwbmgKuQ,,,0.6879,"EMO-AffectNet pseudo-label (teacher=Aff-Wild2, top=Anger 0.24, tension=0.312) - 사람 검수 전"
AR3UwbmgKuQ.005,AR3UwbmgKuQ.005.mp4,AR3UwbmgKuQ,,,0.656,"EMO-AffectNet pseudo-label (teacher=Aff-Wild2, top=Anger 0.22, tension=0.344) - 사람 검수 전"
AS8snUf9eX0.000,AS8snUf9eX0.000.mp4,AS8snUf9eX0,,,0.68,"EMO-AffectNet pseudo-label (teacher=Aff-Wild2, top=Neutral 0.30, tension=0.320) - 사람 검수 전"
AS8snUf9eX0.001,AS8snUf9eX0.001.mp4,AS8snUf9eX0,,,0.6821,"EMO-AffectNet pseudo-label (teacher=Aff-Wild2, top=Neutral 0.29, tension=0.318) - 사람 검수 전"
AS8snUf9eX0.002,AS8snUf9eX0.002.mp4,AS8snUf9eX0,,,0.7047,"EMO-AffectNet pseudo-label (teacher=Aff-Wild2, top=Neutral 0.25, tension=0.295) - 사람 검수 전"
AS8snUf9eX0.003,AS8snUf9eX0.003.mp4,AS8snUf9eX0,,,0.6648,"EMO-AffectNet pseudo-label (teacher=Aff-Wild2, top=Neutral 0.25, tension=0.335) - 사람 검수 전"
ASDpn9yOYAo.002,ASDpn9yOYAo.002.mp4,ASDpn9yOYAo,,,0.8259,"EMO-AffectNet pseudo-label (teacher=Aff-Wild2, top=Happiness 0.34, tension=0.174) - 사람 검수 전"
AV7aKrAs-kM.005,AV7aKrAs-kM.005.mp4,AV7aKrAs-kM,,,0.602,"EMO-AffectNet pseudo-label (teacher=Aff-Wild2, top=Disgust 0.20, tension=0.398) - 사람 검수 전"
AVLEr0sYFhs.000,AVLEr0sYFhs.000.mp4,AVLEr0sYFhs,,,0.7123,"EMO-AffectNet pseudo-label (teacher=Aff-Wild2, top=Happiness 0.25, tension=0.288) - 사람 검수 전"
AWZLchLstio.003,AWZLchLstio.003.mp4,AWZLchLstio,,,0.7995,"EMO-AffectNet pseudo-label (teacher=Aff-Wild2, top=Happiness 0.28, tension=0.200) - 사람 검수 전"
AWe6ZZUmlZw.000,AWe6ZZUmlZw.000.mp4,AWe6ZZUmlZw,,,0.7736,"EMO-AffectNet pseudo-label (teacher=Aff-Wild2, top=Neutral 0.24, tension=0.226) - 사람 검수 전"
AWe6ZZUmlZw.004,AWe6ZZUmlZw.004.mp4,AWe6ZZUmlZw,,,0.772,"EMO-AffectNet pseudo-label (teacher=Aff-Wild2, top=Neutral 0.23, tension=0.228) - 사람 검수 전"
AWe6ZZUmlZw.005,AWe6ZZUmlZw.005.mp4,AWe6ZZUmlZw,,,0.8014,"EMO-AffectNet pseudo-label (teacher=Aff-Wild2, top=Happiness 0.25, tension=0.199) - 사람 검수 전"
AWyKLALCUyM.000,AWyKLALCUyM.000.mp4,AWyKLALCUyM,,,0.5428,"EMO-AffectNet pseudo-label (teacher=Aff-Wild2, top=Disgust 0.42, tension=0.457) - 사람 검수 전"
AZ2HyBOmliQ.005,AZ2HyBOmliQ.005.mp4,AZ2HyBOmliQ,,,0.7346,"EMO-AffectNet pseudo-label (teacher=Aff-Wild2, top=Neutral 0.35, tension=0.265) - 사람 검수 전"
AZj2VoCcayA.000,AZj2VoCcayA.000.mp4,AZj2VoCcayA,,,0.7047,"EMO-AffectNet pseudo-label (teacher=Aff-Wild2, top=Neutral 0.32, tension=0.295) - 사람 검수 전"
AZj2VoCcayA.001,AZj2VoCcayA.001.mp4,AZj2VoCcayA,,,0.707,"EMO-AffectNet pseudo-label (teacher=Aff-Wild2, top=Neutral 0.25, tension=0.293) - 사람 검수 전"
AZj2VoCcayA.005,AZj2VoCcayA.005.mp4,AZj2VoCcayA,,,0.7414,"EMO-AffectNet pseudo-label (teacher=Aff-Wild2, top=Neutral 0.30, tension=0.259) - 사람 검수 전"
Af_F0IzHK6o.000,Af_F0IzHK6o.000.mp4,Af_F0IzHK6o,,,0.7355,"EMO-AffectNet pseudo-label (teacher=Aff-Wild2, top=Neutral 0.40, tension=0.264) - 사람 검수 전"
Af_F0IzHK6o.004,Af_F0IzHK6o.004.mp4,Af_F0IzHK6o,,,0.6286,"EMO-AffectNet pseudo-label (teacher=Aff-Wild2, top=Sadness 0.31, tension=0.371) - 사람 검수 전"
Agg7z10B_iY.000,Agg7z10B_iY.000.mp4,Agg7z10B_iY,,,0.7497,"EMO-AffectNet pseudo-label (teacher=Aff-Wild2, top=Neutral 0.37, tension=0.250) - 사람 검수 전"
Agg7z10B_iY.001,Agg7z10B_iY.001.mp4,Agg7z10B_iY,,,0.7109,"EMO-AffectNet pseudo-label (teacher=Aff-Wild2, top=Neutral 0.32, tension=0.289) - 사람 검수 전"
Agg7z10B_iY.002,Agg7z10B_iY.002.mp4,Agg7z10B_iY,,,0.695,"EMO-AffectNet pseudo-label (teacher=Aff-Wild2, top=Neutral 0.22, tension=0.305) - 사람 검수 전"
AheKnXrL0Wk.002,AheKnXrL0Wk.002.mp4,AheKnXrL0Wk,,,0.6447,"EMO-AffectNet pseudo-label (teacher=Aff-Wild2, top=Sadness 0.36, tension=0.355) - 사람 검수 전"
Ahiq4zhmYco.002,Ahiq4zhmYco.002.mp4,Ahiq4zhmYco,,,0.7673,"EMO-AffectNet pseudo-label (teacher=Aff-Wild2, top=Neutral 0.42, tension=0.233) - 사람 검수 전"
AjCI_w9Szks.005,AjCI_w9Szks.005.mp4,AjCI_w9Szks,,,0.6904,"EMO-AffectNet pseudo-label (teacher=Aff-Wild2, top=Anger 0.32, tension=0.310) - 사람 검수 전"
AlEqtGWa43g.000,AlEqtGWa43g.000.mp4,AlEqtGWa43g,,,0.7392,"EMO-AffectNet pseudo-label (teacher=Aff-Wild2, top=Happiness 0.25, tension=0.261) - 사람 검수 전"
AlEqtGWa43g.005,AlEqtGWa43g.005.mp4,AlEqtGWa43g,,,0.721,"EMO-AffectNet pseudo-label (teacher=Aff-Wild2, top=Happiness 0.20, tension=0.279) - 사람 검수 전"
Alox0G4xUfM.000,Alox0G4xUfM.000.mp4,Alox0G4xUfM,,,0.7683,"EMO-AffectNet pseudo-label (teacher=Aff-Wild2, top=Surprise 0.29, tension=0.232) - 사람 검수 전"
AobPtpyKat8.001,AobPtpyKat8.001.mp4,AobPtpyKat8,,,0.7465,"EMO-AffectNet pseudo-label (teacher=Aff-Wild2, top=Happiness 0.23, tension=0.253) - 사람 검수 전"
AotbiNsU85A.000,AotbiNsU85A.000.mp4,AotbiNsU85A,,,0.7502,"EMO-AffectNet pseudo-label (teacher=Aff-Wild2, top=Surprise 0.30, tension=0.250) - 사람 검수 전"
AotbiNsU85A.001,AotbiNsU85A.001.mp4,AotbiNsU85A,,,0.7259,"EMO-AffectNet pseudo-label (teacher=Aff-Wild2, top=Surprise 0.30, tension=0.274) - 사람 검수 전"
AotbiNsU85A.002,AotbiNsU85A.002.mp4,AotbiNsU85A,,,0.7618,"EMO-AffectNet pseudo-label (teacher=Aff-Wild2, top=Surprise 0.34, tension=0.238) - 사람 검수 전"
Ap2KC1yKDdA.002,Ap2KC1yKDdA.002.mp4,Ap2KC1yKDdA,,,0.7779,"EMO-AffectNet pseudo-label (teacher=Aff-Wild2, top=Surprise 0.25, tension=0.222) - 사람 검수 전"
ApPnsnIZozw.004,ApPnsnIZozw.004.mp4,ApPnsnIZozw,,,0.6871,"EMO-AffectNet pseudo-label (teacher=Aff-Wild2, top=Disgust 0.25, tension=0.313) - 사람 검수 전"
ApPnsnIZozw.005,ApPnsnIZozw.005.mp4,ApPnsnIZozw,,,0.7349,"EMO-AffectNet pseudo-label (teacher=Aff-Wild2, top=Happiness 0.31, tension=0.265) - 사람 검수 전"
ArMkA9R1QxY.000,ArMkA9R1QxY.000.mp4,ArMkA9R1QxY,,,0.7474,"EMO-AffectNet pseudo-label (teacher=Aff-Wild2, top=Neutral 0.35, tension=0.253) - 사람 검수 전"
ArMkA9R1QxY.002,ArMkA9R1QxY.002.mp4,ArMkA9R1QxY,,,0.7234,"EMO-AffectNet pseudo-label (teacher=Aff-Wild2, top=Neutral 0.31, tension=0.277) - 사람 검수 전"
Arsrkqma4i4.000,Arsrkqma4i4.000.mp4,Arsrkqma4i4,,,0.7307,"EMO-AffectNet pseudo-label (teacher=Aff-Wild2, top=Surprise 0.25, tension=0.269) - 사람 검수 전"
Arsrkqma4i4.001,Arsrkqma4i4.001.mp4,Arsrkqma4i4,,,0.7023,"EMO-AffectNet pseudo-label (teacher=Aff-Wild2, top=Anger 0.22, tension=0.298) - 사람 검수 전"
As93GgkTdt4.001,As93GgkTdt4.001.mp4,As93GgkTdt4,,,0.771,"EMO-AffectNet pseudo-label (teacher=Aff-Wild2, top=Surprise 0.33, tension=0.229) - 사람 검수 전"
As93GgkTdt4.003,As93GgkTdt4.003.mp4,As93GgkTdt4,,,0.8808,"EMO-AffectNet pseudo-label (teacher=Aff-Wild2, top=Happiness 0.60, tension=0.119) - 사람 검수 전"
As93GgkTdt4.004,As93GgkTdt4.004.mp4,As93GgkTdt4,,,0.8722,"EMO-AffectNet pseudo-label (teacher=Aff-Wild2, top=Happiness 0.57, tension=0.128) - 사람 검수 전"
AuaQ0rtedRk.001,AuaQ0rtedRk.001.mp4,AuaQ0rtedRk,,,0.7933,"EMO-AffectNet pseudo-label (teacher=Aff-Wild2, top=Happiness 0.37, tension=0.207) - 사람 검수 전"
AvuGsnkWjt8.001,AvuGsnkWjt8.001.mp4,AvuGsnkWjt8,,,0.6725,"EMO-AffectNet pseudo-label (teacher=Aff-Wild2, top=Surprise 0.28, tension=0.327) - 사람 검수 전"
AvuGsnkWjt8.002,AvuGsnkWjt8.002.mp4,AvuGsnkWjt8,,,0.6659,"EMO-AffectNet pseudo-label (teacher=Aff-Wild2, top=Surprise 0.21, tension=0.334) - 사람 검수 전"
AvuWv3LLmrA.003,AvuWv3LLmrA.003.mp4,AvuWv3LLmrA,,,0.7513,"EMO-AffectNet pseudo-label (teacher=Aff-Wild2, top=Happiness 0.29, tension=0.249) - 사람 검수 전"
AvuWv3LLmrA.005,AvuWv3LLmrA.005.mp4,AvuWv3LLmrA,,,0.7837,"EMO-AffectNet pseudo-label (teacher=Aff-Wild2, top=Neutral 0.28, tension=0.216) - 사람 검수 전"
AwNVGShHjvw.000,AwNVGShHjvw.000.mp4,AwNVGShHjvw,,,0.7955,"EMO-AffectNet pseudo-label (teacher=Aff-Wild2, top=Happiness 0.41, tension=0.204) - 사람 검수 전"
AwNVGShHjvw.001,AwNVGShHjvw.001.mp4,AwNVGShHjvw,,,0.7255,"EMO-AffectNet pseudo-label (teacher=Aff-Wild2, top=Neutral 0.26, tension=0.274) - 사람 검수 전"
AwNVGShHjvw.002,AwNVGShHjvw.002.mp4,AwNVGShHjvw,,,0.7695,"EMO-AffectNet pseudo-label (teacher=Aff-Wild2, top=Happiness 0.38, tension=0.231) - 사람 검수 전"
AwNVGShHjvw.004,AwNVGShHjvw.004.mp4,AwNVGShHjvw,,,0.7048,"EMO-AffectNet pseudo-label (teacher=Aff-Wild2, top=Sadness 0.26, tension=0.295) - 사람 검수 전"
Ay7bZ7Sgx9Q.001,Ay7bZ7Sgx9Q.001.mp4,Ay7bZ7Sgx9Q,,,0.7177,"EMO-AffectNet pseudo-label (teacher=Aff-Wild2, top=Neutral 0.30, tension=0.282) - 사람 검수 전"
Ay7bZ7Sgx9Q.003,Ay7bZ7Sgx9Q.003.mp4,Ay7bZ7Sgx9Q,,,0.7208,"EMO-AffectNet pseudo-label (teacher=Aff-Wild2, top=Neutral 0.23, tension=0.279) - 사람 검수 전"
Ay7bZ7Sgx9Q.004,Ay7bZ7Sgx9Q.004.mp4,Ay7bZ7Sgx9Q,,,0.7046,"EMO-AffectNet pseudo-label (teacher=Aff-Wild2, top=Neutral 0.29, tension=0.295) - 사람 검수 전"
B-OJ_xZILLg.001,B-OJ_xZILLg.001.mp4,B-OJ_xZILLg,,,0.7634,"EMO-AffectNet pseudo-label (teacher=Aff-Wild2, top=Neutral 0.23, tension=0.237) - 사람 검수 전"
B-OJ_xZILLg.003,B-OJ_xZILLg.003.mp4,B-OJ_xZILLg,,,0.7561,"EMO-AffectNet pseudo-label (teacher=Aff-Wild2, top=Neutral 0.36, tension=0.244) - 사람 검수 전"
B1efbNxLPe8.005,B1efbNxLPe8.005.mp4,B1efbNxLPe8,,,0.6457,"EMO-AffectNet pseudo-label (teacher=Aff-Wild2, top=Sadness 0.25, tension=0.354) - 사람 검수 전"
B2q0gbLVeck.000,B2q0gbLVeck.000.mp4,B2q0gbLVeck,,,0.6985,"EMO-AffectNet pseudo-label (teacher=Aff-Wild2, top=Surprise 0.25, tension=0.302) - 사람 검수 전"
B3VQeeev0r0.001,B3VQeeev0r0.001.mp4,B3VQeeev0r0,,,0.7839,"EMO-AffectNet pseudo-label (teacher=Aff-Wild2, top=Happiness 0.33, tension=0.216) - 사람 검수 전"
B3VQeeev0r0.002,B3VQeeev0r0.002.mp4,B3VQeeev0r0,,,0.7903,"EMO-AffectNet pseudo-label (teacher=Aff-Wild2, top=Happiness 0.38, tension=0.210) - 사람 검수 전"
B3zFJhrmqwg.001,B3zFJhrmqwg.001.mp4,B3zFJhrmqwg,,,0.7239,"EMO-AffectNet pseudo-label (teacher=Aff-Wild2, top=Neutral 0.39, tension=0.276) - 사람 검수 전"
B3zFJhrmqwg.002,B3zFJhrmqwg.002.mp4,B3zFJhrmqwg,,,0.7226,"EMO-AffectNet pseudo-label (teacher=Aff-Wild2, top=Neutral 0.39, tension=0.277) - 사람 검수 전"
B4ducm9sydg.000,B4ducm9sydg.000.mp4,B4ducm9sydg,,,0.6275,"EMO-AffectNet pseudo-label (teacher=Aff-Wild2, top=Fear 0.22, tension=0.372) - 사람 검수 전"
B4ducm9sydg.001,B4ducm9sydg.001.mp4,B4ducm9sydg,,,0.6182,"EMO-AffectNet pseudo-label (teacher=Aff-Wild2, top=Sadness 0.24, tension=0.382) - 사람 검수 전"
B4ducm9sydg.002,B4ducm9sydg.002.mp4,B4ducm9sydg,,,0.6487,"EMO-AffectNet pseudo-label (teacher=Aff-Wild2, top=Fear 0.23, tension=0.351) - 사람 검수 전"
B4ducm9sydg.003,B4ducm9sydg.003.mp4,B4ducm9sydg,,,0.6502,"EMO-AffectNet pseudo-label (teacher=Aff-Wild2, top=Neutral 0.23, tension=0.350) - 사람 검수 전"
B4ducm9sydg.005,B4ducm9sydg.005.mp4,B4ducm9sydg,,,0.6415,"EMO-AffectNet pseudo-label (teacher=Aff-Wild2, top=Neutral 0.21, tension=0.359) - 사람 검수 전"
B77ZCcCMrkM.004,B77ZCcCMrkM.004.mp4,B77ZCcCMrkM,,,0.5764,"EMO-AffectNet pseudo-label (teacher=Aff-Wild2, top=Sadness 0.43, tension=0.424) - 사람 검수 전"
B77ZCcCMrkM.005,B77ZCcCMrkM.005.mp4,B77ZCcCMrkM,,,0.6681,"EMO-AffectNet pseudo-label (teacher=Aff-Wild2, top=Sadness 0.26, tension=0.332) - 사람 검수 전"
B8kzwm6ZaUo.000,B8kzwm6ZaUo.000.mp4,B8kzwm6ZaUo,,,0.8371,"EMO-AffectNet pseudo-label (teacher=Aff-Wild2, top=Happiness 0.48, tension=0.163) - 사람 검수 전"
B8kzwm6ZaUo.001,B8kzwm6ZaUo.001.mp4,B8kzwm6ZaUo,,,0.737,"EMO-AffectNet pseudo-label (teacher=Aff-Wild2, top=Surprise 0.22, tension=0.263) - 사람 검수 전"
B8kzwm6ZaUo.002,B8kzwm6ZaUo.002.mp4,B8kzwm6ZaUo,,,0.727,"EMO-AffectNet pseudo-label (teacher=Aff-Wild2, top=Surprise 0.22, tension=0.273) - 사람 검수 전"
B9NSU6gQdRw.005,B9NSU6gQdRw.005.mp4,B9NSU6gQdRw,,,0.7513,"EMO-AffectNet pseudo-label (teacher=Aff-Wild2, top=Neutral 0.27, tension=0.249) - 사람 검수 전"
BA5qWO9eU2Y.000,BA5qWO9eU2Y.000.mp4,BA5qWO9eU2Y,,,0.7794,"EMO-AffectNet pseudo-label (teacher=Aff-Wild2, top=Surprise 0.35, tension=0.221) - 사람 검수 전"
BBSB9OJdb0Q.001,BBSB9OJdb0Q.001.mp4,BBSB9OJdb0Q,,,0.7329,"EMO-AffectNet pseudo-label (teacher=Aff-Wild2, top=Surprise 0.22, tension=0.267) - 사람 검수 전"
BBSB9OJdb0Q.002,BBSB9OJdb0Q.002.mp4,BBSB9OJdb0Q,,,0.7308,"EMO-AffectNet pseudo-label (teacher=Aff-Wild2, top=Neutral 0.38, tension=0.269) - 사람 검수 전"
BCPoSirpmEw.005,BCPoSirpmEw.005.mp4,BCPoSirpmEw,,,0.8476,"EMO-AffectNet pseudo-label (teacher=Aff-Wild2, top=Happiness 0.50, tension=0.152) - 사람 검수 전"
BJpWi1qGp1A.000,BJpWi1qGp1A.000.mp4,BJpWi1qGp1A,,,0.7146,"EMO-AffectNet pseudo-label (teacher=Aff-Wild2, top=Neutral 0.32, tension=0.285) - 사람 검수 전"
BJpWi1qGp1A.004,BJpWi1qGp1A.004.mp4,BJpWi1qGp1A,,,0.716,"EMO-AffectNet pseudo-label (teacher=Aff-Wild2, top=Neutral 0.32, tension=0.284) - 사람 검수 전"
BLKXsX7-WIg.000,BLKXsX7-WIg.000.mp4,BLKXsX7-WIg,,,0.5805,"EMO-AffectNet pseudo-label (teacher=Aff-Wild2, top=Disgust 0.38, tension=0.419) - 사람 검수 전"
BLKXsX7-WIg.001,BLKXsX7-WIg.001.mp4,BLKXsX7-WIg,,,0.6254,"EMO-AffectNet pseudo-label (teacher=Aff-Wild2, top=Anger 0.25, tension=0.375) - 사람 검수 전"
BLKXsX7-WIg.003,BLKXsX7-WIg.003.mp4,BLKXsX7-WIg,,,0.6348,"EMO-AffectNet pseudo-label (teacher=Aff-Wild2, top=Anger 0.23, tension=0.365) - 사람 검수 전"
BLc_GvsbI1U.000,BLc_GvsbI1U.000.mp4,BLc_GvsbI1U,,,0.6897,"EMO-AffectNet pseudo-label (teacher=Aff-Wild2, top=Surprise 0.28, tension=0.310) - 사람 검수 전"
BLc_GvsbI1U.003,BLc_GvsbI1U.003.mp4,BLc_GvsbI1U,,,0.6737,"EMO-AffectNet pseudo-label (teacher=Aff-Wild2, top=Fear 0.27, tension=0.326) - 사람 검수 전"
BLeDNfK2quI.000,BLeDNfK2quI.000.mp4,BLeDNfK2quI,,,0.7935,"EMO-AffectNet pseudo-label (teacher=Aff-Wild2, top=Happiness 0.30, tension=0.206) - 사람 검수 전"
BLeDNfK2quI.001,BLeDNfK2quI.001.mp4,BLeDNfK2quI,,,0.8501,"EMO-AffectNet pseudo-label (teacher=Aff-Wild2, top=Happiness 0.48, tension=0.150) - 사람 검수 전"
BLeDNfK2quI.002,BLeDNfK2quI.002.mp4,BLeDNfK2quI,,,0.7494,"EMO-AffectNet pseudo-label (teacher=Aff-Wild2, top=Surprise 0.35, tension=0.251) - 사람 검수 전"
BLeDNfK2quI.003,BLeDNfK2quI.003.mp4,BLeDNfK2quI,,,0.7376,"EMO-AffectNet pseudo-label (teacher=Aff-Wild2, top=Surprise 0.31, tension=0.262) - 사람 검수 전"
BLeDNfK2quI.004,BLeDNfK2quI.004.mp4,BLeDNfK2quI,,,0.7059,"EMO-AffectNet pseudo-label (teacher=Aff-Wild2, top=Neutral 0.25, tension=0.294) - 사람 검수 전"
BLeDNfK2quI.005,BLeDNfK2quI.005.mp4,BLeDNfK2quI,,,0.7163,"EMO-AffectNet pseudo-label (teacher=Aff-Wild2, top=Surprise 0.37, tension=0.284) - 사람 검수 전"
BLwgxAWf7cg.003,BLwgxAWf7cg.003.mp4,BLwgxAWf7cg,,,0.7075,"EMO-AffectNet pseudo-label (teacher=Aff-Wild2, top=Sadness 0.32, tension=0.292) - 사람 검수 전"
BLwgxAWf7cg.004,BLwgxAWf7cg.004.mp4,BLwgxAWf7cg,,,0.6552,"EMO-AffectNet pseudo-label (teacher=Aff-Wild2, top=Sadness 0.41, tension=0.345) - 사람 검수 전"
BONQpwyg9KQ.000,BONQpwyg9KQ.000.mp4,BONQpwyg9KQ,,,0.795,"EMO-AffectNet pseudo-label (teacher=Aff-Wild2, top=Neutral 0.30, tension=0.205) - 사람 검수 전"
BOOMkDl8JwA.005,BOOMkDl8JwA.005.mp4,BOOMkDl8JwA,,,0.6731,"EMO-AffectNet pseudo-label (teacher=Aff-Wild2, top=Anger 0.28, tension=0.327) - 사람 검수 전"
BPUFqFLZgZU.005,BPUFqFLZgZU.005.mp4,BPUFqFLZgZU,,,0.7472,"EMO-AffectNet pseudo-label (teacher=Aff-Wild2, top=Surprise 0.31, tension=0.253) - 사람 검수 전"
BQ9i8qkXiVQ.000,BQ9i8qkXiVQ.000.mp4,BQ9i8qkXiVQ,,,0.6732,"EMO-AffectNet pseudo-label (teacher=Aff-Wild2, top=Anger 0.25, tension=0.327) - 사람 검수 전"
BS0wgLXqFgc.001,BS0wgLXqFgc.001.mp4,BS0wgLXqFgc,,,0.8028,"EMO-AffectNet pseudo-label (teacher=Aff-Wild2, top=Happiness 0.33, tension=0.197) - 사람 검수 전"
BS0wgLXqFgc.003,BS0wgLXqFgc.003.mp4,BS0wgLXqFgc,,,0.8424,"EMO-AffectNet pseudo-label (teacher=Aff-Wild2, top=Happiness 0.37, tension=0.158) - 사람 검수 전"
BS0wgLXqFgc.005,BS0wgLXqFgc.005.mp4,BS0wgLXqFgc,,,0.8039,"EMO-AffectNet pseudo-label (teacher=Aff-Wild2, top=Neutral 0.34, tension=0.196) - 사람 검수 전"
BSkTPW_Qsio.001,BSkTPW_Qsio.001.mp4,BSkTPW_Qsio,,,0.8776,"EMO-AffectNet pseudo-label (teacher=Aff-Wild2, top=Happiness 0.56, tension=0.122) - 사람 검수 전"
BStHNKV820Q.001,BStHNKV820Q.001.mp4,BStHNKV820Q,,,0.7398,"EMO-AffectNet pseudo-label (teacher=Aff-Wild2, top=Neutral 0.36, tension=0.260) - 사람 검수 전"
BStHNKV820Q.003,BStHNKV820Q.003.mp4,BStHNKV820Q,,,0.7727,"EMO-AffectNet pseudo-label (teacher=Aff-Wild2, top=Neutral 0.45, tension=0.227) - 사람 검수 전"
BWAEpai6FK0.002,BWAEpai6FK0.002.mp4,BWAEpai6FK0,,,0.7886,"EMO-AffectNet pseudo-label (teacher=Aff-Wild2, top=Neutral 0.28, tension=0.211) - 사람 검수 전"
BWAEpai6FK0.003,BWAEpai6FK0.003.mp4,BWAEpai6FK0,,,0.7919,"EMO-AffectNet pseudo-label (teacher=Aff-Wild2, top=Neutral 0.36, tension=0.208) - 사람 검수 전"
BZ3FEf_KKso.000,BZ3FEf_KKso.000.mp4,BZ3FEf_KKso,,,0.7383,"EMO-AffectNet pseudo-label (teacher=Aff-Wild2, top=Neutral 0.38, tension=0.262) - 사람 검수 전"
BZ3FEf_KKso.001,BZ3FEf_KKso.001.mp4,BZ3FEf_KKso,,,0.7329,"EMO-AffectNet pseudo-label (teacher=Aff-Wild2, top=Neutral 0.38, tension=0.267) - 사람 검수 전"
BeyIfaH64xY.000,BeyIfaH64xY.000.mp4,BeyIfaH64xY,,,0.7058,"EMO-AffectNet pseudo-label (teacher=Aff-Wild2, top=Neutral 0.24, tension=0.294) - 사람 검수 전"
BeyIfaH64xY.001,BeyIfaH64xY.001.mp4,BeyIfaH64xY,,,0.6851,"EMO-AffectNet pseudo-label (teacher=Aff-Wild2, top=Neutral 0.25, tension=0.315) - 사람 검수 전"
BeyIfaH64xY.003,BeyIfaH64xY.003.mp4,BeyIfaH64xY,,,0.6938,"EMO-AffectNet pseudo-label (teacher=Aff-Wild2, top=Neutral 0.28, tension=0.306) - 사람 검수 전"
BeyIfaH64xY.004,BeyIfaH64xY.004.mp4,BeyIfaH64xY,,,0.7051,"EMO-AffectNet pseudo-label (teacher=Aff-Wild2, top=Neutral 0.25, tension=0.295) - 사람 검수 전"
BgfYyUAoNPs.000,BgfYyUAoNPs.000.mp4,BgfYyUAoNPs,,,0.8318,"EMO-AffectNet pseudo-label (teacher=Aff-Wild2, top=Happiness 0.45, tension=0.168) - 사람 검수 전"
Bi3XVSF4rac.000,Bi3XVSF4rac.000.mp4,Bi3XVSF4rac,,,0.6423,"EMO-AffectNet pseudo-label (teacher=Aff-Wild2, top=Fear 0.28, tension=0.358) - 사람 검수 전"
Bije9nsMl7M.000,Bije9nsMl7M.000.mp4,Bije9nsMl7M,,,0.7106,"EMO-AffectNet pseudo-label (teacher=Aff-Wild2, top=Neutral 0.30, tension=0.289) - 사람 검수 전"
Bije9nsMl7M.003,Bije9nsMl7M.003.mp4,Bije9nsMl7M,,,0.6952,"EMO-AffectNet pseudo-label (teacher=Aff-Wild2, top=Neutral 0.30, tension=0.305) - 사람 검수 전"
Bije9nsMl7M.004,Bije9nsMl7M.004.mp4,Bije9nsMl7M,,,0.69,"EMO-AffectNet pseudo-label (teacher=Aff-Wild2, top=Anger 0.30, tension=0.310) - 사람 검수 전"
Bije9nsMl7M.005,Bije9nsMl7M.005.mp4,Bije9nsMl7M,,,0.6834,"EMO-AffectNet pseudo-label (teacher=Aff-Wild2, top=Neutral 0.30, tension=0.317) - 사람 검수 전"
BjQ95T-Dw1U.000,BjQ95T-Dw1U.000.mp4,BjQ95T-Dw1U,,,0.6847,"EMO-AffectNet pseudo-label (teacher=Aff-Wild2, top=Neutral 0.30, tension=0.315) - 사람 검수 전"
BjQ95T-Dw1U.002,BjQ95T-Dw1U.002.mp4,BjQ95T-Dw1U,,,0.6905,"EMO-AffectNet pseudo-label (teacher=Aff-Wild2, top=Neutral 0.31, tension=0.309) - 사람 검수 전"
BjQ95T-Dw1U.003,BjQ95T-Dw1U.003.mp4,BjQ95T-Dw1U,,,0.69,"EMO-AffectNet pseudo-label (teacher=Aff-Wild2, top=Neutral 0.33, tension=0.310) - 사람 검수 전"
BjQ95T-Dw1U.004,BjQ95T-Dw1U.004.mp4,BjQ95T-Dw1U,,,0.6278,"EMO-AffectNet pseudo-label (teacher=Aff-Wild2, top=Fear 0.30, tension=0.372) - 사람 검수 전"
BjQ95T-Dw1U.005,BjQ95T-Dw1U.005.mp4,BjQ95T-Dw1U,,,0.6844,"EMO-AffectNet pseudo-label (teacher=Aff-Wild2, top=Neutral 0.33, tension=0.316) - 사람 검수 전"
BjzSIV3dutk.000,BjzSIV3dutk.000.mp4,BjzSIV3dutk,,,0.8556,"EMO-AffectNet pseudo-label (teacher=Aff-Wild2, top=Happiness 0.48, tension=0.144) - 사람 검수 전"
Bk9Hxn7Drxw.003,Bk9Hxn7Drxw.003.mp4,Bk9Hxn7Drxw,,,0.6795,"EMO-AffectNet pseudo-label (teacher=Aff-Wild2, top=Neutral 0.23, tension=0.320) - 사람 검수 전"
Bk9Hxn7Drxw.004,Bk9Hxn7Drxw.004.mp4,Bk9Hxn7Drxw,,,0.6956,"EMO-AffectNet pseudo-label (teacher=Aff-Wild2, top=Neutral 0.35, tension=0.304) - 사람 검수 전"
BkDdtxDPjJA.001,BkDdtxDPjJA.001.mp4,BkDdtxDPjJA,,,0.6054,"EMO-AffectNet pseudo-label (teacher=Aff-Wild2, top=Fear 0.30, tension=0.395) - 사람 검수 전"
BlvmREgt2C0.002,BlvmREgt2C0.002.mp4,BlvmREgt2C0,,,0.8018,"EMO-AffectNet pseudo-label (teacher=Aff-Wild2, top=Happiness 0.30, tension=0.198) - 사람 검수 전"
BlvmREgt2C0.005,BlvmREgt2C0.005.mp4,BlvmREgt2C0,,,0.901,"EMO-AffectNet pseudo-label (teacher=Aff-Wild2, top=Happiness 0.67, tension=0.099) - 사람 검수 전"
BmDClgdWlH4.000,BmDClgdWlH4.000.mp4,BmDClgdWlH4,,,0.7832,"EMO-AffectNet pseudo-label (teacher=Aff-Wild2, top=Surprise 0.34, tension=0.217) - 사람 검수 전"
BmDClgdWlH4.002,BmDClgdWlH4.002.mp4,BmDClgdWlH4,,,0.7682,"EMO-AffectNet pseudo-label (teacher=Aff-Wild2, top=Surprise 0.35, tension=0.232) - 사람 검수 전"
BmDClgdWlH4.004,BmDClgdWlH4.004.mp4,BmDClgdWlH4,,,0.8199,"EMO-AffectNet pseudo-label (teacher=Aff-Wild2, top=Happiness 0.41, tension=0.180) - 사람 검수 전"
Bo-mrL28d8M.002,Bo-mrL28d8M.002.mp4,Bo-mrL28d8M,,,0.6137,"EMO-AffectNet pseudo-label (teacher=Aff-Wild2, top=Disgust 0.26, tension=0.386) - 사람 검수 전"
Bo-mrL28d8M.003,Bo-mrL28d8M.003.mp4,Bo-mrL28d8M,,,0.6123,"EMO-AffectNet pseudo-label (teacher=Aff-Wild2, top=Disgust 0.27, tension=0.388) - 사람 검수 전"
Bo-mrL28d8M.004,Bo-mrL28d8M.004.mp4,Bo-mrL28d8M,,,0.5963,"EMO-AffectNet pseudo-label (teacher=Aff-Wild2, top=Disgust 0.32, tension=0.404) - 사람 검수 전"
BpcQ9THDtp4.000,BpcQ9THDtp4.000.mp4,BpcQ9THDtp4,,,0.6748,"EMO-AffectNet pseudo-label (teacher=Aff-Wild2, top=Surprise 0.25, tension=0.325) - 사람 검수 전"
Bt5zyk-Xf9Q.000,Bt5zyk-Xf9Q.000.mp4,Bt5zyk-Xf9Q,,,0.7556,"EMO-AffectNet pseudo-label (teacher=Aff-Wild2, top=Neutral 0.40, tension=0.244) - 사람 검수 전"
BuKzIqR4eBU.001,BuKzIqR4eBU.001.mp4,BuKzIqR4eBU,,,0.717,"EMO-AffectNet pseudo-label (teacher=Aff-Wild2, top=Neutral 0.24, tension=0.283) - 사람 검수 전"
BxdFQhBNZys.000,BxdFQhBNZys.000.mp4,BxdFQhBNZys,,,0.6728,"EMO-AffectNet pseudo-label (teacher=Aff-Wild2, top=Surprise 0.19, tension=0.327) - 사람 검수 전"
BxdFQhBNZys.004,BxdFQhBNZys.004.mp4,BxdFQhBNZys,,,0.6534,"EMO-AffectNet pseudo-label (teacher=Aff-Wild2, top=Sadness 0.23, tension=0.347) - 사람 검수 전"
Bz3Jx4QL_6Q.001,Bz3Jx4QL_6Q.001.mp4,Bz3Jx4QL_6Q,,,0.7428,"EMO-AffectNet pseudo-label (teacher=Aff-Wild2, top=Surprise 0.24, tension=0.257) - 사람 검수 전"
Bz3Jx4QL_6Q.003,Bz3Jx4QL_6Q.003.mp4,Bz3Jx4QL_6Q,,,0.7257,"EMO-AffectNet pseudo-label (teacher=Aff-Wild2, top=Surprise 0.24, tension=0.274) - 사람 검수 전"
Bz3Jx4QL_6Q.004,Bz3Jx4QL_6Q.004.mp4,Bz3Jx4QL_6Q,,,0.7086,"EMO-AffectNet pseudo-label (teacher=Aff-Wild2, top=Anger 0.21, tension=0.291) - 사람 검수 전"
C-48U5oDuvw.003,C-48U5oDuvw.003.mp4,C-48U5oDuvw,,,0.6411,"EMO-AffectNet pseudo-label (teacher=Aff-Wild2, top=Surprise 0.37, tension=0.359) - 사람 검수 전"
C-48U5oDuvw.004,C-48U5oDuvw.004.mp4,C-48U5oDuvw,,,0.6483,"EMO-AffectNet pseudo-label (teacher=Aff-Wild2, top=Surprise 0.42, tension=0.352) - 사람 검수 전"
C0UMWrEJ2x0.004,C0UMWrEJ2x0.004.mp4,C0UMWrEJ2x0,,,0.838,"EMO-AffectNet pseudo-label (teacher=Aff-Wild2, top=Happiness 0.50, tension=0.162) - 사람 검수 전"
C0UMWrEJ2x0.005,C0UMWrEJ2x0.005.mp4,C0UMWrEJ2x0,,,0.826,"EMO-AffectNet pseudo-label (teacher=Aff-Wild2, top=Happiness 0.43, tension=0.174) - 사람 검수 전"
C0uc-2KrnnQ.001,C0uc-2KrnnQ.001.mp4,C0uc-2KrnnQ,,,0.7221,"EMO-AffectNet pseudo-label (teacher=Aff-Wild2, top=Neutral 0.26, tension=0.278) - 사람 검수 전"
C0uc-2KrnnQ.002,C0uc-2KrnnQ.002.mp4,C0uc-2KrnnQ,,,0.7196,"EMO-AffectNet pseudo-label (teacher=Aff-Wild2, top=Happiness 0.28, tension=0.280) - 사람 검수 전"
C23rns4ZCy8.004,C23rns4ZCy8.004.mp4,C23rns4ZCy8,,,0.7844,"EMO-AffectNet pseudo-label (teacher=Aff-Wild2, top=Neutral 0.29, tension=0.216) - 사람 검수 전"
C2MEPH7x9m0.001,C2MEPH7x9m0.001.mp4,C2MEPH7x9m0,,,0.8787,"EMO-AffectNet pseudo-label (teacher=Aff-Wild2, top=Happiness 0.55, tension=0.121) - 사람 검수 전"
C3knX70mzxQ.004,C3knX70mzxQ.004.mp4,C3knX70mzxQ,,,0.6843,"EMO-AffectNet pseudo-label (teacher=Aff-Wild2, top=Neutral 0.26, tension=0.316) - 사람 검수 전"
C3knX70mzxQ.005,C3knX70mzxQ.005.mp4,C3knX70mzxQ,,,0.6863,"EMO-AffectNet pseudo-label (teacher=Aff-Wild2, top=Neutral 0.29, tension=0.314) - 사람 검수 전"
C5qRszPK9HY.001,C5qRszPK9HY.001.mp4,C5qRszPK9HY,,,0.6608,"EMO-AffectNet pseudo-label (teacher=Aff-Wild2, top=Sadness 0.21, tension=0.339) - 사람 검수 전"
C5qRszPK9HY.003,C5qRszPK9HY.003.mp4,C5qRszPK9HY,,,0.702,"EMO-AffectNet pseudo-label (teacher=Aff-Wild2, top=Anger 0.22, tension=0.298) - 사람 검수 전"
C8xZ0vhrrFE.000,C8xZ0vhrrFE.000.mp4,C8xZ0vhrrFE,,,0.6242,"EMO-AffectNet pseudo-label (teacher=Aff-Wild2, top=Fear 0.22, tension=0.376) - 사람 검수 전"
C8xZ0vhrrFE.002,C8xZ0vhrrFE.002.mp4,C8xZ0vhrrFE,,,0.6967,"EMO-AffectNet pseudo-label (teacher=Aff-Wild2, top=Neutral 0.21, tension=0.303) - 사람 검수 전"
C8xZ0vhrrFE.003,C8xZ0vhrrFE.003.mp4,C8xZ0vhrrFE,,,0.6924,"EMO-AffectNet pseudo-label (teacher=Aff-Wild2, top=Neutral 0.34, tension=0.308) - 사람 검수 전"
C8xZ0vhrrFE.005,C8xZ0vhrrFE.005.mp4,C8xZ0vhrrFE,,,0.6801,"EMO-AffectNet pseudo-label (teacher=Aff-Wild2, top=Neutral 0.24, tension=0.320) - 사람 검수 전"
CCe1J5grs8U.005,CCe1J5grs8U.005.mp4,CCe1J5grs8U,,,0.6787,"EMO-AffectNet pseudo-label (teacher=Aff-Wild2, top=Neutral 0.22, tension=0.321) - 사람 검수 전"
CDTo7WVyf5s.001,CDTo7WVyf5s.001.mp4,CDTo7WVyf5s,,,0.7449,"EMO-AffectNet pseudo-label (teacher=Aff-Wild2, top=Happiness 0.23, tension=0.255) - 사람 검수 전"
CESTtNvDpww.003,CESTtNvDpww.003.mp4,CESTtNvDpww,,,0.8737,"EMO-AffectNet pseudo-label (teacher=Aff-Wild2, top=Happiness 0.60, tension=0.126) - 사람 검수 전"
CFK8ib0aWe8.000,CFK8ib0aWe8.000.mp4,CFK8ib0aWe8,,,0.6431,"EMO-AffectNet pseudo-label (teacher=Aff-Wild2, top=Fear 0.33, tension=0.357) - 사람 검수 전"
CFK8ib0aWe8.001,CFK8ib0aWe8.001.mp4,CFK8ib0aWe8,,,0.6397,"EMO-AffectNet pseudo-label (teacher=Aff-Wild2, top=Fear 0.33, tension=0.360) - 사람 검수 전"
CFK8ib0aWe8.003,CFK8ib0aWe8.003.mp4,CFK8ib0aWe8,,,0.6443,"EMO-AffectNet pseudo-label (teacher=Aff-Wild2, top=Fear 0.31, tension=0.356) - 사람 검수 전"
CFk4v2Kd5Ns.002,CFk4v2Kd5Ns.002.mp4,CFk4v2Kd5Ns,,,0.6943,"EMO-AffectNet pseudo-label (teacher=Aff-Wild2, top=Sadness 0.21, tension=0.306) - 사람 검수 전"
CFk4v2Kd5Ns.005,CFk4v2Kd5Ns.005.mp4,CFk4v2Kd5Ns,,,0.6052,"EMO-AffectNet pseudo-label (teacher=Aff-Wild2, top=Sadness 0.34, tension=0.395) - 사람 검수 전"
CGfr9jl8w4Y.001,CGfr9jl8w4Y.001.mp4,CGfr9jl8w4Y,,,0.771,"EMO-AffectNet pseudo-label (teacher=Aff-Wild2, top=Happiness 0.33, tension=0.229) - 사람 검수 전"
CGfr9jl8w4Y.004,CGfr9jl8w4Y.004.mp4,CGfr9jl8w4Y,,,0.7613,"EMO-AffectNet pseudo-label (teacher=Aff-Wild2, top=Happiness 0.39, tension=0.239) - 사람 검수 전"
CGfr9jl8w4Y.005,CGfr9jl8w4Y.005.mp4,CGfr9jl8w4Y,,,0.7787,"EMO-AffectNet pseudo-label (teacher=Aff-Wild2, top=Happiness 0.37, tension=0.221) - 사람 검수 전"
CHkKv9TXm0g.000,CHkKv9TXm0g.000.mp4,CHkKv9TXm0g,,,0.7589,"EMO-AffectNet pseudo-label (teacher=Aff-Wild2, top=Neutral 0.28, tension=0.241) - 사람 검수 전"
CJT7z9PaU68.004,CJT7z9PaU68.004.mp4,CJT7z9PaU68,,,0.6441,"EMO-AffectNet pseudo-label (teacher=Aff-Wild2, top=Fear 0.22, tension=0.356) - 사람 검수 전"
CJhP12Gi8sg.002,CJhP12Gi8sg.002.mp4,CJhP12Gi8sg,,,0.7994,"EMO-AffectNet pseudo-label (teacher=Aff-Wild2, top=Happiness 0.27, tension=0.201) - 사람 검수 전"
CJjNcuBLjMM.001,CJjNcuBLjMM.001.mp4,CJjNcuBLjMM,,,0.789,"EMO-AffectNet pseudo-label (teacher=Aff-Wild2, top=Neutral 0.43, tension=0.211) - 사람 검수 전"
CLGJCzz6tIU.001,CLGJCzz6tIU.001.mp4,CLGJCzz6tIU,,,0.9156,"EMO-AffectNet pseudo-label (teacher=Aff-Wild2, top=Happiness 0.74, tension=0.084) - 사람 검수 전"
CO7vZjYF6Zk.000,CO7vZjYF6Zk.000.mp4,CO7vZjYF6Zk,,,0.7378,"EMO-AffectNet pseudo-label (teacher=Aff-Wild2, top=Happiness 0.22, tension=0.262) - 사람 검수 전"
CO7vZjYF6Zk.001,CO7vZjYF6Zk.001.mp4,CO7vZjYF6Zk,,,0.6881,"EMO-AffectNet pseudo-label (teacher=Aff-Wild2, top=Anger 0.22, tension=0.312) - 사람 검수 전"
CO7vZjYF6Zk.002,CO7vZjYF6Zk.002.mp4,CO7vZjYF6Zk,,,0.8039,"EMO-AffectNet pseudo-label (teacher=Aff-Wild2, top=Happiness 0.33, tension=0.196) - 사람 검수 전"
CPtaCNonKlE.000,CPtaCNonKlE.000.mp4,CPtaCNonKlE,,,0.6841,"EMO-AffectNet pseudo-label (teacher=Aff-Wild2, top=Neutral 0.29, tension=0.316) - 사람 검수 전"
CPtaCNonKlE.002,CPtaCNonKlE.002.mp4,CPtaCNonKlE,,,0.6841,"EMO-AffectNet pseudo-label (teacher=Aff-Wild2, top=Neutral 0.28, tension=0.316) - 사람 검수 전"
CPtaCNonKlE.003,CPtaCNonKlE.003.mp4,CPtaCNonKlE,,,0.6661,"EMO-AffectNet pseudo-label (teacher=Aff-Wild2, top=Sadness 0.21, tension=0.334) - 사람 검수 전"
CPtaCNonKlE.004,CPtaCNonKlE.004.mp4,CPtaCNonKlE,,,0.6446,"EMO-AffectNet pseudo-label (teacher=Aff-Wild2, top=Sadness 0.27, tension=0.355) - 사람 검수 전"
CQMH9Qguuao.000,CQMH9Qguuao.000.mp4,CQMH9Qguuao,,,0.7494,"EMO-AffectNet pseudo-label (teacher=Aff-Wild2, top=Neutral 0.36, tension=0.251) - 사람 검수 전"
CQMH9Qguuao.003,CQMH9Qguuao.003.mp4,CQMH9Qguuao,,,0.7533,"EMO-AffectNet pseudo-label (teacher=Aff-Wild2, top=Neutral 0.45, tension=0.247) - 사람 검수 전"
CQMH9Qguuao.004,CQMH9Qguuao.004.mp4,CQMH9Qguuao,,,0.7611,"EMO-AffectNet pseudo-label (teacher=Aff-Wild2, top=Neutral 0.46, tension=0.239) - 사람 검수 전"
CQMH9Qguuao.005,CQMH9Qguuao.005.mp4,CQMH9Qguuao,,,0.7553,"EMO-AffectNet pseudo-label (teacher=Aff-Wild2, top=Neutral 0.45, tension=0.245) - 사람 검수 전"
CRLsCyMfskE.000,CRLsCyMfskE.000.mp4,CRLsCyMfskE,,,0.7122,"EMO-AffectNet pseudo-label (teacher=Aff-Wild2, top=Happiness 0.26, tension=0.288) - 사람 검수 전"
CRLsCyMfskE.001,CRLsCyMfskE.001.mp4,CRLsCyMfskE,,,0.669,"EMO-AffectNet pseudo-label (teacher=Aff-Wild2, top=Disgust 0.30, tension=0.331) - 사람 검수 전"
CRLsCyMfskE.002,CRLsCyMfskE.002.mp4,CRLsCyMfskE,,,0.6506,"EMO-AffectNet pseudo-label (teacher=Aff-Wild2, top=Sadness 0.19, tension=0.349) - 사람 검수 전"
CRLsCyMfskE.003,CRLsCyMfskE.003.mp4,CRLsCyMfskE,,,0.6863,"EMO-AffectNet pseudo-label (teacher=Aff-Wild2, top=Disgust 0.23, tension=0.314) - 사람 검수 전"
CRLsCyMfskE.004,CRLsCyMfskE.004.mp4,CRLsCyMfskE,,,0.7319,"EMO-AffectNet pseudo-label (teacher=Aff-Wild2, top=Happiness 0.30, tension=0.268) - 사람 검수 전"
CTWMisL_HlI.000,CTWMisL_HlI.000.mp4,CTWMisL_HlI,,,0.7689,"EMO-AffectNet pseudo-label (teacher=Aff-Wild2, top=Neutral 0.30, tension=0.231) - 사람 검수 전"
CTWMisL_HlI.003,CTWMisL_HlI.003.mp4,CTWMisL_HlI,,,0.7505,"EMO-AffectNet pseudo-label (teacher=Aff-Wild2, top=Surprise 0.26, tension=0.249) - 사람 검수 전"
CTWMisL_HlI.004,CTWMisL_HlI.004.mp4,CTWMisL_HlI,,,0.7423,"EMO-AffectNet pseudo-label (teacher=Aff-Wild2, top=Neutral 0.26, tension=0.258) - 사람 검수 전"
CTWMisL_HlI.005,CTWMisL_HlI.005.mp4,CTWMisL_HlI,,,0.7412,"EMO-AffectNet pseudo-label (teacher=Aff-Wild2, top=Neutral 0.31, tension=0.259) - 사람 검수 전"
CUiG7UZ9A3k.002,CUiG7UZ9A3k.002.mp4,CUiG7UZ9A3k,,,0.68,"EMO-AffectNet pseudo-label (teacher=Aff-Wild2, top=Anger 0.21, tension=0.320) - 사람 검수 전"
CUiG7UZ9A3k.005,CUiG7UZ9A3k.005.mp4,CUiG7UZ9A3k,,,0.6752,"EMO-AffectNet pseudo-label (teacher=Aff-Wild2, top=Anger 0.20, tension=0.325) - 사람 검수 전"
CV930dFsubs.000,CV930dFsubs.000.mp4,CV930dFsubs,,,0.7235,"EMO-AffectNet pseudo-label (teacher=Aff-Wild2, top=Neutral 0.24, tension=0.276) - 사람 검수 전"
CV930dFsubs.002,CV930dFsubs.002.mp4,CV930dFsubs,,,0.8692,"EMO-AffectNet pseudo-label (teacher=Aff-Wild2, top=Happiness 0.57, tension=0.131) - 사람 검수 전"
CV930dFsubs.003,CV930dFsubs.003.mp4,CV930dFsubs,,,0.7123,"EMO-AffectNet pseudo-label (teacher=Aff-Wild2, top=Neutral 0.24, tension=0.288) - 사람 검수 전"
C_NtwmmF2Ys.000,C_NtwmmF2Ys.000.mp4,C_NtwmmF2Ys,,,0.6643,"EMO-AffectNet pseudo-label (teacher=Aff-Wild2, top=Neutral 0.26, tension=0.336) - 사람 검수 전"
C_NtwmmF2Ys.002,C_NtwmmF2Ys.002.mp4,C_NtwmmF2Ys,,,0.6733,"EMO-AffectNet pseudo-label (teacher=Aff-Wild2, top=Neutral 0.20, tension=0.327) - 사람 검수 전"
C_NtwmmF2Ys.003,C_NtwmmF2Ys.003.mp4,C_NtwmmF2Ys,,,0.6289,"EMO-AffectNet pseudo-label (teacher=Aff-Wild2, top=Sadness 0.19, tension=0.371) - 사람 검수 전"
C_NtwmmF2Ys.004,C_NtwmmF2Ys.004.mp4,C_NtwmmF2Ys,,,0.6859,"EMO-AffectNet pseudo-label (teacher=Aff-Wild2, top=Neutral 0.27, tension=0.314) - 사람 검수 전"
CbNAOLHByZQ.004,CbNAOLHByZQ.004.mp4,CbNAOLHByZQ,,,0.7021,"EMO-AffectNet pseudo-label (teacher=Aff-Wild2, top=Neutral 0.24, tension=0.298) - 사람 검수 전"
CcVuoHZqp6k.004,CcVuoHZqp6k.004.mp4,CcVuoHZqp6k,,,0.7412,"EMO-AffectNet pseudo-label (teacher=Aff-Wild2, top=Neutral 0.25, tension=0.259) - 사람 검수 전"
CdUYBux3Vn8.000,CdUYBux3Vn8.000.mp4,CdUYBux3Vn8,,,0.7456,"EMO-AffectNet pseudo-label (teacher=Aff-Wild2, top=Surprise 0.26, tension=0.254) - 사람 검수 전"
CdUYBux3Vn8.002,CdUYBux3Vn8.002.mp4,CdUYBux3Vn8,,,0.7884,"EMO-AffectNet pseudo-label (teacher=Aff-Wild2, top=Happiness 0.37, tension=0.212) - 사람 검수 전"
CdUYBux3Vn8.005,CdUYBux3Vn8.005.mp4,CdUYBux3Vn8,,,0.8825,"EMO-AffectNet pseudo-label (teacher=Aff-Wild2, top=Happiness 0.64, tension=0.117) - 사람 검수 전"
CdY1ZLrWTtg.000,CdY1ZLrWTtg.000.mp4,CdY1ZLrWTtg,,,0.7825,"EMO-AffectNet pseudo-label (teacher=Aff-Wild2, top=Neutral 0.49, tension=0.218) - 사람 검수 전"
CdY1ZLrWTtg.002,CdY1ZLrWTtg.002.mp4,CdY1ZLrWTtg,,,0.8003,"EMO-AffectNet pseudo-label (teacher=Aff-Wild2, top=Neutral 0.50, tension=0.200) - 사람 검수 전"
Cdh_OCMZ4U8.000,Cdh_OCMZ4U8.000.mp4,Cdh_OCMZ4U8,,,0.5849,"EMO-AffectNet pseudo-label (teacher=Aff-Wild2, top=Disgust 0.39, tension=0.415) - 사람 검수 전"
CfNbSToI21k.004,CfNbSToI21k.004.mp4,CfNbSToI21k,,,0.7189,"EMO-AffectNet pseudo-label (teacher=Aff-Wild2, top=Anger 0.25, tension=0.281) - 사람 검수 전"
CfNbSToI21k.005,CfNbSToI21k.005.mp4,CfNbSToI21k,,,0.6883,"EMO-AffectNet pseudo-label (teacher=Aff-Wild2, top=Anger 0.27, tension=0.312) - 사람 검수 전"
Cl5jhuLQ9Dg.001,Cl5jhuLQ9Dg.001.mp4,Cl5jhuLQ9Dg,,,0.8124,"EMO-AffectNet pseudo-label (teacher=Aff-Wild2, top=Happiness 0.33, tension=0.188) - 사람 검수 전"
Cl5jhuLQ9Dg.002,Cl5jhuLQ9Dg.002.mp4,Cl5jhuLQ9Dg,,,0.7827,"EMO-AffectNet pseudo-label (teacher=Aff-Wild2, top=Neutral 0.32, tension=0.217) - 사람 검수 전"
Cl5jhuLQ9Dg.003,Cl5jhuLQ9Dg.003.mp4,Cl5jhuLQ9Dg,,,0.7634,"EMO-AffectNet pseudo-label (teacher=Aff-Wild2, top=Neutral 0.31, tension=0.237) - 사람 검수 전"
Cl5jhuLQ9Dg.004,Cl5jhuLQ9Dg.004.mp4,Cl5jhuLQ9Dg,,,0.7882,"EMO-AffectNet pseudo-label (teacher=Aff-Wild2, top=Neutral 0.32, tension=0.212) - 사람 검수 전"
Cl5jhuLQ9Dg.005,Cl5jhuLQ9Dg.005.mp4,Cl5jhuLQ9Dg,,,0.7635,"EMO-AffectNet pseudo-label (teacher=Aff-Wild2, top=Neutral 0.31, tension=0.237) - 사람 검수 전"
Cl7vQ9QR0es.000,Cl7vQ9QR0es.000.mp4,Cl7vQ9QR0es,,,0.8581,"EMO-AffectNet pseudo-label (teacher=Aff-Wild2, top=Happiness 0.53, tension=0.142) - 사람 검수 전"
Cl7vQ9QR0es.001,Cl7vQ9QR0es.001.mp4,Cl7vQ9QR0es,,,0.8584,"EMO-AffectNet pseudo-label (teacher=Aff-Wild2, top=Happiness 0.55, tension=0.142) - 사람 검수 전"
Cl7vQ9QR0es.002,Cl7vQ9QR0es.002.mp4,Cl7vQ9QR0es,,,0.8818,"EMO-AffectNet pseudo-label (teacher=Aff-Wild2, top=Happiness 0.63, tension=0.118) - 사람 검수 전"
Cl7vQ9QR0es.003,Cl7vQ9QR0es.003.mp4,Cl7vQ9QR0es,,,0.8108,"EMO-AffectNet pseudo-label (teacher=Aff-Wild2, top=Happiness 0.41, tension=0.189) - 사람 검수 전"
Cl7vQ9QR0es.004,Cl7vQ9QR0es.004.mp4,Cl7vQ9QR0es,,,0.7806,"EMO-AffectNet pseudo-label (teacher=Aff-Wild2, top=Happiness 0.31, tension=0.219) - 사람 검수 전"
Cl7vQ9QR0es.005,Cl7vQ9QR0es.005.mp4,Cl7vQ9QR0es,,,0.7155,"EMO-AffectNet pseudo-label (teacher=Aff-Wild2, top=Happiness 0.27, tension=0.284) - 사람 검수 전"
Cng72emlXAM.004,Cng72emlXAM.004.mp4,Cng72emlXAM,,,0.725,"EMO-AffectNet pseudo-label (teacher=Aff-Wild2, top=Neutral 0.27, tension=0.275) - 사람 검수 전"
Cng72emlXAM.005,Cng72emlXAM.005.mp4,Cng72emlXAM,,,0.6964,"EMO-AffectNet pseudo-label (teacher=Aff-Wild2, top=Neutral 0.30, tension=0.304) - 사람 검수 전"
CpmR-91GxmY.000,CpmR-91GxmY.000.mp4,CpmR-91GxmY,,,0.7209,"EMO-AffectNet pseudo-label (teacher=Aff-Wild2, top=Surprise 0.23, tension=0.279) - 사람 검수 전"
CpmR-91GxmY.002,CpmR-91GxmY.002.mp4,CpmR-91GxmY,,,0.7371,"EMO-AffectNet pseudo-label (teacher=Aff-Wild2, top=Happiness 0.23, tension=0.263) - 사람 검수 전"
CpmR-91GxmY.004,CpmR-91GxmY.004.mp4,CpmR-91GxmY,,,0.7333,"EMO-AffectNet pseudo-label (teacher=Aff-Wild2, top=Surprise 0.32, tension=0.267) - 사람 검수 전"
CpmR-91GxmY.005,CpmR-91GxmY.005.mp4,CpmR-91GxmY,,,0.8287,"EMO-AffectNet pseudo-label (teacher=Aff-Wild2, top=Happiness 0.48, tension=0.171) - 사람 검수 전"
CqQavmWSLrI.000,CqQavmWSLrI.000.mp4,CqQavmWSLrI,,,0.7667,"EMO-AffectNet pseudo-label (teacher=Aff-Wild2, top=Surprise 0.29, tension=0.233) - 사람 검수 전"
CqQavmWSLrI.001,CqQavmWSLrI.001.mp4,CqQavmWSLrI,,,0.7329,"EMO-AffectNet pseudo-label (teacher=Aff-Wild2, top=Happiness 0.27, tension=0.267) - 사람 검수 전"
CqQavmWSLrI.002,CqQavmWSLrI.002.mp4,CqQavmWSLrI,,,0.7098,"EMO-AffectNet pseudo-label (teacher=Aff-Wild2, top=Neutral 0.29, tension=0.290) - 사람 검수 전"
CqQavmWSLrI.003,CqQavmWSLrI.003.mp4,CqQavmWSLrI,,,0.6545,"EMO-AffectNet pseudo-label (teacher=Aff-Wild2, top=Sadness 0.27, tension=0.346) - 사람 검수 전"
CqQavmWSLrI.004,CqQavmWSLrI.004.mp4,CqQavmWSLrI,,,0.6535,"EMO-AffectNet pseudo-label (teacher=Aff-Wild2, top=Neutral 0.24, tension=0.346) - 사람 검수 전"
CqQavmWSLrI.005,CqQavmWSLrI.005.mp4,CqQavmWSLrI,,,0.723,"EMO-AffectNet pseudo-label (teacher=Aff-Wild2, top=Neutral 0.31, tension=0.277) - 사람 검수 전"
CuGuiOZ48Ig.000,CuGuiOZ48Ig.000.mp4,CuGuiOZ48Ig,,,0.7201,"EMO-AffectNet pseudo-label (teacher=Aff-Wild2, top=Neutral 0.21, tension=0.280) - 사람 검수 전"
CuGuiOZ48Ig.001,CuGuiOZ48Ig.001.mp4,CuGuiOZ48Ig,,,0.7694,"EMO-AffectNet pseudo-label (teacher=Aff-Wild2, top=Happiness 0.25, tension=0.231) - 사람 검수 전"
CuGuiOZ48Ig.002,CuGuiOZ48Ig.002.mp4,CuGuiOZ48Ig,,,0.771,"EMO-AffectNet pseudo-label (teacher=Aff-Wild2, top=Happiness 0.28, tension=0.229) - 사람 검수 전"
CuGuiOZ48Ig.004,CuGuiOZ48Ig.004.mp4,CuGuiOZ48Ig,,,0.6991,"EMO-AffectNet pseudo-label (teacher=Aff-Wild2, top=Neutral 0.33, tension=0.301) - 사람 검수 전"
CuGuiOZ48Ig.005,CuGuiOZ48Ig.005.mp4,CuGuiOZ48Ig,,,0.733,"EMO-AffectNet pseudo-label (teacher=Aff-Wild2, top=Neutral 0.31, tension=0.267) - 사람 검수 전"
Cvuu76B-bxA.000,Cvuu76B-bxA.000.mp4,Cvuu76B-bxA,,,0.7246,"EMO-AffectNet pseudo-label (teacher=Aff-Wild2, top=Neutral 0.25, tension=0.275) - 사람 검수 전"
Cvuu76B-bxA.001,Cvuu76B-bxA.001.mp4,Cvuu76B-bxA,,,0.7426,"EMO-AffectNet pseudo-label (teacher=Aff-Wild2, top=Neutral 0.34, tension=0.257) - 사람 검수 전"
Cvuu76B-bxA.002,Cvuu76B-bxA.002.mp4,Cvuu76B-bxA,,,0.7269,"EMO-AffectNet pseudo-label (teacher=Aff-Wild2, top=Neutral 0.24, tension=0.273) - 사람 검수 전"
Cvuu76B-bxA.003,Cvuu76B-bxA.003.mp4,Cvuu76B-bxA,,,0.7436,"EMO-AffectNet pseudo-label (teacher=Aff-Wild2, top=Neutral 0.26, tension=0.256) - 사람 검수 전"
Cvuu76B-bxA.005,Cvuu76B-bxA.005.mp4,Cvuu76B-bxA,,,0.728,"EMO-AffectNet pseudo-label (teacher=Aff-Wild2, top=Neutral 0.28, tension=0.272) - 사람 검수 전"
CwFH8J7smjE.005,CwFH8J7smjE.005.mp4,CwFH8J7smjE,,,0.9084,"EMO-AffectNet pseudo-label (teacher=Aff-Wild2, top=Happiness 0.70, tension=0.092) - 사람 검수 전"
CwYNQlRTvPc.000,CwYNQlRTvPc.000.mp4,CwYNQlRTvPc,,,0.6992,"EMO-AffectNet pseudo-label (teacher=Aff-Wild2, top=Anger 0.28, tension=0.301) - 사람 검수 전"
CwmjP27fivQ.005,CwmjP27fivQ.005.mp4,CwmjP27fivQ,,,0.747,"EMO-AffectNet pseudo-label (teacher=Aff-Wild2, top=Happiness 0.21, tension=0.253) - 사람 검수 전"
CyzKot0CNyU.000,CyzKot0CNyU.000.mp4,CyzKot0CNyU,,,0.7253,"EMO-AffectNet pseudo-label (teacher=Aff-Wild2, top=Neutral 0.31, tension=0.275) - 사람 검수 전"
D0dE-lErszk.002,D0dE-lErszk.002.mp4,D0dE-lErszk,,,0.6954,"EMO-AffectNet pseudo-label (teacher=Aff-Wild2, top=Surprise 0.29, tension=0.305) - 사람 검수 전"
D3AomvNhR1k.003,D3AomvNhR1k.003.mp4,D3AomvNhR1k,,,0.6668,"EMO-AffectNet pseudo-label (teacher=Aff-Wild2, top=Sadness 0.28, tension=0.333) - 사람 검수 전"
D4TU65xbF4g.000,D4TU65xbF4g.000.mp4,D4TU65xbF4g,,,0.7825,"EMO-AffectNet pseudo-label (teacher=Aff-Wild2, top=Happiness 0.30, tension=0.217) - 사람 검수 전"
D4TU65xbF4g.001,D4TU65xbF4g.001.mp4,D4TU65xbF4g,,,0.8022,"EMO-AffectNet pseudo-label (teacher=Aff-Wild2, top=Neutral 0.32, tension=0.198) - 사람 검수 전"
D4TU65xbF4g.002,D4TU65xbF4g.002.mp4,D4TU65xbF4g,,,0.7501,"EMO-AffectNet pseudo-label (teacher=Aff-Wild2, top=Neutral 0.25, tension=0.250) - 사람 검수 전"
D4TU65xbF4g.005,D4TU65xbF4g.005.mp4,D4TU65xbF4g,,,0.8273,"EMO-AffectNet pseudo-label (teacher=Aff-Wild2, top=Happiness 0.35, tension=0.173) - 사람 검수 전"
D4hPHPp1W-Q.000,D4hPHPp1W-Q.000.mp4,D4hPHPp1W-Q,,,0.905,"EMO-AffectNet pseudo-label (teacher=Aff-Wild2, top=Happiness 0.65, tension=0.095) - 사람 검수 전"
D4hPHPp1W-Q.004,D4hPHPp1W-Q.004.mp4,D4hPHPp1W-Q,,,0.8858,"EMO-AffectNet pseudo-label (teacher=Aff-Wild2, top=Happiness 0.57, tension=0.114) - 사람 검수 전"
D4hPHPp1W-Q.005,D4hPHPp1W-Q.005.mp4,D4hPHPp1W-Q,,,0.9091,"EMO-AffectNet pseudo-label (teacher=Aff-Wild2, top=Happiness 0.67, tension=0.091) - 사람 검수 전"
DCROfrHI1MU.000,DCROfrHI1MU.000.mp4,DCROfrHI1MU,,,0.687,"EMO-AffectNet pseudo-label (teacher=Aff-Wild2, top=Surprise 0.33, tension=0.313) - 사람 검수 전"
DCROfrHI1MU.001,DCROfrHI1MU.001.mp4,DCROfrHI1MU,,,0.7004,"EMO-AffectNet pseudo-label (teacher=Aff-Wild2, top=Surprise 0.28, tension=0.300) - 사람 검수 전"
DChmTb-c9uM.001,DChmTb-c9uM.001.mp4,DChmTb-c9uM,,,0.7056,"EMO-AffectNet pseudo-label (teacher=Aff-Wild2, top=Happiness 0.26, tension=0.294) - 사람 검수 전"
DChmTb-c9uM.004,DChmTb-c9uM.004.mp4,DChmTb-c9uM,,,0.622,"EMO-AffectNet pseudo-label (teacher=Aff-Wild2, top=Sadness 0.27, tension=0.378) - 사람 검수 전"
DChmTb-c9uM.005,DChmTb-c9uM.005.mp4,DChmTb-c9uM,,,0.5838,"EMO-AffectNet pseudo-label (teacher=Aff-Wild2, top=Sadness 0.30, tension=0.416) - 사람 검수 전"
DGCGeNlA-Ww.005,DGCGeNlA-Ww.005.mp4,DGCGeNlA-Ww,,,0.7042,"EMO-AffectNet pseudo-label (teacher=Aff-Wild2, top=Happiness 0.17, tension=0.296) - 사람 검수 전"
DLds0WJpIQg.001,DLds0WJpIQg.001.mp4,DLds0WJpIQg,,,0.7432,"EMO-AffectNet pseudo-label (teacher=Aff-Wild2, top=Happiness 0.29, tension=0.257) - 사람 검수 전"
DLuwObrDhtc.000,DLuwObrDhtc.000.mp4,DLuwObrDhtc,,,0.7566,"EMO-AffectNet pseudo-label (teacher=Aff-Wild2, top=Surprise 0.37, tension=0.243) - 사람 검수 전"
DLuwObrDhtc.001,DLuwObrDhtc.001.mp4,DLuwObrDhtc,,,0.7178,"EMO-AffectNet pseudo-label (teacher=Aff-Wild2, top=Neutral 0.25, tension=0.282) - 사람 검수 전"
DLuwObrDhtc.002,DLuwObrDhtc.002.mp4,DLuwObrDhtc,,,0.6901,"EMO-AffectNet pseudo-label (teacher=Aff-Wild2, top=Surprise 0.28, tension=0.310) - 사람 검수 전"
DQORBD8hINs.005,DQORBD8hINs.005.mp4,DQORBD8hINs,,,0.6469,"EMO-AffectNet pseudo-label (teacher=Aff-Wild2, top=Anger 0.22, tension=0.353) - 사람 검수 전"
DTZeyoKUPx4.000,DTZeyoKUPx4.000.mp4,DTZeyoKUPx4,,,0.6771,"EMO-AffectNet pseudo-label (teacher=Aff-Wild2, top=Neutral 0.29, tension=0.323) - 사람 검수 전"
DTZeyoKUPx4.001,DTZeyoKUPx4.001.mp4,DTZeyoKUPx4,,,0.7158,"EMO-AffectNet pseudo-label (teacher=Aff-Wild2, top=Neutral 0.40, tension=0.284) - 사람 검수 전"
DTZeyoKUPx4.002,DTZeyoKUPx4.002.mp4,DTZeyoKUPx4,,,0.6592,"EMO-AffectNet pseudo-label (teacher=Aff-Wild2, top=Sadness 0.25, tension=0.341) - 사람 검수 전"
DTZeyoKUPx4.003,DTZeyoKUPx4.003.mp4,DTZeyoKUPx4,,,0.6115,"EMO-AffectNet pseudo-label (teacher=Aff-Wild2, top=Sadness 0.30, tension=0.389) - 사람 검수 전"
DTZeyoKUPx4.004,DTZeyoKUPx4.004.mp4,DTZeyoKUPx4,,,0.6743,"EMO-AffectNet pseudo-label (teacher=Aff-Wild2, top=Neutral 0.31, tension=0.326) - 사람 검수 전"
DTZeyoKUPx4.005,DTZeyoKUPx4.005.mp4,DTZeyoKUPx4,,,0.6716,"EMO-AffectNet pseudo-label (teacher=Aff-Wild2, top=Neutral 0.32, tension=0.328) - 사람 검수 전"
DVh_7dO2cWY.000,DVh_7dO2cWY.000.mp4,DVh_7dO2cWY,,,0.8181,"EMO-AffectNet pseudo-label (teacher=Aff-Wild2, top=Happiness 0.41, tension=0.182) - 사람 검수 전"
DVh_7dO2cWY.003,DVh_7dO2cWY.003.mp4,DVh_7dO2cWY,,,0.698,"EMO-AffectNet pseudo-label (teacher=Aff-Wild2, top=Sadness 0.23, tension=0.302) - 사람 검수 전"
DVh_7dO2cWY.004,DVh_7dO2cWY.004.mp4,DVh_7dO2cWY,,,0.6979,"EMO-AffectNet pseudo-label (teacher=Aff-Wild2, top=Sadness 0.25, tension=0.302) - 사람 검수 전"
DVh_7dO2cWY.005,DVh_7dO2cWY.005.mp4,DVh_7dO2cWY,,,0.8056,"EMO-AffectNet pseudo-label (teacher=Aff-Wild2, top=Happiness 0.42, tension=0.194) - 사람 검수 전"
DWVJXufR7gE.000,DWVJXufR7gE.000.mp4,DWVJXufR7gE,,,0.7802,"EMO-AffectNet pseudo-label (teacher=Aff-Wild2, top=Neutral 0.29, tension=0.220) - 사람 검수 전"
DWVJXufR7gE.001,DWVJXufR7gE.001.mp4,DWVJXufR7gE,,,0.7682,"EMO-AffectNet pseudo-label (teacher=Aff-Wild2, top=Neutral 0.32, tension=0.232) - 사람 검수 전"
DXYRJ8PReoE.000,DXYRJ8PReoE.000.mp4,DXYRJ8PReoE,,,0.7234,"EMO-AffectNet pseudo-label (teacher=Aff-Wild2, top=Neutral 0.31, tension=0.277) - 사람 검수 전"
DXYRJ8PReoE.002,DXYRJ8PReoE.002.mp4,DXYRJ8PReoE,,,0.7327,"EMO-AffectNet pseudo-label (teacher=Aff-Wild2, top=Neutral 0.28, tension=0.267) - 사람 검수 전"
DXw4lVoiiWY.000,DXw4lVoiiWY.000.mp4,DXw4lVoiiWY,,,0.7455,"EMO-AffectNet pseudo-label (teacher=Aff-Wild2, top=Happiness 0.22, tension=0.254) - 사람 검수 전"
DXw4lVoiiWY.001,DXw4lVoiiWY.001.mp4,DXw4lVoiiWY,,,0.718,"EMO-AffectNet pseudo-label (teacher=Aff-Wild2, top=Neutral 0.19, tension=0.282) - 사람 검수 전"
DXw4lVoiiWY.002,DXw4lVoiiWY.002.mp4,DXw4lVoiiWY,,,0.6932,"EMO-AffectNet pseudo-label (teacher=Aff-Wild2, top=Neutral 0.22, tension=0.307) - 사람 검수 전"
DXw4lVoiiWY.003,DXw4lVoiiWY.003.mp4,DXw4lVoiiWY,,,0.7083,"EMO-AffectNet pseudo-label (teacher=Aff-Wild2, top=Neutral 0.25, tension=0.292) - 사람 검수 전"
DXw4lVoiiWY.004,DXw4lVoiiWY.004.mp4,DXw4lVoiiWY,,,0.7085,"EMO-AffectNet pseudo-label (teacher=Aff-Wild2, top=Neutral 0.24, tension=0.292) - 사람 검수 전"
DXw4lVoiiWY.005,DXw4lVoiiWY.005.mp4,DXw4lVoiiWY,,,0.705,"EMO-AffectNet pseudo-label (teacher=Aff-Wild2, top=Neutral 0.28, tension=0.295) - 사람 검수 전"
DZfcVxy2ceI.000,DZfcVxy2ceI.000.mp4,DZfcVxy2ceI,,,0.7256,"EMO-AffectNet pseudo-label (teacher=Aff-Wild2, top=Happiness 0.27, tension=0.274) - 사람 검수 전"
D_FGBb-1B1o.001,D_FGBb-1B1o.001.mp4,D_FGBb-1B1o,,,0.7791,"EMO-AffectNet pseudo-label (teacher=Aff-Wild2, top=Neutral 0.26, tension=0.221) - 사람 검수 전"
D_FGBb-1B1o.002,D_FGBb-1B1o.002.mp4,D_FGBb-1B1o,,,0.8378,"EMO-AffectNet pseudo-label (teacher=Aff-Wild2, top=Happiness 0.43, tension=0.162) - 사람 검수 전"
D_FGBb-1B1o.003,D_FGBb-1B1o.003.mp4,D_FGBb-1B1o,,,0.7716,"EMO-AffectNet pseudo-label (teacher=Aff-Wild2, top=Neutral 0.31, tension=0.228) - 사람 검수 전"
DbNFwVi_61Q.000,DbNFwVi_61Q.000.mp4,DbNFwVi_61Q,,,0.6375,"EMO-AffectNet pseudo-label (teacher=Aff-Wild2, top=Disgust 0.31, tension=0.362) - 사람 검수 전"
DctPau1p7JM.001,DctPau1p7JM.001.mp4,DctPau1p7JM,,,0.6676,"EMO-AffectNet pseudo-label (teacher=Aff-Wild2, top=Neutral 0.30, tension=0.332) - 사람 검수 전"
DctPau1p7JM.002,DctPau1p7JM.002.mp4,DctPau1p7JM,,,0.6852,"EMO-AffectNet pseudo-label (teacher=Aff-Wild2, top=Neutral 0.22, tension=0.315) - 사람 검수 전"
De4i7-FX9Og.001,De4i7-FX9Og.001.mp4,De4i7-FX9Og,,,0.7835,"EMO-AffectNet pseudo-label (teacher=Aff-Wild2, top=Surprise 0.39, tension=0.217) - 사람 검수 전"
De4i7-FX9Og.004,De4i7-FX9Og.004.mp4,De4i7-FX9Og,,,0.8162,"EMO-AffectNet pseudo-label (teacher=Aff-Wild2, top=Happiness 0.44, tension=0.184) - 사람 검수 전"
DefePa0_6Sg.001,DefePa0_6Sg.001.mp4,DefePa0_6Sg,,,0.7588,"EMO-AffectNet pseudo-label (teacher=Aff-Wild2, top=Neutral 0.51, tension=0.241) - 사람 검수 전"
DefePa0_6Sg.002,DefePa0_6Sg.002.mp4,DefePa0_6Sg,,,0.7555,"EMO-AffectNet pseudo-label (teacher=Aff-Wild2, top=Neutral 0.49, tension=0.244) - 사람 검수 전"
DefePa0_6Sg.005,DefePa0_6Sg.005.mp4,DefePa0_6Sg,,,0.7865,"EMO-AffectNet pseudo-label (teacher=Aff-Wild2, top=Neutral 0.53, tension=0.213) - 사람 검수 전"
DegRGUG4Wi0.001,DegRGUG4Wi0.001.mp4,DegRGUG4Wi0,,,0.7363,"EMO-AffectNet pseudo-label (teacher=Aff-Wild2, top=Surprise 0.32, tension=0.264) - 사람 검수 전"
DegRGUG4Wi0.002,DegRGUG4Wi0.002.mp4,DegRGUG4Wi0,,,0.7083,"EMO-AffectNet pseudo-label (teacher=Aff-Wild2, top=Surprise 0.25, tension=0.292) - 사람 검수 전"
DegRGUG4Wi0.003,DegRGUG4Wi0.003.mp4,DegRGUG4Wi0,,,0.7035,"EMO-AffectNet pseudo-label (teacher=Aff-Wild2, top=Surprise 0.33, tension=0.297) - 사람 검수 전"
DfpKVl9Zpdg.003,DfpKVl9Zpdg.003.mp4,DfpKVl9Zpdg,,,0.7769,"EMO-AffectNet pseudo-label (teacher=Aff-Wild2, top=Neutral 0.35, tension=0.223) - 사람 검수 전"
DfpKVl9Zpdg.004,DfpKVl9Zpdg.004.mp4,DfpKVl9Zpdg,,,0.8195,"EMO-AffectNet pseudo-label (teacher=Aff-Wild2, top=Happiness 0.33, tension=0.181) - 사람 검수 전"
Dgo98-sCd1w.002,Dgo98-sCd1w.002.mp4,Dgo98-sCd1w,,,0.7099,"EMO-AffectNet pseudo-label (teacher=Aff-Wild2, top=Neutral 0.28, tension=0.290) - 사람 검수 전"
Dhbva5oGE7g.000,Dhbva5oGE7g.000.mp4,Dhbva5oGE7g,,,0.8861,"EMO-AffectNet pseudo-label (teacher=Aff-Wild2, top=Happiness 0.63, tension=0.114) - 사람 검수 전"
Dhbva5oGE7g.003,Dhbva5oGE7g.003.mp4,Dhbva5oGE7g,,,0.8807,"EMO-AffectNet pseudo-label (teacher=Aff-Wild2, top=Happiness 0.61, tension=0.119) - 사람 검수 전"
DhqfB9chceo.001,DhqfB9chceo.001.mp4,DhqfB9chceo,,,0.7087,"EMO-AffectNet pseudo-label (teacher=Aff-Wild2, top=Anger 0.24, tension=0.291) - 사람 검수 전"
DhqfB9chceo.003,DhqfB9chceo.003.mp4,DhqfB9chceo,,,0.7176,"EMO-AffectNet pseudo-label (teacher=Aff-Wild2, top=Neutral 0.35, tension=0.282) - 사람 검수 전"
DiaibIBisuM.001,DiaibIBisuM.001.mp4,DiaibIBisuM,,,0.7179,"EMO-AffectNet pseudo-label (teacher=Aff-Wild2, top=Neutral 0.33, tension=0.282) - 사람 검수 전"
DiaibIBisuM.002,DiaibIBisuM.002.mp4,DiaibIBisuM,,,0.7263,"EMO-AffectNet pseudo-label (teacher=Aff-Wild2, top=Neutral 0.26, tension=0.274) - 사람 검수 전"
DiaibIBisuM.003,DiaibIBisuM.003.mp4,DiaibIBisuM,,,0.721,"EMO-AffectNet pseudo-label (teacher=Aff-Wild2, top=Neutral 0.27, tension=0.279) - 사람 검수 전"
DiaibIBisuM.004,DiaibIBisuM.004.mp4,DiaibIBisuM,,,0.7651,"EMO-AffectNet pseudo-label (teacher=Aff-Wild2, top=Neutral 0.33, tension=0.235) - 사람 검수 전"
DiaibIBisuM.005,DiaibIBisuM.005.mp4,DiaibIBisuM,,,0.7377,"EMO-AffectNet pseudo-label (teacher=Aff-Wild2, top=Neutral 0.27, tension=0.262) - 사람 검수 전"
DnTtbAR_Qyw.000,DnTtbAR_Qyw.000.mp4,DnTtbAR_Qyw,,,0.8,"EMO-AffectNet pseudo-label (teacher=Aff-Wild2, top=Neutral 0.35, tension=0.200) - 사람 검수 전"
DnTtbAR_Qyw.002,DnTtbAR_Qyw.002.mp4,DnTtbAR_Qyw,,,0.7551,"EMO-AffectNet pseudo-label (teacher=Aff-Wild2, top=Neutral 0.29, tension=0.245) - 사람 검수 전"
DnTtbAR_Qyw.004,DnTtbAR_Qyw.004.mp4,DnTtbAR_Qyw,,,0.7707,"EMO-AffectNet pseudo-label (teacher=Aff-Wild2, top=Neutral 0.28, tension=0.229) - 사람 검수 전"
DnTtbAR_Qyw.005,DnTtbAR_Qyw.005.mp4,DnTtbAR_Qyw,,,0.794,"EMO-AffectNet pseudo-label (teacher=Aff-Wild2, top=Neutral 0.32, tension=0.206) - 사람 검수 전"
DogbMnh5k0o.002,DogbMnh5k0o.002.mp4,DogbMnh5k0o,,,0.8104,"EMO-AffectNet pseudo-label (teacher=Aff-Wild2, top=Happiness 0.26, tension=0.190) - 사람 검수 전"
Dq7Uep06KOQ.001,Dq7Uep06KOQ.001.mp4,Dq7Uep06KOQ,,,0.7292,"EMO-AffectNet pseudo-label (teacher=Aff-Wild2, top=Neutral 0.35, tension=0.271) - 사람 검수 전"
Dq7Uep06KOQ.005,Dq7Uep06KOQ.005.mp4,Dq7Uep06KOQ,,,0.7624,"EMO-AffectNet pseudo-label (teacher=Aff-Wild2, top=Neutral 0.25, tension=0.238) - 사람 검수 전"
DqA3j7juNs4.000,DqA3j7juNs4.000.mp4,DqA3j7juNs4,,,0.6414,"EMO-AffectNet pseudo-label (teacher=Aff-Wild2, top=Anger 0.22, tension=0.359) - 사람 검수 전"
DvWzedL3QCk.004,DvWzedL3QCk.004.mp4,DvWzedL3QCk,,,0.6976,"EMO-AffectNet pseudo-label (teacher=Aff-Wild2, top=Anger 0.23, tension=0.302) - 사람 검수 전"
DvmzcQI5cnM.000,DvmzcQI5cnM.000.mp4,DvmzcQI5cnM,,,0.6616,"EMO-AffectNet pseudo-label (teacher=Aff-Wild2, top=Disgust 0.31, tension=0.338) - 사람 검수 전"
DvmzcQI5cnM.001,DvmzcQI5cnM.001.mp4,DvmzcQI5cnM,,,0.6949,"EMO-AffectNet pseudo-label (teacher=Aff-Wild2, top=Disgust 0.25, tension=0.305) - 사람 검수 전"
DvmzcQI5cnM.003,DvmzcQI5cnM.003.mp4,DvmzcQI5cnM,,,0.6657,"EMO-AffectNet pseudo-label (teacher=Aff-Wild2, top=Disgust 0.25, tension=0.334) - 사람 검수 전"
DvmzcQI5cnM.004,DvmzcQI5cnM.004.mp4,DvmzcQI5cnM,,,0.646,"EMO-AffectNet pseudo-label (teacher=Aff-Wild2, top=Disgust 0.22, tension=0.354) - 사람 검수 전"
DvmzcQI5cnM.005,DvmzcQI5cnM.005.mp4,DvmzcQI5cnM,,,0.6095,"EMO-AffectNet pseudo-label (teacher=Aff-Wild2, top=Disgust 0.42, tension=0.391) - 사람 검수 전"
DxATjKPysfs.000,DxATjKPysfs.000.mp4,DxATjKPysfs,,,0.692,"EMO-AffectNet pseudo-label (teacher=Aff-Wild2, top=Neutral 0.31, tension=0.308) - 사람 검수 전"
DxATjKPysfs.003,DxATjKPysfs.003.mp4,DxATjKPysfs,,,0.6644,"EMO-AffectNet pseudo-label (teacher=Aff-Wild2, top=Fear 0.24, tension=0.336) - 사람 검수 전"
DyZlhseSuec.002,DyZlhseSuec.002.mp4,DyZlhseSuec,,,0.7682,"EMO-AffectNet pseudo-label (teacher=Aff-Wild2, top=Surprise 0.29, tension=0.232) - 사람 검수 전"
DyZlhseSuec.003,DyZlhseSuec.003.mp4,DyZlhseSuec,,,0.7952,"EMO-AffectNet pseudo-label (teacher=Aff-Wild2, top=Neutral 0.46, tension=0.205) - 사람 검수 전"
DyZlhseSuec.004,DyZlhseSuec.004.mp4,DyZlhseSuec,,,0.8005,"EMO-AffectNet pseudo-label (teacher=Aff-Wild2, top=Neutral 0.33, tension=0.199) - 사람 검수 전"
DzqJmiQjsZ4.000,DzqJmiQjsZ4.000.mp4,DzqJmiQjsZ4,,,0.8852,"EMO-AffectNet pseudo-label (teacher=Aff-Wild2, top=Happiness 0.65, tension=0.115) - 사람 검수 전"
DzqJmiQjsZ4.002,DzqJmiQjsZ4.002.mp4,DzqJmiQjsZ4,,,0.879,"EMO-AffectNet pseudo-label (teacher=Aff-Wild2, top=Happiness 0.64, tension=0.121) - 사람 검수 전"
DzqJmiQjsZ4.004,DzqJmiQjsZ4.004.mp4,DzqJmiQjsZ4,,,0.8556,"EMO-AffectNet pseudo-label (teacher=Aff-Wild2, top=Happiness 0.58, tension=0.144) - 사람 검수 전"
DzqJmiQjsZ4.005,DzqJmiQjsZ4.005.mp4,DzqJmiQjsZ4,,,0.8529,"EMO-AffectNet pseudo-label (teacher=Aff-Wild2, top=Happiness 0.54, tension=0.147) - 사람 검수 전"
E3z1D7CKoOA.000,E3z1D7CKoOA.000.mp4,E3z1D7CKoOA,,,0.7287,"EMO-AffectNet pseudo-label (teacher=Aff-Wild2, top=Neutral 0.38, tension=0.271) - 사람 검수 전"
E3z1D7CKoOA.001,E3z1D7CKoOA.001.mp4,E3z1D7CKoOA,,,0.7457,"EMO-AffectNet pseudo-label (teacher=Aff-Wild2, top=Neutral 0.36, tension=0.254) - 사람 검수 전"
E3z1D7CKoOA.002,E3z1D7CKoOA.002.mp4,E3z1D7CKoOA,,,0.718,"EMO-AffectNet pseudo-label (teacher=Aff-Wild2, top=Neutral 0.31, tension=0.282) - 사람 검수 전"
E3z1D7CKoOA.003,E3z1D7CKoOA.003.mp4,E3z1D7CKoOA,,,0.7131,"EMO-AffectNet pseudo-label (teacher=Aff-Wild2, top=Neutral 0.32, tension=0.287) - 사람 검수 전"
E3z1D7CKoOA.005,E3z1D7CKoOA.005.mp4,E3z1D7CKoOA,,,0.7559,"EMO-AffectNet pseudo-label (teacher=Aff-Wild2, top=Neutral 0.46, tension=0.244) - 사람 검수 전"
E6OBPHKkm6U.002,E6OBPHKkm6U.002.mp4,E6OBPHKkm6U,,,0.8011,"EMO-AffectNet pseudo-label (teacher=Aff-Wild2, top=Neutral 0.55, tension=0.199) - 사람 검수 전"
E6rptSS3kP4.000,E6rptSS3kP4.000.mp4,E6rptSS3kP4,,,0.9131,"EMO-AffectNet pseudo-label (teacher=Aff-Wild2, top=Happiness 0.73, tension=0.087) - 사람 검수 전"
EA8BEYAZqAA.000,EA8BEYAZqAA.000.mp4,EA8BEYAZqAA,,,0.7795,"EMO-AffectNet pseudo-label (teacher=Aff-Wild2, top=Happiness 0.32, tension=0.220) - 사람 검수 전"
EA8BEYAZqAA.001,EA8BEYAZqAA.001.mp4,EA8BEYAZqAA,,,0.7149,"EMO-AffectNet pseudo-label (teacher=Aff-Wild2, top=Surprise 0.24, tension=0.285) - 사람 검수 전"
EA8BEYAZqAA.004,EA8BEYAZqAA.004.mp4,EA8BEYAZqAA,,,0.6914,"EMO-AffectNet pseudo-label (teacher=Aff-Wild2, top=Surprise 0.21, tension=0.309) - 사람 검수 전"
EAMHqNxa9yY.001,EAMHqNxa9yY.001.mp4,EAMHqNxa9yY,,,0.7856,"EMO-AffectNet pseudo-label (teacher=Aff-Wild2, top=Neutral 0.36, tension=0.214) - 사람 검수 전"
EAnvsNi8O-M.001,EAnvsNi8O-M.001.mp4,EAnvsNi8O-M,,,0.7888,"EMO-AffectNet pseudo-label (teacher=Aff-Wild2, top=Happiness 0.26, tension=0.211) - 사람 검수 전"
EAnvsNi8O-M.002,EAnvsNi8O-M.002.mp4,EAnvsNi8O-M,,,0.7659,"EMO-AffectNet pseudo-label (teacher=Aff-Wild2, top=Neutral 0.27, tension=0.234) - 사람 검수 전"
EDXQLrsZctw.000,EDXQLrsZctw.000.mp4,EDXQLrsZctw,,,0.7706,"EMO-AffectNet pseudo-label (teacher=Aff-Wild2, top=Neutral 0.41, tension=0.229) - 사람 검수 전"
EDshSjcCsoY.001,EDshSjcCsoY.001.mp4,EDshSjcCsoY,,,0.6821,"EMO-AffectNet pseudo-label (teacher=Aff-Wild2, top=Anger 0.28, tension=0.318) - 사람 검수 전"
EDshSjcCsoY.002,EDshSjcCsoY.002.mp4,EDshSjcCsoY,,,0.6866,"EMO-AffectNet pseudo-label (teacher=Aff-Wild2, top=Neutral 0.28, tension=0.313) - 사람 검수 전"
EHPZNxP5mN8.000,EHPZNxP5mN8.000.mp4,EHPZNxP5mN8,,,0.746,"EMO-AffectNet pseudo-label (teacher=Aff-Wild2, top=Neutral 0.33, tension=0.254) - 사람 검수 전"
EL1Q7x_1a74.000,EL1Q7x_1a74.000.mp4,EL1Q7x_1a74,,,0.7137,"EMO-AffectNet pseudo-label (teacher=Aff-Wild2, top=Happiness 0.25, tension=0.286) - 사람 검수 전"
EL1Q7x_1a74.001,EL1Q7x_1a74.001.mp4,EL1Q7x_1a74,,,0.6571,"EMO-AffectNet pseudo-label (teacher=Aff-Wild2, top=Neutral 0.26, tension=0.343) - 사람 검수 전"
EL1Q7x_1a74.002,EL1Q7x_1a74.002.mp4,EL1Q7x_1a74,,,0.6193,"EMO-AffectNet pseudo-label (teacher=Aff-Wild2, top=Fear 0.32, tension=0.381) - 사람 검수 전"
EL1Q7x_1a74.005,EL1Q7x_1a74.005.mp4,EL1Q7x_1a74,,,0.6472,"EMO-AffectNet pseudo-label (teacher=Aff-Wild2, top=Fear 0.23, tension=0.353) - 사람 검수 전"
ELvGOVb8L5I.000,ELvGOVb8L5I.000.mp4,ELvGOVb8L5I,,,0.7719,"EMO-AffectNet pseudo-label (teacher=Aff-Wild2, top=Surprise 0.28, tension=0.228) - 사람 검수 전"
EMNcIRgaDMg.000,EMNcIRgaDMg.000.mp4,EMNcIRgaDMg,,,0.95,"EMO-AffectNet pseudo-label (teacher=Aff-Wild2, top=Happiness 0.83, tension=0.050) - 사람 검수 전"
EMNcIRgaDMg.004,EMNcIRgaDMg.004.mp4,EMNcIRgaDMg,,,0.9248,"EMO-AffectNet pseudo-label (teacher=Aff-Wild2, top=Happiness 0.75, tension=0.075) - 사람 검수 전"
EMqrrHHbP3s.000,EMqrrHHbP3s.000.mp4,EMqrrHHbP3s,,,0.7817,"EMO-AffectNet pseudo-label (teacher=Aff-Wild2, top=Happiness 0.30, tension=0.218) - 사람 검수 전"
EMqrrHHbP3s.001,EMqrrHHbP3s.001.mp4,EMqrrHHbP3s,,,0.7259,"EMO-AffectNet pseudo-label (teacher=Aff-Wild2, top=Neutral 0.26, tension=0.274) - 사람 검수 전"
EMqrrHHbP3s.002,EMqrrHHbP3s.002.mp4,EMqrrHHbP3s,,,0.8411,"EMO-AffectNet pseudo-label (teacher=Aff-Wild2, top=Happiness 0.51, tension=0.159) - 사람 검수 전"
EP0sdDWooSw.001,EP0sdDWooSw.001.mp4,EP0sdDWooSw,,,0.6763,"EMO-AffectNet pseudo-label (teacher=Aff-Wild2, top=Sadness 0.26, tension=0.324) - 사람 검수 전"
EP2rMX4AQis.000,EP2rMX4AQis.000.mp4,EP2rMX4AQis,,,0.73,"EMO-AffectNet pseudo-label (teacher=Aff-Wild2, top=Neutral 0.30, tension=0.270) - 사람 검수 전"
EX3i4IMY1Pw.002,EX3i4IMY1Pw.002.mp4,EX3i4IMY1Pw,,,0.7082,"EMO-AffectNet pseudo-label (teacher=Aff-Wild2, top=Neutral 0.29, tension=0.292) - 사람 검수 전"
EYbPGTIcnjs.000,EYbPGTIcnjs.000.mp4,EYbPGTIcnjs,,,0.8411,"EMO-AffectNet pseudo-label (teacher=Aff-Wild2, top=Happiness 0.50, tension=0.159) - 사람 검수 전"
EYbPGTIcnjs.003,EYbPGTIcnjs.003.mp4,EYbPGTIcnjs,,,0.7481,"EMO-AffectNet pseudo-label (teacher=Aff-Wild2, top=Surprise 0.27, tension=0.252) - 사람 검수 전"
EYbPGTIcnjs.005,EYbPGTIcnjs.005.mp4,EYbPGTIcnjs,,,0.8425,"EMO-AffectNet pseudo-label (teacher=Aff-Wild2, top=Happiness 0.52, tension=0.158) - 사람 검수 전"
E_xAcdGpPCI.001,E_xAcdGpPCI.001.mp4,E_xAcdGpPCI,,,0.68,"EMO-AffectNet pseudo-label (teacher=Aff-Wild2, top=Neutral 0.26, tension=0.320) - 사람 검수 전"
E_xAcdGpPCI.004,E_xAcdGpPCI.004.mp4,E_xAcdGpPCI,,,0.6756,"EMO-AffectNet pseudo-label (teacher=Aff-Wild2, top=Neutral 0.27, tension=0.324) - 사람 검수 전"
E_xAcdGpPCI.005,E_xAcdGpPCI.005.mp4,E_xAcdGpPCI,,,0.6484,"EMO-AffectNet pseudo-label (teacher=Aff-Wild2, top=Fear 0.23, tension=0.352) - 사람 검수 전"
Ea0UKBPCm3Q.001,Ea0UKBPCm3Q.001.mp4,Ea0UKBPCm3Q,,,0.8023,"EMO-AffectNet pseudo-label (teacher=Aff-Wild2, top=Happiness 0.30, tension=0.198) - 사람 검수 전"
EaBCJB8LXdI.001,EaBCJB8LXdI.001.mp4,EaBCJB8LXdI,,,0.7338,"EMO-AffectNet pseudo-label (teacher=Aff-Wild2, top=Neutral 0.42, tension=0.266) - 사람 검수 전"
EaBCJB8LXdI.002,EaBCJB8LXdI.002.mp4,EaBCJB8LXdI,,,0.7282,"EMO-AffectNet pseudo-label (teacher=Aff-Wild2, top=Neutral 0.36, tension=0.272) - 사람 검수 전"
EaBCJB8LXdI.004,EaBCJB8LXdI.004.mp4,EaBCJB8LXdI,,,0.7146,"EMO-AffectNet pseudo-label (teacher=Aff-Wild2, top=Neutral 0.37, tension=0.285) - 사람 검수 전"
EaBCJB8LXdI.005,EaBCJB8LXdI.005.mp4,EaBCJB8LXdI,,,0.7309,"EMO-AffectNet pseudo-label (teacher=Aff-Wild2, top=Neutral 0.41, tension=0.269) - 사람 검수 전"
Eb-2m44jTEs.000,Eb-2m44jTEs.000.mp4,Eb-2m44jTEs,,,0.5534,"EMO-AffectNet pseudo-label (teacher=Aff-Wild2, top=Sadness 0.41, tension=0.447) - 사람 검수 전"
Eb-2m44jTEs.004,Eb-2m44jTEs.004.mp4,Eb-2m44jTEs,,,0.585,"EMO-AffectNet pseudo-label (teacher=Aff-Wild2, top=Sadness 0.29, tension=0.415) - 사람 검수 전"
EcOC7ZVRSg4.001,EcOC7ZVRSg4.001.mp4,EcOC7ZVRSg4,,,0.7763,"EMO-AffectNet pseudo-label (teacher=Aff-Wild2, top=Happiness 0.34, tension=0.224) - 사람 검수 전"
EcOC7ZVRSg4.002,EcOC7ZVRSg4.002.mp4,EcOC7ZVRSg4,,,0.7507,"EMO-AffectNet pseudo-label (teacher=Aff-Wild2, top=Neutral 0.27, tension=0.249) - 사람 검수 전"
EcOC7ZVRSg4.003,EcOC7ZVRSg4.003.mp4,EcOC7ZVRSg4,,,0.7352,"EMO-AffectNet pseudo-label (teacher=Aff-Wild2, top=Happiness 0.24, tension=0.265) - 사람 검수 전"
EcOC7ZVRSg4.004,EcOC7ZVRSg4.004.mp4,EcOC7ZVRSg4,,,0.8388,"EMO-AffectNet pseudo-label (teacher=Aff-Wild2, top=Happiness 0.44, tension=0.161) - 사람 검수 전"
EeI8iXLDfc0.001,EeI8iXLDfc0.001.mp4,EeI8iXLDfc0,,,0.7948,"EMO-AffectNet pseudo-label (teacher=Aff-Wild2, top=Neutral 0.41, tension=0.205) - 사람 검수 전"
EeI8iXLDfc0.002,EeI8iXLDfc0.002.mp4,EeI8iXLDfc0,,,0.8163,"EMO-AffectNet pseudo-label (teacher=Aff-Wild2, top=Neutral 0.31, tension=0.184) - 사람 검수 전"
EeI8iXLDfc0.005,EeI8iXLDfc0.005.mp4,EeI8iXLDfc0,,,0.7795,"EMO-AffectNet pseudo-label (teacher=Aff-Wild2, top=Neutral 0.41, tension=0.220) - 사람 검수 전"
EelHLfeSJfM.002,EelHLfeSJfM.002.mp4,EelHLfeSJfM,,,0.7718,"EMO-AffectNet pseudo-label (teacher=Aff-Wild2, top=Happiness 0.24, tension=0.228) - 사람 검수 전"
EelHLfeSJfM.004,EelHLfeSJfM.004.mp4,EelHLfeSJfM,,,0.7552,"EMO-AffectNet pseudo-label (teacher=Aff-Wild2, top=Surprise 0.29, tension=0.245) - 사람 검수 전"
EfQUV-C-YrU.002,EfQUV-C-YrU.002.mp4,EfQUV-C-YrU,,,0.7401,"EMO-AffectNet pseudo-label (teacher=Aff-Wild2, top=Neutral 0.37, tension=0.260) - 사람 검수 전"
EffEoI1l1zE.000,EffEoI1l1zE.000.mp4,EffEoI1l1zE,,,0.7137,"EMO-AffectNet pseudo-label (teacher=Aff-Wild2, top=Neutral 0.18, tension=0.286) - 사람 검수 전"
EffEoI1l1zE.001,EffEoI1l1zE.001.mp4,EffEoI1l1zE,,,0.7204,"EMO-AffectNet pseudo-label (teacher=Aff-Wild2, top=Neutral 0.22, tension=0.280) - 사람 검수 전"
EffEoI1l1zE.002,EffEoI1l1zE.002.mp4,EffEoI1l1zE,,,0.6805,"EMO-AffectNet pseudo-label (teacher=Aff-Wild2, top=Neutral 0.21, tension=0.320) - 사람 검수 전"
Egogv6acOd0.001,Egogv6acOd0.001.mp4,Egogv6acOd0,,,0.6867,"EMO-AffectNet pseudo-label (teacher=Aff-Wild2, top=Anger 0.23, tension=0.313) - 사람 검수 전"
Egogv6acOd0.002,Egogv6acOd0.002.mp4,Egogv6acOd0,,,0.7003,"EMO-AffectNet pseudo-label (teacher=Aff-Wild2, top=Anger 0.28, tension=0.300) - 사람 검수 전"
Egogv6acOd0.003,Egogv6acOd0.003.mp4,Egogv6acOd0,,,0.7011,"EMO-AffectNet pseudo-label (teacher=Aff-Wild2, top=Neutral 0.22, tension=0.299) - 사람 검수 전"
Egogv6acOd0.004,Egogv6acOd0.004.mp4,Egogv6acOd0,,,0.7086,"EMO-AffectNet pseudo-label (teacher=Aff-Wild2, top=Neutral 0.22, tension=0.291) - 사람 검수 전"
EgolOPjkkg8.000,EgolOPjkkg8.000.mp4,EgolOPjkkg8,,,0.7717,"EMO-AffectNet pseudo-label (teacher=Aff-Wild2, top=Neutral 0.25, tension=0.228) - 사람 검수 전"
EgolOPjkkg8.001,EgolOPjkkg8.001.mp4,EgolOPjkkg8,,,0.7562,"EMO-AffectNet pseudo-label (teacher=Aff-Wild2, top=Neutral 0.29, tension=0.244) - 사람 검수 전"
EgolOPjkkg8.004,EgolOPjkkg8.004.mp4,EgolOPjkkg8,,,0.693,"EMO-AffectNet pseudo-label (teacher=Aff-Wild2, top=Neutral 0.30, tension=0.307) - 사람 검수 전"
EgolOPjkkg8.005,EgolOPjkkg8.005.mp4,EgolOPjkkg8,,,0.7549,"EMO-AffectNet pseudo-label (teacher=Aff-Wild2, top=Neutral 0.31, tension=0.245) - 사람 검수 전"
Eh7WRYXVh9M.000,Eh7WRYXVh9M.000.mp4,Eh7WRYXVh9M,,,0.637,"EMO-AffectNet pseudo-label (teacher=Aff-Wild2, top=Sadness 0.26, tension=0.363) - 사람 검수 전"
Eh7WRYXVh9M.005,Eh7WRYXVh9M.005.mp4,Eh7WRYXVh9M,,,0.7013,"EMO-AffectNet pseudo-label (teacher=Aff-Wild2, top=Neutral 0.33, tension=0.299) - 사람 검수 전"
EiXQ9RErt6c.002,EiXQ9RErt6c.002.mp4,EiXQ9RErt6c,,,0.7163,"EMO-AffectNet pseudo-label (teacher=Aff-Wild2, top=Neutral 0.34, tension=0.284) - 사람 검수 전"
EiXQ9RErt6c.003,EiXQ9RErt6c.003.mp4,EiXQ9RErt6c,,,0.7032,"EMO-AffectNet pseudo-label (teacher=Aff-Wild2, top=Neutral 0.35, tension=0.297) - 사람 검수 전"
EiXQ9RErt6c.005,EiXQ9RErt6c.005.mp4,EiXQ9RErt6c,,,0.684,"EMO-AffectNet pseudo-label (teacher=Aff-Wild2, top=Neutral 0.30, tension=0.316) - 사람 검수 전"
EjhDyc8Oc6k.000,EjhDyc8Oc6k.000.mp4,EjhDyc8Oc6k,,,0.7879,"EMO-AffectNet pseudo-label (teacher=Aff-Wild2, top=Neutral 0.28, tension=0.212) - 사람 검수 전"
EjhDyc8Oc6k.001,EjhDyc8Oc6k.001.mp4,EjhDyc8Oc6k,,,0.8002,"EMO-AffectNet pseudo-label (teacher=Aff-Wild2, top=Happiness 0.27, tension=0.200) - 사람 검수 전"
EjhDyc8Oc6k.003,EjhDyc8Oc6k.003.mp4,EjhDyc8Oc6k,,,0.8501,"EMO-AffectNet pseudo-label (teacher=Aff-Wild2, top=Happiness 0.46, tension=0.150) - 사람 검수 전"
EjhDyc8Oc6k.004,EjhDyc8Oc6k.004.mp4,EjhDyc8Oc6k,,,0.797,"EMO-AffectNet pseudo-label (teacher=Aff-Wild2, top=Neutral 0.25, tension=0.203) - 사람 검수 전"
EknEAPhAjdA.000,EknEAPhAjdA.000.mp4,EknEAPhAjdA,,,0.6391,"EMO-AffectNet pseudo-label (teacher=Aff-Wild2, top=Anger 0.44, tension=0.361) - 사람 검수 전"
EknEAPhAjdA.001,EknEAPhAjdA.001.mp4,EknEAPhAjdA,,,0.6569,"EMO-AffectNet pseudo-label (teacher=Aff-Wild2, top=Anger 0.31, tension=0.343) - 사람 검수 전"
EknEAPhAjdA.002,EknEAPhAjdA.002.mp4,EknEAPhAjdA,,,0.6722,"EMO-AffectNet pseudo-label (teacher=Aff-Wild2, top=Anger 0.32, tension=0.328) - 사람 검수 전"
EknEAPhAjdA.003,EknEAPhAjdA.003.mp4,EknEAPhAjdA,,,0.6546,"EMO-AffectNet pseudo-label (teacher=Aff-Wild2, top=Anger 0.40, tension=0.345) - 사람 검수 전"
EknEAPhAjdA.004,EknEAPhAjdA.004.mp4,EknEAPhAjdA,,,0.6835,"EMO-AffectNet pseudo-label (teacher=Aff-Wild2, top=Anger 0.35, tension=0.317) - 사람 검수 전"
EmGTj1DRMbo.000,EmGTj1DRMbo.000.mp4,EmGTj1DRMbo,,,0.791,"EMO-AffectNet pseudo-label (teacher=Aff-Wild2, top=Neutral 0.29, tension=0.209) - 사람 검수 전"
EmGTj1DRMbo.003,EmGTj1DRMbo.003.mp4,EmGTj1DRMbo,,,0.761,"EMO-AffectNet pseudo-label (teacher=Aff-Wild2, top=Neutral 0.35, tension=0.239) - 사람 검수 전"
EmGTj1DRMbo.004,EmGTj1DRMbo.004.mp4,EmGTj1DRMbo,,,0.7207,"EMO-AffectNet pseudo-label (teacher=Aff-Wild2, top=Neutral 0.30, tension=0.279) - 사람 검수 전"
En4aK_1gmlY.000,En4aK_1gmlY.000.mp4,En4aK_1gmlY,,,0.6282,"EMO-AffectNet pseudo-label (teacher=Aff-Wild2, top=Disgust 0.22, tension=0.372) - 사람 검수 전"
EqTB9rAC-tA.000,EqTB9rAC-tA.000.mp4,EqTB9rAC-tA,,,0.7515,"EMO-AffectNet pseudo-label (teacher=Aff-Wild2, top=Neutral 0.33, tension=0.249) - 사람 검수 전"
Etfh8X-ECtY.000,Etfh8X-ECtY.000.mp4,Etfh8X-ECtY,,,0.7475,"EMO-AffectNet pseudo-label (teacher=Aff-Wild2, top=Neutral 0.38, tension=0.252) - 사람 검수 전"
Etfh8X-ECtY.001,Etfh8X-ECtY.001.mp4,Etfh8X-ECtY,,,0.7494,"EMO-AffectNet pseudo-label (teacher=Aff-Wild2, top=Neutral 0.39, tension=0.251) - 사람 검수 전"
Etfh8X-ECtY.002,Etfh8X-ECtY.002.mp4,Etfh8X-ECtY,,,0.7564,"EMO-AffectNet pseudo-label (teacher=Aff-Wild2, top=Happiness 0.24, tension=0.244) - 사람 검수 전"
Etfh8X-ECtY.003,Etfh8X-ECtY.003.mp4,Etfh8X-ECtY,,,0.7281,"EMO-AffectNet pseudo-label (teacher=Aff-Wild2, top=Neutral 0.35, tension=0.272) - 사람 검수 전"
Etfh8X-ECtY.004,Etfh8X-ECtY.004.mp4,Etfh8X-ECtY,,,0.8299,"EMO-AffectNet pseudo-label (teacher=Aff-Wild2, top=Happiness 0.43, tension=0.170) - 사람 검수 전"
Etw3iulV5Eg.001,Etw3iulV5Eg.001.mp4,Etw3iulV5Eg,,,0.7666,"EMO-AffectNet pseudo-label (teacher=Aff-Wild2, top=Neutral 0.39, tension=0.233) - 사람 검수 전"
Etw3iulV5Eg.003,Etw3iulV5Eg.003.mp4,Etw3iulV5Eg,,,0.7509,"EMO-AffectNet pseudo-label (teacher=Aff-Wild2, top=Neutral 0.34, tension=0.249) - 사람 검수 전"
EvZ0esZgPK4.001,EvZ0esZgPK4.001.mp4,EvZ0esZgPK4,,,0.7049,"EMO-AffectNet pseudo-label (teacher=Aff-Wild2, top=Neutral 0.20, tension=0.295) - 사람 검수 전"
EwMMNKLjO9w.000,EwMMNKLjO9w.000.mp4,EwMMNKLjO9w,,,0.7928,"EMO-AffectNet pseudo-label (teacher=Aff-Wild2, top=Happiness 0.40, tension=0.207) - 사람 검수 전"
EwMMNKLjO9w.001,EwMMNKLjO9w.001.mp4,EwMMNKLjO9w,,,0.7372,"EMO-AffectNet pseudo-label (teacher=Aff-Wild2, top=Happiness 0.26, tension=0.263) - 사람 검수 전"
EwMMNKLjO9w.002,EwMMNKLjO9w.002.mp4,EwMMNKLjO9w,,,0.7327,"EMO-AffectNet pseudo-label (teacher=Aff-Wild2, top=Happiness 0.22, tension=0.267) - 사람 검수 전"
EyX8QI5nPTY.001,EyX8QI5nPTY.001.mp4,EyX8QI5nPTY,,,0.7836,"EMO-AffectNet pseudo-label (teacher=Aff-Wild2, top=Happiness 0.28, tension=0.216) - 사람 검수 전"
F-Dy1EFm_Mw.005,F-Dy1EFm_Mw.005.mp4,F-Dy1EFm_Mw,,,0.6306,"EMO-AffectNet pseudo-label (teacher=Aff-Wild2, top=Fear 0.25, tension=0.369) - 사람 검수 전"
F0VbEO_0Ybc.000,F0VbEO_0Ybc.000.mp4,F0VbEO_0Ybc,,,0.6199,"EMO-AffectNet pseudo-label (teacher=Aff-Wild2, top=Sadness 0.29, tension=0.380) - 사람 검수 전"
F0VbEO_0Ybc.001,F0VbEO_0Ybc.001.mp4,F0VbEO_0Ybc,,,0.6839,"EMO-AffectNet pseudo-label (teacher=Aff-Wild2, top=Neutral 0.27, tension=0.316) - 사람 검수 전"
F0VbEO_0Ybc.002,F0VbEO_0Ybc.002.mp4,F0VbEO_0Ybc,,,0.6785,"EMO-AffectNet pseudo-label (teacher=Aff-Wild2, top=Neutral 0.31, tension=0.322) - 사람 검수 전"
F0VbEO_0Ybc.003,F0VbEO_0Ybc.003.mp4,F0VbEO_0Ybc,,,0.7052,"EMO-AffectNet pseudo-label (teacher=Aff-Wild2, top=Neutral 0.24, tension=0.295) - 사람 검수 전"
F0VbEO_0Ybc.005,F0VbEO_0Ybc.005.mp4,F0VbEO_0Ybc,,,0.6213,"EMO-AffectNet pseudo-label (teacher=Aff-Wild2, top=Sadness 0.29, tension=0.379) - 사람 검수 전"
F0_EI_X5JVk.001,F0_EI_X5JVk.001.mp4,F0_EI_X5JVk,,,0.7931,"EMO-AffectNet pseudo-label (teacher=Aff-Wild2, top=Happiness 0.34, tension=0.207) - 사람 검수 전"
F0_EI_X5JVk.002,F0_EI_X5JVk.002.mp4,F0_EI_X5JVk,,,0.7013,"EMO-AffectNet pseudo-label (teacher=Aff-Wild2, top=Neutral 0.28, tension=0.299) - 사람 검수 전"
F0_EI_X5JVk.003,F0_EI_X5JVk.003.mp4,F0_EI_X5JVk,,,0.755,"EMO-AffectNet pseudo-label (teacher=Aff-Wild2, top=Surprise 0.22, tension=0.245) - 사람 검수 전"
F0_EI_X5JVk.004,F0_EI_X5JVk.004.mp4,F0_EI_X5JVk,,,0.7554,"EMO-AffectNet pseudo-label (teacher=Aff-Wild2, top=Neutral 0.23, tension=0.245) - 사람 검수 전"
F0_EI_X5JVk.005,F0_EI_X5JVk.005.mp4,F0_EI_X5JVk,,,0.7409,"EMO-AffectNet pseudo-label (teacher=Aff-Wild2, top=Neutral 0.31, tension=0.259) - 사람 검수 전"
F0kidNe_RSo.001,F0kidNe_RSo.001.mp4,F0kidNe_RSo,,,0.7502,"EMO-AffectNet pseudo-label (teacher=Aff-Wild2, top=Happiness 0.29, tension=0.250) - 사람 검수 전"
F0kidNe_RSo.002,F0kidNe_RSo.002.mp4,F0kidNe_RSo,,,0.8477,"EMO-AffectNet pseudo-label (teacher=Aff-Wild2, top=Happiness 0.54, tension=0.152) - 사람 검수 전"
F1lAPYh4t3U.000,F1lAPYh4t3U.000.mp4,F1lAPYh4t3U,,,0.7574,"EMO-AffectNet pseudo-label (teacher=Aff-Wild2, top=Surprise 0.27, tension=0.243) - 사람 검수 전"
F1lAPYh4t3U.004,F1lAPYh4t3U.004.mp4,F1lAPYh4t3U,,,0.7508,"EMO-AffectNet pseudo-label (teacher=Aff-Wild2, top=Happiness 0.23, tension=0.249) - 사람 검수 전"
F4UeAogUMMs.000,F4UeAogUMMs.000.mp4,F4UeAogUMMs,,,0.7014,"EMO-AffectNet pseudo-label (teacher=Aff-Wild2, top=Neutral 0.23, tension=0.299) - 사람 검수 전"
F4UeAogUMMs.001,F4UeAogUMMs.001.mp4,F4UeAogUMMs,,,0.7511,"EMO-AffectNet pseudo-label (teacher=Aff-Wild2, top=Neutral 0.28, tension=0.249) - 사람 검수 전"
F4UeAogUMMs.002,F4UeAogUMMs.002.mp4,F4UeAogUMMs,,,0.7134,"EMO-AffectNet pseudo-label (teacher=Aff-Wild2, top=Neutral 0.31, tension=0.287) - 사람 검수 전"
F4UeAogUMMs.003,F4UeAogUMMs.003.mp4,F4UeAogUMMs,,,0.7312,"EMO-AffectNet pseudo-label (teacher=Aff-Wild2, top=Neutral 0.30, tension=0.269) - 사람 검수 전"
F4UeAogUMMs.004,F4UeAogUMMs.004.mp4,F4UeAogUMMs,,,0.7512,"EMO-AffectNet pseudo-label (teacher=Aff-Wild2, top=Neutral 0.34, tension=0.249) - 사람 검수 전"
F4UeAogUMMs.005,F4UeAogUMMs.005.mp4,F4UeAogUMMs,,,0.7256,"EMO-AffectNet pseudo-label (teacher=Aff-Wild2, top=Neutral 0.34, tension=0.274) - 사람 검수 전"
F4yC1_n6ApY.002,F4yC1_n6ApY.002.mp4,F4yC1_n6ApY,,,0.8158,"EMO-AffectNet pseudo-label (teacher=Aff-Wild2, top=Happiness 0.36, tension=0.184) - 사람 검수 전"
F5iykLTSCJc.000,F5iykLTSCJc.000.mp4,F5iykLTSCJc,,,0.7024,"EMO-AffectNet pseudo-label (teacher=Aff-Wild2, top=Neutral 0.23, tension=0.298) - 사람 검수 전"
F5kL7RWS_f0.000,F5kL7RWS_f0.000.mp4,F5kL7RWS_f0,,,0.655,"EMO-AffectNet pseudo-label (teacher=Aff-Wild2, top=Anger 0.24, tension=0.345) - 사람 검수 전"
F5kL7RWS_f0.003,F5kL7RWS_f0.003.mp4,F5kL7RWS_f0,,,0.7654,"EMO-AffectNet pseudo-label (teacher=Aff-Wild2, top=Happiness 0.30, tension=0.235) - 사람 검수 전"
F5kL7RWS_f0.004,F5kL7RWS_f0.004.mp4,F5kL7RWS_f0,,,0.6537,"EMO-AffectNet pseudo-label (teacher=Aff-Wild2, top=Anger 0.24, tension=0.346) - 사람 검수 전"
F9mZ6De_6Ko.004,F9mZ6De_6Ko.004.mp4,F9mZ6De_6Ko,,,0.7707,"EMO-AffectNet pseudo-label (teacher=Aff-Wild2, top=Surprise 0.26, tension=0.229) - 사람 검수 전"
F9mZ6De_6Ko.005,F9mZ6De_6Ko.005.mp4,F9mZ6De_6Ko,,,0.7624,"EMO-AffectNet pseudo-label (teacher=Aff-Wild2, top=Happiness 0.27, tension=0.238) - 사람 검수 전"
FGkS4vJYOpM.002,FGkS4vJYOpM.002.mp4,FGkS4vJYOpM,,,0.773,"EMO-AffectNet pseudo-label (teacher=Aff-Wild2, top=Surprise 0.31, tension=0.227) - 사람 검수 전"
FGkS4vJYOpM.004,FGkS4vJYOpM.004.mp4,FGkS4vJYOpM,,,0.7066,"EMO-AffectNet pseudo-label (teacher=Aff-Wild2, top=Surprise 0.23, tension=0.293) - 사람 검수 전"
FJPqNQPXp5c.005,FJPqNQPXp5c.005.mp4,FJPqNQPXp5c,,,0.665,"EMO-AffectNet pseudo-label (teacher=Aff-Wild2, top=Neutral 0.22, tension=0.335) - 사람 검수 전"
FM5UaJS-bhg.000,FM5UaJS-bhg.000.mp4,FM5UaJS-bhg,,,0.7399,"EMO-AffectNet pseudo-label (teacher=Aff-Wild2, top=Neutral 0.26, tension=0.260) - 사람 검수 전"
FM5UaJS-bhg.001,FM5UaJS-bhg.001.mp4,FM5UaJS-bhg,,,0.7032,"EMO-AffectNet pseudo-label (teacher=Aff-Wild2, top=Surprise 0.23, tension=0.297) - 사람 검수 전"
FM5UaJS-bhg.002,FM5UaJS-bhg.002.mp4,FM5UaJS-bhg,,,0.6762,"EMO-AffectNet pseudo-label (teacher=Aff-Wild2, top=Neutral 0.31, tension=0.324) - 사람 검수 전"
FM5UaJS-bhg.004,FM5UaJS-bhg.004.mp4,FM5UaJS-bhg,,,0.7366,"EMO-AffectNet pseudo-label (teacher=Aff-Wild2, top=Neutral 0.31, tension=0.263) - 사람 검수 전"
FM5UaJS-bhg.005,FM5UaJS-bhg.005.mp4,FM5UaJS-bhg,,,0.7006,"EMO-AffectNet pseudo-label (teacher=Aff-Wild2, top=Neutral 0.25, tension=0.299) - 사람 검수 전"
FNHMXPaHll0.004,FNHMXPaHll0.004.mp4,FNHMXPaHll0,,,0.842,"EMO-AffectNet pseudo-label (teacher=Aff-Wild2, top=Happiness 0.47, tension=0.158) - 사람 검수 전"
FPfgwGsy8dE.004,FPfgwGsy8dE.004.mp4,FPfgwGsy8dE,,,0.6226,"EMO-AffectNet pseudo-label (teacher=Aff-Wild2, top=Anger 0.27, tension=0.377) - 사람 검수 전"
FQMmM3TL5rE.001,FQMmM3TL5rE.001.mp4,FQMmM3TL5rE,,,0.6205,"EMO-AffectNet pseudo-label (teacher=Aff-Wild2, top=Fear 0.24, tension=0.379) - 사람 검수 전"
FQMmM3TL5rE.003,FQMmM3TL5rE.003.mp4,FQMmM3TL5rE,,,0.6629,"EMO-AffectNet pseudo-label (teacher=Aff-Wild2, top=Anger 0.27, tension=0.337) - 사람 검수 전"
FQMmM3TL5rE.004,FQMmM3TL5rE.004.mp4,FQMmM3TL5rE,,,0.6356,"EMO-AffectNet pseudo-label (teacher=Aff-Wild2, top=Anger 0.24, tension=0.364) - 사람 검수 전"
FSBBbxNi0iU.004,FSBBbxNi0iU.004.mp4,FSBBbxNi0iU,,,0.7044,"EMO-AffectNet pseudo-label (teacher=Aff-Wild2, top=Anger 0.29, tension=0.296) - 사람 검수 전"
FSBBbxNi0iU.005,FSBBbxNi0iU.005.mp4,FSBBbxNi0iU,,,0.6608,"EMO-AffectNet pseudo-label (teacher=Aff-Wild2, top=Anger 0.24, tension=0.339) - 사람 검수 전"
FU1ak530DDo.001,FU1ak530DDo.001.mp4,FU1ak530DDo,,,0.6602,"EMO-AffectNet pseudo-label (teacher=Aff-Wild2, top=Fear 0.22, tension=0.340) - 사람 검수 전"
FU1ak530DDo.003,FU1ak530DDo.003.mp4,FU1ak530DDo,,,0.6895,"EMO-AffectNet pseudo-label (teacher=Aff-Wild2, top=Surprise 0.27, tension=0.311) - 사람 검수 전"
FZYN9ZFngFM.001,FZYN9ZFngFM.001.mp4,FZYN9ZFngFM,,,0.5988,"EMO-AffectNet pseudo-label (teacher=Aff-Wild2, top=Disgust 0.22, tension=0.401) - 사람 검수 전"
FaBTYkzhuK4.000,FaBTYkzhuK4.000.mp4,FaBTYkzhuK4,,,0.7257,"EMO-AffectNet pseudo-label (teacher=Aff-Wild2, top=Neutral 0.38, tension=0.274) - 사람 검수 전"
FaBTYkzhuK4.001,FaBTYkzhuK4.001.mp4,FaBTYkzhuK4,,,0.7238,"EMO-AffectNet pseudo-label (teacher=Aff-Wild2, top=Neutral 0.33, tension=0.276) - 사람 검수 전"
FaBTYkzhuK4.005,FaBTYkzhuK4.005.mp4,FaBTYkzhuK4,,,0.7542,"EMO-AffectNet pseudo-label (teacher=Aff-Wild2, top=Neutral 0.39, tension=0.246) - 사람 검수 전"
FcR9VhCxBb0.002,FcR9VhCxBb0.002.mp4,FcR9VhCxBb0,,,0.6648,"EMO-AffectNet pseudo-label (teacher=Aff-Wild2, top=Sadness 0.26, tension=0.335) - 사람 검수 전"
FcR9VhCxBb0.004,FcR9VhCxBb0.004.mp4,FcR9VhCxBb0,,,0.6772,"EMO-AffectNet pseudo-label (teacher=Aff-Wild2, top=Sadness 0.26, tension=0.323) - 사람 검수 전"
Fco1CMgOadI.002,Fco1CMgOadI.002.mp4,Fco1CMgOadI,,,0.7386,"EMO-AffectNet pseudo-label (teacher=Aff-Wild2, top=Neutral 0.38, tension=0.261) - 사람 검수 전"
Fco1CMgOadI.003,Fco1CMgOadI.003.mp4,Fco1CMgOadI,,,0.7432,"EMO-AffectNet pseudo-label (teacher=Aff-Wild2, top=Neutral 0.34, tension=0.257) - 사람 검수 전"
Fco1CMgOadI.005,Fco1CMgOadI.005.mp4,Fco1CMgOadI,,,0.7004,"EMO-AffectNet pseudo-label (teacher=Aff-Wild2, top=Neutral 0.34, tension=0.300) - 사람 검수 전"
Fe9_SVPd_5I.004,Fe9_SVPd_5I.004.mp4,Fe9_SVPd_5I,,,0.591,"EMO-AffectNet pseudo-label (teacher=Aff-Wild2, top=Sadness 0.46, tension=0.409) - 사람 검수 전"
Fe9_SVPd_5I.005,Fe9_SVPd_5I.005.mp4,Fe9_SVPd_5I,,,0.5954,"EMO-AffectNet pseudo-label (teacher=Aff-Wild2, top=Sadness 0.47, tension=0.405) - 사람 검수 전"
Ff0WqsFl-1s.005,Ff0WqsFl-1s.005.mp4,Ff0WqsFl-1s,,,0.7317,"EMO-AffectNet pseudo-label (teacher=Aff-Wild2, top=Anger 0.26, tension=0.268) - 사람 검수 전"
Fgq5I4bkq2s.001,Fgq5I4bkq2s.001.mp4,Fgq5I4bkq2s,,,0.7103,"EMO-AffectNet pseudo-label (teacher=Aff-Wild2, top=Neutral 0.31, tension=0.290) - 사람 검수 전"
FhCOvzMrNs8.000,FhCOvzMrNs8.000.mp4,FhCOvzMrNs8,,,0.6761,"EMO-AffectNet pseudo-label (teacher=Aff-Wild2, top=Surprise 0.26, tension=0.324) - 사람 검수 전"
Fi1ILrwQpSY.001,Fi1ILrwQpSY.001.mp4,Fi1ILrwQpSY,,,0.7082,"EMO-AffectNet pseudo-label (teacher=Aff-Wild2, top=Neutral 0.27, tension=0.292) - 사람 검수 전"
Fi1ILrwQpSY.002,Fi1ILrwQpSY.002.mp4,Fi1ILrwQpSY,,,0.7121,"EMO-AffectNet pseudo-label (teacher=Aff-Wild2, top=Neutral 0.27, tension=0.288) - 사람 검수 전"
Fi1ILrwQpSY.003,Fi1ILrwQpSY.003.mp4,Fi1ILrwQpSY,,,0.6904,"EMO-AffectNet pseudo-label (teacher=Aff-Wild2, top=Neutral 0.24, tension=0.310) - 사람 검수 전"
Fi1ILrwQpSY.005,Fi1ILrwQpSY.005.mp4,Fi1ILrwQpSY,,,0.6946,"EMO-AffectNet pseudo-label (teacher=Aff-Wild2, top=Neutral 0.24, tension=0.305) - 사람 검수 전"
FksSYDfLH04.002,FksSYDfLH04.002.mp4,FksSYDfLH04,,,0.7284,"EMO-AffectNet pseudo-label (teacher=Aff-Wild2, top=Neutral 0.23, tension=0.272) - 사람 검수 전"
FkuwzJcoRVI.000,FkuwzJcoRVI.000.mp4,FkuwzJcoRVI,,,0.859,"EMO-AffectNet pseudo-label (teacher=Aff-Wild2, top=Happiness 0.50, tension=0.141) - 사람 검수 전"
FkuwzJcoRVI.001,FkuwzJcoRVI.001.mp4,FkuwzJcoRVI,,,0.747,"EMO-AffectNet pseudo-label (teacher=Aff-Wild2, top=Neutral 0.31, tension=0.253) - 사람 검수 전"
FkuwzJcoRVI.003,FkuwzJcoRVI.003.mp4,FkuwzJcoRVI,,,0.7641,"EMO-AffectNet pseudo-label (teacher=Aff-Wild2, top=Neutral 0.30, tension=0.236) - 사람 검수 전"
FkuwzJcoRVI.004,FkuwzJcoRVI.004.mp4,FkuwzJcoRVI,,,0.8021,"EMO-AffectNet pseudo-label (teacher=Aff-Wild2, top=Happiness 0.28, tension=0.198) - 사람 검수 전"
FkuwzJcoRVI.005,FkuwzJcoRVI.005.mp4,FkuwzJcoRVI,,,0.8171,"EMO-AffectNet pseudo-label (teacher=Aff-Wild2, top=Happiness 0.34, tension=0.183) - 사람 검수 전"
FkzVX7SQ9wE.001,FkzVX7SQ9wE.001.mp4,FkzVX7SQ9wE,,,0.7306,"EMO-AffectNet pseudo-label (teacher=Aff-Wild2, top=Neutral 0.30, tension=0.269) - 사람 검수 전"
FkzVX7SQ9wE.002,FkzVX7SQ9wE.002.mp4,FkzVX7SQ9wE,,,0.7412,"EMO-AffectNet pseudo-label (teacher=Aff-Wild2, top=Neutral 0.35, tension=0.259) - 사람 검수 전"
FkzVX7SQ9wE.004,FkzVX7SQ9wE.004.mp4,FkzVX7SQ9wE,,,0.7261,"EMO-AffectNet pseudo-label (teacher=Aff-Wild2, top=Neutral 0.29, tension=0.274) - 사람 검수 전"
FlAGm93fJa0.000,FlAGm93fJa0.000.mp4,FlAGm93fJa0,,,0.7358,"EMO-AffectNet pseudo-label (teacher=Aff-Wild2, top=Sadness 0.25, tension=0.264) - 사람 검수 전"
FlAGm93fJa0.004,FlAGm93fJa0.004.mp4,FlAGm93fJa0,,,0.7928,"EMO-AffectNet pseudo-label (teacher=Aff-Wild2, top=Happiness 0.27, tension=0.207) - 사람 검수 전"
FoWuHvikyqU.001,FoWuHvikyqU.001.mp4,FoWuHvikyqU,,,0.8738,"EMO-AffectNet pseudo-label (teacher=Aff-Wild2, top=Happiness 0.59, tension=0.126) - 사람 검수 전"
FoWuHvikyqU.003,FoWuHvikyqU.003.mp4,FoWuHvikyqU,,,0.7546,"EMO-AffectNet pseudo-label (teacher=Aff-Wild2, top=Neutral 0.22, tension=0.245) - 사람 검수 전"
FoWuHvikyqU.004,FoWuHvikyqU.004.mp4,FoWuHvikyqU,,,0.7987,"EMO-AffectNet pseudo-label (teacher=Aff-Wild2, top=Happiness 0.34, tension=0.201) - 사람 검수 전"
FogaU_yB9aY.001,FogaU_yB9aY.001.mp4,FogaU_yB9aY,,,0.6949,"EMO-AffectNet pseudo-label (teacher=Aff-Wild2, top=Surprise 0.22, tension=0.305) - 사람 검수 전"
FrOxqNe6sAU.000,FrOxqNe6sAU.000.mp4,FrOxqNe6sAU,,,0.6581,"EMO-AffectNet pseudo-label (teacher=Aff-Wild2, top=Anger 0.31, tension=0.342) - 사람 검수 전"
Ft0ahViXZPc.001,Ft0ahViXZPc.001.mp4,Ft0ahViXZPc,,,0.6757,"EMO-AffectNet pseudo-label (teacher=Aff-Wild2, top=Sadness 0.20, tension=0.324) - 사람 검수 전"
Ft0ahViXZPc.003,Ft0ahViXZPc.003.mp4,Ft0ahViXZPc,,,0.6442,"EMO-AffectNet pseudo-label (teacher=Aff-Wild2, top=Sadness 0.29, tension=0.356) - 사람 검수 전"
FvjIziLzffo.002,FvjIziLzffo.002.mp4,FvjIziLzffo,,,0.7768,"EMO-AffectNet pseudo-label (teacher=Aff-Wild2, top=Happiness 0.27, tension=0.223) - 사람 검수 전"
FvjIziLzffo.003,FvjIziLzffo.003.mp4,FvjIziLzffo,,,0.7757,"EMO-AffectNet pseudo-label (teacher=Aff-Wild2, top=Happiness 0.26, tension=0.224) - 사람 검수 전"
FvjIziLzffo.004,FvjIziLzffo.004.mp4,FvjIziLzffo,,,0.7567,"EMO-AffectNet pseudo-label (teacher=Aff-Wild2, top=Surprise 0.25, tension=0.243) - 사람 검수 전"
FwjoTGcsFNg.000,FwjoTGcsFNg.000.mp4,FwjoTGcsFNg,,,0.7474,"EMO-AffectNet pseudo-label (teacher=Aff-Wild2, top=Surprise 0.34, tension=0.253) - 사람 검수 전"
FwjoTGcsFNg.001,FwjoTGcsFNg.001.mp4,FwjoTGcsFNg,,,0.7703,"EMO-AffectNet pseudo-label (teacher=Aff-Wild2, top=Surprise 0.31, tension=0.230) - 사람 검수 전"
FwjoTGcsFNg.002,FwjoTGcsFNg.002.mp4,FwjoTGcsFNg,,,0.7449,"EMO-AffectNet pseudo-label (teacher=Aff-Wild2, top=Neutral 0.33, tension=0.255) - 사람 검수 전"
FwjoTGcsFNg.003,FwjoTGcsFNg.003.mp4,FwjoTGcsFNg,,,0.7402,"EMO-AffectNet pseudo-label (teacher=Aff-Wild2, top=Surprise 0.39, tension=0.260) - 사람 검수 전"
FxVUG2R1y0Q.000,FxVUG2R1y0Q.000.mp4,FxVUG2R1y0Q,,,0.7388,"EMO-AffectNet pseudo-label (teacher=Aff-Wild2, top=Surprise 0.34, tension=0.261) - 사람 검수 전"
FxVUG2R1y0Q.001,FxVUG2R1y0Q.001.mp4,FxVUG2R1y0Q,,,0.7693,"EMO-AffectNet pseudo-label (teacher=Aff-Wild2, top=Happiness 0.25, tension=0.231) - 사람 검수 전"
FxVUG2R1y0Q.004,FxVUG2R1y0Q.004.mp4,FxVUG2R1y0Q,,,0.7348,"EMO-AffectNet pseudo-label (teacher=Aff-Wild2, top=Surprise 0.31, tension=0.265) - 사람 검수 전"
Fz1BcPpjNXY.001,Fz1BcPpjNXY.001.mp4,Fz1BcPpjNXY,,,0.6678,"EMO-AffectNet pseudo-label (teacher=Aff-Wild2, top=Anger 0.23, tension=0.332) - 사람 검수 전"
G-25EWOIGNs.000,G-25EWOIGNs.000.mp4,G-25EWOIGNs,,,0.7674,"EMO-AffectNet pseudo-label (teacher=Aff-Wild2, top=Happiness 0.30, tension=0.233) - 사람 검수 전"
G-25EWOIGNs.001,G-25EWOIGNs.001.mp4,G-25EWOIGNs,,,0.7443,"EMO-AffectNet pseudo-label (teacher=Aff-Wild2, top=Happiness 0.28, tension=0.256) - 사람 검수 전"
G-25EWOIGNs.002,G-25EWOIGNs.002.mp4,G-25EWOIGNs,,,0.7422,"EMO-AffectNet pseudo-label (teacher=Aff-Wild2, top=Surprise 0.25, tension=0.258) - 사람 검수 전"
G-25EWOIGNs.004,G-25EWOIGNs.004.mp4,G-25EWOIGNs,,,0.7969,"EMO-AffectNet pseudo-label (teacher=Aff-Wild2, top=Happiness 0.36, tension=0.203) - 사람 검수 전"
G-25EWOIGNs.005,G-25EWOIGNs.005.mp4,G-25EWOIGNs,,,0.7299,"EMO-AffectNet pseudo-label (teacher=Aff-Wild2, top=Happiness 0.23, tension=0.270) - 사람 검수 전"
G2D3qU6R_YA.001,G2D3qU6R_YA.001.mp4,G2D3qU6R_YA,,,0.7878,"EMO-AffectNet pseudo-label (teacher=Aff-Wild2, top=Happiness 0.32, tension=0.212) - 사람 검수 전"
G2D3qU6R_YA.002,G2D3qU6R_YA.002.mp4,G2D3qU6R_YA,,,0.806,"EMO-AffectNet pseudo-label (teacher=Aff-Wild2, top=Happiness 0.40, tension=0.194) - 사람 검수 전"
G2D3qU6R_YA.004,G2D3qU6R_YA.004.mp4,G2D3qU6R_YA,,,0.7451,"EMO-AffectNet pseudo-label (teacher=Aff-Wild2, top=Surprise 0.21, tension=0.255) - 사람 검수 전"
G7QTNbKbu_4.003,G7QTNbKbu_4.003.mp4,G7QTNbKbu_4,,,0.6345,"EMO-AffectNet pseudo-label (teacher=Aff-Wild2, top=Disgust 0.21, tension=0.366) - 사람 검수 전"
G7QTNbKbu_4.005,G7QTNbKbu_4.005.mp4,G7QTNbKbu_4,,,0.7307,"EMO-AffectNet pseudo-label (teacher=Aff-Wild2, top=Neutral 0.31, tension=0.269) - 사람 검수 전"
G7hYffrZ1Hc.004,G7hYffrZ1Hc.004.mp4,G7hYffrZ1Hc,,,0.7086,"EMO-AffectNet pseudo-label (teacher=Aff-Wild2, top=Neutral 0.34, tension=0.291) - 사람 검수 전"
G7hYffrZ1Hc.005,G7hYffrZ1Hc.005.mp4,G7hYffrZ1Hc,,,0.6744,"EMO-AffectNet pseudo-label (teacher=Aff-Wild2, top=Neutral 0.33, tension=0.326) - 사람 검수 전"
GCkOL2jLSQA.000,GCkOL2jLSQA.000.mp4,GCkOL2jLSQA,,,0.8346,"EMO-AffectNet pseudo-label (teacher=Aff-Wild2, top=Happiness 0.49, tension=0.165) - 사람 검수 전"
GCkOL2jLSQA.001,GCkOL2jLSQA.001.mp4,GCkOL2jLSQA,,,0.8957,"EMO-AffectNet pseudo-label (teacher=Aff-Wild2, top=Happiness 0.66, tension=0.104) - 사람 검수 전"
GCkOL2jLSQA.002,GCkOL2jLSQA.002.mp4,GCkOL2jLSQA,,,0.8103,"EMO-AffectNet pseudo-label (teacher=Aff-Wild2, top=Happiness 0.42, tension=0.190) - 사람 검수 전"
GCkOL2jLSQA.005,GCkOL2jLSQA.005.mp4,GCkOL2jLSQA,,,0.8263,"EMO-AffectNet pseudo-label (teacher=Aff-Wild2, top=Happiness 0.44, tension=0.174) - 사람 검수 전"
GG9WPQLI_rg.000,GG9WPQLI_rg.000.mp4,GG9WPQLI_rg,,,0.731,"EMO-AffectNet pseudo-label (teacher=Aff-Wild2, top=Surprise 0.31, tension=0.269) - 사람 검수 전"
GG9WPQLI_rg.004,GG9WPQLI_rg.004.mp4,GG9WPQLI_rg,,,0.714,"EMO-AffectNet pseudo-label (teacher=Aff-Wild2, top=Surprise 0.39, tension=0.286) - 사람 검수 전"
GG9WPQLI_rg.005,GG9WPQLI_rg.005.mp4,GG9WPQLI_rg,,,0.7777,"EMO-AffectNet pseudo-label (teacher=Aff-Wild2, top=Surprise 0.30, tension=0.222) - 사람 검수 전"
GGiKj4OC2Jk.001,GGiKj4OC2Jk.001.mp4,GGiKj4OC2Jk,,,0.7876,"EMO-AffectNet pseudo-label (teacher=Aff-Wild2, top=Neutral 0.27, tension=0.212) - 사람 검수 전"
GHetseJP358.001,GHetseJP358.001.mp4,GHetseJP358,,,0.8164,"EMO-AffectNet pseudo-label (teacher=Aff-Wild2, top=Happiness 0.41, tension=0.184) - 사람 검수 전"
GHetseJP358.004,GHetseJP358.004.mp4,GHetseJP358,,,0.9556,"EMO-AffectNet pseudo-label (teacher=Aff-Wild2, top=Happiness 0.86, tension=0.044) - 사람 검수 전"
GMwEmLo-gfc.000,GMwEmLo-gfc.000.mp4,GMwEmLo-gfc,,,0.7088,"EMO-AffectNet pseudo-label (teacher=Aff-Wild2, top=Happiness 0.22, tension=0.291) - 사람 검수 전"
GMwEmLo-gfc.002,GMwEmLo-gfc.002.mp4,GMwEmLo-gfc,,,0.6802,"EMO-AffectNet pseudo-label (teacher=Aff-Wild2, top=Sadness 0.25, tension=0.320) - 사람 검수 전"
GMwEmLo-gfc.003,GMwEmLo-gfc.003.mp4,GMwEmLo-gfc,,,0.7112,"EMO-AffectNet pseudo-label (teacher=Aff-Wild2, top=Happiness 0.22, tension=0.289) - 사람 검수 전"
GMwEmLo-gfc.004,GMwEmLo-gfc.004.mp4,GMwEmLo-gfc,,,0.7617,"EMO-AffectNet pseudo-label (teacher=Aff-Wild2, top=Happiness 0.34, tension=0.238) - 사람 검수 전"
GO6s-qDADuU.004,GO6s-qDADuU.004.mp4,GO6s-qDADuU,,,0.6655,"EMO-AffectNet pseudo-label (teacher=Aff-Wild2, top=Fear 0.20, tension=0.335) - 사람 검수 전"
GQczMGrVgbc.000,GQczMGrVgbc.000.mp4,GQczMGrVgbc,,,0.7653,"EMO-AffectNet pseudo-label (teacher=Aff-Wild2, top=Surprise 0.25, tension=0.235) - 사람 검수 전"
GQczMGrVgbc.001,GQczMGrVgbc.001.mp4,GQczMGrVgbc,,,0.788,"EMO-AffectNet pseudo-label (teacher=Aff-Wild2, top=Happiness 0.35, tension=0.212) - 사람 검수 전"
GQczMGrVgbc.002,GQczMGrVgbc.002.mp4,GQczMGrVgbc,,,0.6814,"EMO-AffectNet pseudo-label (teacher=Aff-Wild2, top=Neutral 0.28, tension=0.319) - 사람 검수 전"
GR-P1m_Yvm0.000,GR-P1m_Yvm0.000.mp4,GR-P1m_Yvm0,,,0.6448,"EMO-AffectNet pseudo-label (teacher=Aff-Wild2, top=Sadness 0.28, tension=0.355) - 사람 검수 전"
GR-P1m_Yvm0.005,GR-P1m_Yvm0.005.mp4,GR-P1m_Yvm0,,,0.642,"EMO-AffectNet pseudo-label (teacher=Aff-Wild2, top=Sadness 0.29, tension=0.358) - 사람 검수 전"
GRXPm8mmidw.000,GRXPm8mmidw.000.mp4,GRXPm8mmidw,,,0.6586,"EMO-AffectNet pseudo-label (teacher=Aff-Wild2, top=Sadness 0.30, tension=0.341) - 사람 검수 전"
GS7cBLgZKgk.000,GS7cBLgZKgk.000.mp4,GS7cBLgZKgk,,,0.6727,"EMO-AffectNet pseudo-label (teacher=Aff-Wild2, top=Neutral 0.33, tension=0.327) - 사람 검수 전"
GS7cBLgZKgk.001,GS7cBLgZKgk.001.mp4,GS7cBLgZKgk,,,0.664,"EMO-AffectNet pseudo-label (teacher=Aff-Wild2, top=Sadness 0.34, tension=0.336) - 사람 검수 전"
GS7cBLgZKgk.002,GS7cBLgZKgk.002.mp4,GS7cBLgZKgk,,,0.6869,"EMO-AffectNet pseudo-label (teacher=Aff-Wild2, top=Neutral 0.36, tension=0.313) - 사람 검수 전"
GS7cBLgZKgk.003,GS7cBLgZKgk.003.mp4,GS7cBLgZKgk,,,0.7045,"EMO-AffectNet pseudo-label (teacher=Aff-Wild2, top=Neutral 0.40, tension=0.295) - 사람 검수 전"
GS7cBLgZKgk.004,GS7cBLgZKgk.004.mp4,GS7cBLgZKgk,,,0.6856,"EMO-AffectNet pseudo-label (teacher=Aff-Wild2, top=Neutral 0.37, tension=0.314) - 사람 검수 전"
GTmHSF6vNWc.001,GTmHSF6vNWc.001.mp4,GTmHSF6vNWc,,,0.7725,"EMO-AffectNet pseudo-label (teacher=Aff-Wild2, top=Surprise 0.33, tension=0.228) - 사람 검수 전"
GTmHSF6vNWc.002,GTmHSF6vNWc.002.mp4,GTmHSF6vNWc,,,0.7469,"EMO-AffectNet pseudo-label (teacher=Aff-Wild2, top=Surprise 0.37, tension=0.253) - 사람 검수 전"
GTmHSF6vNWc.003,GTmHSF6vNWc.003.mp4,GTmHSF6vNWc,,,0.7557,"EMO-AffectNet pseudo-label (teacher=Aff-Wild2, top=Surprise 0.36, tension=0.244) - 사람 검수 전"
GTmHSF6vNWc.005,GTmHSF6vNWc.005.mp4,GTmHSF6vNWc,,,0.806,"EMO-AffectNet pseudo-label (teacher=Aff-Wild2, top=Happiness 0.37, tension=0.194) - 사람 검수 전"
GUxm9AWVpOI.000,GUxm9AWVpOI.000.mp4,GUxm9AWVpOI,,,0.8391,"EMO-AffectNet pseudo-label (teacher=Aff-Wild2, top=Happiness 0.48, tension=0.161) - 사람 검수 전"
GUxm9AWVpOI.003,GUxm9AWVpOI.003.mp4,GUxm9AWVpOI,,,0.7536,"EMO-AffectNet pseudo-label (teacher=Aff-Wild2, top=Happiness 0.24, tension=0.246) - 사람 검수 전"
GWOtluILlk4.002,GWOtluILlk4.002.mp4,GWOtluILlk4,,,0.6797,"EMO-AffectNet pseudo-label (teacher=Aff-Wild2, top=Surprise 0.26, tension=0.320) - 사람 검수 전"
GWOtluILlk4.003,GWOtluILlk4.003.mp4,GWOtluILlk4,,,0.697,"EMO-AffectNet pseudo-label (teacher=Aff-Wild2, top=Surprise 0.24, tension=0.303) - 사람 검수 전"
GWOtluILlk4.005,GWOtluILlk4.005.mp4,GWOtluILlk4,,,0.6879,"EMO-AffectNet pseudo-label (teacher=Aff-Wild2, top=Surprise 0.27, tension=0.312) - 사람 검수 전"
GYku69XEoxc.002,GYku69XEoxc.002.mp4,GYku69XEoxc,,,0.8237,"EMO-AffectNet pseudo-label (teacher=Aff-Wild2, top=Happiness 0.47, tension=0.176) - 사람 검수 전"
GYku69XEoxc.004,GYku69XEoxc.004.mp4,GYku69XEoxc,,,0.9247,"EMO-AffectNet pseudo-label (teacher=Aff-Wild2, top=Happiness 0.76, tension=0.075) - 사람 검수 전"
G_VQne_BXWE.002,G_VQne_BXWE.002.mp4,G_VQne_BXWE,,,0.8991,"EMO-AffectNet pseudo-label (teacher=Aff-Wild2, top=Happiness 0.66, tension=0.101) - 사람 검수 전"
GaUs3UUUtmw.001,GaUs3UUUtmw.001.mp4,GaUs3UUUtmw,,,0.7422,"EMO-AffectNet pseudo-label (teacher=Aff-Wild2, top=Neutral 0.23, tension=0.258) - 사람 검수 전"
Gd08FYfFRtk.000,Gd08FYfFRtk.000.mp4,Gd08FYfFRtk,,,0.7183,"EMO-AffectNet pseudo-label (teacher=Aff-Wild2, top=Neutral 0.35, tension=0.282) - 사람 검수 전"
Gd08FYfFRtk.001,Gd08FYfFRtk.001.mp4,Gd08FYfFRtk,,,0.7247,"EMO-AffectNet pseudo-label (teacher=Aff-Wild2, top=Neutral 0.35, tension=0.275) - 사람 검수 전"
Gd08FYfFRtk.004,Gd08FYfFRtk.004.mp4,Gd08FYfFRtk,,,0.7507,"EMO-AffectNet pseudo-label (teacher=Aff-Wild2, top=Neutral 0.28, tension=0.249) - 사람 검수 전"
Gd08FYfFRtk.005,Gd08FYfFRtk.005.mp4,Gd08FYfFRtk,,,0.7166,"EMO-AffectNet pseudo-label (teacher=Aff-Wild2, top=Neutral 0.32, tension=0.283) - 사람 검수 전"
Gdrgw7Z6tLg.002,Gdrgw7Z6tLg.002.mp4,Gdrgw7Z6tLg,,,0.7126,"EMO-AffectNet pseudo-label (teacher=Aff-Wild2, top=Neutral 0.34, tension=0.287) - 사람 검수 전"
Gdrgw7Z6tLg.003,Gdrgw7Z6tLg.003.mp4,Gdrgw7Z6tLg,,,0.6834,"EMO-AffectNet pseudo-label (teacher=Aff-Wild2, top=Neutral 0.30, tension=0.317) - 사람 검수 전"
Gdv79afXNKE.003,Gdv79afXNKE.003.mp4,Gdv79afXNKE,,,0.7883,"EMO-AffectNet pseudo-label (teacher=Aff-Wild2, top=Surprise 0.35, tension=0.212) - 사람 검수 전"
Gdv79afXNKE.005,Gdv79afXNKE.005.mp4,Gdv79afXNKE,,,0.7877,"EMO-AffectNet pseudo-label (teacher=Aff-Wild2, top=Surprise 0.34, tension=0.212) - 사람 검수 전"
Gg4OMtVe7lk.000,Gg4OMtVe7lk.000.mp4,Gg4OMtVe7lk,,,0.801,"EMO-AffectNet pseudo-label (teacher=Aff-Wild2, top=Happiness 0.29, tension=0.199) - 사람 검수 전"
Gg4OMtVe7lk.001,Gg4OMtVe7lk.001.mp4,Gg4OMtVe7lk,,,0.8221,"EMO-AffectNet pseudo-label (teacher=Aff-Wild2, top=Happiness 0.31, tension=0.178) - 사람 검수 전"
Gg4OMtVe7lk.002,Gg4OMtVe7lk.002.mp4,Gg4OMtVe7lk,,,0.9017,"EMO-AffectNet pseudo-label (teacher=Aff-Wild2, top=Happiness 0.65, tension=0.098) - 사람 검수 전"
Gk94xrcmFts.000,Gk94xrcmFts.000.mp4,Gk94xrcmFts,,,0.7756,"EMO-AffectNet pseudo-label (teacher=Aff-Wild2, top=Neutral 0.44, tension=0.224) - 사람 검수 전"
Gk94xrcmFts.002,Gk94xrcmFts.002.mp4,Gk94xrcmFts,,,0.7897,"EMO-AffectNet pseudo-label (teacher=Aff-Wild2, top=Neutral 0.32, tension=0.210) - 사람 검수 전"
Gk94xrcmFts.003,Gk94xrcmFts.003.mp4,Gk94xrcmFts,,,0.7713,"EMO-AffectNet pseudo-label (teacher=Aff-Wild2, top=Neutral 0.49, tension=0.229) - 사람 검수 전"
Gk94xrcmFts.004,Gk94xrcmFts.004.mp4,Gk94xrcmFts,,,0.7949,"EMO-AffectNet pseudo-label (teacher=Aff-Wild2, top=Neutral 0.33, tension=0.205) - 사람 검수 전"
Gk94xrcmFts.005,Gk94xrcmFts.005.mp4,Gk94xrcmFts,,,0.7324,"EMO-AffectNet pseudo-label (teacher=Aff-Wild2, top=Neutral 0.36, tension=0.268) - 사람 검수 전"
GkA0RCMSWF4.000,GkA0RCMSWF4.000.mp4,GkA0RCMSWF4,,,0.7507,"EMO-AffectNet pseudo-label (teacher=Aff-Wild2, top=Surprise 0.28, tension=0.249) - 사람 검수 전"
GkPz3-y6Les.001,GkPz3-y6Les.001.mp4,GkPz3-y6Les,,,0.6539,"EMO-AffectNet pseudo-label (teacher=Aff-Wild2, top=Surprise 0.28, tension=0.346) - 사람 검수 전"
Gl93Hw1A2kY.002,Gl93Hw1A2kY.002.mp4,Gl93Hw1A2kY,,,0.6444,"EMO-AffectNet pseudo-label (teacher=Aff-Wild2, top=Fear 0.18, tension=0.356) - 사람 검수 전"
Gl93Hw1A2kY.003,Gl93Hw1A2kY.003.mp4,Gl93Hw1A2kY,,,0.637,"EMO-AffectNet pseudo-label (teacher=Aff-Wild2, top=Disgust 0.23, tension=0.363) - 사람 검수 전"
Gl93Hw1A2kY.005,Gl93Hw1A2kY.005.mp4,Gl93Hw1A2kY,,,0.7019,"EMO-AffectNet pseudo-label (teacher=Aff-Wild2, top=Happiness 0.22, tension=0.298) - 사람 검수 전"
GocSYjCaMlA.005,GocSYjCaMlA.005.mp4,GocSYjCaMlA,,,0.6686,"EMO-AffectNet pseudo-label (teacher=Aff-Wild2, top=Fear 0.23, tension=0.331) - 사람 검수 전"
Gomd4Y8-D2Q.005,Gomd4Y8-D2Q.005.mp4,Gomd4Y8-D2Q,,,0.7758,"EMO-AffectNet pseudo-label (teacher=Aff-Wild2, top=Happiness 0.27, tension=0.224) - 사람 검수 전"
GquB5W7bzFo.003,GquB5W7bzFo.003.mp4,GquB5W7bzFo,,,0.7001,"EMO-AffectNet pseudo-label (teacher=Aff-Wild2, top=Neutral 0.32, tension=0.300) - 사람 검수 전"
Gs-AdRcYSPo.000,Gs-AdRcYSPo.000.mp4,Gs-AdRcYSPo,,,0.6955,"EMO-AffectNet pseudo-label (teacher=Aff-Wild2, top=Surprise 0.31, tension=0.305) - 사람 검수 전"
Gs-AdRcYSPo.001,Gs-AdRcYSPo.001.mp4,Gs-AdRcYSPo,,,0.6781,"EMO-AffectNet pseudo-label (teacher=Aff-Wild2, top=Surprise 0.26, tension=0.322) - 사람 검수 전"
Gs-AdRcYSPo.004,Gs-AdRcYSPo.004.mp4,Gs-AdRcYSPo,,,0.6651,"EMO-AffectNet pseudo-label (teacher=Aff-Wild2, top=Anger 0.24, tension=0.335) - 사람 검수 전"
Gvdh94z-SoM.002,Gvdh94z-SoM.002.mp4,Gvdh94z-SoM,,,0.768,"EMO-AffectNet pseudo-label (teacher=Aff-Wild2, top=Neutral 0.32, tension=0.232) - 사람 검수 전"
GwKmjEb3qN0.001,GwKmjEb3qN0.001.mp4,GwKmjEb3qN0,,,0.7036,"EMO-AffectNet pseudo-label (teacher=Aff-Wild2, top=Neutral 0.29, tension=0.296) - 사람 검수 전"
GwKmjEb3qN0.002,GwKmjEb3qN0.002.mp4,GwKmjEb3qN0,,,0.7454,"EMO-AffectNet pseudo-label (teacher=Aff-Wild2, top=Happiness 0.28, tension=0.255) - 사람 검수 전"
GwKmjEb3qN0.004,GwKmjEb3qN0.004.mp4,GwKmjEb3qN0,,,0.7333,"EMO-AffectNet pseudo-label (teacher=Aff-Wild2, top=Neutral 0.34, tension=0.267) - 사람 검수 전"
GxMxrhiyjO8.005,GxMxrhiyjO8.005.mp4,GxMxrhiyjO8,,,0.74,"EMO-AffectNet pseudo-label (teacher=Aff-Wild2, top=Neutral 0.27, tension=0.260) - 사람 검수 전"
GyLjVOVPGKQ.001,GyLjVOVPGKQ.001.mp4,GyLjVOVPGKQ,,,0.7093,"EMO-AffectNet pseudo-label (teacher=Aff-Wild2, top=Neutral 0.20, tension=0.291) - 사람 검수 전"
GyLjVOVPGKQ.003,GyLjVOVPGKQ.003.mp4,GyLjVOVPGKQ,,,0.7774,"EMO-AffectNet pseudo-label (teacher=Aff-Wild2, top=Happiness 0.27, tension=0.223) - 사람 검수 전"
GyLjVOVPGKQ.004,GyLjVOVPGKQ.004.mp4,GyLjVOVPGKQ,,,0.8054,"EMO-AffectNet pseudo-label (teacher=Aff-Wild2, top=Happiness 0.37, tension=0.195) - 사람 검수 전"
GyLjVOVPGKQ.005,GyLjVOVPGKQ.005.mp4,GyLjVOVPGKQ,,,0.7249,"EMO-AffectNet pseudo-label (teacher=Aff-Wild2, top=Neutral 0.26, tension=0.275) - 사람 검수 전"
H0_4dZMjUow.001,H0_4dZMjUow.001.mp4,H0_4dZMjUow,,,0.8121,"EMO-AffectNet pseudo-label (teacher=Aff-Wild2, top=Happiness 0.42, tension=0.188) - 사람 검수 전"
H6s9aFAQP3M.000,H6s9aFAQP3M.000.mp4,H6s9aFAQP3M,,,0.7525,"EMO-AffectNet pseudo-label (teacher=Aff-Wild2, top=Neutral 0.24, tension=0.247) - 사람 검수 전"
H6yu96w7tUc.000,H6yu96w7tUc.000.mp4,H6yu96w7tUc,,,0.7486,"EMO-AffectNet pseudo-label (teacher=Aff-Wild2, top=Neutral 0.36, tension=0.251) - 사람 검수 전"
H6yu96w7tUc.002,H6yu96w7tUc.002.mp4,H6yu96w7tUc,,,0.747,"EMO-AffectNet pseudo-label (teacher=Aff-Wild2, top=Neutral 0.32, tension=0.253) - 사람 검수 전"
H6yu96w7tUc.005,H6yu96w7tUc.005.mp4,H6yu96w7tUc,,,0.7627,"EMO-AffectNet pseudo-label (teacher=Aff-Wild2, top=Neutral 0.35, tension=0.237) - 사람 검수 전"
H8h4fAGgV18.001,H8h4fAGgV18.001.mp4,H8h4fAGgV18,,,0.6753,"EMO-AffectNet pseudo-label (teacher=Aff-Wild2, top=Neutral 0.25, tension=0.325) - 사람 검수 전"
H8h4fAGgV18.005,H8h4fAGgV18.005.mp4,H8h4fAGgV18,,,0.7465,"EMO-AffectNet pseudo-label (teacher=Aff-Wild2, top=Neutral 0.26, tension=0.253) - 사람 검수 전"
HCkDd0UnUgo.000,HCkDd0UnUgo.000.mp4,HCkDd0UnUgo,,,0.7219,"EMO-AffectNet pseudo-label (teacher=Aff-Wild2, top=Neutral 0.25, tension=0.278) - 사람 검수 전"
HCkDd0UnUgo.002,HCkDd0UnUgo.002.mp4,HCkDd0UnUgo,,,0.7223,"EMO-AffectNet pseudo-label (teacher=Aff-Wild2, top=Neutral 0.21, tension=0.278) - 사람 검수 전"
HCkDd0UnUgo.003,HCkDd0UnUgo.003.mp4,HCkDd0UnUgo,,,0.7308,"EMO-AffectNet pseudo-label (teacher=Aff-Wild2, top=Neutral 0.23, tension=0.269) - 사람 검수 전"
HCkDd0UnUgo.004,HCkDd0UnUgo.004.mp4,HCkDd0UnUgo,,,0.734,"EMO-AffectNet pseudo-label (teacher=Aff-Wild2, top=Surprise 0.23, tension=0.266) - 사람 검수 전"
HEHMW0uiFa4.000,HEHMW0uiFa4.000.mp4,HEHMW0uiFa4,,,0.7093,"EMO-AffectNet pseudo-label (teacher=Aff-Wild2, top=Neutral 0.31, tension=0.291) - 사람 검수 전"
HEHMW0uiFa4.002,HEHMW0uiFa4.002.mp4,HEHMW0uiFa4,,,0.7525,"EMO-AffectNet pseudo-label (teacher=Aff-Wild2, top=Neutral 0.38, tension=0.248) - 사람 검수 전"
HH03EXo0TB0.001,HH03EXo0TB0.001.mp4,HH03EXo0TB0,,,0.6536,"EMO-AffectNet pseudo-label (teacher=Aff-Wild2, top=Neutral 0.25, tension=0.346) - 사람 검수 전"
HH03EXo0TB0.002,HH03EXo0TB0.002.mp4,HH03EXo0TB0,,,0.7028,"EMO-AffectNet pseudo-label (teacher=Aff-Wild2, top=Neutral 0.24, tension=0.297) - 사람 검수 전"
HH03EXo0TB0.004,HH03EXo0TB0.004.mp4,HH03EXo0TB0,,,0.6991,"EMO-AffectNet pseudo-label (teacher=Aff-Wild2, top=Anger 0.22, tension=0.301) - 사람 검수 전"
HH14jGFGuL0.005,HH14jGFGuL0.005.mp4,HH14jGFGuL0,,,0.8201,"EMO-AffectNet pseudo-label (teacher=Aff-Wild2, top=Happiness 0.39, tension=0.180) - 사람 검수 전"
HJkoeB_F4c4.000,HJkoeB_F4c4.000.mp4,HJkoeB_F4c4,,,0.7759,"EMO-AffectNet pseudo-label (teacher=Aff-Wild2, top=Surprise 0.25, tension=0.224) - 사람 검수 전"
HJkoeB_F4c4.001,HJkoeB_F4c4.001.mp4,HJkoeB_F4c4,,,0.7539,"EMO-AffectNet pseudo-label (teacher=Aff-Wild2, top=Surprise 0.28, tension=0.246) - 사람 검수 전"
HL-K_PZXFR4.005,HL-K_PZXFR4.005.mp4,HL-K_PZXFR4,,,0.8546,"EMO-AffectNet pseudo-label (teacher=Aff-Wild2, top=Happiness 0.55, tension=0.145) - 사람 검수 전"
HNKnvSmTkC4.001,HNKnvSmTkC4.001.mp4,HNKnvSmTkC4,,,0.71,"EMO-AffectNet pseudo-label (teacher=Aff-Wild2, top=Neutral 0.24, tension=0.290) - 사람 검수 전"
HNKnvSmTkC4.002,HNKnvSmTkC4.002.mp4,HNKnvSmTkC4,,,0.5898,"EMO-AffectNet pseudo-label (teacher=Aff-Wild2, top=Sadness 0.27, tension=0.410) - 사람 검수 전"
HNKnvSmTkC4.005,HNKnvSmTkC4.005.mp4,HNKnvSmTkC4,,,0.6703,"EMO-AffectNet pseudo-label (teacher=Aff-Wild2, top=Anger 0.19, tension=0.330) - 사람 검수 전"
HONL8ha-1BE.000,HONL8ha-1BE.000.mp4,HONL8ha-1BE,,,0.8812,"EMO-AffectNet pseudo-label (teacher=Aff-Wild2, top=Happiness 0.66, tension=0.119) - 사람 검수 전"
HONL8ha-1BE.002,HONL8ha-1BE.002.mp4,HONL8ha-1BE,,,0.7666,"EMO-AffectNet pseudo-label (teacher=Aff-Wild2, top=Neutral 0.24, tension=0.233) - 사람 검수 전"
HONL8ha-1BE.003,HONL8ha-1BE.003.mp4,HONL8ha-1BE,,,0.6878,"EMO-AffectNet pseudo-label (teacher=Aff-Wild2, top=Neutral 0.31, tension=0.312) - 사람 검수 전"
HONL8ha-1BE.004,HONL8ha-1BE.004.mp4,HONL8ha-1BE,,,0.7177,"EMO-AffectNet pseudo-label (teacher=Aff-Wild2, top=Neutral 0.23, tension=0.282) - 사람 검수 전"
HONL8ha-1BE.005,HONL8ha-1BE.005.mp4,HONL8ha-1BE,,,0.6998,"EMO-AffectNet pseudo-label (teacher=Aff-Wild2, top=Neutral 0.24, tension=0.300) - 사람 검수 전"
HP8f3oqJwz0.000,HP8f3oqJwz0.000.mp4,HP8f3oqJwz0,,,0.7035,"EMO-AffectNet pseudo-label (teacher=Aff-Wild2, top=Neutral 0.19, tension=0.297) - 사람 검수 전"
HP8f3oqJwz0.001,HP8f3oqJwz0.001.mp4,HP8f3oqJwz0,,,0.7722,"EMO-AffectNet pseudo-label (teacher=Aff-Wild2, top=Happiness 0.29, tension=0.228) - 사람 검수 전"
HP8f3oqJwz0.002,HP8f3oqJwz0.002.mp4,HP8f3oqJwz0,,,0.6628,"EMO-AffectNet pseudo-label (teacher=Aff-Wild2, top=Neutral 0.23, tension=0.337) - 사람 검수 전"
HP8f3oqJwz0.003,HP8f3oqJwz0.003.mp4,HP8f3oqJwz0,,,0.7199,"EMO-AffectNet pseudo-label (teacher=Aff-Wild2, top=Neutral 0.24, tension=0.280) - 사람 검수 전"
HP8f3oqJwz0.005,HP8f3oqJwz0.005.mp4,HP8f3oqJwz0,,,0.6524,"EMO-AffectNet pseudo-label (teacher=Aff-Wild2, top=Disgust 0.22, tension=0.348) - 사람 검수 전"
HPEemWelY1E.000,HPEemWelY1E.000.mp4,HPEemWelY1E,,,0.8949,"EMO-AffectNet pseudo-label (teacher=Aff-Wild2, top=Happiness 0.66, tension=0.105) - 사람 검수 전"
HPEemWelY1E.001,HPEemWelY1E.001.mp4,HPEemWelY1E,,,0.8089,"EMO-AffectNet pseudo-label (teacher=Aff-Wild2, top=Happiness 0.39, tension=0.191) - 사람 검수 전"
HPEemWelY1E.002,HPEemWelY1E.002.mp4,HPEemWelY1E,,,0.8868,"EMO-AffectNet pseudo-label (teacher=Aff-Wild2, top=Happiness 0.64, tension=0.113) - 사람 검수 전"
HPEemWelY1E.004,HPEemWelY1E.004.mp4,HPEemWelY1E,,,0.8321,"EMO-AffectNet pseudo-label (teacher=Aff-Wild2, top=Happiness 0.45, tension=0.168) - 사람 검수 전"
HQZD4j8_FR8.003,HQZD4j8_FR8.003.mp4,HQZD4j8_FR8,,,0.714,"EMO-AffectNet pseudo-label (teacher=Aff-Wild2, top=Neutral 0.21, tension=0.286) - 사람 검수 전"
HTF8k56_Oxo.001,HTF8k56_Oxo.001.mp4,HTF8k56_Oxo,,,0.7282,"EMO-AffectNet pseudo-label (teacher=Aff-Wild2, top=Surprise 0.22, tension=0.272) - 사람 검수 전"
HTF8k56_Oxo.004,HTF8k56_Oxo.004.mp4,HTF8k56_Oxo,,,0.712,"EMO-AffectNet pseudo-label (teacher=Aff-Wild2, top=Neutral 0.28, tension=0.288) - 사람 검수 전"
HTF8k56_Oxo.005,HTF8k56_Oxo.005.mp4,HTF8k56_Oxo,,,0.707,"EMO-AffectNet pseudo-label (teacher=Aff-Wild2, top=Neutral 0.26, tension=0.293) - 사람 검수 전"
HT_8WpgGqjk.000,HT_8WpgGqjk.000.mp4,HT_8WpgGqjk,,,0.7693,"EMO-AffectNet pseudo-label (teacher=Aff-Wild2, top=Neutral 0.31, tension=0.231) - 사람 검수 전"
HT_8WpgGqjk.001,HT_8WpgGqjk.001.mp4,HT_8WpgGqjk,,,0.7897,"EMO-AffectNet pseudo-label (teacher=Aff-Wild2, top=Neutral 0.29, tension=0.210) - 사람 검수 전"
HT_8WpgGqjk.003,HT_8WpgGqjk.003.mp4,HT_8WpgGqjk,,,0.7964,"EMO-AffectNet pseudo-label (teacher=Aff-Wild2, top=Surprise 0.33, tension=0.204) - 사람 검수 전"
HT_8WpgGqjk.004,HT_8WpgGqjk.004.mp4,HT_8WpgGqjk,,,0.8008,"EMO-AffectNet pseudo-label (teacher=Aff-Wild2, top=Surprise 0.27, tension=0.199) - 사람 검수 전"
HUHFlCs3YJ8.000,HUHFlCs3YJ8.000.mp4,HUHFlCs3YJ8,,,0.7688,"EMO-AffectNet pseudo-label (teacher=Aff-Wild2, top=Neutral 0.42, tension=0.231) - 사람 검수 전"
HUHFlCs3YJ8.001,HUHFlCs3YJ8.001.mp4,HUHFlCs3YJ8,,,0.7711,"EMO-AffectNet pseudo-label (teacher=Aff-Wild2, top=Neutral 0.40, tension=0.229) - 사람 검수 전"
HUHFlCs3YJ8.003,HUHFlCs3YJ8.003.mp4,HUHFlCs3YJ8,,,0.8131,"EMO-AffectNet pseudo-label (teacher=Aff-Wild2, top=Neutral 0.31, tension=0.187) - 사람 검수 전"
HUHFlCs3YJ8.005,HUHFlCs3YJ8.005.mp4,HUHFlCs3YJ8,,,0.7637,"EMO-AffectNet pseudo-label (teacher=Aff-Wild2, top=Neutral 0.40, tension=0.236) - 사람 검수 전"
HUJt0I1UKzo.000,HUJt0I1UKzo.000.mp4,HUJt0I1UKzo,,,0.7501,"EMO-AffectNet pseudo-label (teacher=Aff-Wild2, top=Neutral 0.33, tension=0.250) - 사람 검수 전"
HUJt0I1UKzo.001,HUJt0I1UKzo.001.mp4,HUJt0I1UKzo,,,0.7902,"EMO-AffectNet pseudo-label (teacher=Aff-Wild2, top=Neutral 0.30, tension=0.210) - 사람 검수 전"
HUJt0I1UKzo.002,HUJt0I1UKzo.002.mp4,HUJt0I1UKzo,,,0.797,"EMO-AffectNet pseudo-label (teacher=Aff-Wild2, top=Neutral 0.28, tension=0.203) - 사람 검수 전"
HUJt0I1UKzo.003,HUJt0I1UKzo.003.mp4,HUJt0I1UKzo,,,0.7845,"EMO-AffectNet pseudo-label (teacher=Aff-Wild2, top=Neutral 0.34, tension=0.215) - 사람 검수 전"
HUxtuDE-YNE.003,HUxtuDE-YNE.003.mp4,HUxtuDE-YNE,,,0.7782,"EMO-AffectNet pseudo-label (teacher=Aff-Wild2, top=Happiness 0.26, tension=0.222) - 사람 검수 전"
HUxtuDE-YNE.004,HUxtuDE-YNE.004.mp4,HUxtuDE-YNE,,,0.9474,"EMO-AffectNet pseudo-label (teacher=Aff-Wild2, top=Happiness 0.83, tension=0.053) - 사람 검수 전"
HWuh0biZQ_c.000,HWuh0biZQ_c.000.mp4,HWuh0biZQ_c,,,0.6757,"EMO-AffectNet pseudo-label (teacher=Aff-Wild2, top=Fear 0.23, tension=0.324) - 사람 검수 전"
HWuh0biZQ_c.001,HWuh0biZQ_c.001.mp4,HWuh0biZQ_c,,,0.6651,"EMO-AffectNet pseudo-label (teacher=Aff-Wild2, top=Fear 0.26, tension=0.335) - 사람 검수 전"
HWuh0biZQ_c.002,HWuh0biZQ_c.002.mp4,HWuh0biZQ_c,,,0.6684,"EMO-AffectNet pseudo-label (teacher=Aff-Wild2, top=Fear 0.25, tension=0.332) - 사람 검수 전"
HX-3jJdK7HM.001,HX-3jJdK7HM.001.mp4,HX-3jJdK7HM,,,0.7438,"EMO-AffectNet pseudo-label (teacher=Aff-Wild2, top=Neutral 0.39, tension=0.256) - 사람 검수 전"
HX-3jJdK7HM.004,HX-3jJdK7HM.004.mp4,HX-3jJdK7HM,,,0.7368,"EMO-AffectNet pseudo-label (teacher=Aff-Wild2, top=Neutral 0.30, tension=0.263) - 사람 검수 전"
HbGeoKBULAA.001,HbGeoKBULAA.001.mp4,HbGeoKBULAA,,,0.8243,"EMO-AffectNet pseudo-label (teacher=Aff-Wild2, top=Happiness 0.40, tension=0.176) - 사람 검수 전"
HegkSmkiBos.005,HegkSmkiBos.005.mp4,HegkSmkiBos,,,0.8878,"EMO-AffectNet pseudo-label (teacher=Aff-Wild2, top=Happiness 0.64, tension=0.112) - 사람 검수 전"
HekcZ0Em60E.000,HekcZ0Em60E.000.mp4,HekcZ0Em60E,,,0.8141,"EMO-AffectNet pseudo-label (teacher=Aff-Wild2, top=Neutral 0.32, tension=0.186) - 사람 검수 전"
HekcZ0Em60E.002,HekcZ0Em60E.002.mp4,HekcZ0Em60E,,,0.7688,"EMO-AffectNet pseudo-label (teacher=Aff-Wild2, top=Neutral 0.45, tension=0.231) - 사람 검수 전"
HekcZ0Em60E.004,HekcZ0Em60E.004.mp4,HekcZ0Em60E,,,0.8279,"EMO-AffectNet pseudo-label (teacher=Aff-Wild2, top=Neutral 0.33, tension=0.172) - 사람 검수 전"
HekcZ0Em60E.005,HekcZ0Em60E.005.mp4,HekcZ0Em60E,,,0.8396,"EMO-AffectNet pseudo-label (teacher=Aff-Wild2, top=Happiness 0.33, tension=0.160) - 사람 검수 전"
HhC2cGFFZeY.000,HhC2cGFFZeY.000.mp4,HhC2cGFFZeY,,,0.7398,"EMO-AffectNet pseudo-label (teacher=Aff-Wild2, top=Neutral 0.27, tension=0.260) - 사람 검수 전"
HhC2cGFFZeY.001,HhC2cGFFZeY.001.mp4,HhC2cGFFZeY,,,0.7671,"EMO-AffectNet pseudo-label (teacher=Aff-Wild2, top=Neutral 0.41, tension=0.233) - 사람 검수 전"
HhC2cGFFZeY.005,HhC2cGFFZeY.005.mp4,HhC2cGFFZeY,,,0.749,"EMO-AffectNet pseudo-label (teacher=Aff-Wild2, top=Neutral 0.36, tension=0.251) - 사람 검수 전"
HkBs4_vaCcs.000,HkBs4_vaCcs.000.mp4,HkBs4_vaCcs,,,0.6928,"EMO-AffectNet pseudo-label (teacher=Aff-Wild2, top=Neutral 0.26, tension=0.307) - 사람 검수 전"
Hklc55y7vUI.000,Hklc55y7vUI.000.mp4,Hklc55y7vUI,,,0.6185,"EMO-AffectNet pseudo-label (teacher=Aff-Wild2, top=Sadness 0.32, tension=0.382) - 사람 검수 전"
Hklc55y7vUI.005,Hklc55y7vUI.005.mp4,Hklc55y7vUI,,,0.6345,"EMO-AffectNet pseudo-label (teacher=Aff-Wild2, top=Sadness 0.33, tension=0.366) - 사람 검수 전"
Hm5K_K0v718.000,Hm5K_K0v718.000.mp4,Hm5K_K0v718,,,0.6939,"EMO-AffectNet pseudo-label (teacher=Aff-Wild2, top=Neutral 0.24, tension=0.306) - 사람 검수 전"
Hm5K_K0v718.003,Hm5K_K0v718.003.mp4,Hm5K_K0v718,,,0.7187,"EMO-AffectNet pseudo-label (teacher=Aff-Wild2, top=Neutral 0.32, tension=0.281) - 사람 검수 전"
Hm5K_K0v718.004,Hm5K_K0v718.004.mp4,Hm5K_K0v718,,,0.679,"EMO-AffectNet pseudo-label (teacher=Aff-Wild2, top=Neutral 0.29, tension=0.321) - 사람 검수 전"
HoJXPFp9hYo.000,HoJXPFp9hYo.000.mp4,HoJXPFp9hYo,,,0.7445,"EMO-AffectNet pseudo-label (teacher=Aff-Wild2, top=Neutral 0.32, tension=0.256) - 사람 검수 전"
HoJXPFp9hYo.004,HoJXPFp9hYo.004.mp4,HoJXPFp9hYo,,,0.7522,"EMO-AffectNet pseudo-label (teacher=Aff-Wild2, top=Neutral 0.35, tension=0.248) - 사람 검수 전"
HrddpXxWFns.002,HrddpXxWFns.002.mp4,HrddpXxWFns,,,0.7124,"EMO-AffectNet pseudo-label (teacher=Aff-Wild2, top=Neutral 0.31, tension=0.288) - 사람 검수 전"
I01_ubtktEQ.001,I01_ubtktEQ.001.mp4,I01_ubtktEQ,,,0.6693,"EMO-AffectNet pseudo-label (teacher=Aff-Wild2, top=Neutral 0.24, tension=0.331) - 사람 검수 전"
I01_ubtktEQ.003,I01_ubtktEQ.003.mp4,I01_ubtktEQ,,,0.6891,"EMO-AffectNet pseudo-label (teacher=Aff-Wild2, top=Neutral 0.22, tension=0.311) - 사람 검수 전"
I01_ubtktEQ.004,I01_ubtktEQ.004.mp4,I01_ubtktEQ,,,0.7395,"EMO-AffectNet pseudo-label (teacher=Aff-Wild2, top=Happiness 0.23, tension=0.260) - 사람 검수 전"
I01_ubtktEQ.005,I01_ubtktEQ.005.mp4,I01_ubtktEQ,,,0.7972,"EMO-AffectNet pseudo-label (teacher=Aff-Wild2, top=Happiness 0.40, tension=0.203) - 사람 검수 전"
I53JQFtiQxM.000,I53JQFtiQxM.000.mp4,I53JQFtiQxM,,,0.7518,"EMO-AffectNet pseudo-label (teacher=Aff-Wild2, top=Neutral 0.24, tension=0.248) - 사람 검수 전"
I5x9T9ftW18.000,I5x9T9ftW18.000.mp4,I5x9T9ftW18,,,0.8037,"EMO-AffectNet pseudo-label (teacher=Aff-Wild2, top=Surprise 0.29, tension=0.196) - 사람 검수 전"
I5x9T9ftW18.004,I5x9T9ftW18.004.mp4,I5x9T9ftW18,,,0.8124,"EMO-AffectNet pseudo-label (teacher=Aff-Wild2, top=Happiness 0.30, tension=0.188) - 사람 검수 전"
I5x9T9ftW18.005,I5x9T9ftW18.005.mp4,I5x9T9ftW18,,,0.8125,"EMO-AffectNet pseudo-label (teacher=Aff-Wild2, top=Surprise 0.29, tension=0.187) - 사람 검수 전"
I8jMoBAMtVA.000,I8jMoBAMtVA.000.mp4,I8jMoBAMtVA,,,0.6764,"EMO-AffectNet pseudo-label (teacher=Aff-Wild2, top=Surprise 0.30, tension=0.324) - 사람 검수 전"
I8jMoBAMtVA.005,I8jMoBAMtVA.005.mp4,I8jMoBAMtVA,,,0.7707,"EMO-AffectNet pseudo-label (teacher=Aff-Wild2, top=Surprise 0.30, tension=0.229) - 사람 검수 전"
IBqmyEhgnHM.005,IBqmyEhgnHM.005.mp4,IBqmyEhgnHM,,,0.8769,"EMO-AffectNet pseudo-label (teacher=Aff-Wild2, top=Happiness 0.57, tension=0.123) - 사람 검수 전"
IFF47jVKMj8.002,IFF47jVKMj8.002.mp4,IFF47jVKMj8,,,0.7628,"EMO-AffectNet pseudo-label (teacher=Aff-Wild2, top=Neutral 0.23, tension=0.237) - 사람 검수 전"
IFF47jVKMj8.003,IFF47jVKMj8.003.mp4,IFF47jVKMj8,,,0.9143,"EMO-AffectNet pseudo-label (teacher=Aff-Wild2, top=Happiness 0.71, tension=0.086) - 사람 검수 전"
IFF47jVKMj8.004,IFF47jVKMj8.004.mp4,IFF47jVKMj8,,,0.6663,"EMO-AffectNet pseudo-label (teacher=Aff-Wild2, top=Fear 0.28, tension=0.334) - 사람 검수 전"
IFXaH_E54iA.002,IFXaH_E54iA.002.mp4,IFXaH_E54iA,,,0.7195,"EMO-AffectNet pseudo-label (teacher=Aff-Wild2, top=Neutral 0.23, tension=0.280) - 사람 검수 전"
IFXaH_E54iA.004,IFXaH_E54iA.004.mp4,IFXaH_E54iA,,,0.6957,"EMO-AffectNet pseudo-label (teacher=Aff-Wild2, top=Happiness 0.20, tension=0.304) - 사람 검수 전"
IFXaH_E54iA.005,IFXaH_E54iA.005.mp4,IFXaH_E54iA,,,0.7016,"EMO-AffectNet pseudo-label (teacher=Aff-Wild2, top=Surprise 0.22, tension=0.298) - 사람 검수 전"
IHJn3UHXCMs.000,IHJn3UHXCMs.000.mp4,IHJn3UHXCMs,,,0.7934,"EMO-AffectNet pseudo-label (teacher=Aff-Wild2, top=Neutral 0.30, tension=0.207) - 사람 검수 전"
IHJn3UHXCMs.001,IHJn3UHXCMs.001.mp4,IHJn3UHXCMs,,,0.7111,"EMO-AffectNet pseudo-label (teacher=Aff-Wild2, top=Neutral 0.37, tension=0.289) - 사람 검수 전"
IHJn3UHXCMs.003,IHJn3UHXCMs.003.mp4,IHJn3UHXCMs,,,0.7664,"EMO-AffectNet pseudo-label (teacher=Aff-Wild2, top=Neutral 0.47, tension=0.234) - 사람 검수 전"
IHJn3UHXCMs.004,IHJn3UHXCMs.004.mp4,IHJn3UHXCMs,,,0.7888,"EMO-AffectNet pseudo-label (teacher=Aff-Wild2, top=Neutral 0.45, tension=0.211) - 사람 검수 전"
II2KVV-uLNI.000,II2KVV-uLNI.000.mp4,II2KVV-uLNI,,,0.7239,"EMO-AffectNet pseudo-label (teacher=Aff-Wild2, top=Neutral 0.35, tension=0.276) - 사람 검수 전"
II2KVV-uLNI.001,II2KVV-uLNI.001.mp4,II2KVV-uLNI,,,0.7585,"EMO-AffectNet pseudo-label (teacher=Aff-Wild2, top=Happiness 0.26, tension=0.242) - 사람 검수 전"
II2KVV-uLNI.002,II2KVV-uLNI.002.mp4,II2KVV-uLNI,,,0.7952,"EMO-AffectNet pseudo-label (teacher=Aff-Wild2, top=Happiness 0.31, tension=0.205) - 사람 검수 전"
II2KVV-uLNI.003,II2KVV-uLNI.003.mp4,II2KVV-uLNI,,,0.7945,"EMO-AffectNet pseudo-label (teacher=Aff-Wild2, top=Neutral 0.27, tension=0.205) - 사람 검수 전"
II2KVV-uLNI.004,II2KVV-uLNI.004.mp4,II2KVV-uLNI,,,0.7392,"EMO-AffectNet pseudo-label (teacher=Aff-Wild2, top=Neutral 0.31, tension=0.261) - 사람 검수 전"
II2KVV-uLNI.005,II2KVV-uLNI.005.mp4,II2KVV-uLNI,,,0.7102,"EMO-AffectNet pseudo-label (teacher=Aff-Wild2, top=Sadness 0.24, tension=0.290) - 사람 검수 전"
IL5VgGakSNw.000,IL5VgGakSNw.000.mp4,IL5VgGakSNw,,,0.7686,"EMO-AffectNet pseudo-label (teacher=Aff-Wild2, top=Neutral 0.32, tension=0.231) - 사람 검수 전"
IL5VgGakSNw.003,IL5VgGakSNw.003.mp4,IL5VgGakSNw,,,0.7698,"EMO-AffectNet pseudo-label (teacher=Aff-Wild2, top=Neutral 0.33, tension=0.230) - 사람 검수 전"
IL5VgGakSNw.005,IL5VgGakSNw.005.mp4,IL5VgGakSNw,,,0.7569,"EMO-AffectNet pseudo-label (teacher=Aff-Wild2, top=Neutral 0.32, tension=0.243) - 사람 검수 전"
IMCEXoAkZv4.000,IMCEXoAkZv4.000.mp4,IMCEXoAkZv4,,,0.7287,"EMO-AffectNet pseudo-label (teacher=Aff-Wild2, top=Neutral 0.35, tension=0.271) - 사람 검수 전"
IMCEXoAkZv4.002,IMCEXoAkZv4.002.mp4,IMCEXoAkZv4,,,0.7545,"EMO-AffectNet pseudo-label (teacher=Aff-Wild2, top=Neutral 0.41, tension=0.245) - 사람 검수 전"
IMCEXoAkZv4.005,IMCEXoAkZv4.005.mp4,IMCEXoAkZv4,,,0.7409,"EMO-AffectNet pseudo-label (teacher=Aff-Wild2, top=Neutral 0.38, tension=0.259) - 사람 검수 전"
IPjl2LdPMn0.000,IPjl2LdPMn0.000.mp4,IPjl2LdPMn0,,,0.7354,"EMO-AffectNet pseudo-label (teacher=Aff-Wild2, top=Anger 0.20, tension=0.265) - 사람 검수 전"
IPjl2LdPMn0.003,IPjl2LdPMn0.003.mp4,IPjl2LdPMn0,,,0.8389,"EMO-AffectNet pseudo-label (teacher=Aff-Wild2, top=Happiness 0.44, tension=0.161) - 사람 검수 전"
IPjl2LdPMn0.004,IPjl2LdPMn0.004.mp4,IPjl2LdPMn0,,,0.7618,"EMO-AffectNet pseudo-label (teacher=Aff-Wild2, top=Neutral 0.22, tension=0.238) - 사람 검수 전"
IQNNEfYYYiw.005,IQNNEfYYYiw.005.mp4,IQNNEfYYYiw,,,0.7406,"EMO-AffectNet pseudo-label (teacher=Aff-Wild2, top=Surprise 0.27, tension=0.259) - 사람 검수 전"
IQdz0Pd-L2Y.001,IQdz0Pd-L2Y.001.mp4,IQdz0Pd-L2Y,,,0.6818,"EMO-AffectNet pseudo-label (teacher=Aff-Wild2, top=Neutral 0.32, tension=0.318) - 사람 검수 전"
IQdz0Pd-L2Y.003,IQdz0Pd-L2Y.003.mp4,IQdz0Pd-L2Y,,,0.6624,"EMO-AffectNet pseudo-label (teacher=Aff-Wild2, top=Sadness 0.25, tension=0.338) - 사람 검수 전"
IQdz0Pd-L2Y.004,IQdz0Pd-L2Y.004.mp4,IQdz0Pd-L2Y,,,0.6856,"EMO-AffectNet pseudo-label (teacher=Aff-Wild2, top=Neutral 0.32, tension=0.314) - 사람 검수 전"
IQdz0Pd-L2Y.005,IQdz0Pd-L2Y.005.mp4,IQdz0Pd-L2Y,,,0.6846,"EMO-AffectNet pseudo-label (teacher=Aff-Wild2, top=Neutral 0.35, tension=0.315) - 사람 검수 전"
IV01x2GS61g.000,IV01x2GS61g.000.mp4,IV01x2GS61g,,,0.8079,"EMO-AffectNet pseudo-label (teacher=Aff-Wild2, top=Neutral 0.36, tension=0.192) - 사람 검수 전"
IWAT58l2Chg.001,IWAT58l2Chg.001.mp4,IWAT58l2Chg,,,0.7617,"EMO-AffectNet pseudo-label (teacher=Aff-Wild2, top=Neutral 0.40, tension=0.238) - 사람 검수 전"
IXVf5VWxOAg.000,IXVf5VWxOAg.000.mp4,IXVf5VWxOAg,,,0.7088,"EMO-AffectNet pseudo-label (teacher=Aff-Wild2, top=Neutral 0.21, tension=0.291) - 사람 검수 전"
IXVf5VWxOAg.002,IXVf5VWxOAg.002.mp4,IXVf5VWxOAg,,,0.6828,"EMO-AffectNet pseudo-label (teacher=Aff-Wild2, top=Neutral 0.29, tension=0.317) - 사람 검수 전"
IXVf5VWxOAg.003,IXVf5VWxOAg.003.mp4,IXVf5VWxOAg,,,0.6922,"EMO-AffectNet pseudo-label (teacher=Aff-Wild2, top=Neutral 0.26, tension=0.308) - 사람 검수 전"
IXVf5VWxOAg.004,IXVf5VWxOAg.004.mp4,IXVf5VWxOAg,,,0.7014,"EMO-AffectNet pseudo-label (teacher=Aff-Wild2, top=Neutral 0.25, tension=0.299) - 사람 검수 전"
IXVf5VWxOAg.005,IXVf5VWxOAg.005.mp4,IXVf5VWxOAg,,,0.7346,"EMO-AffectNet pseudo-label (teacher=Aff-Wild2, top=Neutral 0.27, tension=0.265) - 사람 검수 전"
I_ncZcYgFjw.000,I_ncZcYgFjw.000.mp4,I_ncZcYgFjw,,,0.7782,"EMO-AffectNet pseudo-label (teacher=Aff-Wild2, top=Neutral 0.28, tension=0.222) - 사람 검수 전"
I_ncZcYgFjw.002,I_ncZcYgFjw.002.mp4,I_ncZcYgFjw,,,0.7984,"EMO-AffectNet pseudo-label (teacher=Aff-Wild2, top=Neutral 0.30, tension=0.202) - 사람 검수 전"
Ie2y_yOeKpo.004,Ie2y_yOeKpo.004.mp4,Ie2y_yOeKpo,,,0.8763,"EMO-AffectNet pseudo-label (teacher=Aff-Wild2, top=Happiness 0.60, tension=0.124) - 사람 검수 전"
IlbODduDCb4.000,IlbODduDCb4.000.mp4,IlbODduDCb4,,,0.7739,"EMO-AffectNet pseudo-label (teacher=Aff-Wild2, top=Happiness 0.27, tension=0.226) - 사람 검수 전"
IlbODduDCb4.001,IlbODduDCb4.001.mp4,IlbODduDCb4,,,0.7405,"EMO-AffectNet pseudo-label (teacher=Aff-Wild2, top=Neutral 0.37, tension=0.260) - 사람 검수 전"
IlbODduDCb4.002,IlbODduDCb4.002.mp4,IlbODduDCb4,,,0.7576,"EMO-AffectNet pseudo-label (teacher=Aff-Wild2, top=Happiness 0.23, tension=0.242) - 사람 검수 전"
IlbODduDCb4.003,IlbODduDCb4.003.mp4,IlbODduDCb4,,,0.7508,"EMO-AffectNet pseudo-label (teacher=Aff-Wild2, top=Neutral 0.26, tension=0.249) - 사람 검수 전"
IlbODduDCb4.004,IlbODduDCb4.004.mp4,IlbODduDCb4,,,0.7775,"EMO-AffectNet pseudo-label (teacher=Aff-Wild2, top=Happiness 0.28, tension=0.222) - 사람 검수 전"
IlbODduDCb4.005,IlbODduDCb4.005.mp4,IlbODduDCb4,,,0.7783,"EMO-AffectNet pseudo-label (teacher=Aff-Wild2, top=Happiness 0.31, tension=0.222) - 사람 검수 전"
Iqbg3CwVpXA.004,Iqbg3CwVpXA.004.mp4,Iqbg3CwVpXA,,,0.7069,"EMO-AffectNet pseudo-label (teacher=Aff-Wild2, top=Neutral 0.33, tension=0.293) - 사람 검수 전"
It0-yCwOc5k.000,It0-yCwOc5k.000.mp4,It0-yCwOc5k,,,0.6321,"EMO-AffectNet pseudo-label (teacher=Aff-Wild2, top=Fear 0.26, tension=0.368) - 사람 검수 전"
It0-yCwOc5k.002,It0-yCwOc5k.002.mp4,It0-yCwOc5k,,,0.6601,"EMO-AffectNet pseudo-label (teacher=Aff-Wild2, top=Fear 0.27, tension=0.340) - 사람 검수 전"
It0-yCwOc5k.003,It0-yCwOc5k.003.mp4,It0-yCwOc5k,,,0.6435,"EMO-AffectNet pseudo-label (teacher=Aff-Wild2, top=Fear 0.27, tension=0.357) - 사람 검수 전"
ItkIHtgVhIk.000,ItkIHtgVhIk.000.mp4,ItkIHtgVhIk,,,0.7229,"EMO-AffectNet pseudo-label (teacher=Aff-Wild2, top=Neutral 0.45, tension=0.277) - 사람 검수 전"
ItkIHtgVhIk.001,ItkIHtgVhIk.001.mp4,ItkIHtgVhIk,,,0.704,"EMO-AffectNet pseudo-label (teacher=Aff-Wild2, top=Neutral 0.41, tension=0.296) - 사람 검수 전"
ItkIHtgVhIk.004,ItkIHtgVhIk.004.mp4,ItkIHtgVhIk,,,0.6917,"EMO-AffectNet pseudo-label (teacher=Aff-Wild2, top=Neutral 0.37, tension=0.308) - 사람 검수 전"
IveGfOJ86wY.000,IveGfOJ86wY.000.mp4,IveGfOJ86wY,,,0.5929,"EMO-AffectNet pseudo-label (teacher=Aff-Wild2, top=Sadness 0.37, tension=0.407) - 사람 검수 전"
IveGfOJ86wY.001,IveGfOJ86wY.001.mp4,IveGfOJ86wY,,,0.644,"EMO-AffectNet pseudo-label (teacher=Aff-Wild2, top=Sadness 0.28, tension=0.356) - 사람 검수 전"
IveGfOJ86wY.002,IveGfOJ86wY.002.mp4,IveGfOJ86wY,,,0.6493,"EMO-AffectNet pseudo-label (teacher=Aff-Wild2, top=Sadness 0.28, tension=0.351) - 사람 검수 전"
IveGfOJ86wY.004,IveGfOJ86wY.004.mp4,IveGfOJ86wY,,,0.636,"EMO-AffectNet pseudo-label (teacher=Aff-Wild2, top=Fear 0.26, tension=0.364) - 사람 검수 전"
IwfA-squ7Oo.000,IwfA-squ7Oo.000.mp4,IwfA-squ7Oo,,,0.7329,"EMO-AffectNet pseudo-label (teacher=Aff-Wild2, top=Neutral 0.35, tension=0.267) - 사람 검수 전"
IwfA-squ7Oo.001,IwfA-squ7Oo.001.mp4,IwfA-squ7Oo,,,0.7246,"EMO-AffectNet pseudo-label (teacher=Aff-Wild2, top=Neutral 0.34, tension=0.275) - 사람 검수 전"
IwfA-squ7Oo.002,IwfA-squ7Oo.002.mp4,IwfA-squ7Oo,,,0.723,"EMO-AffectNet pseudo-label (teacher=Aff-Wild2, top=Neutral 0.34, tension=0.277) - 사람 검수 전"
IwfA-squ7Oo.004,IwfA-squ7Oo.004.mp4,IwfA-squ7Oo,,,0.7527,"EMO-AffectNet pseudo-label (teacher=Aff-Wild2, top=Neutral 0.29, tension=0.247) - 사람 검수 전"
IwfA-squ7Oo.005,IwfA-squ7Oo.005.mp4,IwfA-squ7Oo,,,0.7481,"EMO-AffectNet pseudo-label (teacher=Aff-Wild2, top=Neutral 0.38, tension=0.252) - 사람 검수 전"
IyBCZySg-c4.000,IyBCZySg-c4.000.mp4,IyBCZySg-c4,,,0.6824,"EMO-AffectNet pseudo-label (teacher=Aff-Wild2, top=Neutral 0.31, tension=0.318) - 사람 검수 전"
IyBCZySg-c4.001,IyBCZySg-c4.001.mp4,IyBCZySg-c4,,,0.6299,"EMO-AffectNet pseudo-label (teacher=Aff-Wild2, top=Sadness 0.31, tension=0.370) - 사람 검수 전"
IyBCZySg-c4.003,IyBCZySg-c4.003.mp4,IyBCZySg-c4,,,0.6283,"EMO-AffectNet pseudo-label (teacher=Aff-Wild2, top=Sadness 0.34, tension=0.372) - 사람 검수 전"
IzKWDY_QNTU.000,IzKWDY_QNTU.000.mp4,IzKWDY_QNTU,,,0.9062,"EMO-AffectNet pseudo-label (teacher=Aff-Wild2, top=Happiness 0.69, tension=0.094) - 사람 검수 전"
IzsP0TRzFbo.002,IzsP0TRzFbo.002.mp4,IzsP0TRzFbo,,,0.8916,"EMO-AffectNet pseudo-label (teacher=Aff-Wild2, top=Happiness 0.63, tension=0.108) - 사람 검수 전"
J0I8JzMR4IE.005,J0I8JzMR4IE.005.mp4,J0I8JzMR4IE,,,0.7481,"EMO-AffectNet pseudo-label (teacher=Aff-Wild2, top=Happiness 0.22, tension=0.252) - 사람 검수 전"
J0JrzUmZGcA.001,J0JrzUmZGcA.001.mp4,J0JrzUmZGcA,,,0.685,"EMO-AffectNet pseudo-label (teacher=Aff-Wild2, top=Sadness 0.22, tension=0.315) - 사람 검수 전"
J0JrzUmZGcA.002,J0JrzUmZGcA.002.mp4,J0JrzUmZGcA,,,0.6834,"EMO-AffectNet pseudo-label (teacher=Aff-Wild2, top=Sadness 0.22, tension=0.317) - 사람 검수 전"
J0JrzUmZGcA.003,J0JrzUmZGcA.003.mp4,J0JrzUmZGcA,,,0.6919,"EMO-AffectNet pseudo-label (teacher=Aff-Wild2, top=Sadness 0.24, tension=0.308) - 사람 검수 전"
J0JrzUmZGcA.005,J0JrzUmZGcA.005.mp4,J0JrzUmZGcA,,,0.7012,"EMO-AffectNet pseudo-label (teacher=Aff-Wild2, top=Sadness 0.22, tension=0.299) - 사람 검수 전"
J28DwJsK8Do.000,J28DwJsK8Do.000.mp4,J28DwJsK8Do,,,0.8492,"EMO-AffectNet pseudo-label (teacher=Aff-Wild2, top=Happiness 0.51, tension=0.151) - 사람 검수 전"
J28DwJsK8Do.002,J28DwJsK8Do.002.mp4,J28DwJsK8Do,,,0.7506,"EMO-AffectNet pseudo-label (teacher=Aff-Wild2, top=Surprise 0.25, tension=0.249) - 사람 검수 전"
J28DwJsK8Do.003,J28DwJsK8Do.003.mp4,J28DwJsK8Do,,,0.7806,"EMO-AffectNet pseudo-label (teacher=Aff-Wild2, top=Happiness 0.29, tension=0.219) - 사람 검수 전"
J28DwJsK8Do.004,J28DwJsK8Do.004.mp4,J28DwJsK8Do,,,0.7503,"EMO-AffectNet pseudo-label (teacher=Aff-Wild2, top=Surprise 0.26, tension=0.250) - 사람 검수 전"
J30sMEMrKjA.000,J30sMEMrKjA.000.mp4,J30sMEMrKjA,,,0.7796,"EMO-AffectNet pseudo-label (teacher=Aff-Wild2, top=Happiness 0.29, tension=0.220) - 사람 검수 전"
J30sMEMrKjA.001,J30sMEMrKjA.001.mp4,J30sMEMrKjA,,,0.8099,"EMO-AffectNet pseudo-label (teacher=Aff-Wild2, top=Happiness 0.41, tension=0.190) - 사람 검수 전"
J30sMEMrKjA.002,J30sMEMrKjA.002.mp4,J30sMEMrKjA,,,0.788,"EMO-AffectNet pseudo-label (teacher=Aff-Wild2, top=Happiness 0.28, tension=0.212) - 사람 검수 전"
J4GQm9j0JZ0.000,J4GQm9j0JZ0.000.mp4,J4GQm9j0JZ0,,,0.6274,"EMO-AffectNet pseudo-label (teacher=Aff-Wild2, top=Fear 0.21, tension=0.373) - 사람 검수 전"
J4GQm9j0JZ0.001,J4GQm9j0JZ0.001.mp4,J4GQm9j0JZ0,,,0.713,"EMO-AffectNet pseudo-label (teacher=Aff-Wild2, top=Surprise 0.19, tension=0.287) - 사람 검수 전"
J4GQm9j0JZ0.003,J4GQm9j0JZ0.003.mp4,J4GQm9j0JZ0,,,0.6863,"EMO-AffectNet pseudo-label (teacher=Aff-Wild2, top=Surprise 0.20, tension=0.314) - 사람 검수 전"
J4GQm9j0JZ0.005,J4GQm9j0JZ0.005.mp4,J4GQm9j0JZ0,,,0.6115,"EMO-AffectNet pseudo-label (teacher=Aff-Wild2, top=Fear 0.19, tension=0.389) - 사람 검수 전"
J6RHl6U6Jcw.000,J6RHl6U6Jcw.000.mp4,J6RHl6U6Jcw,,,0.7286,"EMO-AffectNet pseudo-label (teacher=Aff-Wild2, top=Neutral 0.24, tension=0.271) - 사람 검수 전"
J8N2OCqM6N0.001,J8N2OCqM6N0.001.mp4,J8N2OCqM6N0,,,0.7565,"EMO-AffectNet pseudo-label (teacher=Aff-Wild2, top=Happiness 0.26, tension=0.244) - 사람 검수 전"
J8YpOUmN_aI.000,J8YpOUmN_aI.000.mp4,J8YpOUmN_aI,,,0.7868,"EMO-AffectNet pseudo-label (teacher=Aff-Wild2, top=Neutral 0.31, tension=0.213) - 사람 검수 전"
J8YpOUmN_aI.001,J8YpOUmN_aI.001.mp4,J8YpOUmN_aI,,,0.787,"EMO-AffectNet pseudo-label (teacher=Aff-Wild2, top=Neutral 0.27, tension=0.213) - 사람 검수 전"
J8YpOUmN_aI.003,J8YpOUmN_aI.003.mp4,J8YpOUmN_aI,,,0.7871,"EMO-AffectNet pseudo-label (teacher=Aff-Wild2, top=Neutral 0.34, tension=0.213) - 사람 검수 전"
J8YpOUmN_aI.005,J8YpOUmN_aI.005.mp4,J8YpOUmN_aI,,,0.7706,"EMO-AffectNet pseudo-label (teacher=Aff-Wild2, top=Neutral 0.29, tension=0.229) - 사람 검수 전"
J9MfhPoJOaw.003,J9MfhPoJOaw.003.mp4,J9MfhPoJOaw,,,0.872,"EMO-AffectNet pseudo-label (teacher=Aff-Wild2, top=Happiness 0.53, tension=0.128) - 사람 검수 전"
J9MfhPoJOaw.004,J9MfhPoJOaw.004.mp4,J9MfhPoJOaw,,,0.7455,"EMO-AffectNet pseudo-label (teacher=Aff-Wild2, top=Neutral 0.23, tension=0.254) - 사람 검수 전"
J9WyswA0vow.001,J9WyswA0vow.001.mp4,J9WyswA0vow,,,0.9069,"EMO-AffectNet pseudo-label (teacher=Aff-Wild2, top=Happiness 0.69, tension=0.093) - 사람 검수 전"
J9WyswA0vow.002,J9WyswA0vow.002.mp4,J9WyswA0vow,,,0.7861,"EMO-AffectNet pseudo-label (teacher=Aff-Wild2, top=Happiness 0.38, tension=0.214) - 사람 검수 전"
J9WyswA0vow.003,J9WyswA0vow.003.mp4,J9WyswA0vow,,,0.8743,"EMO-AffectNet pseudo-label (teacher=Aff-Wild2, top=Happiness 0.60, tension=0.126) - 사람 검수 전"
JBdLI6AhJrw.000,JBdLI6AhJrw.000.mp4,JBdLI6AhJrw,,,0.7203,"EMO-AffectNet pseudo-label (teacher=Aff-Wild2, top=Neutral 0.39, tension=0.280) - 사람 검수 전"
JBdLI6AhJrw.001,JBdLI6AhJrw.001.mp4,JBdLI6AhJrw,,,0.7863,"EMO-AffectNet pseudo-label (teacher=Aff-Wild2, top=Neutral 0.32, tension=0.214) - 사람 검수 전"
JBdLI6AhJrw.002,JBdLI6AhJrw.002.mp4,JBdLI6AhJrw,,,0.7293,"EMO-AffectNet pseudo-label (teacher=Aff-Wild2, top=Neutral 0.41, tension=0.271) - 사람 검수 전"
JBiq9X_-r84.000,JBiq9X_-r84.000.mp4,JBiq9X_-r84,,,0.6497,"EMO-AffectNet pseudo-label (teacher=Aff-Wild2, top=Fear 0.27, tension=0.350) - 사람 검수 전"
JBiq9X_-r84.002,JBiq9X_-r84.002.mp4,JBiq9X_-r84,,,0.6474,"EMO-AffectNet pseudo-label (teacher=Aff-Wild2, top=Fear 0.29, tension=0.353) - 사람 검수 전"
JBiq9X_-r84.004,JBiq9X_-r84.004.mp4,JBiq9X_-r84,,,0.5957,"EMO-AffectNet pseudo-label (teacher=Aff-Wild2, top=Sadness 0.32, tension=0.404) - 사람 검수 전"
JEhC58vobs4.001,JEhC58vobs4.001.mp4,JEhC58vobs4,,,0.7211,"EMO-AffectNet pseudo-label (teacher=Aff-Wild2, top=Neutral 0.24, tension=0.279) - 사람 검수 전"
JEualxMkaE4.002,JEualxMkaE4.002.mp4,JEualxMkaE4,,,0.7121,"EMO-AffectNet pseudo-label (teacher=Aff-Wild2, top=Sadness 0.23, tension=0.288) - 사람 검수 전"
JEualxMkaE4.003,JEualxMkaE4.003.mp4,JEualxMkaE4,,,0.6982,"EMO-AffectNet pseudo-label (teacher=Aff-Wild2, top=Neutral 0.26, tension=0.302) - 사람 검수 전"
JEualxMkaE4.004,JEualxMkaE4.004.mp4,JEualxMkaE4,,,0.7215,"EMO-AffectNet pseudo-label (teacher=Aff-Wild2, top=Neutral 0.26, tension=0.278) - 사람 검수 전"
JFKZEGDhcRs.000,JFKZEGDhcRs.000.mp4,JFKZEGDhcRs,,,0.7702,"EMO-AffectNet pseudo-label (teacher=Aff-Wild2, top=Neutral 0.25, tension=0.230) - 사람 검수 전"
JFKZEGDhcRs.001,JFKZEGDhcRs.001.mp4,JFKZEGDhcRs,,,0.7635,"EMO-AffectNet pseudo-label (teacher=Aff-Wild2, top=Neutral 0.28, tension=0.237) - 사람 검수 전"
JFKZEGDhcRs.002,JFKZEGDhcRs.002.mp4,JFKZEGDhcRs,,,0.8025,"EMO-AffectNet pseudo-label (teacher=Aff-Wild2, top=Happiness 0.42, tension=0.197) - 사람 검수 전"
JFKZEGDhcRs.003,JFKZEGDhcRs.003.mp4,JFKZEGDhcRs,,,0.7692,"EMO-AffectNet pseudo-label (teacher=Aff-Wild2, top=Neutral 0.25, tension=0.231) - 사람 검수 전"
JFKZEGDhcRs.004,JFKZEGDhcRs.004.mp4,JFKZEGDhcRs,,,0.7762,"EMO-AffectNet pseudo-label (teacher=Aff-Wild2, top=Happiness 0.29, tension=0.224) - 사람 검수 전"
JFKZEGDhcRs.005,JFKZEGDhcRs.005.mp4,JFKZEGDhcRs,,,0.7663,"EMO-AffectNet pseudo-label (teacher=Aff-Wild2, top=Happiness 0.29, tension=0.234) - 사람 검수 전"
JIR4aPcyrn8.000,JIR4aPcyrn8.000.mp4,JIR4aPcyrn8,,,0.6927,"EMO-AffectNet pseudo-label (teacher=Aff-Wild2, top=Neutral 0.24, tension=0.307) - 사람 검수 전"
JIR4aPcyrn8.001,JIR4aPcyrn8.001.mp4,JIR4aPcyrn8,,,0.7149,"EMO-AffectNet pseudo-label (teacher=Aff-Wild2, top=Neutral 0.28, tension=0.285) - 사람 검수 전"
JIYZTruMpiI.000,JIYZTruMpiI.000.mp4,JIYZTruMpiI,,,0.7188,"EMO-AffectNet pseudo-label (teacher=Aff-Wild2, top=Surprise 0.21, tension=0.281) - 사람 검수 전"
JIYZTruMpiI.001,JIYZTruMpiI.001.mp4,JIYZTruMpiI,,,0.6969,"EMO-AffectNet pseudo-label (teacher=Aff-Wild2, top=Happiness 0.20, tension=0.303) - 사람 검수 전"
JIYZTruMpiI.003,JIYZTruMpiI.003.mp4,JIYZTruMpiI,,,0.8278,"EMO-AffectNet pseudo-label (teacher=Aff-Wild2, top=Happiness 0.46, tension=0.172) - 사람 검수 전"
JIYZTruMpiI.005,JIYZTruMpiI.005.mp4,JIYZTruMpiI,,,0.8416,"EMO-AffectNet pseudo-label (teacher=Aff-Wild2, top=Happiness 0.52, tension=0.158) - 사람 검수 전"
JJs_HTelie4.002,JJs_HTelie4.002.mp4,JJs_HTelie4,,,0.8208,"EMO-AffectNet pseudo-label (teacher=Aff-Wild2, top=Neutral 0.41, tension=0.179) - 사람 검수 전"
JKDEEwxZwrw.001,JKDEEwxZwrw.001.mp4,JKDEEwxZwrw,,,0.7742,"EMO-AffectNet pseudo-label (teacher=Aff-Wild2, top=Neutral 0.50, tension=0.226) - 사람 검수 전"
JKDEEwxZwrw.005,JKDEEwxZwrw.005.mp4,JKDEEwxZwrw,,,0.7282,"EMO-AffectNet pseudo-label (teacher=Aff-Wild2, top=Neutral 0.38, tension=0.272) - 사람 검수 전"
JN_LH6fs868.005,JN_LH6fs868.005.mp4,JN_LH6fs868,,,0.7752,"EMO-AffectNet pseudo-label (teacher=Aff-Wild2, top=Happiness 0.33, tension=0.225) - 사람 검수 전"
JO44XCaQGVY.000,JO44XCaQGVY.000.mp4,JO44XCaQGVY,,,0.735,"EMO-AffectNet pseudo-label (teacher=Aff-Wild2, top=Surprise 0.25, tension=0.265) - 사람 검수 전"
JO44XCaQGVY.003,JO44XCaQGVY.003.mp4,JO44XCaQGVY,,,0.7232,"EMO-AffectNet pseudo-label (teacher=Aff-Wild2, top=Neutral 0.31, tension=0.277) - 사람 검수 전"
JO44XCaQGVY.004,JO44XCaQGVY.004.mp4,JO44XCaQGVY,,,0.8051,"EMO-AffectNet pseudo-label (teacher=Aff-Wild2, top=Happiness 0.35, tension=0.195) - 사람 검수 전"
JTmq4k4uQCY.000,JTmq4k4uQCY.000.mp4,JTmq4k4uQCY,,,0.713,"EMO-AffectNet pseudo-label (teacher=Aff-Wild2, top=Neutral 0.31, tension=0.287) - 사람 검수 전"
JTmq4k4uQCY.001,JTmq4k4uQCY.001.mp4,JTmq4k4uQCY,,,0.7164,"EMO-AffectNet pseudo-label (teacher=Aff-Wild2, top=Neutral 0.39, tension=0.284) - 사람 검수 전"
JTmq4k4uQCY.002,JTmq4k4uQCY.002.mp4,JTmq4k4uQCY,,,0.7038,"EMO-AffectNet pseudo-label (teacher=Aff-Wild2, top=Neutral 0.32, tension=0.296) - 사람 검수 전"
JTmq4k4uQCY.003,JTmq4k4uQCY.003.mp4,JTmq4k4uQCY,,,0.6868,"EMO-AffectNet pseudo-label (teacher=Aff-Wild2, top=Neutral 0.34, tension=0.313) - 사람 검수 전"
JVzG-zy9CO0.004,JVzG-zy9CO0.004.mp4,JVzG-zy9CO0,,,0.7183,"EMO-AffectNet pseudo-label (teacher=Aff-Wild2, top=Neutral 0.40, tension=0.282) - 사람 검수 전"
JZNMxa3OKHY.005,JZNMxa3OKHY.005.mp4,JZNMxa3OKHY,,,0.7627,"EMO-AffectNet pseudo-label (teacher=Aff-Wild2, top=Neutral 0.33, tension=0.237) - 사람 검수 전"
JbXgnjVWEoM.002,JbXgnjVWEoM.002.mp4,JbXgnjVWEoM,,,0.6702,"EMO-AffectNet pseudo-label (teacher=Aff-Wild2, top=Neutral 0.24, tension=0.330) - 사람 검수 전"
JcNmLCtlKok.001,JcNmLCtlKok.001.mp4,JcNmLCtlKok,,,0.7164,"EMO-AffectNet pseudo-label (teacher=Aff-Wild2, top=Neutral 0.28, tension=0.284) - 사람 검수 전"
JciLbidX1Q8.003,JciLbidX1Q8.003.mp4,JciLbidX1Q8,,,0.6819,"EMO-AffectNet pseudo-label (teacher=Aff-Wild2, top=Anger 0.20, tension=0.318) - 사람 검수 전"
Jcw9NZkMn6I.004,Jcw9NZkMn6I.004.mp4,Jcw9NZkMn6I,,,0.7267,"EMO-AffectNet pseudo-label (teacher=Aff-Wild2, top=Neutral 0.28, tension=0.273) - 사람 검수 전"
Jf8lqSpAjZ8.001,Jf8lqSpAjZ8.001.mp4,Jf8lqSpAjZ8,,,0.7292,"EMO-AffectNet pseudo-label (teacher=Aff-Wild2, top=Happiness 0.23, tension=0.271) - 사람 검수 전"
Jf8lqSpAjZ8.002,Jf8lqSpAjZ8.002.mp4,Jf8lqSpAjZ8,,,0.8178,"EMO-AffectNet pseudo-label (teacher=Aff-Wild2, top=Happiness 0.33, tension=0.182) - 사람 검수 전"
Jf8lqSpAjZ8.004,Jf8lqSpAjZ8.004.mp4,Jf8lqSpAjZ8,,,0.8239,"EMO-AffectNet pseudo-label (teacher=Aff-Wild2, top=Happiness 0.40, tension=0.176) - 사람 검수 전"
Jh7Wk5fYeMk.001,Jh7Wk5fYeMk.001.mp4,Jh7Wk5fYeMk,,,0.628,"EMO-AffectNet pseudo-label (teacher=Aff-Wild2, top=Sadness 0.28, tension=0.372) - 사람 검수 전"
Jh7Wk5fYeMk.002,Jh7Wk5fYeMk.002.mp4,Jh7Wk5fYeMk,,,0.636,"EMO-AffectNet pseudo-label (teacher=Aff-Wild2, top=Disgust 0.27, tension=0.364) - 사람 검수 전"
JhdFmuwquHM.003,JhdFmuwquHM.003.mp4,JhdFmuwquHM,,,0.7508,"EMO-AffectNet pseudo-label (teacher=Aff-Wild2, top=Neutral 0.31, tension=0.249) - 사람 검수 전"
Jhz5ssCKaug.001,Jhz5ssCKaug.001.mp4,Jhz5ssCKaug,,,0.7342,"EMO-AffectNet pseudo-label (teacher=Aff-Wild2, top=Neutral 0.31, tension=0.266) - 사람 검수 전"
Jhz5ssCKaug.002,Jhz5ssCKaug.002.mp4,Jhz5ssCKaug,,,0.7952,"EMO-AffectNet pseudo-label (teacher=Aff-Wild2, top=Neutral 0.27, tension=0.205) - 사람 검수 전"
Jhz5ssCKaug.003,Jhz5ssCKaug.003.mp4,Jhz5ssCKaug,,,0.9218,"EMO-AffectNet pseudo-label (teacher=Aff-Wild2, top=Happiness 0.73, tension=0.078) - 사람 검수 전"
JiXJeI5_jGM.000,JiXJeI5_jGM.000.mp4,JiXJeI5_jGM,,,0.7072,"EMO-AffectNet pseudo-label (teacher=Aff-Wild2, top=Neutral 0.24, tension=0.293) - 사람 검수 전"
JiXJeI5_jGM.002,JiXJeI5_jGM.002.mp4,JiXJeI5_jGM,,,0.8533,"EMO-AffectNet pseudo-label (teacher=Aff-Wild2, top=Happiness 0.51, tension=0.147) - 사람 검수 전"
JiXJeI5_jGM.003,JiXJeI5_jGM.003.mp4,JiXJeI5_jGM,,,0.8275,"EMO-AffectNet pseudo-label (teacher=Aff-Wild2, top=Happiness 0.41, tension=0.172) - 사람 검수 전"
JiXJeI5_jGM.005,JiXJeI5_jGM.005.mp4,JiXJeI5_jGM,,,0.8848,"EMO-AffectNet pseudo-label (teacher=Aff-Wild2, top=Happiness 0.61, tension=0.115) - 사람 검수 전"
JlMPF03b8SM.001,JlMPF03b8SM.001.mp4,JlMPF03b8SM,,,0.6644,"EMO-AffectNet pseudo-label (teacher=Aff-Wild2, top=Sadness 0.24, tension=0.336) - 사람 검수 전"
JmAQlC-FEV8.003,JmAQlC-FEV8.003.mp4,JmAQlC-FEV8,,,0.7644,"EMO-AffectNet pseudo-label (teacher=Aff-Wild2, top=Neutral 0.36, tension=0.236) - 사람 검수 전"
Jn76eAPxjNA.002,Jn76eAPxjNA.002.mp4,Jn76eAPxjNA,,,0.6669,"EMO-AffectNet pseudo-label (teacher=Aff-Wild2, top=Anger 0.25, tension=0.333) - 사람 검수 전"
Jn76eAPxjNA.003,Jn76eAPxjNA.003.mp4,Jn76eAPxjNA,,,0.7873,"EMO-AffectNet pseudo-label (teacher=Aff-Wild2, top=Happiness 0.40, tension=0.213) - 사람 검수 전"
Jn76eAPxjNA.005,Jn76eAPxjNA.005.mp4,Jn76eAPxjNA,,,0.8529,"EMO-AffectNet pseudo-label (teacher=Aff-Wild2, top=Happiness 0.54, tension=0.147) - 사람 검수 전"
JoQRNgGQCgY.000,JoQRNgGQCgY.000.mp4,JoQRNgGQCgY,,,0.8308,"EMO-AffectNet pseudo-label (teacher=Aff-Wild2, top=Happiness 0.49, tension=0.169) - 사람 검수 전"
JoQRNgGQCgY.002,JoQRNgGQCgY.002.mp4,JoQRNgGQCgY,,,0.7991,"EMO-AffectNet pseudo-label (teacher=Aff-Wild2, top=Happiness 0.38, tension=0.201) - 사람 검수 전"
JoQRNgGQCgY.003,JoQRNgGQCgY.003.mp4,JoQRNgGQCgY,,,0.8882,"EMO-AffectNet pseudo-label (teacher=Aff-Wild2, top=Happiness 0.67, tension=0.112) - 사람 검수 전"
JoQRNgGQCgY.004,JoQRNgGQCgY.004.mp4,JoQRNgGQCgY,,,0.8243,"EMO-AffectNet pseudo-label (teacher=Aff-Wild2, top=Happiness 0.48, tension=0.176) - 사람 검수 전"
Jog1-pYOSD0.000,Jog1-pYOSD0.000.mp4,Jog1-pYOSD0,,,0.6693,"EMO-AffectNet pseudo-label (teacher=Aff-Wild2, top=Anger 0.30, tension=0.331) - 사람 검수 전"
Jog1-pYOSD0.001,Jog1-pYOSD0.001.mp4,Jog1-pYOSD0,,,0.6707,"EMO-AffectNet pseudo-label (teacher=Aff-Wild2, top=Anger 0.29, tension=0.329) - 사람 검수 전"
Jog1-pYOSD0.002,Jog1-pYOSD0.002.mp4,Jog1-pYOSD0,,,0.6757,"EMO-AffectNet pseudo-label (teacher=Aff-Wild2, top=Neutral 0.26, tension=0.324) - 사람 검수 전"
Jog1-pYOSD0.003,Jog1-pYOSD0.003.mp4,Jog1-pYOSD0,,,0.6691,"EMO-AffectNet pseudo-label (teacher=Aff-Wild2, top=Neutral 0.23, tension=0.331) - 사람 검수 전"
Jog1-pYOSD0.005,Jog1-pYOSD0.005.mp4,Jog1-pYOSD0,,,0.6764,"EMO-AffectNet pseudo-label (teacher=Aff-Wild2, top=Anger 0.24, tension=0.324) - 사람 검수 전"
Jp-Hu7yxqR8.000,Jp-Hu7yxqR8.000.mp4,Jp-Hu7yxqR8,,,0.8099,"EMO-AffectNet pseudo-label (teacher=Aff-Wild2, top=Happiness 0.37, tension=0.190) - 사람 검수 전"
Jr6GmDtvTK0.000,Jr6GmDtvTK0.000.mp4,Jr6GmDtvTK0,,,0.7411,"EMO-AffectNet pseudo-label (teacher=Aff-Wild2, top=Neutral 0.27, tension=0.259) - 사람 검수 전"
Jv2lyDcOmEM.001,Jv2lyDcOmEM.001.mp4,Jv2lyDcOmEM,,,0.82,"EMO-AffectNet pseudo-label (teacher=Aff-Wild2, top=Neutral 0.32, tension=0.180) - 사람 검수 전"
Jv2lyDcOmEM.002,Jv2lyDcOmEM.002.mp4,Jv2lyDcOmEM,,,0.8295,"EMO-AffectNet pseudo-label (teacher=Aff-Wild2, top=Happiness 0.30, tension=0.171) - 사람 검수 전"
Jv2lyDcOmEM.003,Jv2lyDcOmEM.003.mp4,Jv2lyDcOmEM,,,0.7998,"EMO-AffectNet pseudo-label (teacher=Aff-Wild2, top=Surprise 0.26, tension=0.200) - 사람 검수 전"
Jv2lyDcOmEM.004,Jv2lyDcOmEM.004.mp4,Jv2lyDcOmEM,,,0.8267,"EMO-AffectNet pseudo-label (teacher=Aff-Wild2, top=Happiness 0.28, tension=0.173) - 사람 검수 전"
Jv2lyDcOmEM.005,Jv2lyDcOmEM.005.mp4,Jv2lyDcOmEM,,,0.8267,"EMO-AffectNet pseudo-label (teacher=Aff-Wild2, top=Happiness 0.33, tension=0.173) - 사람 검수 전"
JxxF9y61ujA.000,JxxF9y61ujA.000.mp4,JxxF9y61ujA,,,0.6934,"EMO-AffectNet pseudo-label (teacher=Aff-Wild2, top=Neutral 0.33, tension=0.307) - 사람 검수 전"
JxxF9y61ujA.003,JxxF9y61ujA.003.mp4,JxxF9y61ujA,,,0.7049,"EMO-AffectNet pseudo-label (teacher=Aff-Wild2, top=Neutral 0.35, tension=0.295) - 사람 검수 전"
JxxF9y61ujA.004,JxxF9y61ujA.004.mp4,JxxF9y61ujA,,,0.6651,"EMO-AffectNet pseudo-label (teacher=Aff-Wild2, top=Neutral 0.29, tension=0.335) - 사람 검수 전"
JxxF9y61ujA.005,JxxF9y61ujA.005.mp4,JxxF9y61ujA,,,0.6795,"EMO-AffectNet pseudo-label (teacher=Aff-Wild2, top=Neutral 0.31, tension=0.321) - 사람 검수 전"
JzXnxQDnwWE.002,JzXnxQDnwWE.002.mp4,JzXnxQDnwWE,,,0.8519,"EMO-AffectNet pseudo-label (teacher=Aff-Wild2, top=Happiness 0.46, tension=0.148) - 사람 검수 전"
K-Z_mLE8nlo.004,K-Z_mLE8nlo.004.mp4,K-Z_mLE8nlo,,,0.7425,"EMO-AffectNet pseudo-label (teacher=Aff-Wild2, top=Happiness 0.31, tension=0.258) - 사람 검수 전"
K-fMyzPB7FI.005,K-fMyzPB7FI.005.mp4,K-fMyzPB7FI,,,0.8241,"EMO-AffectNet pseudo-label (teacher=Aff-Wild2, top=Happiness 0.37, tension=0.176) - 사람 검수 전"
K-iwJMxjyx4.000,K-iwJMxjyx4.000.mp4,K-iwJMxjyx4,,,0.8575,"EMO-AffectNet pseudo-label (teacher=Aff-Wild2, top=Happiness 0.48, tension=0.142) - 사람 검수 전"
K-iwJMxjyx4.001,K-iwJMxjyx4.001.mp4,K-iwJMxjyx4,,,0.9072,"EMO-AffectNet pseudo-label (teacher=Aff-Wild2, top=Happiness 0.69, tension=0.093) - 사람 검수 전"
K-iwJMxjyx4.003,K-iwJMxjyx4.003.mp4,K-iwJMxjyx4,,,0.7731,"EMO-AffectNet pseudo-label (teacher=Aff-Wild2, top=Happiness 0.29, tension=0.227) - 사람 검수 전"
K-iwJMxjyx4.004,K-iwJMxjyx4.004.mp4,K-iwJMxjyx4,,,0.8527,"EMO-AffectNet pseudo-label (teacher=Aff-Wild2, top=Happiness 0.52, tension=0.147) - 사람 검수 전"
K-iwJMxjyx4.005,K-iwJMxjyx4.005.mp4,K-iwJMxjyx4,,,0.8327,"EMO-AffectNet pseudo-label (teacher=Aff-Wild2, top=Happiness 0.46, tension=0.167) - 사람 검수 전"
K3-YXXLR0Ho.000,K3-YXXLR0Ho.000.mp4,K3-YXXLR0Ho,,,0.6055,"EMO-AffectNet pseudo-label (teacher=Aff-Wild2, top=Fear 0.41, tension=0.394) - 사람 검수 전"
K4UcCvZOxWo.001,K4UcCvZOxWo.001.mp4,K4UcCvZOxWo,,,0.7371,"EMO-AffectNet pseudo-label (teacher=Aff-Wild2, top=Neutral 0.42, tension=0.263) - 사람 검수 전"
K4UcCvZOxWo.004,K4UcCvZOxWo.004.mp4,K4UcCvZOxWo,,,0.7754,"EMO-AffectNet pseudo-label (teacher=Aff-Wild2, top=Neutral 0.47, tension=0.225) - 사람 검수 전"
K5WDz2jxtuI.000,K5WDz2jxtuI.000.mp4,K5WDz2jxtuI,,,0.7217,"EMO-AffectNet pseudo-label (teacher=Aff-Wild2, top=Neutral 0.28, tension=0.278) - 사람 검수 전"
K63T9l1xY7U.000,K63T9l1xY7U.000.mp4,K63T9l1xY7U,,,0.7904,"EMO-AffectNet pseudo-label (teacher=Aff-Wild2, top=Neutral 0.41, tension=0.210) - 사람 검수 전"
K63T9l1xY7U.001,K63T9l1xY7U.001.mp4,K63T9l1xY7U,,,0.7786,"EMO-AffectNet pseudo-label (teacher=Aff-Wild2, top=Neutral 0.49, tension=0.221) - 사람 검수 전"
K63T9l1xY7U.003,K63T9l1xY7U.003.mp4,K63T9l1xY7U,,,0.754,"EMO-AffectNet pseudo-label (teacher=Aff-Wild2, top=Neutral 0.37, tension=0.246) - 사람 검수 전"
K7vBdKrcFKo.001,K7vBdKrcFKo.001.mp4,K7vBdKrcFKo,,,0.6834,"EMO-AffectNet pseudo-label (teacher=Aff-Wild2, top=Neutral 0.30, tension=0.317) - 사람 검수 전"
K9U_Z8GdGRo.001,K9U_Z8GdGRo.001.mp4,K9U_Z8GdGRo,,,0.8378,"EMO-AffectNet pseudo-label (teacher=Aff-Wild2, top=Happiness 0.40, tension=0.162) - 사람 검수 전"
K9U_Z8GdGRo.005,K9U_Z8GdGRo.005.mp4,K9U_Z8GdGRo,,,0.8231,"EMO-AffectNet pseudo-label (teacher=Aff-Wild2, top=Happiness 0.35, tension=0.177) - 사람 검수 전"
K9ZTOb6PbfQ.000,K9ZTOb6PbfQ.000.mp4,K9ZTOb6PbfQ,,,0.6924,"EMO-AffectNet pseudo-label (teacher=Aff-Wild2, top=Surprise 0.30, tension=0.308) - 사람 검수 전"
K9ZTOb6PbfQ.004,K9ZTOb6PbfQ.004.mp4,K9ZTOb6PbfQ,,,0.6925,"EMO-AffectNet pseudo-label (teacher=Aff-Wild2, top=Surprise 0.32, tension=0.307) - 사람 검수 전"
K9h_wA30XgM.002,K9h_wA30XgM.002.mp4,K9h_wA30XgM,,,0.8196,"EMO-AffectNet pseudo-label (teacher=Aff-Wild2, top=Happiness 0.40, tension=0.180) - 사람 검수 전"
KAGTaM0Z9tA.001,KAGTaM0Z9tA.001.mp4,KAGTaM0Z9tA,,,0.7591,"EMO-AffectNet pseudo-label (teacher=Aff-Wild2, top=Surprise 0.26, tension=0.241) - 사람 검수 전"
KAGTaM0Z9tA.004,KAGTaM0Z9tA.004.mp4,KAGTaM0Z9tA,,,0.7125,"EMO-AffectNet pseudo-label (teacher=Aff-Wild2, top=Surprise 0.29, tension=0.287) - 사람 검수 전"
KAGTaM0Z9tA.005,KAGTaM0Z9tA.005.mp4,KAGTaM0Z9tA,,,0.7619,"EMO-AffectNet pseudo-label (teacher=Aff-Wild2, top=Happiness 0.24, tension=0.238) - 사람 검수 전"
KB09jENVJ_0.002,KB09jENVJ_0.002.mp4,KB09jENVJ_0,,,0.8189,"EMO-AffectNet pseudo-label (teacher=Aff-Wild2, top=Happiness 0.39, tension=0.181) - 사람 검수 전"
KB09jENVJ_0.004,KB09jENVJ_0.004.mp4,KB09jENVJ_0,,,0.8612,"EMO-AffectNet pseudo-label (teacher=Aff-Wild2, top=Happiness 0.54, tension=0.139) - 사람 검수 전"
KD9rExmTXcE.005,KD9rExmTXcE.005.mp4,KD9rExmTXcE,,,0.6933,"EMO-AffectNet pseudo-label (teacher=Aff-Wild2, top=Neutral 0.27, tension=0.307) - 사람 검수 전"
KDwpjQiIfjY.000,KDwpjQiIfjY.000.mp4,KDwpjQiIfjY,,,0.7193,"EMO-AffectNet pseudo-label (teacher=Aff-Wild2, top=Neutral 0.24, tension=0.281) - 사람 검수 전"
KDwpjQiIfjY.003,KDwpjQiIfjY.003.mp4,KDwpjQiIfjY,,,0.6962,"EMO-AffectNet pseudo-label (teacher=Aff-Wild2, top=Neutral 0.23, tension=0.304) - 사람 검수 전"
KDwpjQiIfjY.005,KDwpjQiIfjY.005.mp4,KDwpjQiIfjY,,,0.7025,"EMO-AffectNet pseudo-label (teacher=Aff-Wild2, top=Neutral 0.18, tension=0.298) - 사람 검수 전"
KGRUaRe3r7I.001,KGRUaRe3r7I.001.mp4,KGRUaRe3r7I,,,0.8052,"EMO-AffectNet pseudo-label (teacher=Aff-Wild2, top=Happiness 0.37, tension=0.195) - 사람 검수 전"
KGRUaRe3r7I.002,KGRUaRe3r7I.002.mp4,KGRUaRe3r7I,,,0.8184,"EMO-AffectNet pseudo-label (teacher=Aff-Wild2, top=Happiness 0.45, tension=0.182) - 사람 검수 전"
KGRUaRe3r7I.005,KGRUaRe3r7I.005.mp4,KGRUaRe3r7I,,,0.7917,"EMO-AffectNet pseudo-label (teacher=Aff-Wild2, top=Happiness 0.34, tension=0.208) - 사람 검수 전"
KHQJhOzdrYo.002,KHQJhOzdrYo.002.mp4,KHQJhOzdrYo,,,0.7495,"EMO-AffectNet pseudo-label (teacher=Aff-Wild2, top=Neutral 0.48, tension=0.250) - 사람 검수 전"
KHQJhOzdrYo.003,KHQJhOzdrYo.003.mp4,KHQJhOzdrYo,,,0.7602,"EMO-AffectNet pseudo-label (teacher=Aff-Wild2, top=Neutral 0.48, tension=0.240) - 사람 검수 전"
KHQJhOzdrYo.004,KHQJhOzdrYo.004.mp4,KHQJhOzdrYo,,,0.7615,"EMO-AffectNet pseudo-label (teacher=Aff-Wild2, top=Neutral 0.47, tension=0.238) - 사람 검수 전"
KIJ9IYETe38.001,KIJ9IYETe38.001.mp4,KIJ9IYETe38,,,0.8405,"EMO-AffectNet pseudo-label (teacher=Aff-Wild2, top=Happiness 0.39, tension=0.159) - 사람 검수 전"
KIJ9IYETe38.002,KIJ9IYETe38.002.mp4,KIJ9IYETe38,,,0.7596,"EMO-AffectNet pseudo-label (teacher=Aff-Wild2, top=Surprise 0.29, tension=0.240) - 사람 검수 전"
KIJ9IYETe38.003,KIJ9IYETe38.003.mp4,KIJ9IYETe38,,,0.7596,"EMO-AffectNet pseudo-label (teacher=Aff-Wild2, top=Surprise 0.26, tension=0.240) - 사람 검수 전"
KIhpjwf5uAA.000,KIhpjwf5uAA.000.mp4,KIhpjwf5uAA,,,0.7157,"EMO-AffectNet pseudo-label (teacher=Aff-Wild2, top=Surprise 0.30, tension=0.284) - 사람 검수 전"
KIhpjwf5uAA.001,KIhpjwf5uAA.001.mp4,KIhpjwf5uAA,,,0.6902,"EMO-AffectNet pseudo-label (teacher=Aff-Wild2, top=Surprise 0.23, tension=0.310) - 사람 검수 전"
KIhpjwf5uAA.002,KIhpjwf5uAA.002.mp4,KIhpjwf5uAA,,,0.6946,"EMO-AffectNet pseudo-label (teacher=Aff-Wild2, top=Anger 0.26, tension=0.305) - 사람 검수 전"
KIhpjwf5uAA.003,KIhpjwf5uAA.003.mp4,KIhpjwf5uAA,,,0.6824,"EMO-AffectNet pseudo-label (teacher=Aff-Wild2, top=Neutral 0.23, tension=0.318) - 사람 검수 전"
KJ643kfjqLY.001,KJ643kfjqLY.001.mp4,KJ643kfjqLY,,,0.7774,"EMO-AffectNet pseudo-label (teacher=Aff-Wild2, top=Neutral 0.24, tension=0.223) - 사람 검수 전"
KJ643kfjqLY.002,KJ643kfjqLY.002.mp4,KJ643kfjqLY,,,0.8133,"EMO-AffectNet pseudo-label (teacher=Aff-Wild2, top=Neutral 0.31, tension=0.187) - 사람 검수 전"
KJ643kfjqLY.003,KJ643kfjqLY.003.mp4,KJ643kfjqLY,,,0.8335,"EMO-AffectNet pseudo-label (teacher=Aff-Wild2, top=Happiness 0.36, tension=0.166) - 사람 검수 전"
KJP4SKS2vtY.000,KJP4SKS2vtY.000.mp4,KJP4SKS2vtY,,,0.7128,"EMO-AffectNet pseudo-label (teacher=Aff-Wild2, top=Neutral 0.22, tension=0.287) - 사람 검수 전"
KJP4SKS2vtY.003,KJP4SKS2vtY.003.mp4,KJP4SKS2vtY,,,0.7456,"EMO-AffectNet pseudo-label (teacher=Aff-Wild2, top=Happiness 0.26, tension=0.254) - 사람 검수 전"
KLY518hfGhU.000,KLY518hfGhU.000.mp4,KLY518hfGhU,,,0.9171,"EMO-AffectNet pseudo-label (teacher=Aff-Wild2, top=Happiness 0.71, tension=0.083) - 사람 검수 전"
KLY518hfGhU.001,KLY518hfGhU.001.mp4,KLY518hfGhU,,,0.8733,"EMO-AffectNet pseudo-label (teacher=Aff-Wild2, top=Happiness 0.53, tension=0.127) - 사람 검수 전"
KLY518hfGhU.004,KLY518hfGhU.004.mp4,KLY518hfGhU,,,0.9136,"EMO-AffectNet pseudo-label (teacher=Aff-Wild2, top=Happiness 0.72, tension=0.086) - 사람 검수 전"
KLY518hfGhU.005,KLY518hfGhU.005.mp4,KLY518hfGhU,,,0.8979,"EMO-AffectNet pseudo-label (teacher=Aff-Wild2, top=Happiness 0.65, tension=0.102) - 사람 검수 전"
KM6Nc_VipyQ.001,KM6Nc_VipyQ.001.mp4,KM6Nc_VipyQ,,,0.6871,"EMO-AffectNet pseudo-label (teacher=Aff-Wild2, top=Sadness 0.23, tension=0.313) - 사람 검수 전"
KM6Nc_VipyQ.005,KM6Nc_VipyQ.005.mp4,KM6Nc_VipyQ,,,0.677,"EMO-AffectNet pseudo-label (teacher=Aff-Wild2, top=Happiness 0.20, tension=0.323) - 사람 검수 전"
KNOHhnRMpSw.000,KNOHhnRMpSw.000.mp4,KNOHhnRMpSw,,,0.7587,"EMO-AffectNet pseudo-label (teacher=Aff-Wild2, top=Happiness 0.26, tension=0.241) - 사람 검수 전"
KNOHhnRMpSw.001,KNOHhnRMpSw.001.mp4,KNOHhnRMpSw,,,0.747,"EMO-AffectNet pseudo-label (teacher=Aff-Wild2, top=Neutral 0.24, tension=0.253) - 사람 검수 전"
KNOHhnRMpSw.002,KNOHhnRMpSw.002.mp4,KNOHhnRMpSw,,,0.7551,"EMO-AffectNet pseudo-label (teacher=Aff-Wild2, top=Neutral 0.31, tension=0.245) - 사람 검수 전"
KNOHhnRMpSw.003,KNOHhnRMpSw.003.mp4,KNOHhnRMpSw,,,0.7801,"EMO-AffectNet pseudo-label (teacher=Aff-Wild2, top=Happiness 0.28, tension=0.220) - 사람 검수 전"
KNOHhnRMpSw.005,KNOHhnRMpSw.005.mp4,KNOHhnRMpSw,,,0.8232,"EMO-AffectNet pseudo-label (teacher=Aff-Wild2, top=Happiness 0.42, tension=0.177) - 사람 검수 전"
KO7ZGXwPu-Y.000,KO7ZGXwPu-Y.000.mp4,KO7ZGXwPu-Y,,,0.7051,"EMO-AffectNet pseudo-label (teacher=Aff-Wild2, top=Neutral 0.25, tension=0.295) - 사람 검수 전"
KO7ZGXwPu-Y.002,KO7ZGXwPu-Y.002.mp4,KO7ZGXwPu-Y,,,0.7537,"EMO-AffectNet pseudo-label (teacher=Aff-Wild2, top=Neutral 0.26, tension=0.246) - 사람 검수 전"
KRo-x2uoHUg.003,KRo-x2uoHUg.003.mp4,KRo-x2uoHUg,,,0.6913,"EMO-AffectNet pseudo-label (teacher=Aff-Wild2, top=Neutral 0.24, tension=0.309) - 사람 검수 전"
KTdbKiGFzJY.000,KTdbKiGFzJY.000.mp4,KTdbKiGFzJY,,,0.7351,"EMO-AffectNet pseudo-label (teacher=Aff-Wild2, top=Neutral 0.43, tension=0.265) - 사람 검수 전"
KTdbKiGFzJY.003,KTdbKiGFzJY.003.mp4,KTdbKiGFzJY,,,0.7002,"EMO-AffectNet pseudo-label (teacher=Aff-Wild2, top=Neutral 0.38, tension=0.300) - 사람 검수 전"
KVepk_9iPEU.002,KVepk_9iPEU.002.mp4,KVepk_9iPEU,,,0.7739,"EMO-AffectNet pseudo-label (teacher=Aff-Wild2, top=Neutral 0.32, tension=0.226) - 사람 검수 전"
KXUERmhPyr8.002,KXUERmhPyr8.002.mp4,KXUERmhPyr8,,,0.7511,"EMO-AffectNet pseudo-label (teacher=Aff-Wild2, top=Neutral 0.32, tension=0.249) - 사람 검수 전"
KXUERmhPyr8.004,KXUERmhPyr8.004.mp4,KXUERmhPyr8,,,0.7325,"EMO-AffectNet pseudo-label (teacher=Aff-Wild2, top=Neutral 0.29, tension=0.267) - 사람 검수 전"
KXUERmhPyr8.005,KXUERmhPyr8.005.mp4,KXUERmhPyr8,,,0.7418,"EMO-AffectNet pseudo-label (teacher=Aff-Wild2, top=Neutral 0.35, tension=0.258) - 사람 검수 전"
KYkfjIZEScM.005,KYkfjIZEScM.005.mp4,KYkfjIZEScM,,,0.5847,"EMO-AffectNet pseudo-label (teacher=Aff-Wild2, top=Fear 0.39, tension=0.415) - 사람 검수 전"
KYvMsMLNGvY.005,KYvMsMLNGvY.005.mp4,KYvMsMLNGvY,,,0.6768,"EMO-AffectNet pseudo-label (teacher=Aff-Wild2, top=Fear 0.25, tension=0.323) - 사람 검수 전"
KYvbRwTCtaU.000,KYvbRwTCtaU.000.mp4,KYvbRwTCtaU,,,0.7088,"EMO-AffectNet pseudo-label (teacher=Aff-Wild2, top=Neutral 0.29, tension=0.291) - 사람 검수 전"
KYvbRwTCtaU.001,KYvbRwTCtaU.001.mp4,KYvbRwTCtaU,,,0.8735,"EMO-AffectNet pseudo-label (teacher=Aff-Wild2, top=Happiness 0.59, tension=0.126) - 사람 검수 전"
KYvbRwTCtaU.002,KYvbRwTCtaU.002.mp4,KYvbRwTCtaU,,,0.6984,"EMO-AffectNet pseudo-label (teacher=Aff-Wild2, top=Neutral 0.23, tension=0.302) - 사람 검수 전"
KYvbRwTCtaU.003,KYvbRwTCtaU.003.mp4,KYvbRwTCtaU,,,0.7108,"EMO-AffectNet pseudo-label (teacher=Aff-Wild2, top=Happiness 0.22, tension=0.289) - 사람 검수 전"
KYvbRwTCtaU.005,KYvbRwTCtaU.005.mp4,KYvbRwTCtaU,,,0.6964,"EMO-AffectNet pseudo-label (teacher=Aff-Wild2, top=Surprise 0.20, tension=0.304) - 사람 검수 전"
KahSwziq8F0.000,KahSwziq8F0.000.mp4,KahSwziq8F0,,,0.8879,"EMO-AffectNet pseudo-label (teacher=Aff-Wild2, top=Happiness 0.63, tension=0.112) - 사람 검수 전"
KahSwziq8F0.001,KahSwziq8F0.001.mp4,KahSwziq8F0,,,0.8272,"EMO-AffectNet pseudo-label (teacher=Aff-Wild2, top=Happiness 0.45, tension=0.173) - 사람 검수 전"
KahSwziq8F0.002,KahSwziq8F0.002.mp4,KahSwziq8F0,,,0.8198,"EMO-AffectNet pseudo-label (teacher=Aff-Wild2, top=Happiness 0.49, tension=0.180) - 사람 검수 전"
KahSwziq8F0.003,KahSwziq8F0.003.mp4,KahSwziq8F0,,,0.8282,"EMO-AffectNet pseudo-label (teacher=Aff-Wild2, top=Happiness 0.46, tension=0.172) - 사람 검수 전"
KahSwziq8F0.004,KahSwziq8F0.004.mp4,KahSwziq8F0,,,0.8509,"EMO-AffectNet pseudo-label (teacher=Aff-Wild2, top=Happiness 0.52, tension=0.149) - 사람 검수 전"
Kbcvurfuvhk.000,Kbcvurfuvhk.000.mp4,Kbcvurfuvhk,,,0.7304,"EMO-AffectNet pseudo-label (teacher=Aff-Wild2, top=Neutral 0.31, tension=0.270) - 사람 검수 전"
Kbcvurfuvhk.002,Kbcvurfuvhk.002.mp4,Kbcvurfuvhk,,,0.6513,"EMO-AffectNet pseudo-label (teacher=Aff-Wild2, top=Neutral 0.25, tension=0.349) - 사람 검수 전"
Kbcvurfuvhk.004,Kbcvurfuvhk.004.mp4,Kbcvurfuvhk,,,0.6872,"EMO-AffectNet pseudo-label (teacher=Aff-Wild2, top=Neutral 0.33, tension=0.313) - 사람 검수 전"
KdMiQUWNByk.001,KdMiQUWNByk.001.mp4,KdMiQUWNByk,,,0.7117,"EMO-AffectNet pseudo-label (teacher=Aff-Wild2, top=Surprise 0.40, tension=0.288) - 사람 검수 전"
KfurkMyjD-c.001,KfurkMyjD-c.001.mp4,KfurkMyjD-c,,,0.6844,"EMO-AffectNet pseudo-label (teacher=Aff-Wild2, top=Neutral 0.23, tension=0.316) - 사람 검수 전"
KfurkMyjD-c.002,KfurkMyjD-c.002.mp4,KfurkMyjD-c,,,0.6915,"EMO-AffectNet pseudo-label (teacher=Aff-Wild2, top=Neutral 0.24, tension=0.308) - 사람 검수 전"
KfurkMyjD-c.003,KfurkMyjD-c.003.mp4,KfurkMyjD-c,,,0.712,"EMO-AffectNet pseudo-label (teacher=Aff-Wild2, top=Neutral 0.25, tension=0.288) - 사람 검수 전"
KfurkMyjD-c.004,KfurkMyjD-c.004.mp4,KfurkMyjD-c,,,0.7104,"EMO-AffectNet pseudo-label (teacher=Aff-Wild2, top=Neutral 0.26, tension=0.290) - 사람 검수 전"
Kga18VO9VwY.000,Kga18VO9VwY.000.mp4,Kga18VO9VwY,,,0.67,"EMO-AffectNet pseudo-label (teacher=Aff-Wild2, top=Fear 0.19, tension=0.330) - 사람 검수 전"
Kga18VO9VwY.002,Kga18VO9VwY.002.mp4,Kga18VO9VwY,,,0.6759,"EMO-AffectNet pseudo-label (teacher=Aff-Wild2, top=Neutral 0.23, tension=0.324) - 사람 검수 전"
KhMsmtSC5Lg.000,KhMsmtSC5Lg.000.mp4,KhMsmtSC5Lg,,,0.7999,"EMO-AffectNet pseudo-label (teacher=Aff-Wild2, top=Neutral 0.27, tension=0.200) - 사람 검수 전"
KhMsmtSC5Lg.001,KhMsmtSC5Lg.001.mp4,KhMsmtSC5Lg,,,0.8797,"EMO-AffectNet pseudo-label (teacher=Aff-Wild2, top=Happiness 0.54, tension=0.120) - 사람 검수 전"
KhMsmtSC5Lg.005,KhMsmtSC5Lg.005.mp4,KhMsmtSC5Lg,,,0.7841,"EMO-AffectNet pseudo-label (teacher=Aff-Wild2, top=Neutral 0.33, tension=0.216) - 사람 검수 전"
KiM9P_FJVHg.004,KiM9P_FJVHg.004.mp4,KiM9P_FJVHg,,,0.8562,"EMO-AffectNet pseudo-label (teacher=Aff-Wild2, top=Happiness 0.50, tension=0.144) - 사람 검수 전"
KiM9P_FJVHg.005,KiM9P_FJVHg.005.mp4,KiM9P_FJVHg,,,0.7951,"EMO-AffectNet pseudo-label (teacher=Aff-Wild2, top=Happiness 0.34, tension=0.205) - 사람 검수 전"
KmHe8urs3LI.002,KmHe8urs3LI.002.mp4,KmHe8urs3LI,,,0.6403,"EMO-AffectNet pseudo-label (teacher=Aff-Wild2, top=Neutral 0.25, tension=0.360) - 사람 검수 전"
KmHe8urs3LI.003,KmHe8urs3LI.003.mp4,KmHe8urs3LI,,,0.6497,"EMO-AffectNet pseudo-label (teacher=Aff-Wild2, top=Fear 0.26, tension=0.350) - 사람 검수 전"
KmHe8urs3LI.005,KmHe8urs3LI.005.mp4,KmHe8urs3LI,,,0.6054,"EMO-AffectNet pseudo-label (teacher=Aff-Wild2, top=Sadness 0.29, tension=0.395) - 사람 검수 전"
Kmrd1MsZKmQ.000,Kmrd1MsZKmQ.000.mp4,Kmrd1MsZKmQ,,,0.7264,"EMO-AffectNet pseudo-label (teacher=Aff-Wild2, top=Happiness 0.27, tension=0.274) - 사람 검수 전"
Kmrd1MsZKmQ.001,Kmrd1MsZKmQ.001.mp4,Kmrd1MsZKmQ,,,0.6686,"EMO-AffectNet pseudo-label (teacher=Aff-Wild2, top=Disgust 0.23, tension=0.331) - 사람 검수 전"
Kmrd1MsZKmQ.002,Kmrd1MsZKmQ.002.mp4,Kmrd1MsZKmQ,,,0.631,"EMO-AffectNet pseudo-label (teacher=Aff-Wild2, top=Disgust 0.32, tension=0.369) - 사람 검수 전"
Kmrd1MsZKmQ.003,Kmrd1MsZKmQ.003.mp4,Kmrd1MsZKmQ,,,0.6857,"EMO-AffectNet pseudo-label (teacher=Aff-Wild2, top=Neutral 0.16, tension=0.314) - 사람 검수 전"
KnbEca4Ibwk.000,KnbEca4Ibwk.000.mp4,KnbEca4Ibwk,,,0.6284,"EMO-AffectNet pseudo-label (teacher=Aff-Wild2, top=Fear 0.27, tension=0.372) - 사람 검수 전"
KnbEca4Ibwk.002,KnbEca4Ibwk.002.mp4,KnbEca4Ibwk,,,0.6339,"EMO-AffectNet pseudo-label (teacher=Aff-Wild2, top=Fear 0.25, tension=0.366) - 사람 검수 전"
KnbEca4Ibwk.005,KnbEca4Ibwk.005.mp4,KnbEca4Ibwk,,,0.6475,"EMO-AffectNet pseudo-label (teacher=Aff-Wild2, top=Fear 0.27, tension=0.353) - 사람 검수 전"
KpTHRBaYny8.001,KpTHRBaYny8.001.mp4,KpTHRBaYny8,,,0.759,"EMO-AffectNet pseudo-label (teacher=Aff-Wild2, top=Neutral 0.43, tension=0.241) - 사람 검수 전"
KpTHRBaYny8.005,KpTHRBaYny8.005.mp4,KpTHRBaYny8,,,0.7562,"EMO-AffectNet pseudo-label (teacher=Aff-Wild2, top=Neutral 0.30, tension=0.244) - 사람 검수 전"
KppCIwj0hC4.000,KppCIwj0hC4.000.mp4,KppCIwj0hC4,,,0.6933,"EMO-AffectNet pseudo-label (teacher=Aff-Wild2, top=Neutral 0.31, tension=0.307) - 사람 검수 전"
KppCIwj0hC4.002,KppCIwj0hC4.002.mp4,KppCIwj0hC4,,,0.7829,"EMO-AffectNet pseudo-label (teacher=Aff-Wild2, top=Neutral 0.32, tension=0.217) - 사람 검수 전"
KppCIwj0hC4.004,KppCIwj0hC4.004.mp4,KppCIwj0hC4,,,0.716,"EMO-AffectNet pseudo-label (teacher=Aff-Wild2, top=Neutral 0.32, tension=0.284) - 사람 검수 전"
Kpto8K_B-5A.002,Kpto8K_B-5A.002.mp4,Kpto8K_B-5A,,,0.7223,"EMO-AffectNet pseudo-label (teacher=Aff-Wild2, top=Surprise 0.27, tension=0.278) - 사람 검수 전"
Kpto8K_B-5A.004,Kpto8K_B-5A.004.mp4,Kpto8K_B-5A,,,0.7503,"EMO-AffectNet pseudo-label (teacher=Aff-Wild2, top=Surprise 0.33, tension=0.250) - 사람 검수 전"
Kpto8K_B-5A.005,Kpto8K_B-5A.005.mp4,Kpto8K_B-5A,,,0.7071,"EMO-AffectNet pseudo-label (teacher=Aff-Wild2, top=Anger 0.21, tension=0.293) - 사람 검수 전"
Kq-c6lqGNlo.000,Kq-c6lqGNlo.000.mp4,Kq-c6lqGNlo,,,0.7909,"EMO-AffectNet pseudo-label (teacher=Aff-Wild2, top=Neutral 0.26, tension=0.209) - 사람 검수 전"
Kq-c6lqGNlo.001,Kq-c6lqGNlo.001.mp4,Kq-c6lqGNlo,,,0.8319,"EMO-AffectNet pseudo-label (teacher=Aff-Wild2, top=Happiness 0.36, tension=0.168) - 사람 검수 전"
Kq-c6lqGNlo.002,Kq-c6lqGNlo.002.mp4,Kq-c6lqGNlo,,,0.8259,"EMO-AffectNet pseudo-label (teacher=Aff-Wild2, top=Happiness 0.38, tension=0.174) - 사람 검수 전"
Kq-c6lqGNlo.004,Kq-c6lqGNlo.004.mp4,Kq-c6lqGNlo,,,0.8975,"EMO-AffectNet pseudo-label (teacher=Aff-Wild2, top=Happiness 0.65, tension=0.102) - 사람 검수 전"
Kq-c6lqGNlo.005,Kq-c6lqGNlo.005.mp4,Kq-c6lqGNlo,,,0.8698,"EMO-AffectNet pseudo-label (teacher=Aff-Wild2, top=Happiness 0.53, tension=0.130) - 사람 검수 전"
KsToJAKi7xQ.000,KsToJAKi7xQ.000.mp4,KsToJAKi7xQ,,,0.6721,"EMO-AffectNet pseudo-label (teacher=Aff-Wild2, top=Neutral 0.26, tension=0.328) - 사람 검수 전"
KtY6C83o2rs.004,KtY6C83o2rs.004.mp4,KtY6C83o2rs,,,0.7306,"EMO-AffectNet pseudo-label (teacher=Aff-Wild2, top=Neutral 0.25, tension=0.269) - 사람 검수 전"
KtY6C83o2rs.005,KtY6C83o2rs.005.mp4,KtY6C83o2rs,,,0.7594,"EMO-AffectNet pseudo-label (teacher=Aff-Wild2, top=Neutral 0.33, tension=0.241) - 사람 검수 전"
Kv0kZgqZEM0.003,Kv0kZgqZEM0.003.mp4,Kv0kZgqZEM0,,,0.5989,"EMO-AffectNet pseudo-label (teacher=Aff-Wild2, top=Disgust 0.27, tension=0.401) - 사람 검수 전"
Kv0kZgqZEM0.004,Kv0kZgqZEM0.004.mp4,Kv0kZgqZEM0,,,0.5855,"EMO-AffectNet pseudo-label (teacher=Aff-Wild2, top=Disgust 0.32, tension=0.415) - 사람 검수 전"
L-C1blPD_ec.000,L-C1blPD_ec.000.mp4,L-C1blPD_ec,,,0.6651,"EMO-AffectNet pseudo-label (teacher=Aff-Wild2, top=Sadness 0.27, tension=0.335) - 사람 검수 전"
L-C1blPD_ec.001,L-C1blPD_ec.001.mp4,L-C1blPD_ec,,,0.6034,"EMO-AffectNet pseudo-label (teacher=Aff-Wild2, top=Sadness 0.41, tension=0.397) - 사람 검수 전"
L-C1blPD_ec.004,L-C1blPD_ec.004.mp4,L-C1blPD_ec,,,0.6653,"EMO-AffectNet pseudo-label (teacher=Aff-Wild2, top=Sadness 0.28, tension=0.335) - 사람 검수 전"
L-C1blPD_ec.005,L-C1blPD_ec.005.mp4,L-C1blPD_ec,,,0.6814,"EMO-AffectNet pseudo-label (teacher=Aff-Wild2, top=Sadness 0.34, tension=0.319) - 사람 검수 전"
L-rmZZP_wj8.003,L-rmZZP_wj8.003.mp4,L-rmZZP_wj8,,,0.7256,"EMO-AffectNet pseudo-label (teacher=Aff-Wild2, top=Neutral 0.26, tension=0.274) - 사람 검수 전"
L-rmZZP_wj8.004,L-rmZZP_wj8.004.mp4,L-rmZZP_wj8,,,0.7961,"EMO-AffectNet pseudo-label (teacher=Aff-Wild2, top=Happiness 0.30, tension=0.204) - 사람 검수 전"
L4Jlm0vGsvc.000,L4Jlm0vGsvc.000.mp4,L4Jlm0vGsvc,,,0.821,"EMO-AffectNet pseudo-label (teacher=Aff-Wild2, top=Happiness 0.31, tension=0.179) - 사람 검수 전"
L4Jlm0vGsvc.002,L4Jlm0vGsvc.002.mp4,L4Jlm0vGsvc,,,0.789,"EMO-AffectNet pseudo-label (teacher=Aff-Wild2, top=Neutral 0.33, tension=0.211) - 사람 검수 전"
L4Jlm0vGsvc.004,L4Jlm0vGsvc.004.mp4,L4Jlm0vGsvc,,,0.803,"EMO-AffectNet pseudo-label (teacher=Aff-Wild2, top=Neutral 0.34, tension=0.197) - 사람 검수 전"
L5PkZA1ErYY.002,L5PkZA1ErYY.002.mp4,L5PkZA1ErYY,,,0.7307,"EMO-AffectNet pseudo-label (teacher=Aff-Wild2, top=Surprise 0.36, tension=0.269) - 사람 검수 전"
L5PkZA1ErYY.005,L5PkZA1ErYY.005.mp4,L5PkZA1ErYY,,,0.7797,"EMO-AffectNet pseudo-label (teacher=Aff-Wild2, top=Surprise 0.38, tension=0.220) - 사람 검수 전"
L5kpy0SA7os.000,L5kpy0SA7os.000.mp4,L5kpy0SA7os,,,0.7243,"EMO-AffectNet pseudo-label (teacher=Aff-Wild2, top=Neutral 0.33, tension=0.276) - 사람 검수 전"
L5kpy0SA7os.003,L5kpy0SA7os.003.mp4,L5kpy0SA7os,,,0.7093,"EMO-AffectNet pseudo-label (teacher=Aff-Wild2, top=Neutral 0.31, tension=0.291) - 사람 검수 전"
L5kpy0SA7os.005,L5kpy0SA7os.005.mp4,L5kpy0SA7os,,,0.7708,"EMO-AffectNet pseudo-label (teacher=Aff-Wild2, top=Neutral 0.28, tension=0.229) - 사람 검수 전"
L7HDCG2PsII.001,L7HDCG2PsII.001.mp4,L7HDCG2PsII,,,0.6268,"EMO-AffectNet pseudo-label (teacher=Aff-Wild2, top=Sadness 0.44, tension=0.373) - 사람 검수 전"
L7HDCG2PsII.003,L7HDCG2PsII.003.mp4,L7HDCG2PsII,,,0.608,"EMO-AffectNet pseudo-label (teacher=Aff-Wild2, top=Sadness 0.45, tension=0.392) - 사람 검수 전"
L9sG80PI1Gw.003,L9sG80PI1Gw.003.mp4,L9sG80PI1Gw,,,0.8162,"EMO-AffectNet pseudo-label (teacher=Aff-Wild2, top=Happiness 0.39, tension=0.184) - 사람 검수 전"
LBKbubsgpE8.001,LBKbubsgpE8.001.mp4,LBKbubsgpE8,,,0.7602,"EMO-AffectNet pseudo-label (teacher=Aff-Wild2, top=Surprise 0.31, tension=0.240) - 사람 검수 전"
LBKbubsgpE8.003,LBKbubsgpE8.003.mp4,LBKbubsgpE8,,,0.759,"EMO-AffectNet pseudo-label (teacher=Aff-Wild2, top=Surprise 0.34, tension=0.241) - 사람 검수 전"
LBrmHHzyIiY.000,LBrmHHzyIiY.000.mp4,LBrmHHzyIiY,,,0.7771,"EMO-AffectNet pseudo-label (teacher=Aff-Wild2, top=Happiness 0.27, tension=0.223) - 사람 검수 전"
LBrmHHzyIiY.001,LBrmHHzyIiY.001.mp4,LBrmHHzyIiY,,,0.7612,"EMO-AffectNet pseudo-label (teacher=Aff-Wild2, top=Neutral 0.23, tension=0.239) - 사람 검수 전"
LBrmHHzyIiY.002,LBrmHHzyIiY.002.mp4,LBrmHHzyIiY,,,0.7804,"EMO-AffectNet pseudo-label (teacher=Aff-Wild2, top=Happiness 0.25, tension=0.220) - 사람 검수 전"
LBrmHHzyIiY.003,LBrmHHzyIiY.003.mp4,LBrmHHzyIiY,,,0.7621,"EMO-AffectNet pseudo-label (teacher=Aff-Wild2, top=Surprise 0.24, tension=0.238) - 사람 검수 전"
LCafv-LfC3Y.000,LCafv-LfC3Y.000.mp4,LCafv-LfC3Y,,,0.7561,"EMO-AffectNet pseudo-label (teacher=Aff-Wild2, top=Neutral 0.37, tension=0.244) - 사람 검수 전"
LCafv-LfC3Y.001,LCafv-LfC3Y.001.mp4,LCafv-LfC3Y,,,0.8061,"EMO-AffectNet pseudo-label (teacher=Aff-Wild2, top=Neutral 0.37, tension=0.194) - 사람 검수 전"
LCafv-LfC3Y.003,LCafv-LfC3Y.003.mp4,LCafv-LfC3Y,,,0.8541,"EMO-AffectNet pseudo-label (teacher=Aff-Wild2, top=Happiness 0.51, tension=0.146) - 사람 검수 전"
LCafv-LfC3Y.004,LCafv-LfC3Y.004.mp4,LCafv-LfC3Y,,,0.7928,"EMO-AffectNet pseudo-label (teacher=Aff-Wild2, top=Neutral 0.43, tension=0.207) - 사람 검수 전"
LGPm8ok6kVo.001,LGPm8ok6kVo.001.mp4,LGPm8ok6kVo,,,0.6248,"EMO-AffectNet pseudo-label (teacher=Aff-Wild2, top=Disgust 0.31, tension=0.375) - 사람 검수 전"
LGdzP-r_G3U.001,LGdzP-r_G3U.001.mp4,LGdzP-r_G3U,,,0.8226,"EMO-AffectNet pseudo-label (teacher=Aff-Wild2, top=Happiness 0.43, tension=0.177) - 사람 검수 전"
LGdzP-r_G3U.004,LGdzP-r_G3U.004.mp4,LGdzP-r_G3U,,,0.8497,"EMO-AffectNet pseudo-label (teacher=Aff-Wild2, top=Happiness 0.49, tension=0.150) - 사람 검수 전"
LGdzP-r_G3U.005,LGdzP-r_G3U.005.mp4,LGdzP-r_G3U,,,0.6994,"EMO-AffectNet pseudo-label (teacher=Aff-Wild2, top=Surprise 0.26, tension=0.301) - 사람 검수 전"
LGgx7RVdL2Y.000,LGgx7RVdL2Y.000.mp4,LGgx7RVdL2Y,,,0.6273,"EMO-AffectNet pseudo-label (teacher=Aff-Wild2, top=Disgust 0.24, tension=0.373) - 사람 검수 전"
LGgx7RVdL2Y.002,LGgx7RVdL2Y.002.mp4,LGgx7RVdL2Y,,,0.7811,"EMO-AffectNet pseudo-label (teacher=Aff-Wild2, top=Happiness 0.31, tension=0.219) - 사람 검수 전"
LGgx7RVdL2Y.004,LGgx7RVdL2Y.004.mp4,LGgx7RVdL2Y,,,0.6553,"EMO-AffectNet pseudo-label (teacher=Aff-Wild2, top=Anger 0.20, tension=0.345) - 사람 검수 전"
LGgx7RVdL2Y.005,LGgx7RVdL2Y.005.mp4,LGgx7RVdL2Y,,,0.6678,"EMO-AffectNet pseudo-label (teacher=Aff-Wild2, top=Anger 0.19, tension=0.332) - 사람 검수 전"
LHV4HNK35pM.001,LHV4HNK35pM.001.mp4,LHV4HNK35pM,,,0.7716,"EMO-AffectNet pseudo-label (teacher=Aff-Wild2, top=Neutral 0.29, tension=0.228) - 사람 검수 전"
LHV4HNK35pM.005,LHV4HNK35pM.005.mp4,LHV4HNK35pM,,,0.8029,"EMO-AffectNet pseudo-label (teacher=Aff-Wild2, top=Happiness 0.35, tension=0.197) - 사람 검수 전"
LKBoLbWHJYI.002,LKBoLbWHJYI.002.mp4,LKBoLbWHJYI,,,0.7237,"EMO-AffectNet pseudo-label (teacher=Aff-Wild2, top=Neutral 0.19, tension=0.276) - 사람 검수 전"
LKBoLbWHJYI.003,LKBoLbWHJYI.003.mp4,LKBoLbWHJYI,,,0.7026,"EMO-AffectNet pseudo-label (teacher=Aff-Wild2, top=Anger 0.24, tension=0.297) - 사람 검수 전"
LKc69Et2Jg8.004,LKc69Et2Jg8.004.mp4,LKc69Et2Jg8,,,0.7975,"EMO-AffectNet pseudo-label (teacher=Aff-Wild2, top=Happiness 0.36, tension=0.203) - 사람 검수 전"
LKqN07ryM5I.001,LKqN07ryM5I.001.mp4,LKqN07ryM5I,,,0.7654,"EMO-AffectNet pseudo-label (teacher=Aff-Wild2, top=Surprise 0.29, tension=0.235) - 사람 검수 전"
LKqN07ryM5I.004,LKqN07ryM5I.004.mp4,LKqN07ryM5I,,,0.8368,"EMO-AffectNet pseudo-label (teacher=Aff-Wild2, top=Happiness 0.45, tension=0.163) - 사람 검수 전"
LKqO2BhfAvM.002,LKqO2BhfAvM.002.mp4,LKqO2BhfAvM,,,0.6885,"EMO-AffectNet pseudo-label (teacher=Aff-Wild2, top=Neutral 0.28, tension=0.312) - 사람 검수 전"
LKvxVEI8uVA.001,LKvxVEI8uVA.001.mp4,LKvxVEI8uVA,,,0.6556,"EMO-AffectNet pseudo-label (teacher=Aff-Wild2, top=Sadness 0.39, tension=0.344) - 사람 검수 전"
LKvxVEI8uVA.004,LKvxVEI8uVA.004.mp4,LKvxVEI8uVA,,,0.6558,"EMO-AffectNet pseudo-label (teacher=Aff-Wild2, top=Sadness 0.39, tension=0.344) - 사람 검수 전"
LLP-oZfo8oE.002,LLP-oZfo8oE.002.mp4,LLP-oZfo8oE,,,0.6122,"EMO-AffectNet pseudo-label (teacher=Aff-Wild2, top=Fear 0.26, tension=0.388) - 사람 검수 전"
LLP-oZfo8oE.003,LLP-oZfo8oE.003.mp4,LLP-oZfo8oE,,,0.6576,"EMO-AffectNet pseudo-label (teacher=Aff-Wild2, top=Surprise 0.24, tension=0.342) - 사람 검수 전"
LLP-oZfo8oE.004,LLP-oZfo8oE.004.mp4,LLP-oZfo8oE,,,0.6141,"EMO-AffectNet pseudo-label (teacher=Aff-Wild2, top=Fear 0.22, tension=0.386) - 사람 검수 전"
LLP-oZfo8oE.005,LLP-oZfo8oE.005.mp4,LLP-oZfo8oE,,,0.6522,"EMO-AffectNet pseudo-label (teacher=Aff-Wild2, top=Surprise 0.26, tension=0.348) - 사람 검수 전"
LNM1i-a9q_A.002,LNM1i-a9q_A.002.mp4,LNM1i-a9q_A,,,0.7438,"EMO-AffectNet pseudo-label (teacher=Aff-Wild2, top=Neutral 0.22, tension=0.256) - 사람 검수 전"
LNM1i-a9q_A.004,LNM1i-a9q_A.004.mp4,LNM1i-a9q_A,,,0.6956,"EMO-AffectNet pseudo-label (teacher=Aff-Wild2, top=Anger 0.26, tension=0.304) - 사람 검수 전"
LNiiKncirQA.000,LNiiKncirQA.000.mp4,LNiiKncirQA,,,0.6666,"EMO-AffectNet pseudo-label (teacher=Aff-Wild2, top=Surprise 0.20, tension=0.333) - 사람 검수 전"
LP5N5uPfTdA.004,LP5N5uPfTdA.004.mp4,LP5N5uPfTdA,,,0.6646,"EMO-AffectNet pseudo-label (teacher=Aff-Wild2, top=Anger 0.18, tension=0.335) - 사람 검수 전"
LP5N5uPfTdA.005,LP5N5uPfTdA.005.mp4,LP5N5uPfTdA,,,0.7083,"EMO-AffectNet pseudo-label (teacher=Aff-Wild2, top=Anger 0.23, tension=0.292) - 사람 검수 전"
LRU4jLhKaak.003,LRU4jLhKaak.003.mp4,LRU4jLhKaak,,,0.649,"EMO-AffectNet pseudo-label (teacher=Aff-Wild2, top=Sadness 0.31, tension=0.351) - 사람 검수 전"
LRczShwIVbM.004,LRczShwIVbM.004.mp4,LRczShwIVbM,,,0.7917,"EMO-AffectNet pseudo-label (teacher=Aff-Wild2, top=Happiness 0.28, tension=0.208) - 사람 검수 전"
LRczShwIVbM.005,LRczShwIVbM.005.mp4,LRczShwIVbM,,,0.9155,"EMO-AffectNet pseudo-label (teacher=Aff-Wild2, top=Happiness 0.73, tension=0.085) - 사람 검수 전"
LSqijVxP0EM.000,LSqijVxP0EM.000.mp4,LSqijVxP0EM,,,0.7585,"EMO-AffectNet pseudo-label (teacher=Aff-Wild2, top=Neutral 0.34, tension=0.241) - 사람 검수 전"
LSqijVxP0EM.001,LSqijVxP0EM.001.mp4,LSqijVxP0EM,,,0.7885,"EMO-AffectNet pseudo-label (teacher=Aff-Wild2, top=Happiness 0.28, tension=0.212) - 사람 검수 전"
LSqijVxP0EM.002,LSqijVxP0EM.002.mp4,LSqijVxP0EM,,,0.8116,"EMO-AffectNet pseudo-label (teacher=Aff-Wild2, top=Happiness 0.32, tension=0.188) - 사람 검수 전"
LSqijVxP0EM.004,LSqijVxP0EM.004.mp4,LSqijVxP0EM,,,0.7935,"EMO-AffectNet pseudo-label (teacher=Aff-Wild2, top=Neutral 0.28, tension=0.207) - 사람 검수 전"
LWO2ZhalAEY.004,LWO2ZhalAEY.004.mp4,LWO2ZhalAEY,,,0.7953,"EMO-AffectNet pseudo-label (teacher=Aff-Wild2, top=Happiness 0.36, tension=0.205) - 사람 검수 전"
LWO2ZhalAEY.005,LWO2ZhalAEY.005.mp4,LWO2ZhalAEY,,,0.7307,"EMO-AffectNet pseudo-label (teacher=Aff-Wild2, top=Neutral 0.35, tension=0.269) - 사람 검수 전"
LWylAwr9kJI.001,LWylAwr9kJI.001.mp4,LWylAwr9kJI,,,0.8057,"EMO-AffectNet pseudo-label (teacher=Aff-Wild2, top=Happiness 0.35, tension=0.194) - 사람 검수 전"
LWylAwr9kJI.002,LWylAwr9kJI.002.mp4,LWylAwr9kJI,,,0.7495,"EMO-AffectNet pseudo-label (teacher=Aff-Wild2, top=Neutral 0.25, tension=0.251) - 사람 검수 전"
LWylAwr9kJI.004,LWylAwr9kJI.004.mp4,LWylAwr9kJI,,,0.735,"EMO-AffectNet pseudo-label (teacher=Aff-Wild2, top=Neutral 0.36, tension=0.265) - 사람 검수 전"
LXmwDq89LdA.000,LXmwDq89LdA.000.mp4,LXmwDq89LdA,,,0.7713,"EMO-AffectNet pseudo-label (teacher=Aff-Wild2, top=Neutral 0.29, tension=0.229) - 사람 검수 전"
LXmwDq89LdA.002,LXmwDq89LdA.002.mp4,LXmwDq89LdA,,,0.76,"EMO-AffectNet pseudo-label (teacher=Aff-Wild2, top=Neutral 0.30, tension=0.240) - 사람 검수 전"
LXmwDq89LdA.005,LXmwDq89LdA.005.mp4,LXmwDq89LdA,,,0.7743,"EMO-AffectNet pseudo-label (teacher=Aff-Wild2, top=Neutral 0.30, tension=0.226) - 사람 검수 전"
L_gmlaz-0s4.001,L_gmlaz-0s4.001.mp4,L_gmlaz-0s4,,,0.627,"EMO-AffectNet pseudo-label (teacher=Aff-Wild2, top=Sadness 0.25, tension=0.373) - 사람 검수 전"
L_gmlaz-0s4.003,L_gmlaz-0s4.003.mp4,L_gmlaz-0s4,,,0.6605,"EMO-AffectNet pseudo-label (teacher=Aff-Wild2, top=Sadness 0.29, tension=0.339) - 사람 검수 전"
L_gmlaz-0s4.005,L_gmlaz-0s4.005.mp4,L_gmlaz-0s4,,,0.7053,"EMO-AffectNet pseudo-label (teacher=Aff-Wild2, top=Happiness 0.24, tension=0.295) - 사람 검수 전"
LaxnVuOM6kE.002,LaxnVuOM6kE.002.mp4,LaxnVuOM6kE,,,0.7527,"EMO-AffectNet pseudo-label (teacher=Aff-Wild2, top=Neutral 0.38, tension=0.247) - 사람 검수 전"
LeQKH1vAVpg.001,LeQKH1vAVpg.001.mp4,LeQKH1vAVpg,,,0.7751,"EMO-AffectNet pseudo-label (teacher=Aff-Wild2, top=Happiness 0.38, tension=0.225) - 사람 검수 전"
LeQKH1vAVpg.003,LeQKH1vAVpg.003.mp4,LeQKH1vAVpg,,,0.7303,"EMO-AffectNet pseudo-label (teacher=Aff-Wild2, top=Surprise 0.23, tension=0.270) - 사람 검수 전"
LeQKH1vAVpg.004,LeQKH1vAVpg.004.mp4,LeQKH1vAVpg,,,0.6716,"EMO-AffectNet pseudo-label (teacher=Aff-Wild2, top=Anger 0.21, tension=0.328) - 사람 검수 전"
LeQKH1vAVpg.005,LeQKH1vAVpg.005.mp4,LeQKH1vAVpg,,,0.7516,"EMO-AffectNet pseudo-label (teacher=Aff-Wild2, top=Happiness 0.32, tension=0.248) - 사람 검수 전"
LeuT6NgJ6N8.004,LeuT6NgJ6N8.004.mp4,LeuT6NgJ6N8,,,0.7398,"EMO-AffectNet pseudo-label (teacher=Aff-Wild2, top=Neutral 0.39, tension=0.260) - 사람 검수 전"
LfvTKoMYLEE.004,LfvTKoMYLEE.004.mp4,LfvTKoMYLEE,,,0.7763,"EMO-AffectNet pseudo-label (teacher=Aff-Wild2, top=Happiness 0.24, tension=0.224) - 사람 검수 전"
LglT6Gp5oQg.003,LglT6Gp5oQg.003.mp4,LglT6Gp5oQg,,,0.6929,"EMO-AffectNet pseudo-label (teacher=Aff-Wild2, top=Neutral 0.34, tension=0.307) - 사람 검수 전"
Lj1WuMXFa-4.001,Lj1WuMXFa-4.001.mp4,Lj1WuMXFa-4,,,0.7451,"EMO-AffectNet pseudo-label (teacher=Aff-Wild2, top=Neutral 0.24, tension=0.255) - 사람 검수 전"
Lj1WuMXFa-4.002,Lj1WuMXFa-4.002.mp4,Lj1WuMXFa-4,,,0.7731,"EMO-AffectNet pseudo-label (teacher=Aff-Wild2, top=Neutral 0.46, tension=0.227) - 사람 검수 전"
Lj1WuMXFa-4.004,Lj1WuMXFa-4.004.mp4,Lj1WuMXFa-4,,,0.7018,"EMO-AffectNet pseudo-label (teacher=Aff-Wild2, top=Neutral 0.28, tension=0.298) - 사람 검수 전"
Lk6Ts7y4OPY.000,Lk6Ts7y4OPY.000.mp4,Lk6Ts7y4OPY,,,0.7439,"EMO-AffectNet pseudo-label (teacher=Aff-Wild2, top=Neutral 0.24, tension=0.256) - 사람 검수 전"
LmA23EIaXqg.000,LmA23EIaXqg.000.mp4,LmA23EIaXqg,,,0.6742,"EMO-AffectNet pseudo-label (teacher=Aff-Wild2, top=Anger 0.22, tension=0.326) - 사람 검수 전"
LmA23EIaXqg.001,LmA23EIaXqg.001.mp4,LmA23EIaXqg,,,0.6986,"EMO-AffectNet pseudo-label (teacher=Aff-Wild2, top=Neutral 0.22, tension=0.301) - 사람 검수 전"
LmA23EIaXqg.003,LmA23EIaXqg.003.mp4,LmA23EIaXqg,,,0.6929,"EMO-AffectNet pseudo-label (teacher=Aff-Wild2, top=Neutral 0.22, tension=0.307) - 사람 검수 전"
LmA23EIaXqg.005,LmA23EIaXqg.005.mp4,LmA23EIaXqg,,,0.7415,"EMO-AffectNet pseudo-label (teacher=Aff-Wild2, top=Surprise 0.23, tension=0.258) - 사람 검수 전"
Lq4uvcHNiy8.000,Lq4uvcHNiy8.000.mp4,Lq4uvcHNiy8,,,0.7801,"EMO-AffectNet pseudo-label (teacher=Aff-Wild2, top=Neutral 0.31, tension=0.220) - 사람 검수 전"
Lq4uvcHNiy8.001,Lq4uvcHNiy8.001.mp4,Lq4uvcHNiy8,,,0.783,"EMO-AffectNet pseudo-label (teacher=Aff-Wild2, top=Neutral 0.28, tension=0.217) - 사람 검수 전"
Lq4uvcHNiy8.002,Lq4uvcHNiy8.002.mp4,Lq4uvcHNiy8,,,0.785,"EMO-AffectNet pseudo-label (teacher=Aff-Wild2, top=Neutral 0.31, tension=0.215) - 사람 검수 전"
Lq4uvcHNiy8.003,Lq4uvcHNiy8.003.mp4,Lq4uvcHNiy8,,,0.749,"EMO-AffectNet pseudo-label (teacher=Aff-Wild2, top=Neutral 0.39, tension=0.251) - 사람 검수 전"
LqtBNNM2jIw.004,LqtBNNM2jIw.004.mp4,LqtBNNM2jIw,,,0.8002,"EMO-AffectNet pseudo-label (teacher=Aff-Wild2, top=Happiness 0.29, tension=0.200) - 사람 검수 전"
LsPKxJgefks.003,LsPKxJgefks.003.mp4,LsPKxJgefks,,,0.7024,"EMO-AffectNet pseudo-label (teacher=Aff-Wild2, top=Neutral 0.33, tension=0.298) - 사람 검수 전"
LsPKxJgefks.004,LsPKxJgefks.004.mp4,LsPKxJgefks,,,0.6686,"EMO-AffectNet pseudo-label (teacher=Aff-Wild2, top=Sadness 0.27, tension=0.331) - 사람 검수 전"
LsqAIHhFpLE.002,LsqAIHhFpLE.002.mp4,LsqAIHhFpLE,,,0.7811,"EMO-AffectNet pseudo-label (teacher=Aff-Wild2, top=Happiness 0.30, tension=0.219) - 사람 검수 전"
Lt89YrQHF_w.002,Lt89YrQHF_w.002.mp4,Lt89YrQHF_w,,,0.6121,"EMO-AffectNet pseudo-label (teacher=Aff-Wild2, top=Sadness 0.25, tension=0.388) - 사람 검수 전"
Lt89YrQHF_w.004,Lt89YrQHF_w.004.mp4,Lt89YrQHF_w,,,0.62,"EMO-AffectNet pseudo-label (teacher=Aff-Wild2, top=Sadness 0.24, tension=0.380) - 사람 검수 전"
Lt89YrQHF_w.005,Lt89YrQHF_w.005.mp4,Lt89YrQHF_w,,,0.6121,"EMO-AffectNet pseudo-label (teacher=Aff-Wild2, top=Sadness 0.23, tension=0.388) - 사람 검수 전"
LtBYojIGYEc.000,LtBYojIGYEc.000.mp4,LtBYojIGYEc,,,0.6981,"EMO-AffectNet pseudo-label (teacher=Aff-Wild2, top=Neutral 0.24, tension=0.302) - 사람 검수 전"
LtBYojIGYEc.001,LtBYojIGYEc.001.mp4,LtBYojIGYEc,,,0.7114,"EMO-AffectNet pseudo-label (teacher=Aff-Wild2, top=Anger 0.25, tension=0.289) - 사람 검수 전"
LtBYojIGYEc.003,LtBYojIGYEc.003.mp4,LtBYojIGYEc,,,0.7185,"EMO-AffectNet pseudo-label (teacher=Aff-Wild2, top=Neutral 0.26, tension=0.281) - 사람 검수 전"
Lu9UNCSpQZM.003,Lu9UNCSpQZM.003.mp4,Lu9UNCSpQZM,,,0.9497,"EMO-AffectNet pseudo-label (teacher=Aff-Wild2, top=Happiness 0.84, tension=0.050) - 사람 검수 전"
Lu9UNCSpQZM.004,Lu9UNCSpQZM.004.mp4,Lu9UNCSpQZM,,,0.8566,"EMO-AffectNet pseudo-label (teacher=Aff-Wild2, top=Happiness 0.61, tension=0.143) - 사람 검수 전"
LuLUAwn0aWU.000,LuLUAwn0aWU.000.mp4,LuLUAwn0aWU,,,0.7239,"EMO-AffectNet pseudo-label (teacher=Aff-Wild2, top=Surprise 0.25, tension=0.276) - 사람 검수 전"
LuLUAwn0aWU.001,LuLUAwn0aWU.001.mp4,LuLUAwn0aWU,,,0.7116,"EMO-AffectNet pseudo-label (teacher=Aff-Wild2, top=Surprise 0.23, tension=0.288) - 사람 검수 전"
LuLUAwn0aWU.002,LuLUAwn0aWU.002.mp4,LuLUAwn0aWU,,,0.6982,"EMO-AffectNet pseudo-label (teacher=Aff-Wild2, top=Surprise 0.20, tension=0.302) - 사람 검수 전"
LuLUAwn0aWU.003,LuLUAwn0aWU.003.mp4,LuLUAwn0aWU,,,0.765,"EMO-AffectNet pseudo-label (teacher=Aff-Wild2, top=Surprise 0.28, tension=0.235) - 사람 검수 전"
LuLUAwn0aWU.004,LuLUAwn0aWU.004.mp4,LuLUAwn0aWU,,,0.6979,"EMO-AffectNet pseudo-label (teacher=Aff-Wild2, top=Sadness 0.20, tension=0.302) - 사람 검수 전"
LuLUAwn0aWU.005,LuLUAwn0aWU.005.mp4,LuLUAwn0aWU,,,0.7605,"EMO-AffectNet pseudo-label (teacher=Aff-Wild2, top=Neutral 0.24, tension=0.239) - 사람 검수 전"
LvpUVPQKWcQ.005,LvpUVPQKWcQ.005.mp4,LvpUVPQKWcQ,,,0.7182,"EMO-AffectNet pseudo-label (teacher=Aff-Wild2, top=Neutral 0.23, tension=0.282) - 사람 검수 전"
Lz3hYPF6aIM.000,Lz3hYPF6aIM.000.mp4,Lz3hYPF6aIM,,,0.7472,"EMO-AffectNet pseudo-label (teacher=Aff-Wild2, top=Neutral 0.24, tension=0.253) - 사람 검수 전"
Lz3hYPF6aIM.003,Lz3hYPF6aIM.003.mp4,Lz3hYPF6aIM,,,0.7352,"EMO-AffectNet pseudo-label (teacher=Aff-Wild2, top=Neutral 0.30, tension=0.265) - 사람 검수 전"
Lz3hYPF6aIM.004,Lz3hYPF6aIM.004.mp4,Lz3hYPF6aIM,,,0.7878,"EMO-AffectNet pseudo-label (teacher=Aff-Wild2, top=Happiness 0.28, tension=0.212) - 사람 검수 전"
Lz3hYPF6aIM.005,Lz3hYPF6aIM.005.mp4,Lz3hYPF6aIM,,,0.798,"EMO-AffectNet pseudo-label (teacher=Aff-Wild2, top=Happiness 0.31, tension=0.202) - 사람 검수 전"
Lz3suTodXQM.002,Lz3suTodXQM.002.mp4,Lz3suTodXQM,,,0.904,"EMO-AffectNet pseudo-label (teacher=Aff-Wild2, top=Happiness 0.68, tension=0.096) - 사람 검수 전"
Lz3suTodXQM.005,Lz3suTodXQM.005.mp4,Lz3suTodXQM,,,0.8722,"EMO-AffectNet pseudo-label (teacher=Aff-Wild2, top=Happiness 0.58, tension=0.128) - 사람 검수 전"
LzT4m85N17o.002,LzT4m85N17o.002.mp4,LzT4m85N17o,,,0.7718,"EMO-AffectNet pseudo-label (teacher=Aff-Wild2, top=Neutral 0.36, tension=0.228) - 사람 검수 전"
M-SuraqmC9s.000,M-SuraqmC9s.000.mp4,M-SuraqmC9s,,,0.7904,"EMO-AffectNet pseudo-label (teacher=Aff-Wild2, top=Neutral 0.34, tension=0.210) - 사람 검수 전"
M0O87_LiyMw.001,M0O87_LiyMw.001.mp4,M0O87_LiyMw,,,0.8111,"EMO-AffectNet pseudo-label (teacher=Aff-Wild2, top=Happiness 0.45, tension=0.189) - 사람 검수 전"
M0O87_LiyMw.002,M0O87_LiyMw.002.mp4,M0O87_LiyMw,,,0.7873,"EMO-AffectNet pseudo-label (teacher=Aff-Wild2, top=Neutral 0.31, tension=0.213) - 사람 검수 전"
M0O87_LiyMw.004,M0O87_LiyMw.004.mp4,M0O87_LiyMw,,,0.804,"EMO-AffectNet pseudo-label (teacher=Aff-Wild2, top=Happiness 0.36, tension=0.196) - 사람 검수 전"
M0O87_LiyMw.005,M0O87_LiyMw.005.mp4,M0O87_LiyMw,,,0.7287,"EMO-AffectNet pseudo-label (teacher=Aff-Wild2, top=Neutral 0.40, tension=0.271) - 사람 검수 전"
M0U48Lm33A8.000,M0U48Lm33A8.000.mp4,M0U48Lm33A8,,,0.7135,"EMO-AffectNet pseudo-label (teacher=Aff-Wild2, top=Neutral 0.37, tension=0.287) - 사람 검수 전"
M0U48Lm33A8.001,M0U48Lm33A8.001.mp4,M0U48Lm33A8,,,0.7359,"EMO-AffectNet pseudo-label (teacher=Aff-Wild2, top=Neutral 0.41, tension=0.264) - 사람 검수 전"
M0U48Lm33A8.002,M0U48Lm33A8.002.mp4,M0U48Lm33A8,,,0.7371,"EMO-AffectNet pseudo-label (teacher=Aff-Wild2, top=Neutral 0.39, tension=0.263) - 사람 검수 전"
M0U48Lm33A8.003,M0U48Lm33A8.003.mp4,M0U48Lm33A8,,,0.7314,"EMO-AffectNet pseudo-label (teacher=Aff-Wild2, top=Neutral 0.39, tension=0.269) - 사람 검수 전"
M0U48Lm33A8.004,M0U48Lm33A8.004.mp4,M0U48Lm33A8,,,0.7385,"EMO-AffectNet pseudo-label (teacher=Aff-Wild2, top=Neutral 0.41, tension=0.262) - 사람 검수 전"
M0U48Lm33A8.005,M0U48Lm33A8.005.mp4,M0U48Lm33A8,,,0.6464,"EMO-AffectNet pseudo-label (teacher=Aff-Wild2, top=Sadness 0.26, tension=0.354) - 사람 검수 전"
M20gRMBy-4I.000,M20gRMBy-4I.000.mp4,M20gRMBy-4I,,,0.6621,"EMO-AffectNet pseudo-label (teacher=Aff-Wild2, top=Neutral 0.17, tension=0.338) - 사람 검수 전"
M39PNQ8Omhc.001,M39PNQ8Omhc.001.mp4,M39PNQ8Omhc,,,0.9241,"EMO-AffectNet pseudo-label (teacher=Aff-Wild2, top=Happiness 0.77, tension=0.076) - 사람 검수 전"
M39PNQ8Omhc.005,M39PNQ8Omhc.005.mp4,M39PNQ8Omhc,,,0.7488,"EMO-AffectNet pseudo-label (teacher=Aff-Wild2, top=Neutral 0.29, tension=0.251) - 사람 검수 전"
M56UFrEgXnI.004,M56UFrEgXnI.004.mp4,M56UFrEgXnI,,,0.7142,"EMO-AffectNet pseudo-label (teacher=Aff-Wild2, top=Neutral 0.25, tension=0.286) - 사람 검수 전"
M5_x5J-H2I0.001,M5_x5J-H2I0.001.mp4,M5_x5J-H2I0,,,0.8013,"EMO-AffectNet pseudo-label (teacher=Aff-Wild2, top=Surprise 0.35, tension=0.199) - 사람 검수 전"
M5_x5J-H2I0.003,M5_x5J-H2I0.003.mp4,M5_x5J-H2I0,,,0.7571,"EMO-AffectNet pseudo-label (teacher=Aff-Wild2, top=Neutral 0.32, tension=0.243) - 사람 검수 전"
M9nVAfSPOZ8.005,M9nVAfSPOZ8.005.mp4,M9nVAfSPOZ8,,,0.7463,"EMO-AffectNet pseudo-label (teacher=Aff-Wild2, top=Neutral 0.32, tension=0.254) - 사람 검수 전"
MBgwyWKYWVM.002,MBgwyWKYWVM.002.mp4,MBgwyWKYWVM,,,0.6456,"EMO-AffectNet pseudo-label (teacher=Aff-Wild2, top=Sadness 0.39, tension=0.354) - 사람 검수 전"
MCr6FmFAhak.001,MCr6FmFAhak.001.mp4,MCr6FmFAhak,,,0.7532,"EMO-AffectNet pseudo-label (teacher=Aff-Wild2, top=Surprise 0.28, tension=0.247) - 사람 검수 전"
MCr6FmFAhak.004,MCr6FmFAhak.004.mp4,MCr6FmFAhak,,,0.7427,"EMO-AffectNet pseudo-label (teacher=Aff-Wild2, top=Neutral 0.22, tension=0.257) - 사람 검수 전"
MD9yyz-OSRs.002,MD9yyz-OSRs.002.mp4,MD9yyz-OSRs,,,0.7424,"EMO-AffectNet pseudo-label (teacher=Aff-Wild2, top=Surprise 0.25, tension=0.258) - 사람 검수 전"
MD9yyz-OSRs.004,MD9yyz-OSRs.004.mp4,MD9yyz-OSRs,,,0.7206,"EMO-AffectNet pseudo-label (teacher=Aff-Wild2, top=Surprise 0.25, tension=0.279) - 사람 검수 전"
MD9yyz-OSRs.005,MD9yyz-OSRs.005.mp4,MD9yyz-OSRs,,,0.715,"EMO-AffectNet pseudo-label (teacher=Aff-Wild2, top=Surprise 0.28, tension=0.285) - 사람 검수 전"
MDoZUDTSayc.000,MDoZUDTSayc.000.mp4,MDoZUDTSayc,,,0.7984,"EMO-AffectNet pseudo-label (teacher=Aff-Wild2, top=Happiness 0.35, tension=0.202) - 사람 검수 전"
MDoZUDTSayc.003,MDoZUDTSayc.003.mp4,MDoZUDTSayc,,,0.8307,"EMO-AffectNet pseudo-label (teacher=Aff-Wild2, top=Happiness 0.43, tension=0.169) - 사람 검수 전"
ME6JLtAM160.001,ME6JLtAM160.001.mp4,ME6JLtAM160,,,0.7961,"EMO-AffectNet pseudo-label (teacher=Aff-Wild2, top=Neutral 0.30, tension=0.204) - 사람 검수 전"
MFGGMnNE6Q0.000,MFGGMnNE6Q0.000.mp4,MFGGMnNE6Q0,,,0.7966,"EMO-AffectNet pseudo-label (teacher=Aff-Wild2, top=Happiness 0.37, tension=0.203) - 사람 검수 전"
MFGGMnNE6Q0.002,MFGGMnNE6Q0.002.mp4,MFGGMnNE6Q0,,,0.7627,"EMO-AffectNet pseudo-label (teacher=Aff-Wild2, top=Happiness 0.34, tension=0.237) - 사람 검수 전"
MI_GQLbnoew.000,MI_GQLbnoew.000.mp4,MI_GQLbnoew,,,0.7473,"EMO-AffectNet pseudo-label (teacher=Aff-Wild2, top=Surprise 0.28, tension=0.253) - 사람 검수 전"
MI_GQLbnoew.001,MI_GQLbnoew.001.mp4,MI_GQLbnoew,,,0.8101,"EMO-AffectNet pseudo-label (teacher=Aff-Wild2, top=Happiness 0.33, tension=0.190) - 사람 검수 전"
MK7KveAeb6Y.000,MK7KveAeb6Y.000.mp4,MK7KveAeb6Y,,,0.7481,"EMO-AffectNet pseudo-label (teacher=Aff-Wild2, top=Surprise 0.32, tension=0.252) - 사람 검수 전"
MK7KveAeb6Y.002,MK7KveAeb6Y.002.mp4,MK7KveAeb6Y,,,0.718,"EMO-AffectNet pseudo-label (teacher=Aff-Wild2, top=Surprise 0.34, tension=0.282) - 사람 검수 전"
MK7KveAeb6Y.004,MK7KveAeb6Y.004.mp4,MK7KveAeb6Y,,,0.7284,"EMO-AffectNet pseudo-label (teacher=Aff-Wild2, top=Surprise 0.29, tension=0.272) - 사람 검수 전"
MLCIfM5jYlI.000,MLCIfM5jYlI.000.mp4,MLCIfM5jYlI,,,0.7099,"EMO-AffectNet pseudo-label (teacher=Aff-Wild2, top=Neutral 0.37, tension=0.290) - 사람 검수 전"
MOXPVzRBDPo.002,MOXPVzRBDPo.002.mp4,MOXPVzRBDPo,,,0.8628,"EMO-AffectNet pseudo-label (teacher=Aff-Wild2, top=Happiness 0.57, tension=0.137) - 사람 검수 전"
MOXPVzRBDPo.004,MOXPVzRBDPo.004.mp4,MOXPVzRBDPo,,,0.8597,"EMO-AffectNet pseudo-label (teacher=Aff-Wild2, top=Happiness 0.54, tension=0.140) - 사람 검수 전"
MOobNUpfWiY.000,MOobNUpfWiY.000.mp4,MOobNUpfWiY,,,0.6271,"EMO-AffectNet pseudo-label (teacher=Aff-Wild2, top=Sadness 0.36, tension=0.373) - 사람 검수 전"
MOobNUpfWiY.002,MOobNUpfWiY.002.mp4,MOobNUpfWiY,,,0.6812,"EMO-AffectNet pseudo-label (teacher=Aff-Wild2, top=Neutral 0.30, tension=0.319) - 사람 검수 전"
MOobNUpfWiY.004,MOobNUpfWiY.004.mp4,MOobNUpfWiY,,,0.6063,"EMO-AffectNet pseudo-label (teacher=Aff-Wild2, top=Sadness 0.43, tension=0.394) - 사람 검수 전"
MOobNUpfWiY.005,MOobNUpfWiY.005.mp4,MOobNUpfWiY,,,0.5939,"EMO-AffectNet pseudo-label (teacher=Aff-Wild2, top=Sadness 0.42, tension=0.406) - 사람 검수 전"
MRquWhqw4Jw.000,MRquWhqw4Jw.000.mp4,MRquWhqw4Jw,,,0.8288,"EMO-AffectNet pseudo-label (teacher=Aff-Wild2, top=Happiness 0.39, tension=0.171) - 사람 검수 전"
MRquWhqw4Jw.004,MRquWhqw4Jw.004.mp4,MRquWhqw4Jw,,,0.7816,"EMO-AffectNet pseudo-label (teacher=Aff-Wild2, top=Happiness 0.29, tension=0.218) - 사람 검수 전"
MT3tOBpG5II.000,MT3tOBpG5II.000.mp4,MT3tOBpG5II,,,0.7766,"EMO-AffectNet pseudo-label (teacher=Aff-Wild2, top=Happiness 0.27, tension=0.223) - 사람 검수 전"
MT3tOBpG5II.004,MT3tOBpG5II.004.mp4,MT3tOBpG5II,,,0.7977,"EMO-AffectNet pseudo-label (teacher=Aff-Wild2, top=Happiness 0.34, tension=0.202) - 사람 검수 전"
MVwxnf6L8po.004,MVwxnf6L8po.004.mp4,MVwxnf6L8po,,,0.7326,"EMO-AffectNet pseudo-label (teacher=Aff-Wild2, top=Happiness 0.28, tension=0.267) - 사람 검수 전"
MZkDsB04kt8.000,MZkDsB04kt8.000.mp4,MZkDsB04kt8,,,0.7836,"EMO-AffectNet pseudo-label (teacher=Aff-Wild2, top=Happiness 0.29, tension=0.216) - 사람 검수 전"
MZkDsB04kt8.004,MZkDsB04kt8.004.mp4,MZkDsB04kt8,,,0.7742,"EMO-AffectNet pseudo-label (teacher=Aff-Wild2, top=Happiness 0.31, tension=0.226) - 사람 검수 전"
M_OpMKBEOyU.000,M_OpMKBEOyU.000.mp4,M_OpMKBEOyU,,,0.7509,"EMO-AffectNet pseudo-label (teacher=Aff-Wild2, top=Happiness 0.26, tension=0.249) - 사람 검수 전"
M_OpMKBEOyU.001,M_OpMKBEOyU.001.mp4,M_OpMKBEOyU,,,0.7386,"EMO-AffectNet pseudo-label (teacher=Aff-Wild2, top=Neutral 0.20, tension=0.261) - 사람 검수 전"
M_OpMKBEOyU.002,M_OpMKBEOyU.002.mp4,M_OpMKBEOyU,,,0.7026,"EMO-AffectNet pseudo-label (teacher=Aff-Wild2, top=Sadness 0.19, tension=0.297) - 사람 검수 전"
M_OpMKBEOyU.003,M_OpMKBEOyU.003.mp4,M_OpMKBEOyU,,,0.7249,"EMO-AffectNet pseudo-label (teacher=Aff-Wild2, top=Neutral 0.23, tension=0.275) - 사람 검수 전"
M_OpMKBEOyU.004,M_OpMKBEOyU.004.mp4,M_OpMKBEOyU,,,0.7156,"EMO-AffectNet pseudo-label (teacher=Aff-Wild2, top=Neutral 0.21, tension=0.284) - 사람 검수 전"
MajYvFTkKnk.002,MajYvFTkKnk.002.mp4,MajYvFTkKnk,,,0.7206,"EMO-AffectNet pseudo-label (teacher=Aff-Wild2, top=Neutral 0.32, tension=0.279) - 사람 검수 전"
MajYvFTkKnk.003,MajYvFTkKnk.003.mp4,MajYvFTkKnk,,,0.7629,"EMO-AffectNet pseudo-label (teacher=Aff-Wild2, top=Neutral 0.30, tension=0.237) - 사람 검수 전"
MajYvFTkKnk.004,MajYvFTkKnk.004.mp4,MajYvFTkKnk,,,0.8483,"EMO-AffectNet pseudo-label (teacher=Aff-Wild2, top=Happiness 0.50, tension=0.152) - 사람 검수 전"
MajYvFTkKnk.005,MajYvFTkKnk.005.mp4,MajYvFTkKnk,,,0.7293,"EMO-AffectNet pseudo-label (teacher=Aff-Wild2, top=Neutral 0.30, tension=0.271) - 사람 검수 전"
MbufNmC0JL0.004,MbufNmC0JL0.004.mp4,MbufNmC0JL0,,,0.7355,"EMO-AffectNet pseudo-label (teacher=Aff-Wild2, top=Neutral 0.37, tension=0.264) - 사람 검수 전"
MbunPsukPnQ.001,MbunPsukPnQ.001.mp4,MbunPsukPnQ,,,0.8116,"EMO-AffectNet pseudo-label (teacher=Aff-Wild2, top=Happiness 0.30, tension=0.188) - 사람 검수 전"
Me22JENkhJA.000,Me22JENkhJA.000.mp4,Me22JENkhJA,,,0.7061,"EMO-AffectNet pseudo-label (teacher=Aff-Wild2, top=Neutral 0.27, tension=0.294) - 사람 검수 전"
Me22JENkhJA.005,Me22JENkhJA.005.mp4,Me22JENkhJA,,,0.7076,"EMO-AffectNet pseudo-label (teacher=Aff-Wild2, top=Neutral 0.27, tension=0.292) - 사람 검수 전"
MkVsl0hdphE.000,MkVsl0hdphE.000.mp4,MkVsl0hdphE,,,0.6634,"EMO-AffectNet pseudo-label (teacher=Aff-Wild2, top=Sadness 0.33, tension=0.337) - 사람 검수 전"
MkVsl0hdphE.003,MkVsl0hdphE.003.mp4,MkVsl0hdphE,,,0.7222,"EMO-AffectNet pseudo-label (teacher=Aff-Wild2, top=Happiness 0.26, tension=0.278) - 사람 검수 전"
MnARi5OWW9Q.000,MnARi5OWW9Q.000.mp4,MnARi5OWW9Q,,,0.7022,"EMO-AffectNet pseudo-label (teacher=Aff-Wild2, top=Neutral 0.35, tension=0.298) - 사람 검수 전"
MnARi5OWW9Q.002,MnARi5OWW9Q.002.mp4,MnARi5OWW9Q,,,0.6827,"EMO-AffectNet pseudo-label (teacher=Aff-Wild2, top=Neutral 0.33, tension=0.317) - 사람 검수 전"
MrYEK0nvnAo.001,MrYEK0nvnAo.001.mp4,MrYEK0nvnAo,,,0.6649,"EMO-AffectNet pseudo-label (teacher=Aff-Wild2, top=Neutral 0.25, tension=0.335) - 사람 검수 전"
MrYEK0nvnAo.002,MrYEK0nvnAo.002.mp4,MrYEK0nvnAo,,,0.7189,"EMO-AffectNet pseudo-label (teacher=Aff-Wild2, top=Surprise 0.22, tension=0.281) - 사람 검수 전"
MrYEK0nvnAo.003,MrYEK0nvnAo.003.mp4,MrYEK0nvnAo,,,0.6754,"EMO-AffectNet pseudo-label (teacher=Aff-Wild2, top=Neutral 0.25, tension=0.325) - 사람 검수 전"
MrfJ1qDJAwo.001,MrfJ1qDJAwo.001.mp4,MrfJ1qDJAwo,,,0.9515,"EMO-AffectNet pseudo-label (teacher=Aff-Wild2, top=Happiness 0.85, tension=0.048) - 사람 검수 전"
MrfJ1qDJAwo.002,MrfJ1qDJAwo.002.mp4,MrfJ1qDJAwo,,,0.7892,"EMO-AffectNet pseudo-label (teacher=Aff-Wild2, top=Neutral 0.28, tension=0.211) - 사람 검수 전"
MrfJ1qDJAwo.003,MrfJ1qDJAwo.003.mp4,MrfJ1qDJAwo,,,0.8292,"EMO-AffectNet pseudo-label (teacher=Aff-Wild2, top=Happiness 0.40, tension=0.171) - 사람 검수 전"
MrfJ1qDJAwo.004,MrfJ1qDJAwo.004.mp4,MrfJ1qDJAwo,,,0.8485,"EMO-AffectNet pseudo-label (teacher=Aff-Wild2, top=Happiness 0.49, tension=0.151) - 사람 검수 전"
MrfJ1qDJAwo.005,MrfJ1qDJAwo.005.mp4,MrfJ1qDJAwo,,,0.8139,"EMO-AffectNet pseudo-label (teacher=Aff-Wild2, top=Neutral 0.32, tension=0.186) - 사람 검수 전"
MswJxdf-3Fc.002,MswJxdf-3Fc.002.mp4,MswJxdf-3Fc,,,0.7322,"EMO-AffectNet pseudo-label (teacher=Aff-Wild2, top=Happiness 0.28, tension=0.268) - 사람 검수 전"
MswJxdf-3Fc.005,MswJxdf-3Fc.005.mp4,MswJxdf-3Fc,,,0.8328,"EMO-AffectNet pseudo-label (teacher=Aff-Wild2, top=Happiness 0.45, tension=0.167) - 사람 검수 전"
MuYYY3XaJ7Q.002,MuYYY3XaJ7Q.002.mp4,MuYYY3XaJ7Q,,,0.7206,"EMO-AffectNet pseudo-label (teacher=Aff-Wild2, top=Happiness 0.21, tension=0.279) - 사람 검수 전"
MuYYY3XaJ7Q.003,MuYYY3XaJ7Q.003.mp4,MuYYY3XaJ7Q,,,0.8924,"EMO-AffectNet pseudo-label (teacher=Aff-Wild2, top=Happiness 0.65, tension=0.108) - 사람 검수 전"
MuYYY3XaJ7Q.004,MuYYY3XaJ7Q.004.mp4,MuYYY3XaJ7Q,,,0.88,"EMO-AffectNet pseudo-label (teacher=Aff-Wild2, top=Happiness 0.61, tension=0.120) - 사람 검수 전"
MuYYY3XaJ7Q.005,MuYYY3XaJ7Q.005.mp4,MuYYY3XaJ7Q,,,0.8466,"EMO-AffectNet pseudo-label (teacher=Aff-Wild2, top=Happiness 0.48, tension=0.153) - 사람 검수 전"
MvWDky9ZaWU.000,MvWDky9ZaWU.000.mp4,MvWDky9ZaWU,,,0.7897,"EMO-AffectNet pseudo-label (teacher=Aff-Wild2, top=Happiness 0.30, tension=0.210) - 사람 검수 전"
MvWDky9ZaWU.003,MvWDky9ZaWU.003.mp4,MvWDky9ZaWU,,,0.777,"EMO-AffectNet pseudo-label (teacher=Aff-Wild2, top=Surprise 0.34, tension=0.223) - 사람 검수 전"
MvWDky9ZaWU.005,MvWDky9ZaWU.005.mp4,MvWDky9ZaWU,,,0.8482,"EMO-AffectNet pseudo-label (teacher=Aff-Wild2, top=Happiness 0.47, tension=0.152) - 사람 검수 전"
N0QizgPLLbs.000,N0QizgPLLbs.000.mp4,N0QizgPLLbs,,,0.7139,"EMO-AffectNet pseudo-label (teacher=Aff-Wild2, top=Neutral 0.24, tension=0.286) - 사람 검수 전"
N0QizgPLLbs.005,N0QizgPLLbs.005.mp4,N0QizgPLLbs,,,0.7225,"EMO-AffectNet pseudo-label (teacher=Aff-Wild2, top=Surprise 0.24, tension=0.277) - 사람 검수 전"
N0UweTwwQqQ.000,N0UweTwwQqQ.000.mp4,N0UweTwwQqQ,,,0.663,"EMO-AffectNet pseudo-label (teacher=Aff-Wild2, top=Fear 0.24, tension=0.337) - 사람 검수 전"
N0s2M3bJkUk.002,N0s2M3bJkUk.002.mp4,N0s2M3bJkUk,,,0.8124,"EMO-AffectNet pseudo-label (teacher=Aff-Wild2, top=Happiness 0.44, tension=0.188) - 사람 검수 전"
N0s2M3bJkUk.003,N0s2M3bJkUk.003.mp4,N0s2M3bJkUk,,,0.8205,"EMO-AffectNet pseudo-label (teacher=Aff-Wild2, top=Happiness 0.41, tension=0.180) - 사람 검수 전"
N0s2M3bJkUk.005,N0s2M3bJkUk.005.mp4,N0s2M3bJkUk,,,0.8939,"EMO-AffectNet pseudo-label (teacher=Aff-Wild2, top=Happiness 0.66, tension=0.106) - 사람 검수 전"
N1ZOAktFbI0.001,N1ZOAktFbI0.001.mp4,N1ZOAktFbI0,,,0.7155,"EMO-AffectNet pseudo-label (teacher=Aff-Wild2, top=Surprise 0.28, tension=0.285) - 사람 검수 전"
N1ZOAktFbI0.002,N1ZOAktFbI0.002.mp4,N1ZOAktFbI0,,,0.7452,"EMO-AffectNet pseudo-label (teacher=Aff-Wild2, top=Surprise 0.31, tension=0.255) - 사람 검수 전"
N1ZOAktFbI0.004,N1ZOAktFbI0.004.mp4,N1ZOAktFbI0,,,0.8367,"EMO-AffectNet pseudo-label (teacher=Aff-Wild2, top=Happiness 0.45, tension=0.163) - 사람 검수 전"
N4tuu9aCXkw.003,N4tuu9aCXkw.003.mp4,N4tuu9aCXkw,,,0.7004,"EMO-AffectNet pseudo-label (teacher=Aff-Wild2, top=Neutral 0.25, tension=0.300) - 사람 검수 전"
N4tuu9aCXkw.004,N4tuu9aCXkw.004.mp4,N4tuu9aCXkw,,,0.7647,"EMO-AffectNet pseudo-label (teacher=Aff-Wild2, top=Neutral 0.27, tension=0.235) - 사람 검수 전"
N5nIQZMW_ig.003,N5nIQZMW_ig.003.mp4,N5nIQZMW_ig,,,0.7161,"EMO-AffectNet pseudo-label (teacher=Aff-Wild2, top=Surprise 0.38, tension=0.284) - 사람 검수 전"
N7oR6_oMBFk.000,N7oR6_oMBFk.000.mp4,N7oR6_oMBFk,,,0.7851,"EMO-AffectNet pseudo-label (teacher=Aff-Wild2, top=Happiness 0.30, tension=0.215) - 사람 검수 전"
N7oR6_oMBFk.004,N7oR6_oMBFk.004.mp4,N7oR6_oMBFk,,,0.7877,"EMO-AffectNet pseudo-label (teacher=Aff-Wild2, top=Happiness 0.32, tension=0.212) - 사람 검수 전"
NBacfF-K2eQ.000,NBacfF-K2eQ.000.mp4,NBacfF-K2eQ,,,0.7317,"EMO-AffectNet pseudo-label (teacher=Aff-Wild2, top=Surprise 0.31, tension=0.268) - 사람 검수 전"
NBacfF-K2eQ.001,NBacfF-K2eQ.001.mp4,NBacfF-K2eQ,,,0.7748,"EMO-AffectNet pseudo-label (teacher=Aff-Wild2, top=Happiness 0.27, tension=0.225) - 사람 검수 전"
NBacfF-K2eQ.004,NBacfF-K2eQ.004.mp4,NBacfF-K2eQ,,,0.7638,"EMO-AffectNet pseudo-label (teacher=Aff-Wild2, top=Surprise 0.23, tension=0.236) - 사람 검수 전"
NCm736FngNo.000,NCm736FngNo.000.mp4,NCm736FngNo,,,0.774,"EMO-AffectNet pseudo-label (teacher=Aff-Wild2, top=Neutral 0.48, tension=0.226) - 사람 검수 전"
NDBCrVvp0Vg.000,NDBCrVvp0Vg.000.mp4,NDBCrVvp0Vg,,,0.7402,"EMO-AffectNet pseudo-label (teacher=Aff-Wild2, top=Surprise 0.23, tension=0.260) - 사람 검수 전"
NDBCrVvp0Vg.003,NDBCrVvp0Vg.003.mp4,NDBCrVvp0Vg,,,0.7801,"EMO-AffectNet pseudo-label (teacher=Aff-Wild2, top=Happiness 0.31, tension=0.220) - 사람 검수 전"
NDC375coN1o.001,NDC375coN1o.001.mp4,NDC375coN1o,,,0.7286,"EMO-AffectNet pseudo-label (teacher=Aff-Wild2, top=Neutral 0.41, tension=0.271) - 사람 검수 전"
NDC375coN1o.002,NDC375coN1o.002.mp4,NDC375coN1o,,,0.7571,"EMO-AffectNet pseudo-label (teacher=Aff-Wild2, top=Neutral 0.30, tension=0.243) - 사람 검수 전"
NDC375coN1o.005,NDC375coN1o.005.mp4,NDC375coN1o,,,0.825,"EMO-AffectNet pseudo-label (teacher=Aff-Wild2, top=Happiness 0.43, tension=0.175) - 사람 검수 전"
NF8nb3SQPNg.002,NF8nb3SQPNg.002.mp4,NF8nb3SQPNg,,,0.8378,"EMO-AffectNet pseudo-label (teacher=Aff-Wild2, top=Happiness 0.44, tension=0.162) - 사람 검수 전"
NFAlff6GUpA.000,NFAlff6GUpA.000.mp4,NFAlff6GUpA,,,0.7463,"EMO-AffectNet pseudo-label (teacher=Aff-Wild2, top=Neutral 0.37, tension=0.254) - 사람 검수 전"
NFAlff6GUpA.003,NFAlff6GUpA.003.mp4,NFAlff6GUpA,,,0.6799,"EMO-AffectNet pseudo-label (teacher=Aff-Wild2, top=Sadness 0.23, tension=0.320) - 사람 검수 전"
NFAlff6GUpA.005,NFAlff6GUpA.005.mp4,NFAlff6GUpA,,,0.7345,"EMO-AffectNet pseudo-label (teacher=Aff-Wild2, top=Happiness 0.25, tension=0.266) - 사람 검수 전"
NG8qWulkRM4.000,NG8qWulkRM4.000.mp4,NG8qWulkRM4,,,0.6595,"EMO-AffectNet pseudo-label (teacher=Aff-Wild2, top=Fear 0.24, tension=0.340) - 사람 검수 전"
NG8qWulkRM4.001,NG8qWulkRM4.001.mp4,NG8qWulkRM4,,,0.7221,"EMO-AffectNet pseudo-label (teacher=Aff-Wild2, top=Neutral 0.37, tension=0.278) - 사람 검수 전"
NG8qWulkRM4.002,NG8qWulkRM4.002.mp4,NG8qWulkRM4,,,0.6812,"EMO-AffectNet pseudo-label (teacher=Aff-Wild2, top=Neutral 0.29, tension=0.319) - 사람 검수 전"
NG8qWulkRM4.005,NG8qWulkRM4.005.mp4,NG8qWulkRM4,,,0.681,"EMO-AffectNet pseudo-label (teacher=Aff-Wild2, top=Neutral 0.21, tension=0.319) - 사람 검수 전"
NI-tZF3gfes.002,NI-tZF3gfes.002.mp4,NI-tZF3gfes,,,0.7718,"EMO-AffectNet pseudo-label (teacher=Aff-Wild2, top=Happiness 0.37, tension=0.228) - 사람 검수 전"
NI-tZF3gfes.003,NI-tZF3gfes.003.mp4,NI-tZF3gfes,,,0.7404,"EMO-AffectNet pseudo-label (teacher=Aff-Wild2, top=Happiness 0.27, tension=0.260) - 사람 검수 전"
NI-tZF3gfes.004,NI-tZF3gfes.004.mp4,NI-tZF3gfes,,,0.8195,"EMO-AffectNet pseudo-label (teacher=Aff-Wild2, top=Happiness 0.47, tension=0.180) - 사람 검수 전"
NOrjfF0-pQ4.004,NOrjfF0-pQ4.004.mp4,NOrjfF0-pQ4,,,0.6989,"EMO-AffectNet pseudo-label (teacher=Aff-Wild2, top=Surprise 0.29, tension=0.301) - 사람 검수 전"
NOrjfF0-pQ4.005,NOrjfF0-pQ4.005.mp4,NOrjfF0-pQ4,,,0.6872,"EMO-AffectNet pseudo-label (teacher=Aff-Wild2, top=Surprise 0.24, tension=0.313) - 사람 검수 전"
NTATNIs2sSc.001,NTATNIs2sSc.001.mp4,NTATNIs2sSc,,,0.7533,"EMO-AffectNet pseudo-label (teacher=Aff-Wild2, top=Neutral 0.42, tension=0.247) - 사람 검수 전"
NTSMogqhvBg.001,NTSMogqhvBg.001.mp4,NTSMogqhvBg,,,0.8032,"EMO-AffectNet pseudo-label (teacher=Aff-Wild2, top=Happiness 0.39, tension=0.197) - 사람 검수 전"
NTSMogqhvBg.002,NTSMogqhvBg.002.mp4,NTSMogqhvBg,,,0.7111,"EMO-AffectNet pseudo-label (teacher=Aff-Wild2, top=Surprise 0.25, tension=0.289) - 사람 검수 전"
NTxMChSejQE.001,NTxMChSejQE.001.mp4,NTxMChSejQE,,,0.6193,"EMO-AffectNet pseudo-label (teacher=Aff-Wild2, top=Fear 0.30, tension=0.381) - 사람 검수 전"
NVvKBE5FTMk.005,NVvKBE5FTMk.005.mp4,NVvKBE5FTMk,,,0.7673,"EMO-AffectNet pseudo-label (teacher=Aff-Wild2, top=Happiness 0.29, tension=0.233) - 사람 검수 전"
NWlCdMyKlE0.000,NWlCdMyKlE0.000.mp4,NWlCdMyKlE0,,,0.79,"EMO-AffectNet pseudo-label (teacher=Aff-Wild2, top=Happiness 0.25, tension=0.210) - 사람 검수 전"
NWlCdMyKlE0.001,NWlCdMyKlE0.001.mp4,NWlCdMyKlE0,,,0.7947,"EMO-AffectNet pseudo-label (teacher=Aff-Wild2, top=Happiness 0.26, tension=0.205) - 사람 검수 전"
NWlCdMyKlE0.002,NWlCdMyKlE0.002.mp4,NWlCdMyKlE0,,,0.784,"EMO-AffectNet pseudo-label (teacher=Aff-Wild2, top=Happiness 0.25, tension=0.216) - 사람 검수 전"
NWlCdMyKlE0.003,NWlCdMyKlE0.003.mp4,NWlCdMyKlE0,,,0.8486,"EMO-AffectNet pseudo-label (teacher=Aff-Wild2, top=Happiness 0.46, tension=0.151) - 사람 검수 전"
NXG4n1pr4Ok.001,NXG4n1pr4Ok.001.mp4,NXG4n1pr4Ok,,,0.679,"EMO-AffectNet pseudo-label (teacher=Aff-Wild2, top=Neutral 0.26, tension=0.321) - 사람 검수 전"
NXG4n1pr4Ok.002,NXG4n1pr4Ok.002.mp4,NXG4n1pr4Ok,,,0.6707,"EMO-AffectNet pseudo-label (teacher=Aff-Wild2, top=Neutral 0.27, tension=0.329) - 사람 검수 전"
NXG4n1pr4Ok.004,NXG4n1pr4Ok.004.mp4,NXG4n1pr4Ok,,,0.699,"EMO-AffectNet pseudo-label (teacher=Aff-Wild2, top=Neutral 0.32, tension=0.301) - 사람 검수 전"
NYlFsljF0VM.003,NYlFsljF0VM.003.mp4,NYlFsljF0VM,,,0.6995,"EMO-AffectNet pseudo-label (teacher=Aff-Wild2, top=Neutral 0.23, tension=0.301) - 사람 검수 전"
NYlFsljF0VM.005,NYlFsljF0VM.005.mp4,NYlFsljF0VM,,,0.7451,"EMO-AffectNet pseudo-label (teacher=Aff-Wild2, top=Happiness 0.26, tension=0.255) - 사람 검수 전"
NZXtEENlWL4.003,NZXtEENlWL4.003.mp4,NZXtEENlWL4,,,0.6705,"EMO-AffectNet pseudo-label (teacher=Aff-Wild2, top=Anger 0.24, tension=0.330) - 사람 검수 전"
N_PICgkFxAM.002,N_PICgkFxAM.002.mp4,N_PICgkFxAM,,,0.7398,"EMO-AffectNet pseudo-label (teacher=Aff-Wild2, top=Happiness 0.23, tension=0.260) - 사람 검수 전"
NdAJGXf8aos.002,NdAJGXf8aos.002.mp4,NdAJGXf8aos,,,0.8053,"EMO-AffectNet pseudo-label (teacher=Aff-Wild2, top=Happiness 0.36, tension=0.195) - 사람 검수 전"
NdAJGXf8aos.005,NdAJGXf8aos.005.mp4,NdAJGXf8aos,,,0.7024,"EMO-AffectNet pseudo-label (teacher=Aff-Wild2, top=Neutral 0.26, tension=0.298) - 사람 검수 전"
Ng2E0E5tiZQ.003,Ng2E0E5tiZQ.003.mp4,Ng2E0E5tiZQ,,,0.6541,"EMO-AffectNet pseudo-label (teacher=Aff-Wild2, top=Anger 0.29, tension=0.346) - 사람 검수 전"
Ng2E0E5tiZQ.005,Ng2E0E5tiZQ.005.mp4,Ng2E0E5tiZQ,,,0.7488,"EMO-AffectNet pseudo-label (teacher=Aff-Wild2, top=Happiness 0.29, tension=0.251) - 사람 검수 전"
NhyVkwcZbTA.002,NhyVkwcZbTA.002.mp4,NhyVkwcZbTA,,,0.8275,"EMO-AffectNet pseudo-label (teacher=Aff-Wild2, top=Happiness 0.42, tension=0.173) - 사람 검수 전"
NhyVkwcZbTA.003,NhyVkwcZbTA.003.mp4,NhyVkwcZbTA,,,0.7341,"EMO-AffectNet pseudo-label (teacher=Aff-Wild2, top=Neutral 0.25, tension=0.266) - 사람 검수 전"
NhyVkwcZbTA.004,NhyVkwcZbTA.004.mp4,NhyVkwcZbTA,,,0.7527,"EMO-AffectNet pseudo-label (teacher=Aff-Wild2, top=Neutral 0.31, tension=0.247) - 사람 검수 전"
NhyVkwcZbTA.005,NhyVkwcZbTA.005.mp4,NhyVkwcZbTA,,,0.7678,"EMO-AffectNet pseudo-label (teacher=Aff-Wild2, top=Happiness 0.25, tension=0.232) - 사람 검수 전"
NkFJuN8fBDU.000,NkFJuN8fBDU.000.mp4,NkFJuN8fBDU,,,0.7838,"EMO-AffectNet pseudo-label (teacher=Aff-Wild2, top=Neutral 0.34, tension=0.216) - 사람 검수 전"
NkFJuN8fBDU.001,NkFJuN8fBDU.001.mp4,NkFJuN8fBDU,,,0.7301,"EMO-AffectNet pseudo-label (teacher=Aff-Wild2, top=Neutral 0.28, tension=0.270) - 사람 검수 전"
NkFJuN8fBDU.004,NkFJuN8fBDU.004.mp4,NkFJuN8fBDU,,,0.7477,"EMO-AffectNet pseudo-label (teacher=Aff-Wild2, top=Neutral 0.38, tension=0.252) - 사람 검수 전"
NoHext7JXYU.000,NoHext7JXYU.000.mp4,NoHext7JXYU,,,0.7671,"EMO-AffectNet pseudo-label (teacher=Aff-Wild2, top=Surprise 0.25, tension=0.233) - 사람 검수 전"
NoHext7JXYU.003,NoHext7JXYU.003.mp4,NoHext7JXYU,,,0.7798,"EMO-AffectNet pseudo-label (teacher=Aff-Wild2, top=Happiness 0.29, tension=0.220) - 사람 검수 전"
NpiglwrZzsA.001,NpiglwrZzsA.001.mp4,NpiglwrZzsA,,,0.688,"EMO-AffectNet pseudo-label (teacher=Aff-Wild2, top=Neutral 0.29, tension=0.312) - 사람 검수 전"
NpiglwrZzsA.002,NpiglwrZzsA.002.mp4,NpiglwrZzsA,,,0.737,"EMO-AffectNet pseudo-label (teacher=Aff-Wild2, top=Neutral 0.35, tension=0.263) - 사람 검수 전"
NpiglwrZzsA.004,NpiglwrZzsA.004.mp4,NpiglwrZzsA,,,0.7484,"EMO-AffectNet pseudo-label (teacher=Aff-Wild2, top=Neutral 0.40, tension=0.252) - 사람 검수 전"
Nv0-x4K9YFI.000,Nv0-x4K9YFI.000.mp4,Nv0-x4K9YFI,,,0.7104,"EMO-AffectNet pseudo-label (teacher=Aff-Wild2, top=Neutral 0.28, tension=0.290) - 사람 검수 전"
Nv0-x4K9YFI.001,Nv0-x4K9YFI.001.mp4,Nv0-x4K9YFI,,,0.7186,"EMO-AffectNet pseudo-label (teacher=Aff-Wild2, top=Neutral 0.30, tension=0.281) - 사람 검수 전"
Nv0-x4K9YFI.002,Nv0-x4K9YFI.002.mp4,Nv0-x4K9YFI,,,0.7277,"EMO-AffectNet pseudo-label (teacher=Aff-Wild2, top=Neutral 0.35, tension=0.272) - 사람 검수 전"
Nv0-x4K9YFI.004,Nv0-x4K9YFI.004.mp4,Nv0-x4K9YFI,,,0.6907,"EMO-AffectNet pseudo-label (teacher=Aff-Wild2, top=Neutral 0.25, tension=0.309) - 사람 검수 전"
Nv0-x4K9YFI.005,Nv0-x4K9YFI.005.mp4,Nv0-x4K9YFI,,,0.7122,"EMO-AffectNet pseudo-label (teacher=Aff-Wild2, top=Neutral 0.33, tension=0.288) - 사람 검수 전"
NvJ4jRPUuS0.001,NvJ4jRPUuS0.001.mp4,NvJ4jRPUuS0,,,0.5717,"EMO-AffectNet pseudo-label (teacher=Aff-Wild2, top=Sadness 0.25, tension=0.428) - 사람 검수 전"
NvwD448H-40.001,NvwD448H-40.001.mp4,NvwD448H-40,,,0.6461,"EMO-AffectNet pseudo-label (teacher=Aff-Wild2, top=Sadness 0.33, tension=0.354) - 사람 검수 전"
NzCflfxgvwo.003,NzCflfxgvwo.003.mp4,NzCflfxgvwo,,,0.7395,"EMO-AffectNet pseudo-label (teacher=Aff-Wild2, top=Neutral 0.45, tension=0.260) - 사람 검수 전"
O14mSiNfYDo.001,O14mSiNfYDo.001.mp4,O14mSiNfYDo,,,0.8066,"EMO-AffectNet pseudo-label (teacher=Aff-Wild2, top=Happiness 0.28, tension=0.193) - 사람 검수 전"
O14mSiNfYDo.002,O14mSiNfYDo.002.mp4,O14mSiNfYDo,,,0.8558,"EMO-AffectNet pseudo-label (teacher=Aff-Wild2, top=Happiness 0.41, tension=0.144) - 사람 검수 전"
O14mSiNfYDo.005,O14mSiNfYDo.005.mp4,O14mSiNfYDo,,,0.9471,"EMO-AffectNet pseudo-label (teacher=Aff-Wild2, top=Happiness 0.83, tension=0.053) - 사람 검수 전"
O2J_3ScUCUQ.004,O2J_3ScUCUQ.004.mp4,O2J_3ScUCUQ,,,0.8525,"EMO-AffectNet pseudo-label (teacher=Aff-Wild2, top=Happiness 0.52, tension=0.147) - 사람 검수 전"
O2wMPdp2-Is.002,O2wMPdp2-Is.002.mp4,O2wMPdp2-Is,,,0.7537,"EMO-AffectNet pseudo-label (teacher=Aff-Wild2, top=Happiness 0.34, tension=0.246) - 사람 검수 전"
O3_j0d7mq7k.001,O3_j0d7mq7k.001.mp4,O3_j0d7mq7k,,,0.7494,"EMO-AffectNet pseudo-label (teacher=Aff-Wild2, top=Neutral 0.30, tension=0.251) - 사람 검수 전"
O3_j0d7mq7k.002,O3_j0d7mq7k.002.mp4,O3_j0d7mq7k,,,0.8596,"EMO-AffectNet pseudo-label (teacher=Aff-Wild2, top=Happiness 0.53, tension=0.140) - 사람 검수 전"
O3_j0d7mq7k.004,O3_j0d7mq7k.004.mp4,O3_j0d7mq7k,,,0.8092,"EMO-AffectNet pseudo-label (teacher=Aff-Wild2, top=Happiness 0.33, tension=0.191) - 사람 검수 전"
O7h-kf7hPIU.001,O7h-kf7hPIU.001.mp4,O7h-kf7hPIU,,,0.8261,"EMO-AffectNet pseudo-label (teacher=Aff-Wild2, top=Happiness 0.45, tension=0.174) - 사람 검수 전"
O7h-kf7hPIU.005,O7h-kf7hPIU.005.mp4,O7h-kf7hPIU,,,0.8284,"EMO-AffectNet pseudo-label (teacher=Aff-Wild2, top=Happiness 0.47, tension=0.172) - 사람 검수 전"
O7ke1Wjb1ZM.003,O7ke1Wjb1ZM.003.mp4,O7ke1Wjb1ZM,,,0.694,"EMO-AffectNet pseudo-label (teacher=Aff-Wild2, top=Neutral 0.19, tension=0.306) - 사람 검수 전"
O8L2pHEIcuo.004,O8L2pHEIcuo.004.mp4,O8L2pHEIcuo,,,0.8571,"EMO-AffectNet pseudo-label (teacher=Aff-Wild2, top=Happiness 0.55, tension=0.143) - 사람 검수 전"
OACoHiwOdXQ.002,OACoHiwOdXQ.002.mp4,OACoHiwOdXQ,,,0.6288,"EMO-AffectNet pseudo-label (teacher=Aff-Wild2, top=Sadness 0.42, tension=0.371) - 사람 검수 전"
OACoHiwOdXQ.003,OACoHiwOdXQ.003.mp4,OACoHiwOdXQ,,,0.6605,"EMO-AffectNet pseudo-label (teacher=Aff-Wild2, top=Neutral 0.34, tension=0.339) - 사람 검수 전"
OACoHiwOdXQ.005,OACoHiwOdXQ.005.mp4,OACoHiwOdXQ,,,0.6478,"EMO-AffectNet pseudo-label (teacher=Aff-Wild2, top=Sadness 0.38, tension=0.352) - 사람 검수 전"
OCMseWyLuBQ.001,OCMseWyLuBQ.001.mp4,OCMseWyLuBQ,,,0.6994,"EMO-AffectNet pseudo-label (teacher=Aff-Wild2, top=Neutral 0.27, tension=0.301) - 사람 검수 전"
OD3cfWeJaOY.003,OD3cfWeJaOY.003.mp4,OD3cfWeJaOY,,,0.6667,"EMO-AffectNet pseudo-label (teacher=Aff-Wild2, top=Sadness 0.21, tension=0.333) - 사람 검수 전"
OD3cfWeJaOY.004,OD3cfWeJaOY.004.mp4,OD3cfWeJaOY,,,0.6823,"EMO-AffectNet pseudo-label (teacher=Aff-Wild2, top=Neutral 0.25, tension=0.318) - 사람 검수 전"
OD3cfWeJaOY.005,OD3cfWeJaOY.005.mp4,OD3cfWeJaOY,,,0.6983,"EMO-AffectNet pseudo-label (teacher=Aff-Wild2, top=Neutral 0.22, tension=0.302) - 사람 검수 전"
ODDGS0hTcUc.000,ODDGS0hTcUc.000.mp4,ODDGS0hTcUc,,,0.7258,"EMO-AffectNet pseudo-label (teacher=Aff-Wild2, top=Surprise 0.27, tension=0.274) - 사람 검수 전"
ODDGS0hTcUc.001,ODDGS0hTcUc.001.mp4,ODDGS0hTcUc,,,0.7667,"EMO-AffectNet pseudo-label (teacher=Aff-Wild2, top=Surprise 0.34, tension=0.233) - 사람 검수 전"
ODDGS0hTcUc.004,ODDGS0hTcUc.004.mp4,ODDGS0hTcUc,,,0.7367,"EMO-AffectNet pseudo-label (teacher=Aff-Wild2, top=Surprise 0.37, tension=0.263) - 사람 검수 전"
OD_gyCYpR8U.002,OD_gyCYpR8U.002.mp4,OD_gyCYpR8U,,,0.6779,"EMO-AffectNet pseudo-label (teacher=Aff-Wild2, top=Neutral 0.30, tension=0.322) - 사람 검수 전"
OEKg-Tvwcbk.000,OEKg-Tvwcbk.000.mp4,OEKg-Tvwcbk,,,0.7077,"EMO-AffectNet pseudo-label (teacher=Aff-Wild2, top=Neutral 0.22, tension=0.292) - 사람 검수 전"
OEKg-Tvwcbk.003,OEKg-Tvwcbk.003.mp4,OEKg-Tvwcbk,,,0.7909,"EMO-AffectNet pseudo-label (teacher=Aff-Wild2, top=Happiness 0.36, tension=0.209) - 사람 검수 전"
OIRq4d8IyKc.002,OIRq4d8IyKc.002.mp4,OIRq4d8IyKc,,,0.7232,"EMO-AffectNet pseudo-label (teacher=Aff-Wild2, top=Neutral 0.30, tension=0.277) - 사람 검수 전"
OIRq4d8IyKc.003,OIRq4d8IyKc.003.mp4,OIRq4d8IyKc,,,0.7466,"EMO-AffectNet pseudo-label (teacher=Aff-Wild2, top=Neutral 0.37, tension=0.253) - 사람 검수 전"
OLFhKCgexRU.000,OLFhKCgexRU.000.mp4,OLFhKCgexRU,,,0.7145,"EMO-AffectNet pseudo-label (teacher=Aff-Wild2, top=Surprise 0.25, tension=0.285) - 사람 검수 전"
OLFhKCgexRU.001,OLFhKCgexRU.001.mp4,OLFhKCgexRU,,,0.6751,"EMO-AffectNet pseudo-label (teacher=Aff-Wild2, top=Anger 0.21, tension=0.325) - 사람 검수 전"
OLFhKCgexRU.002,OLFhKCgexRU.002.mp4,OLFhKCgexRU,,,0.6888,"EMO-AffectNet pseudo-label (teacher=Aff-Wild2, top=Surprise 0.21, tension=0.311) - 사람 검수 전"
OLFhKCgexRU.004,OLFhKCgexRU.004.mp4,OLFhKCgexRU,,,0.6997,"EMO-AffectNet pseudo-label (teacher=Aff-Wild2, top=Anger 0.25, tension=0.300) - 사람 검수 전"
OMHlfDF99Mw.000,OMHlfDF99Mw.000.mp4,OMHlfDF99Mw,,,0.7572,"EMO-AffectNet pseudo-label (teacher=Aff-Wild2, top=Surprise 0.31, tension=0.243) - 사람 검수 전"
OMHlfDF99Mw.003,OMHlfDF99Mw.003.mp4,OMHlfDF99Mw,,,0.7992,"EMO-AffectNet pseudo-label (teacher=Aff-Wild2, top=Happiness 0.35, tension=0.201) - 사람 검수 전"
OMHlfDF99Mw.004,OMHlfDF99Mw.004.mp4,OMHlfDF99Mw,,,0.7685,"EMO-AffectNet pseudo-label (teacher=Aff-Wild2, top=Surprise 0.32, tension=0.231) - 사람 검수 전"
OSDlyk5ZgAk.004,OSDlyk5ZgAk.004.mp4,OSDlyk5ZgAk,,,0.7553,"EMO-AffectNet pseudo-label (teacher=Aff-Wild2, top=Happiness 0.26, tension=0.245) - 사람 검수 전"
OTXGM3Guxy4.000,OTXGM3Guxy4.000.mp4,OTXGM3Guxy4,,,0.7771,"EMO-AffectNet pseudo-label (teacher=Aff-Wild2, top=Surprise 0.26, tension=0.223) - 사람 검수 전"
OTXGM3Guxy4.003,OTXGM3Guxy4.003.mp4,OTXGM3Guxy4,,,0.7453,"EMO-AffectNet pseudo-label (teacher=Aff-Wild2, top=Neutral 0.43, tension=0.255) - 사람 검수 전"
OTXGM3Guxy4.004,OTXGM3Guxy4.004.mp4,OTXGM3Guxy4,,,0.7134,"EMO-AffectNet pseudo-label (teacher=Aff-Wild2, top=Neutral 0.30, tension=0.287) - 사람 검수 전"
OTXGM3Guxy4.005,OTXGM3Guxy4.005.mp4,OTXGM3Guxy4,,,0.7325,"EMO-AffectNet pseudo-label (teacher=Aff-Wild2, top=Neutral 0.40, tension=0.267) - 사람 검수 전"
OWZ-qVZG14A.000,OWZ-qVZG14A.000.mp4,OWZ-qVZG14A,,,0.6863,"EMO-AffectNet pseudo-label (teacher=Aff-Wild2, top=Neutral 0.31, tension=0.314) - 사람 검수 전"
OWZ-qVZG14A.002,OWZ-qVZG14A.002.mp4,OWZ-qVZG14A,,,0.6607,"EMO-AffectNet pseudo-label (teacher=Aff-Wild2, top=Neutral 0.25, tension=0.339) - 사람 검수 전"
OWZ-qVZG14A.003,OWZ-qVZG14A.003.mp4,OWZ-qVZG14A,,,0.6574,"EMO-AffectNet pseudo-label (teacher=Aff-Wild2, top=Anger 0.25, tension=0.343) - 사람 검수 전"
OWZ-qVZG14A.004,OWZ-qVZG14A.004.mp4,OWZ-qVZG14A,,,0.6753,"EMO-AffectNet pseudo-label (teacher=Aff-Wild2, top=Anger 0.29, tension=0.325) - 사람 검수 전"
OWZ-qVZG14A.005,OWZ-qVZG14A.005.mp4,OWZ-qVZG14A,,,0.6653,"EMO-AffectNet pseudo-label (teacher=Aff-Wild2, top=Neutral 0.25, tension=0.335) - 사람 검수 전"
OXkDmd3nA94.000,OXkDmd3nA94.000.mp4,OXkDmd3nA94,,,0.7728,"EMO-AffectNet pseudo-label (teacher=Aff-Wild2, top=Happiness 0.27, tension=0.227) - 사람 검수 전"
OXkDmd3nA94.002,OXkDmd3nA94.002.mp4,OXkDmd3nA94,,,0.7442,"EMO-AffectNet pseudo-label (teacher=Aff-Wild2, top=Happiness 0.24, tension=0.256) - 사람 검수 전"
OXkDmd3nA94.003,OXkDmd3nA94.003.mp4,OXkDmd3nA94,,,0.7226,"EMO-AffectNet pseudo-label (teacher=Aff-Wild2, top=Neutral 0.20, tension=0.277) - 사람 검수 전"
OXkDmd3nA94.004,OXkDmd3nA94.004.mp4,OXkDmd3nA94,,,0.7806,"EMO-AffectNet pseudo-label (teacher=Aff-Wild2, top=Happiness 0.30, tension=0.219) - 사람 검수 전"
OZaP2T74bLI.000,OZaP2T74bLI.000.mp4,OZaP2T74bLI,,,0.8267,"EMO-AffectNet pseudo-label (teacher=Aff-Wild2, top=Happiness 0.39, tension=0.173) - 사람 검수 전"
OZaP2T74bLI.001,OZaP2T74bLI.001.mp4,OZaP2T74bLI,,,0.7607,"EMO-AffectNet pseudo-label (teacher=Aff-Wild2, top=Neutral 0.41, tension=0.239) - 사람 검수 전"
OZaP2T74bLI.004,OZaP2T74bLI.004.mp4,OZaP2T74bLI,,,0.8051,"EMO-AffectNet pseudo-label (teacher=Aff-Wild2, top=Happiness 0.36, tension=0.195) - 사람 검수 전"
OZaP2T74bLI.005,OZaP2T74bLI.005.mp4,OZaP2T74bLI,,,0.7511,"EMO-AffectNet pseudo-label (teacher=Aff-Wild2, top=Surprise 0.26, tension=0.249) - 사람 검수 전"
OZlpENU9h28.000,OZlpENU9h28.000.mp4,OZlpENU9h28,,,0.6211,"EMO-AffectNet pseudo-label (teacher=Aff-Wild2, top=Sadness 0.24, tension=0.379) - 사람 검수 전"
OZlpENU9h28.002,OZlpENU9h28.002.mp4,OZlpENU9h28,,,0.6133,"EMO-AffectNet pseudo-label (teacher=Aff-Wild2, top=Fear 0.22, tension=0.387) - 사람 검수 전"
OZlpENU9h28.003,OZlpENU9h28.003.mp4,OZlpENU9h28,,,0.6242,"EMO-AffectNet pseudo-label (teacher=Aff-Wild2, top=Sadness 0.21, tension=0.376) - 사람 검수 전"
OZlpENU9h28.005,OZlpENU9h28.005.mp4,OZlpENU9h28,,,0.6248,"EMO-AffectNet pseudo-label (teacher=Aff-Wild2, top=Sadness 0.23, tension=0.375) - 사람 검수 전"
OcS4H_dFeOc.001,OcS4H_dFeOc.001.mp4,OcS4H_dFeOc,,,0.6637,"EMO-AffectNet pseudo-label (teacher=Aff-Wild2, top=Neutral 0.20, tension=0.336) - 사람 검수 전"
OckL7z_nBGg.002,OckL7z_nBGg.002.mp4,OckL7z_nBGg,,,0.6587,"EMO-AffectNet pseudo-label (teacher=Aff-Wild2, top=Sadness 0.19, tension=0.341) - 사람 검수 전"
OckL7z_nBGg.003,OckL7z_nBGg.003.mp4,OckL7z_nBGg,,,0.6488,"EMO-AffectNet pseudo-label (teacher=Aff-Wild2, top=Sadness 0.23, tension=0.351) - 사람 검수 전"
OckL7z_nBGg.004,OckL7z_nBGg.004.mp4,OckL7z_nBGg,,,0.6508,"EMO-AffectNet pseudo-label (teacher=Aff-Wild2, top=Sadness 0.25, tension=0.349) - 사람 검수 전"
OckL7z_nBGg.005,OckL7z_nBGg.005.mp4,OckL7z_nBGg,,,0.6443,"EMO-AffectNet pseudo-label (teacher=Aff-Wild2, top=Sadness 0.26, tension=0.356) - 사람 검수 전"
OdwK_oMdfSU.000,OdwK_oMdfSU.000.mp4,OdwK_oMdfSU,,,0.7284,"EMO-AffectNet pseudo-label (teacher=Aff-Wild2, top=Surprise 0.29, tension=0.272) - 사람 검수 전"
OdwK_oMdfSU.002,OdwK_oMdfSU.002.mp4,OdwK_oMdfSU,,,0.6994,"EMO-AffectNet pseudo-label (teacher=Aff-Wild2, top=Anger 0.21, tension=0.301) - 사람 검수 전"
OdwK_oMdfSU.003,OdwK_oMdfSU.003.mp4,OdwK_oMdfSU,,,0.736,"EMO-AffectNet pseudo-label (teacher=Aff-Wild2, top=Anger 0.22, tension=0.264) - 사람 검수 전"
OdwK_oMdfSU.005,OdwK_oMdfSU.005.mp4,OdwK_oMdfSU,,,0.6974,"EMO-AffectNet pseudo-label (teacher=Aff-Wild2, top=Anger 0.18, tension=0.303) - 사람 검수 전"
Oe7ItP7gS4w.000,Oe7ItP7gS4w.000.mp4,Oe7ItP7gS4w,,,0.6746,"EMO-AffectNet pseudo-label (teacher=Aff-Wild2, top=Neutral 0.22, tension=0.325) - 사람 검수 전"
Oe7ItP7gS4w.002,Oe7ItP7gS4w.002.mp4,Oe7ItP7gS4w,,,0.7137,"EMO-AffectNet pseudo-label (teacher=Aff-Wild2, top=Neutral 0.18, tension=0.286) - 사람 검수 전"
Oe7ItP7gS4w.004,Oe7ItP7gS4w.004.mp4,Oe7ItP7gS4w,,,0.6937,"EMO-AffectNet pseudo-label (teacher=Aff-Wild2, top=Neutral 0.35, tension=0.306) - 사람 검수 전"
OeGMd58Wgsk.000,OeGMd58Wgsk.000.mp4,OeGMd58Wgsk,,,0.6909,"EMO-AffectNet pseudo-label (teacher=Aff-Wild2, top=Neutral 0.26, tension=0.309) - 사람 검수 전"
OeGMd58Wgsk.003,OeGMd58Wgsk.003.mp4,OeGMd58Wgsk,,,0.7079,"EMO-AffectNet pseudo-label (teacher=Aff-Wild2, top=Neutral 0.29, tension=0.292) - 사람 검수 전"
OeT6Skotv7g.004,OeT6Skotv7g.004.mp4,OeT6Skotv7g,,,0.7785,"EMO-AffectNet pseudo-label (teacher=Aff-Wild2, top=Neutral 0.28, tension=0.222) - 사람 검수 전"
OgPC4wnLJR0.001,OgPC4wnLJR0.001.mp4,OgPC4wnLJR0,,,0.7365,"EMO-AffectNet pseudo-label (teacher=Aff-Wild2, top=Neutral 0.22, tension=0.263) - 사람 검수 전"
OgPC4wnLJR0.002,OgPC4wnLJR0.002.mp4,OgPC4wnLJR0,,,0.7328,"EMO-AffectNet pseudo-label (teacher=Aff-Wild2, top=Neutral 0.23, tension=0.267) - 사람 검수 전"
OgPC4wnLJR0.003,OgPC4wnLJR0.003.mp4,OgPC4wnLJR0,,,0.729,"EMO-AffectNet pseudo-label (teacher=Aff-Wild2, top=Neutral 0.29, tension=0.271) - 사람 검수 전"
OgPC4wnLJR0.004,OgPC4wnLJR0.004.mp4,OgPC4wnLJR0,,,0.6836,"EMO-AffectNet pseudo-label (teacher=Aff-Wild2, top=Neutral 0.30, tension=0.316) - 사람 검수 전"
OgPC4wnLJR0.005,OgPC4wnLJR0.005.mp4,OgPC4wnLJR0,,,0.7748,"EMO-AffectNet pseudo-label (teacher=Aff-Wild2, top=Happiness 0.29, tension=0.225) - 사람 검수 전"
OhHg1lyxe4I.000,OhHg1lyxe4I.000.mp4,OhHg1lyxe4I,,,0.6247,"EMO-AffectNet pseudo-label (teacher=Aff-Wild2, top=Sadness 0.25, tension=0.375) - 사람 검수 전"
OhHg1lyxe4I.001,OhHg1lyxe4I.001.mp4,OhHg1lyxe4I,,,0.6233,"EMO-AffectNet pseudo-label (teacher=Aff-Wild2, top=Sadness 0.23, tension=0.377) - 사람 검수 전"
OhHg1lyxe4I.002,OhHg1lyxe4I.002.mp4,OhHg1lyxe4I,,,0.6091,"EMO-AffectNet pseudo-label (teacher=Aff-Wild2, top=Sadness 0.31, tension=0.391) - 사람 검수 전"
OmXuhT4yJpo.000,OmXuhT4yJpo.000.mp4,OmXuhT4yJpo,,,0.9106,"EMO-AffectNet pseudo-label (teacher=Aff-Wild2, top=Happiness 0.70, tension=0.089) - 사람 검수 전"
OmXuhT4yJpo.005,OmXuhT4yJpo.005.mp4,OmXuhT4yJpo,,,0.9348,"EMO-AffectNet pseudo-label (teacher=Aff-Wild2, top=Happiness 0.78, tension=0.065) - 사람 검수 전"
On2c_8sU8Vw.001,On2c_8sU8Vw.001.mp4,On2c_8sU8Vw,,,0.7439,"EMO-AffectNet pseudo-label (teacher=Aff-Wild2, top=Surprise 0.28, tension=0.256) - 사람 검수 전"
On2c_8sU8Vw.002,On2c_8sU8Vw.002.mp4,On2c_8sU8Vw,,,0.7663,"EMO-AffectNet pseudo-label (teacher=Aff-Wild2, top=Neutral 0.29, tension=0.234) - 사람 검수 전"
On2c_8sU8Vw.004,On2c_8sU8Vw.004.mp4,On2c_8sU8Vw,,,0.836,"EMO-AffectNet pseudo-label (teacher=Aff-Wild2, top=Happiness 0.49, tension=0.164) - 사람 검수 전"
OovRk5U9_GY.000,OovRk5U9_GY.000.mp4,OovRk5U9_GY,,,0.733,"EMO-AffectNet pseudo-label (teacher=Aff-Wild2, top=Neutral 0.26, tension=0.267) - 사람 검수 전"
OovRk5U9_GY.004,OovRk5U9_GY.004.mp4,OovRk5U9_GY,,,0.6934,"EMO-AffectNet pseudo-label (teacher=Aff-Wild2, top=Sadness 0.25, tension=0.307) - 사람 검수 전"
OoxYhDbzWwg.002,OoxYhDbzWwg.002.mp4,OoxYhDbzWwg,,,0.6241,"EMO-AffectNet pseudo-label (teacher=Aff-Wild2, top=Fear 0.36, tension=0.376) - 사람 검수 전"
OoxYhDbzWwg.005,OoxYhDbzWwg.005.mp4,OoxYhDbzWwg,,,0.6416,"EMO-AffectNet pseudo-label (teacher=Aff-Wild2, top=Fear 0.29, tension=0.358) - 사람 검수 전"
Or2_bP4lWYI.000,Or2_bP4lWYI.000.mp4,Or2_bP4lWYI,,,0.7234,"EMO-AffectNet pseudo-label (teacher=Aff-Wild2, top=Neutral 0.26, tension=0.277) - 사람 검수 전"
Or2_bP4lWYI.001,Or2_bP4lWYI.001.mp4,Or2_bP4lWYI,,,0.6891,"EMO-AffectNet pseudo-label (teacher=Aff-Wild2, top=Anger 0.28, tension=0.311) - 사람 검수 전"
Or2_bP4lWYI.002,Or2_bP4lWYI.002.mp4,Or2_bP4lWYI,,,0.7281,"EMO-AffectNet pseudo-label (teacher=Aff-Wild2, top=Neutral 0.25, tension=0.272) - 사람 검수 전"
Or2_bP4lWYI.004,Or2_bP4lWYI.004.mp4,Or2_bP4lWYI,,,0.7249,"EMO-AffectNet pseudo-label (teacher=Aff-Wild2, top=Anger 0.24, tension=0.275) - 사람 검수 전"
Or2_bP4lWYI.005,Or2_bP4lWYI.005.mp4,Or2_bP4lWYI,,,0.7326,"EMO-AffectNet pseudo-label (teacher=Aff-Wild2, top=Anger 0.25, tension=0.267) - 사람 검수 전"
Os7L5C-i9Fw.000,Os7L5C-i9Fw.000.mp4,Os7L5C-i9Fw,,,0.6947,"EMO-AffectNet pseudo-label (teacher=Aff-Wild2, top=Neutral 0.32, tension=0.305) - 사람 검수 전"
Os7L5C-i9Fw.003,Os7L5C-i9Fw.003.mp4,Os7L5C-i9Fw,,,0.6833,"EMO-AffectNet pseudo-label (teacher=Aff-Wild2, top=Neutral 0.29, tension=0.317) - 사람 검수 전"
Os7L5C-i9Fw.004,Os7L5C-i9Fw.004.mp4,Os7L5C-i9Fw,,,0.6945,"EMO-AffectNet pseudo-label (teacher=Aff-Wild2, top=Neutral 0.33, tension=0.306) - 사람 검수 전"
OtGJDbI9qkM.000,OtGJDbI9qkM.000.mp4,OtGJDbI9qkM,,,0.7089,"EMO-AffectNet pseudo-label (teacher=Aff-Wild2, top=Happiness 0.30, tension=0.291) - 사람 검수 전"
OtGJDbI9qkM.002,OtGJDbI9qkM.002.mp4,OtGJDbI9qkM,,,0.8071,"EMO-AffectNet pseudo-label (teacher=Aff-Wild2, top=Happiness 0.49, tension=0.193) - 사람 검수 전"
OtGJDbI9qkM.004,OtGJDbI9qkM.004.mp4,OtGJDbI9qkM,,,0.624,"EMO-AffectNet pseudo-label (teacher=Aff-Wild2, top=Anger 0.20, tension=0.376) - 사람 검수 전"
OtGJDbI9qkM.005,OtGJDbI9qkM.005.mp4,OtGJDbI9qkM,,,0.6867,"EMO-AffectNet pseudo-label (teacher=Aff-Wild2, top=Anger 0.27, tension=0.313) - 사람 검수 전"
OuE91U_n04E.000,OuE91U_n04E.000.mp4,OuE91U_n04E,,,0.672,"EMO-AffectNet pseudo-label (teacher=Aff-Wild2, top=Neutral 0.22, tension=0.328) - 사람 검수 전"
OuE91U_n04E.001,OuE91U_n04E.001.mp4,OuE91U_n04E,,,0.8711,"EMO-AffectNet pseudo-label (teacher=Aff-Wild2, top=Happiness 0.62, tension=0.129) - 사람 검수 전"
OugdInDyt9s.000,OugdInDyt9s.000.mp4,OugdInDyt9s,,,0.7734,"EMO-AffectNet pseudo-label (teacher=Aff-Wild2, top=Neutral 0.29, tension=0.227) - 사람 검수 전"
OugdInDyt9s.003,OugdInDyt9s.003.mp4,OugdInDyt9s,,,0.797,"EMO-AffectNet pseudo-label (teacher=Aff-Wild2, top=Neutral 0.28, tension=0.203) - 사람 검수 전"
OugdInDyt9s.005,OugdInDyt9s.005.mp4,OugdInDyt9s,,,0.8185,"EMO-AffectNet pseudo-label (teacher=Aff-Wild2, top=Neutral 0.27, tension=0.181) - 사람 검수 전"
OwI3Q-qUqDw.000,OwI3Q-qUqDw.000.mp4,OwI3Q-qUqDw,,,0.6913,"EMO-AffectNet pseudo-label (teacher=Aff-Wild2, top=Anger 0.29, tension=0.309) - 사람 검수 전"
OwI3Q-qUqDw.001,OwI3Q-qUqDw.001.mp4,OwI3Q-qUqDw,,,0.6862,"EMO-AffectNet pseudo-label (teacher=Aff-Wild2, top=Anger 0.35, tension=0.314) - 사람 검수 전"
OwI3Q-qUqDw.002,OwI3Q-qUqDw.002.mp4,OwI3Q-qUqDw,,,0.6924,"EMO-AffectNet pseudo-label (teacher=Aff-Wild2, top=Anger 0.30, tension=0.308) - 사람 검수 전"
OwI3Q-qUqDw.005,OwI3Q-qUqDw.005.mp4,OwI3Q-qUqDw,,,0.698,"EMO-AffectNet pseudo-label (teacher=Aff-Wild2, top=Neutral 0.28, tension=0.302) - 사람 검수 전"
OwlFAiE0Qrg.000,OwlFAiE0Qrg.000.mp4,OwlFAiE0Qrg,,,0.6403,"EMO-AffectNet pseudo-label (teacher=Aff-Wild2, top=Fear 0.34, tension=0.360) - 사람 검수 전"
OwlFAiE0Qrg.002,OwlFAiE0Qrg.002.mp4,OwlFAiE0Qrg,,,0.6302,"EMO-AffectNet pseudo-label (teacher=Aff-Wild2, top=Fear 0.36, tension=0.370) - 사람 검수 전"
OxaBanUE6KE.001,OxaBanUE6KE.001.mp4,OxaBanUE6KE,,,0.7718,"EMO-AffectNet pseudo-label (teacher=Aff-Wild2, top=Neutral 0.33, tension=0.228) - 사람 검수 전"
OxaBanUE6KE.002,OxaBanUE6KE.002.mp4,OxaBanUE6KE,,,0.7695,"EMO-AffectNet pseudo-label (teacher=Aff-Wild2, top=Neutral 0.32, tension=0.231) - 사람 검수 전"
OxaBanUE6KE.004,OxaBanUE6KE.004.mp4,OxaBanUE6KE,,,0.7741,"EMO-AffectNet pseudo-label (teacher=Aff-Wild2, top=Neutral 0.33, tension=0.226) - 사람 검수 전"
P0ZzjnS8E24.000,P0ZzjnS8E24.000.mp4,P0ZzjnS8E24,,,0.7371,"EMO-AffectNet pseudo-label (teacher=Aff-Wild2, top=Surprise 0.27, tension=0.263) - 사람 검수 전"
P0a209IS614.002,P0a209IS614.002.mp4,P0a209IS614,,,0.6422,"EMO-AffectNet pseudo-label (teacher=Aff-Wild2, top=Fear 0.33, tension=0.358) - 사람 검수 전"
P0a209IS614.004,P0a209IS614.004.mp4,P0a209IS614,,,0.6427,"EMO-AffectNet pseudo-label (teacher=Aff-Wild2, top=Fear 0.29, tension=0.357) - 사람 검수 전"
P0a209IS614.005,P0a209IS614.005.mp4,P0a209IS614,,,0.6344,"EMO-AffectNet pseudo-label (teacher=Aff-Wild2, top=Fear 0.30, tension=0.366) - 사람 검수 전"
P63CUj9KnSw.001,P63CUj9KnSw.001.mp4,P63CUj9KnSw,,,0.6735,"EMO-AffectNet pseudo-label (teacher=Aff-Wild2, top=Neutral 0.34, tension=0.326) - 사람 검수 전"
P63CUj9KnSw.004,P63CUj9KnSw.004.mp4,P63CUj9KnSw,,,0.6421,"EMO-AffectNet pseudo-label (teacher=Aff-Wild2, top=Sadness 0.30, tension=0.358) - 사람 검수 전"
P6g1mZ3f76U.001,P6g1mZ3f76U.001.mp4,P6g1mZ3f76U,,,0.7877,"EMO-AffectNet pseudo-label (teacher=Aff-Wild2, top=Neutral 0.38, tension=0.212) - 사람 검수 전"
P6g1mZ3f76U.002,P6g1mZ3f76U.002.mp4,P6g1mZ3f76U,,,0.7287,"EMO-AffectNet pseudo-label (teacher=Aff-Wild2, top=Neutral 0.26, tension=0.271) - 사람 검수 전"
P6g1mZ3f76U.003,P6g1mZ3f76U.003.mp4,P6g1mZ3f76U,,,0.7628,"EMO-AffectNet pseudo-label (teacher=Aff-Wild2, top=Neutral 0.31, tension=0.237) - 사람 검수 전"
P7poMmhYnM0.001,P7poMmhYnM0.001.mp4,P7poMmhYnM0,,,0.6309,"EMO-AffectNet pseudo-label (teacher=Aff-Wild2, top=Anger 0.27, tension=0.369) - 사람 검수 전"
P9WDAY-MFzk.000,P9WDAY-MFzk.000.mp4,P9WDAY-MFzk,,,0.6505,"EMO-AffectNet pseudo-label (teacher=Aff-Wild2, top=Anger 0.29, tension=0.350) - 사람 검수 전"
P9WDAY-MFzk.002,P9WDAY-MFzk.002.mp4,P9WDAY-MFzk,,,0.6481,"EMO-AffectNet pseudo-label (teacher=Aff-Wild2, top=Fear 0.26, tension=0.352) - 사람 검수 전"
P9WDAY-MFzk.003,P9WDAY-MFzk.003.mp4,P9WDAY-MFzk,,,0.6596,"EMO-AffectNet pseudo-label (teacher=Aff-Wild2, top=Anger 0.28, tension=0.340) - 사람 검수 전"
PCmec_zcu_w.002,PCmec_zcu_w.002.mp4,PCmec_zcu_w,,,0.7164,"EMO-AffectNet pseudo-label (teacher=Aff-Wild2, top=Surprise 0.31, tension=0.284) - 사람 검수 전"
PHUlL5ZzX5U.001,PHUlL5ZzX5U.001.mp4,PHUlL5ZzX5U,,,0.7757,"EMO-AffectNet pseudo-label (teacher=Aff-Wild2, top=Neutral 0.44, tension=0.224) - 사람 검수 전"
PHUlL5ZzX5U.005,PHUlL5ZzX5U.005.mp4,PHUlL5ZzX5U,,,0.8,"EMO-AffectNet pseudo-label (teacher=Aff-Wild2, top=Neutral 0.36, tension=0.200) - 사람 검수 전"
PHZQmf82HvA.002,PHZQmf82HvA.002.mp4,PHZQmf82HvA,,,0.8477,"EMO-AffectNet pseudo-label (teacher=Aff-Wild2, top=Happiness 0.53, tension=0.152) - 사람 검수 전"
PHZQmf82HvA.005,PHZQmf82HvA.005.mp4,PHZQmf82HvA,,,0.7451,"EMO-AffectNet pseudo-label (teacher=Aff-Wild2, top=Happiness 0.33, tension=0.255) - 사람 검수 전"
PHmkN1cPl10.003,PHmkN1cPl10.003.mp4,PHmkN1cPl10,,,0.6415,"EMO-AffectNet pseudo-label (teacher=Aff-Wild2, top=Fear 0.28, tension=0.358) - 사람 검수 전"
PHmkN1cPl10.005,PHmkN1cPl10.005.mp4,PHmkN1cPl10,,,0.6375,"EMO-AffectNet pseudo-label (teacher=Aff-Wild2, top=Fear 0.30, tension=0.362) - 사람 검수 전"
PHv6CzBIC5E.001,PHv6CzBIC5E.001.mp4,PHv6CzBIC5E,,,0.6163,"EMO-AffectNet pseudo-label (teacher=Aff-Wild2, top=Sadness 0.42, tension=0.384) - 사람 검수 전"
PHv6CzBIC5E.002,PHv6CzBIC5E.002.mp4,PHv6CzBIC5E,,,0.6766,"EMO-AffectNet pseudo-label (teacher=Aff-Wild2, top=Neutral 0.30, tension=0.323) - 사람 검수 전"
PHv6CzBIC5E.004,PHv6CzBIC5E.004.mp4,PHv6CzBIC5E,,,0.6545,"EMO-AffectNet pseudo-label (teacher=Aff-Wild2, top=Sadness 0.37, tension=0.346) - 사람 검수 전"
PHv6CzBIC5E.005,PHv6CzBIC5E.005.mp4,PHv6CzBIC5E,,,0.6521,"EMO-AffectNet pseudo-label (teacher=Aff-Wild2, top=Sadness 0.36, tension=0.348) - 사람 검수 전"
PJxgOFaaUZM.004,PJxgOFaaUZM.004.mp4,PJxgOFaaUZM,,,0.7897,"EMO-AffectNet pseudo-label (teacher=Aff-Wild2, top=Happiness 0.28, tension=0.210) - 사람 검수 전"
PKYh4sungwI.002,PKYh4sungwI.002.mp4,PKYh4sungwI,,,0.7795,"EMO-AffectNet pseudo-label (teacher=Aff-Wild2, top=Happiness 0.30, tension=0.221) - 사람 검수 전"
PKYh4sungwI.003,PKYh4sungwI.003.mp4,PKYh4sungwI,,,0.775,"EMO-AffectNet pseudo-label (teacher=Aff-Wild2, top=Happiness 0.27, tension=0.225) - 사람 검수 전"
PKtzsEqLGx4.000,PKtzsEqLGx4.000.mp4,PKtzsEqLGx4,,,0.7767,"EMO-AffectNet pseudo-label (teacher=Aff-Wild2, top=Neutral 0.24, tension=0.223) - 사람 검수 전"
PKtzsEqLGx4.001,PKtzsEqLGx4.001.mp4,PKtzsEqLGx4,,,0.8303,"EMO-AffectNet pseudo-label (teacher=Aff-Wild2, top=Happiness 0.45, tension=0.170) - 사람 검수 전"
PKtzsEqLGx4.005,PKtzsEqLGx4.005.mp4,PKtzsEqLGx4,,,0.7431,"EMO-AffectNet pseudo-label (teacher=Aff-Wild2, top=Anger 0.23, tension=0.257) - 사람 검수 전"
PKyqjYem0dY.003,PKyqjYem0dY.003.mp4,PKyqjYem0dY,,,0.8438,"EMO-AffectNet pseudo-label (teacher=Aff-Wild2, top=Happiness 0.45, tension=0.156) - 사람 검수 전"
PKyqjYem0dY.004,PKyqjYem0dY.004.mp4,PKyqjYem0dY,,,0.7604,"EMO-AffectNet pseudo-label (teacher=Aff-Wild2, top=Neutral 0.24, tension=0.240) - 사람 검수 전"
PQBGDxYGaXU.001,PQBGDxYGaXU.001.mp4,PQBGDxYGaXU,,,0.7578,"EMO-AffectNet pseudo-label (teacher=Aff-Wild2, top=Neutral 0.33, tension=0.242) - 사람 검수 전"
PReOtefm17s.002,PReOtefm17s.002.mp4,PReOtefm17s,,,0.7317,"EMO-AffectNet pseudo-label (teacher=Aff-Wild2, top=Happiness 0.24, tension=0.268) - 사람 검수 전"
PReOtefm17s.005,PReOtefm17s.005.mp4,PReOtefm17s,,,0.6587,"EMO-AffectNet pseudo-label (teacher=Aff-Wild2, top=Fear 0.21, tension=0.341) - 사람 검수 전"
PRplbrM70sg.001,PRplbrM70sg.001.mp4,PRplbrM70sg,,,0.7535,"EMO-AffectNet pseudo-label (teacher=Aff-Wild2, top=Neutral 0.23, tension=0.246) - 사람 검수 전"
PRplbrM70sg.004,PRplbrM70sg.004.mp4,PRplbrM70sg,,,0.8235,"EMO-AffectNet pseudo-label (teacher=Aff-Wild2, top=Happiness 0.39, tension=0.176) - 사람 검수 전"
PTV5TBVRHxo.000,PTV5TBVRHxo.000.mp4,PTV5TBVRHxo,,,0.6877,"EMO-AffectNet pseudo-label (teacher=Aff-Wild2, top=Surprise 0.26, tension=0.312) - 사람 검수 전"
PTV5TBVRHxo.002,PTV5TBVRHxo.002.mp4,PTV5TBVRHxo,,,0.6432,"EMO-AffectNet pseudo-label (teacher=Aff-Wild2, top=Fear 0.23, tension=0.357) - 사람 검수 전"
PVm7Om88BSw.001,PVm7Om88BSw.001.mp4,PVm7Om88BSw,,,0.615,"EMO-AffectNet pseudo-label (teacher=Aff-Wild2, top=Fear 0.36, tension=0.385) - 사람 검수 전"
PVm7Om88BSw.003,PVm7Om88BSw.003.mp4,PVm7Om88BSw,,,0.6357,"EMO-AffectNet pseudo-label (teacher=Aff-Wild2, top=Fear 0.34, tension=0.364) - 사람 검수 전"
PWAe9M2SxT8.001,PWAe9M2SxT8.001.mp4,PWAe9M2SxT8,,,0.7352,"EMO-AffectNet pseudo-label (teacher=Aff-Wild2, top=Neutral 0.20, tension=0.265) - 사람 검수 전"
PWAe9M2SxT8.003,PWAe9M2SxT8.003.mp4,PWAe9M2SxT8,,,0.7472,"EMO-AffectNet pseudo-label (teacher=Aff-Wild2, top=Neutral 0.25, tension=0.253) - 사람 검수 전"
PWAe9M2SxT8.004,PWAe9M2SxT8.004.mp4,PWAe9M2SxT8,,,0.7468,"EMO-AffectNet pseudo-label (teacher=Aff-Wild2, top=Neutral 0.25, tension=0.253) - 사람 검수 전"
PWM-bKcs2p8.001,PWM-bKcs2p8.001.mp4,PWM-bKcs2p8,,,0.7079,"EMO-AffectNet pseudo-label (teacher=Aff-Wild2, top=Neutral 0.31, tension=0.292) - 사람 검수 전"
PWM-bKcs2p8.004,PWM-bKcs2p8.004.mp4,PWM-bKcs2p8,,,0.7212,"EMO-AffectNet pseudo-label (teacher=Aff-Wild2, top=Neutral 0.34, tension=0.279) - 사람 검수 전"
PYL8BGJKu20.001,PYL8BGJKu20.001.mp4,PYL8BGJKu20,,,0.6423,"EMO-AffectNet pseudo-label (teacher=Aff-Wild2, top=Neutral 0.19, tension=0.358) - 사람 검수 전"
PYYC0Jiwfdg.000,PYYC0Jiwfdg.000.mp4,PYYC0Jiwfdg,,,0.6802,"EMO-AffectNet pseudo-label (teacher=Aff-Wild2, top=Anger 0.25, tension=0.320) - 사람 검수 전"
PYYC0Jiwfdg.002,PYYC0Jiwfdg.002.mp4,PYYC0Jiwfdg,,,0.6805,"EMO-AffectNet pseudo-label (teacher=Aff-Wild2, top=Anger 0.22, tension=0.320) - 사람 검수 전"
PYYC0Jiwfdg.004,PYYC0Jiwfdg.004.mp4,PYYC0Jiwfdg,,,0.6917,"EMO-AffectNet pseudo-label (teacher=Aff-Wild2, top=Anger 0.25, tension=0.308) - 사람 검수 전"
P_wDFLJnW-o.000,P_wDFLJnW-o.000.mp4,P_wDFLJnW-o,,,0.7446,"EMO-AffectNet pseudo-label (teacher=Aff-Wild2, top=Neutral 0.35, tension=0.255) - 사람 검수 전"
P_wDFLJnW-o.001,P_wDFLJnW-o.001.mp4,P_wDFLJnW-o,,,0.7547,"EMO-AffectNet pseudo-label (teacher=Aff-Wild2, top=Surprise 0.27, tension=0.245) - 사람 검수 전"
P_wDFLJnW-o.004,P_wDFLJnW-o.004.mp4,P_wDFLJnW-o,,,0.7609,"EMO-AffectNet pseudo-label (teacher=Aff-Wild2, top=Neutral 0.37, tension=0.239) - 사람 검수 전"
Pb7aNc6Kd40.001,Pb7aNc6Kd40.001.mp4,Pb7aNc6Kd40,,,0.6704,"EMO-AffectNet pseudo-label (teacher=Aff-Wild2, top=Neutral 0.32, tension=0.330) - 사람 검수 전"
Pb7aNc6Kd40.003,Pb7aNc6Kd40.003.mp4,Pb7aNc6Kd40,,,0.65,"EMO-AffectNet pseudo-label (teacher=Aff-Wild2, top=Sadness 0.34, tension=0.350) - 사람 검수 전"
Pb7aNc6Kd40.005,Pb7aNc6Kd40.005.mp4,Pb7aNc6Kd40,,,0.5953,"EMO-AffectNet pseudo-label (teacher=Aff-Wild2, top=Sadness 0.44, tension=0.405) - 사람 검수 전"
Pb9GhzCRnqs.001,Pb9GhzCRnqs.001.mp4,Pb9GhzCRnqs,,,0.8112,"EMO-AffectNet pseudo-label (teacher=Aff-Wild2, top=Happiness 0.39, tension=0.189) - 사람 검수 전"
Pc-oQQwkIv8.000,Pc-oQQwkIv8.000.mp4,Pc-oQQwkIv8,,,0.7633,"EMO-AffectNet pseudo-label (teacher=Aff-Wild2, top=Neutral 0.38, tension=0.237) - 사람 검수 전"
Pc-oQQwkIv8.001,Pc-oQQwkIv8.001.mp4,Pc-oQQwkIv8,,,0.7397,"EMO-AffectNet pseudo-label (teacher=Aff-Wild2, top=Neutral 0.34, tension=0.260) - 사람 검수 전"
Pc-oQQwkIv8.003,Pc-oQQwkIv8.003.mp4,Pc-oQQwkIv8,,,0.7947,"EMO-AffectNet pseudo-label (teacher=Aff-Wild2, top=Neutral 0.30, tension=0.205) - 사람 검수 전"
Pc-oQQwkIv8.004,Pc-oQQwkIv8.004.mp4,Pc-oQQwkIv8,,,0.7949,"EMO-AffectNet pseudo-label (teacher=Aff-Wild2, top=Happiness 0.27, tension=0.205) - 사람 검수 전"
Pc3NjyhtVd0.003,Pc3NjyhtVd0.003.mp4,Pc3NjyhtVd0,,,0.6879,"EMO-AffectNet pseudo-label (teacher=Aff-Wild2, top=Surprise 0.21, tension=0.312) - 사람 검수 전"
PgpMUHH8lEI.000,PgpMUHH8lEI.000.mp4,PgpMUHH8lEI,,,0.8392,"EMO-AffectNet pseudo-label (teacher=Aff-Wild2, top=Happiness 0.54, tension=0.161) - 사람 검수 전"
PgpMUHH8lEI.002,PgpMUHH8lEI.002.mp4,PgpMUHH8lEI,,,0.7306,"EMO-AffectNet pseudo-label (teacher=Aff-Wild2, top=Neutral 0.22, tension=0.269) - 사람 검수 전"
PgpMUHH8lEI.003,PgpMUHH8lEI.003.mp4,PgpMUHH8lEI,,,0.8121,"EMO-AffectNet pseudo-label (teacher=Aff-Wild2, top=Happiness 0.44, tension=0.188) - 사람 검수 전"
PgpMUHH8lEI.004,PgpMUHH8lEI.004.mp4,PgpMUHH8lEI,,,0.8537,"EMO-AffectNet pseudo-label (teacher=Aff-Wild2, top=Happiness 0.55, tension=0.146) - 사람 검수 전"
PgpMUHH8lEI.005,PgpMUHH8lEI.005.mp4,PgpMUHH8lEI,,,0.7897,"EMO-AffectNet pseudo-label (teacher=Aff-Wild2, top=Happiness 0.28, tension=0.210) - 사람 검수 전"
PkEzIErhYZ8.002,PkEzIErhYZ8.002.mp4,PkEzIErhYZ8,,,0.7385,"EMO-AffectNet pseudo-label (teacher=Aff-Wild2, top=Neutral 0.29, tension=0.261) - 사람 검수 전"
Pkgi4--hwfo.005,Pkgi4--hwfo.005.mp4,Pkgi4--hwfo,,,0.7076,"EMO-AffectNet pseudo-label (teacher=Aff-Wild2, top=Surprise 0.33, tension=0.292) - 사람 검수 전"
PmJw3uI1qBE.000,PmJw3uI1qBE.000.mp4,PmJw3uI1qBE,,,0.7508,"EMO-AffectNet pseudo-label (teacher=Aff-Wild2, top=Neutral 0.30, tension=0.249) - 사람 검수 전"
Pn_LNsSsm58.000,Pn_LNsSsm58.000.mp4,Pn_LNsSsm58,,,0.7384,"EMO-AffectNet pseudo-label (teacher=Aff-Wild2, top=Neutral 0.22, tension=0.262) - 사람 검수 전"
Pn_LNsSsm58.001,Pn_LNsSsm58.001.mp4,Pn_LNsSsm58,,,0.7236,"EMO-AffectNet pseudo-label (teacher=Aff-Wild2, top=Neutral 0.34, tension=0.276) - 사람 검수 전"
Pn_LNsSsm58.004,Pn_LNsSsm58.004.mp4,Pn_LNsSsm58,,,0.7555,"EMO-AffectNet pseudo-label (teacher=Aff-Wild2, top=Neutral 0.23, tension=0.245) - 사람 검수 전"
Pn_LNsSsm58.005,Pn_LNsSsm58.005.mp4,Pn_LNsSsm58,,,0.7575,"EMO-AffectNet pseudo-label (teacher=Aff-Wild2, top=Neutral 0.36, tension=0.242) - 사람 검수 전"
Po4UGCJbCbw.002,Po4UGCJbCbw.002.mp4,Po4UGCJbCbw,,,0.7146,"EMO-AffectNet pseudo-label (teacher=Aff-Wild2, top=Neutral 0.29, tension=0.285) - 사람 검수 전"
PoF3lxFDggQ.000,PoF3lxFDggQ.000.mp4,PoF3lxFDggQ,,,0.6029,"EMO-AffectNet pseudo-label (teacher=Aff-Wild2, top=Disgust 0.37, tension=0.397) - 사람 검수 전"
PoF3lxFDggQ.004,PoF3lxFDggQ.004.mp4,PoF3lxFDggQ,,,0.7713,"EMO-AffectNet pseudo-label (teacher=Aff-Wild2, top=Happiness 0.38, tension=0.229) - 사람 검수 전"
PoF3lxFDggQ.005,PoF3lxFDggQ.005.mp4,PoF3lxFDggQ,,,0.5913,"EMO-AffectNet pseudo-label (teacher=Aff-Wild2, top=Disgust 0.42, tension=0.409) - 사람 검수 전"
PoVizBmIHy0.000,PoVizBmIHy0.000.mp4,PoVizBmIHy0,,,0.699,"EMO-AffectNet pseudo-label (teacher=Aff-Wild2, top=Neutral 0.33, tension=0.301) - 사람 검수 전"
PooFvZH6fK0.001,PooFvZH6fK0.001.mp4,PooFvZH6fK0,,,0.7422,"EMO-AffectNet pseudo-label (teacher=Aff-Wild2, top=Anger 0.23, tension=0.258) - 사람 검수 전"
PooFvZH6fK0.003,PooFvZH6fK0.003.mp4,PooFvZH6fK0,,,0.7623,"EMO-AffectNet pseudo-label (teacher=Aff-Wild2, top=Happiness 0.23, tension=0.238) - 사람 검수 전"
PpJ4S8ZM8mQ.000,PpJ4S8ZM8mQ.000.mp4,PpJ4S8ZM8mQ,,,0.8393,"EMO-AffectNet pseudo-label (teacher=Aff-Wild2, top=Happiness 0.37, tension=0.161) - 사람 검수 전"
PpJ4S8ZM8mQ.002,PpJ4S8ZM8mQ.002.mp4,PpJ4S8ZM8mQ,,,0.8206,"EMO-AffectNet pseudo-label (teacher=Aff-Wild2, top=Happiness 0.30, tension=0.179) - 사람 검수 전"
Pr-RpZ4gYCM.001,Pr-RpZ4gYCM.001.mp4,Pr-RpZ4gYCM,,,0.6404,"EMO-AffectNet pseudo-label (teacher=Aff-Wild2, top=Sadness 0.32, tension=0.360) - 사람 검수 전"
Pr7CHWFkWew.001,Pr7CHWFkWew.001.mp4,Pr7CHWFkWew,,,0.6997,"EMO-AffectNet pseudo-label (teacher=Aff-Wild2, top=Neutral 0.26, tension=0.300) - 사람 검수 전"
Ps55vHez10c.000,Ps55vHez10c.000.mp4,Ps55vHez10c,,,0.8149,"EMO-AffectNet pseudo-label (teacher=Aff-Wild2, top=Happiness 0.36, tension=0.185) - 사람 검수 전"
PsHb4YHooKM.003,PsHb4YHooKM.003.mp4,PsHb4YHooKM,,,0.7329,"EMO-AffectNet pseudo-label (teacher=Aff-Wild2, top=Surprise 0.28, tension=0.267) - 사람 검수 전"
Psahy1Vju4A.000,Psahy1Vju4A.000.mp4,Psahy1Vju4A,,,0.6435,"EMO-AffectNet pseudo-label (teacher=Aff-Wild2, top=Disgust 0.19, tension=0.357) - 사람 검수 전"
Psahy1Vju4A.002,Psahy1Vju4A.002.mp4,Psahy1Vju4A,,,0.6769,"EMO-AffectNet pseudo-label (teacher=Aff-Wild2, top=Neutral 0.23, tension=0.323) - 사람 검수 전"
Psahy1Vju4A.003,Psahy1Vju4A.003.mp4,Psahy1Vju4A,,,0.6231,"EMO-AffectNet pseudo-label (teacher=Aff-Wild2, top=Sadness 0.32, tension=0.377) - 사람 검수 전"
Psahy1Vju4A.005,Psahy1Vju4A.005.mp4,Psahy1Vju4A,,,0.644,"EMO-AffectNet pseudo-label (teacher=Aff-Wild2, top=Fear 0.20, tension=0.356) - 사람 검수 전"
PsqpkFKX8co.001,PsqpkFKX8co.001.mp4,PsqpkFKX8co,,,0.7871,"EMO-AffectNet pseudo-label (teacher=Aff-Wild2, top=Happiness 0.28, tension=0.213) - 사람 검수 전"
PsqpkFKX8co.002,PsqpkFKX8co.002.mp4,PsqpkFKX8co,,,0.7667,"EMO-AffectNet pseudo-label (teacher=Aff-Wild2, top=Neutral 0.26, tension=0.233) - 사람 검수 전"
PtA7yAu9-VE.000,PtA7yAu9-VE.000.mp4,PtA7yAu9-VE,,,0.7189,"EMO-AffectNet pseudo-label (teacher=Aff-Wild2, top=Surprise 0.28, tension=0.281) - 사람 검수 전"
PtA7yAu9-VE.004,PtA7yAu9-VE.004.mp4,PtA7yAu9-VE,,,0.6747,"EMO-AffectNet pseudo-label (teacher=Aff-Wild2, top=Neutral 0.21, tension=0.325) - 사람 검수 전"
PtA7yAu9-VE.005,PtA7yAu9-VE.005.mp4,PtA7yAu9-VE,,,0.7026,"EMO-AffectNet pseudo-label (teacher=Aff-Wild2, top=Neutral 0.20, tension=0.297) - 사람 검수 전"
PuVy3akfzNI.000,PuVy3akfzNI.000.mp4,PuVy3akfzNI,,,0.6639,"EMO-AffectNet pseudo-label (teacher=Aff-Wild2, top=Neutral 0.23, tension=0.336) - 사람 검수 전"
PuVy3akfzNI.002,PuVy3akfzNI.002.mp4,PuVy3akfzNI,,,0.702,"EMO-AffectNet pseudo-label (teacher=Aff-Wild2, top=Neutral 0.33, tension=0.298) - 사람 검수 전"
PxkMDzORBPE.005,PxkMDzORBPE.005.mp4,PxkMDzORBPE,,,0.6843,"EMO-AffectNet pseudo-label (teacher=Aff-Wild2, top=Surprise 0.22, tension=0.316) - 사람 검수 전"
PxpbeM9VavA.001,PxpbeM9VavA.001.mp4,PxpbeM9VavA,,,0.7806,"EMO-AffectNet pseudo-label (teacher=Aff-Wild2, top=Happiness 0.31, tension=0.219) - 사람 검수 전"
PxpbeM9VavA.003,PxpbeM9VavA.003.mp4,PxpbeM9VavA,,,0.7048,"EMO-AffectNet pseudo-label (teacher=Aff-Wild2, top=Neutral 0.23, tension=0.295) - 사람 검수 전"
PyPFJWirPjs.000,PyPFJWirPjs.000.mp4,PyPFJWirPjs,,,0.781,"EMO-AffectNet pseudo-label (teacher=Aff-Wild2, top=Neutral 0.43, tension=0.219) - 사람 검수 전"
PyPFJWirPjs.001,PyPFJWirPjs.001.mp4,PyPFJWirPjs,,,0.7836,"EMO-AffectNet pseudo-label (teacher=Aff-Wild2, top=Neutral 0.45, tension=0.216) - 사람 검수 전"
Q-cZz-M17PE.000,Q-cZz-M17PE.000.mp4,Q-cZz-M17PE,,,0.8064,"EMO-AffectNet pseudo-label (teacher=Aff-Wild2, top=Happiness 0.34, tension=0.194) - 사람 검수 전"
Q0C0OU-j4DA.001,Q0C0OU-j4DA.001.mp4,Q0C0OU-j4DA,,,0.9065,"EMO-AffectNet pseudo-label (teacher=Aff-Wild2, top=Happiness 0.71, tension=0.093) - 사람 검수 전"
Q0C0OU-j4DA.002,Q0C0OU-j4DA.002.mp4,Q0C0OU-j4DA,,,0.9095,"EMO-AffectNet pseudo-label (teacher=Aff-Wild2, top=Happiness 0.71, tension=0.091) - 사람 검수 전"
Q0C0OU-j4DA.003,Q0C0OU-j4DA.003.mp4,Q0C0OU-j4DA,,,0.8938,"EMO-AffectNet pseudo-label (teacher=Aff-Wild2, top=Happiness 0.67, tension=0.106) - 사람 검수 전"
Q0C0OU-j4DA.004,Q0C0OU-j4DA.004.mp4,Q0C0OU-j4DA,,,0.7994,"EMO-AffectNet pseudo-label (teacher=Aff-Wild2, top=Happiness 0.35, tension=0.201) - 사람 검수 전"
Q0C0OU-j4DA.005,Q0C0OU-j4DA.005.mp4,Q0C0OU-j4DA,,,0.9161,"EMO-AffectNet pseudo-label (teacher=Aff-Wild2, top=Happiness 0.73, tension=0.084) - 사람 검수 전"
Q2AI4XpApFs.000,Q2AI4XpApFs.000.mp4,Q2AI4XpApFs,,,0.7272,"EMO-AffectNet pseudo-label (teacher=Aff-Wild2, top=Neutral 0.19, tension=0.273) - 사람 검수 전"
Q2AI4XpApFs.001,Q2AI4XpApFs.001.mp4,Q2AI4XpApFs,,,0.7792,"EMO-AffectNet pseudo-label (teacher=Aff-Wild2, top=Happiness 0.36, tension=0.221) - 사람 검수 전"
Q2AI4XpApFs.002,Q2AI4XpApFs.002.mp4,Q2AI4XpApFs,,,0.7602,"EMO-AffectNet pseudo-label (teacher=Aff-Wild2, top=Happiness 0.28, tension=0.240) - 사람 검수 전"
Q2AI4XpApFs.005,Q2AI4XpApFs.005.mp4,Q2AI4XpApFs,,,0.691,"EMO-AffectNet pseudo-label (teacher=Aff-Wild2, top=Neutral 0.19, tension=0.309) - 사람 검수 전"
Q43qO4HC6mA.000,Q43qO4HC6mA.000.mp4,Q43qO4HC6mA,,,0.7744,"EMO-AffectNet pseudo-label (teacher=Aff-Wild2, top=Happiness 0.27, tension=0.226) - 사람 검수 전"
Q4z4GRUtccE.000,Q4z4GRUtccE.000.mp4,Q4z4GRUtccE,,,0.5779,"EMO-AffectNet pseudo-label (teacher=Aff-Wild2, top=Sadness 0.45, tension=0.422) - 사람 검수 전"
Q4z4GRUtccE.002,Q4z4GRUtccE.002.mp4,Q4z4GRUtccE,,,0.5542,"EMO-AffectNet pseudo-label (teacher=Aff-Wild2, top=Sadness 0.39, tension=0.446) - 사람 검수 전"
Q4z4GRUtccE.005,Q4z4GRUtccE.005.mp4,Q4z4GRUtccE,,,0.625,"EMO-AffectNet pseudo-label (teacher=Aff-Wild2, top=Sadness 0.33, tension=0.375) - 사람 검수 전"
Q5h34e5xM0Q.000,Q5h34e5xM0Q.000.mp4,Q5h34e5xM0Q,,,0.73,"EMO-AffectNet pseudo-label (teacher=Aff-Wild2, top=Surprise 0.24, tension=0.270) - 사람 검수 전"
Q6We7dJplls.002,Q6We7dJplls.002.mp4,Q6We7dJplls,,,0.7741,"EMO-AffectNet pseudo-label (teacher=Aff-Wild2, top=Neutral 0.24, tension=0.226) - 사람 검수 전"
Q6We7dJplls.005,Q6We7dJplls.005.mp4,Q6We7dJplls,,,0.7833,"EMO-AffectNet pseudo-label (teacher=Aff-Wild2, top=Neutral 0.27, tension=0.217) - 사람 검수 전"
QBZieJiOl1w.001,QBZieJiOl1w.001.mp4,QBZieJiOl1w,,,0.8309,"EMO-AffectNet pseudo-label (teacher=Aff-Wild2, top=Happiness 0.33, tension=0.169) - 사람 검수 전"
QBZieJiOl1w.003,QBZieJiOl1w.003.mp4,QBZieJiOl1w,,,0.7534,"EMO-AffectNet pseudo-label (teacher=Aff-Wild2, top=Neutral 0.29, tension=0.247) - 사람 검수 전"
QBZieJiOl1w.004,QBZieJiOl1w.004.mp4,QBZieJiOl1w,,,0.8524,"EMO-AffectNet pseudo-label (teacher=Aff-Wild2, top=Happiness 0.47, tension=0.148) - 사람 검수 전"
QDd2AfQEAqs.001,QDd2AfQEAqs.001.mp4,QDd2AfQEAqs,,,0.7304,"EMO-AffectNet pseudo-label (teacher=Aff-Wild2, top=Neutral 0.40, tension=0.270) - 사람 검수 전"
QJcc95Y0XPw.002,QJcc95Y0XPw.002.mp4,QJcc95Y0XPw,,,0.7192,"EMO-AffectNet pseudo-label (teacher=Aff-Wild2, top=Surprise 0.35, tension=0.281) - 사람 검수 전"
QKcx5msA7iA.000,QKcx5msA7iA.000.mp4,QKcx5msA7iA,,,0.8517,"EMO-AffectNet pseudo-label (teacher=Aff-Wild2, top=Happiness 0.49, tension=0.148) - 사람 검수 전"
QKcx5msA7iA.003,QKcx5msA7iA.003.mp4,QKcx5msA7iA,,,0.8036,"EMO-AffectNet pseudo-label (teacher=Aff-Wild2, top=Happiness 0.33, tension=0.196) - 사람 검수 전"
QKcx5msA7iA.004,QKcx5msA7iA.004.mp4,QKcx5msA7iA,,,0.8605,"EMO-AffectNet pseudo-label (teacher=Aff-Wild2, top=Happiness 0.52, tension=0.140) - 사람 검수 전"
QKlawwZQK9M.000,QKlawwZQK9M.000.mp4,QKlawwZQK9M,,,0.8522,"EMO-AffectNet pseudo-label (teacher=Aff-Wild2, top=Happiness 0.51, tension=0.148) - 사람 검수 전"
QKlawwZQK9M.001,QKlawwZQK9M.001.mp4,QKlawwZQK9M,,,0.8012,"EMO-AffectNet pseudo-label (teacher=Aff-Wild2, top=Happiness 0.43, tension=0.199) - 사람 검수 전"
QKluS-uQIaM.002,QKluS-uQIaM.002.mp4,QKluS-uQIaM,,,0.7207,"EMO-AffectNet pseudo-label (teacher=Aff-Wild2, top=Neutral 0.26, tension=0.279) - 사람 검수 전"
QMRAbwZCTfI.005,QMRAbwZCTfI.005.mp4,QMRAbwZCTfI,,,0.5569,"EMO-AffectNet pseudo-label (teacher=Aff-Wild2, top=Sadness 0.30, tension=0.443) - 사람 검수 전"
QNVsr2mGwGs.001,QNVsr2mGwGs.001.mp4,QNVsr2mGwGs,,,0.7335,"EMO-AffectNet pseudo-label (teacher=Aff-Wild2, top=Neutral 0.26, tension=0.266) - 사람 검수 전"
QNVsr2mGwGs.004,QNVsr2mGwGs.004.mp4,QNVsr2mGwGs,,,0.7601,"EMO-AffectNet pseudo-label (teacher=Aff-Wild2, top=Happiness 0.25, tension=0.240) - 사람 검수 전"
QNVsr2mGwGs.005,QNVsr2mGwGs.005.mp4,QNVsr2mGwGs,,,0.7877,"EMO-AffectNet pseudo-label (teacher=Aff-Wild2, top=Happiness 0.31, tension=0.212) - 사람 검수 전"
QQzeQOoqO20.001,QQzeQOoqO20.001.mp4,QQzeQOoqO20,,,0.7638,"EMO-AffectNet pseudo-label (teacher=Aff-Wild2, top=Neutral 0.33, tension=0.236) - 사람 검수 전"
QQzeQOoqO20.005,QQzeQOoqO20.005.mp4,QQzeQOoqO20,,,0.751,"EMO-AffectNet pseudo-label (teacher=Aff-Wild2, top=Neutral 0.37, tension=0.249) - 사람 검수 전"
QS7TwjzkYiU.004,QS7TwjzkYiU.004.mp4,QS7TwjzkYiU,,,0.832,"EMO-AffectNet pseudo-label (teacher=Aff-Wild2, top=Happiness 0.42, tension=0.168) - 사람 검수 전"
QTtTAFqT-no.004,QTtTAFqT-no.004.mp4,QTtTAFqT-no,,,0.7256,"EMO-AffectNet pseudo-label (teacher=Aff-Wild2, top=Neutral 0.43, tension=0.274) - 사람 검수 전"
QXFRE_pjrAE.000,QXFRE_pjrAE.000.mp4,QXFRE_pjrAE,,,0.8703,"EMO-AffectNet pseudo-label (teacher=Aff-Wild2, top=Happiness 0.55, tension=0.130) - 사람 검수 전"
QXFRE_pjrAE.001,QXFRE_pjrAE.001.mp4,QXFRE_pjrAE,,,0.7847,"EMO-AffectNet pseudo-label (teacher=Aff-Wild2, top=Surprise 0.26, tension=0.215) - 사람 검수 전"
QXFRE_pjrAE.003,QXFRE_pjrAE.003.mp4,QXFRE_pjrAE,,,0.854,"EMO-AffectNet pseudo-label (teacher=Aff-Wild2, top=Happiness 0.48, tension=0.146) - 사람 검수 전"
Q_YyIgxj6HE.001,Q_YyIgxj6HE.001.mp4,Q_YyIgxj6HE,,,0.7666,"EMO-AffectNet pseudo-label (teacher=Aff-Wild2, top=Happiness 0.26, tension=0.233) - 사람 검수 전"
QdafN9Y_j-Y.001,QdafN9Y_j-Y.001.mp4,QdafN9Y_j-Y,,,0.6448,"EMO-AffectNet pseudo-label (teacher=Aff-Wild2, top=Disgust 0.19, tension=0.355) - 사람 검수 전"
Qe7q8SFJ71E.004,Qe7q8SFJ71E.004.mp4,Qe7q8SFJ71E,,,0.683,"EMO-AffectNet pseudo-label (teacher=Aff-Wild2, top=Sadness 0.25, tension=0.317) - 사람 검수 전"
QfU5JsVMjfI.000,QfU5JsVMjfI.000.mp4,QfU5JsVMjfI,,,0.7198,"EMO-AffectNet pseudo-label (teacher=Aff-Wild2, top=Neutral 0.34, tension=0.280) - 사람 검수 전"
QfU5JsVMjfI.001,QfU5JsVMjfI.001.mp4,QfU5JsVMjfI,,,0.7197,"EMO-AffectNet pseudo-label (teacher=Aff-Wild2, top=Neutral 0.31, tension=0.280) - 사람 검수 전"
QfU5JsVMjfI.003,QfU5JsVMjfI.003.mp4,QfU5JsVMjfI,,,0.7363,"EMO-AffectNet pseudo-label (teacher=Aff-Wild2, top=Neutral 0.36, tension=0.264) - 사람 검수 전"
QiPb8vlGDFo.000,QiPb8vlGDFo.000.mp4,QiPb8vlGDFo,,,0.7899,"EMO-AffectNet pseudo-label (teacher=Aff-Wild2, top=Neutral 0.37, tension=0.210) - 사람 검수 전"
QiPb8vlGDFo.001,QiPb8vlGDFo.001.mp4,QiPb8vlGDFo,,,0.8202,"EMO-AffectNet pseudo-label (teacher=Aff-Wild2, top=Happiness 0.34, tension=0.180) - 사람 검수 전"
QiPb8vlGDFo.002,QiPb8vlGDFo.002.mp4,QiPb8vlGDFo,,,0.7966,"EMO-AffectNet pseudo-label (teacher=Aff-Wild2, top=Neutral 0.33, tension=0.203) - 사람 검수 전"
QiPb8vlGDFo.003,QiPb8vlGDFo.003.mp4,QiPb8vlGDFo,,,0.7924,"EMO-AffectNet pseudo-label (teacher=Aff-Wild2, top=Happiness 0.29, tension=0.208) - 사람 검수 전"
QiPb8vlGDFo.004,QiPb8vlGDFo.004.mp4,QiPb8vlGDFo,,,0.813,"EMO-AffectNet pseudo-label (teacher=Aff-Wild2, top=Happiness 0.30, tension=0.187) - 사람 검수 전"
QiR6yJbFCfM.005,QiR6yJbFCfM.005.mp4,QiR6yJbFCfM,,,0.7239,"EMO-AffectNet pseudo-label (teacher=Aff-Wild2, top=Neutral 0.33, tension=0.276) - 사람 검수 전"
QipgesEKSNA.000,QipgesEKSNA.000.mp4,QipgesEKSNA,,,0.8523,"EMO-AffectNet pseudo-label (teacher=Aff-Wild2, top=Happiness 0.47, tension=0.148) - 사람 검수 전"
QipgesEKSNA.001,QipgesEKSNA.001.mp4,QipgesEKSNA,,,0.848,"EMO-AffectNet pseudo-label (teacher=Aff-Wild2, top=Happiness 0.43, tension=0.152) - 사람 검수 전"
QipgesEKSNA.002,QipgesEKSNA.002.mp4,QipgesEKSNA,,,0.8384,"EMO-AffectNet pseudo-label (teacher=Aff-Wild2, top=Happiness 0.44, tension=0.162) - 사람 검수 전"
QipgesEKSNA.004,QipgesEKSNA.004.mp4,QipgesEKSNA,,,0.7808,"EMO-AffectNet pseudo-label (teacher=Aff-Wild2, top=Neutral 0.29, tension=0.219) - 사람 검수 전"
Qkao4XiSflU.003,Qkao4XiSflU.003.mp4,Qkao4XiSflU,,,0.6658,"EMO-AffectNet pseudo-label (teacher=Aff-Wild2, top=Surprise 0.24, tension=0.334) - 사람 검수 전"
QlBgvZjbX30.000,QlBgvZjbX30.000.mp4,QlBgvZjbX30,,,0.7946,"EMO-AffectNet pseudo-label (teacher=Aff-Wild2, top=Happiness 0.35, tension=0.205) - 사람 검수 전"
QlBgvZjbX30.002,QlBgvZjbX30.002.mp4,QlBgvZjbX30,,,0.7245,"EMO-AffectNet pseudo-label (teacher=Aff-Wild2, top=Happiness 0.22, tension=0.275) - 사람 검수 전"
QlkTEWrSCBs.000,QlkTEWrSCBs.000.mp4,QlkTEWrSCBs,,,0.723,"EMO-AffectNet pseudo-label (teacher=Aff-Wild2, top=Neutral 0.36, tension=0.277) - 사람 검수 전"
QovE6L-C9VY.000,QovE6L-C9VY.000.mp4,QovE6L-C9VY,,,0.7038,"EMO-AffectNet pseudo-label (teacher=Aff-Wild2, top=Neutral 0.21, tension=0.296) - 사람 검수 전"
QpA0gj1y6KE.000,QpA0gj1y6KE.000.mp4,QpA0gj1y6KE,,,0.9096,"EMO-AffectNet pseudo-label (teacher=Aff-Wild2, top=Happiness 0.69, tension=0.090) - 사람 검수 전"
QqTw0lnrtBo.002,QqTw0lnrtBo.002.mp4,QqTw0lnrtBo,,,0.7408,"EMO-AffectNet pseudo-label (teacher=Aff-Wild2, top=Neutral 0.32, tension=0.259) - 사람 검수 전"
QqTw0lnrtBo.004,QqTw0lnrtBo.004.mp4,QqTw0lnrtBo,,,0.7382,"EMO-AffectNet pseudo-label (teacher=Aff-Wild2, top=Neutral 0.33, tension=0.262) - 사람 검수 전"
Qqc1539E6rs.002,Qqc1539E6rs.002.mp4,Qqc1539E6rs,,,0.6524,"EMO-AffectNet pseudo-label (teacher=Aff-Wild2, top=Anger 0.21, tension=0.348) - 사람 검수 전"
Qqc1539E6rs.003,Qqc1539E6rs.003.mp4,Qqc1539E6rs,,,0.6767,"EMO-AffectNet pseudo-label (teacher=Aff-Wild2, top=Anger 0.19, tension=0.323) - 사람 검수 전"
Qqc1539E6rs.005,Qqc1539E6rs.005.mp4,Qqc1539E6rs,,,0.6549,"EMO-AffectNet pseudo-label (teacher=Aff-Wild2, top=Anger 0.23, tension=0.345) - 사람 검수 전"
QsUj_OlGQ-0.000,QsUj_OlGQ-0.000.mp4,QsUj_OlGQ-0,,,0.729,"EMO-AffectNet pseudo-label (teacher=Aff-Wild2, top=Anger 0.22, tension=0.271) - 사람 검수 전"
QsUj_OlGQ-0.002,QsUj_OlGQ-0.002.mp4,QsUj_OlGQ-0,,,0.6897,"EMO-AffectNet pseudo-label (teacher=Aff-Wild2, top=Anger 0.27, tension=0.310) - 사람 검수 전"
QsUj_OlGQ-0.004,QsUj_OlGQ-0.004.mp4,QsUj_OlGQ-0,,,0.6777,"EMO-AffectNet pseudo-label (teacher=Aff-Wild2, top=Neutral 0.26, tension=0.322) - 사람 검수 전"
QsUj_OlGQ-0.005,QsUj_OlGQ-0.005.mp4,QsUj_OlGQ-0,,,0.7244,"EMO-AffectNet pseudo-label (teacher=Aff-Wild2, top=Neutral 0.26, tension=0.276) - 사람 검수 전"
Qu81v9Aybv4.000,Qu81v9Aybv4.000.mp4,Qu81v9Aybv4,,,0.8939,"EMO-AffectNet pseudo-label (teacher=Aff-Wild2, top=Happiness 0.68, tension=0.106) - 사람 검수 전"
Qu81v9Aybv4.002,Qu81v9Aybv4.002.mp4,Qu81v9Aybv4,,,0.6974,"EMO-AffectNet pseudo-label (teacher=Aff-Wild2, top=Happiness 0.23, tension=0.303) - 사람 검수 전"
Qu81v9Aybv4.003,Qu81v9Aybv4.003.mp4,Qu81v9Aybv4,,,0.8206,"EMO-AffectNet pseudo-label (teacher=Aff-Wild2, top=Happiness 0.45, tension=0.179) - 사람 검수 전"
Qu81v9Aybv4.004,Qu81v9Aybv4.004.mp4,Qu81v9Aybv4,,,0.8265,"EMO-AffectNet pseudo-label (teacher=Aff-Wild2, top=Happiness 0.49, tension=0.174) - 사람 검수 전"
Qu81v9Aybv4.005,Qu81v9Aybv4.005.mp4,Qu81v9Aybv4,,,0.8387,"EMO-AffectNet pseudo-label (teacher=Aff-Wild2, top=Happiness 0.51, tension=0.161) - 사람 검수 전"
QuwVzi2tQrQ.005,QuwVzi2tQrQ.005.mp4,QuwVzi2tQrQ,,,0.7888,"EMO-AffectNet pseudo-label (teacher=Aff-Wild2, top=Neutral 0.28, tension=0.211) - 사람 검수 전"
QyVTG0sGKg0.001,QyVTG0sGKg0.001.mp4,QyVTG0sGKg0,,,0.6362,"EMO-AffectNet pseudo-label (teacher=Aff-Wild2, top=Fear 0.21, tension=0.364) - 사람 검수 전"
QyVTG0sGKg0.002,QyVTG0sGKg0.002.mp4,QyVTG0sGKg0,,,0.6593,"EMO-AffectNet pseudo-label (teacher=Aff-Wild2, top=Neutral 0.24, tension=0.341) - 사람 검수 전"
Qz_cjgCtDcM.001,Qz_cjgCtDcM.001.mp4,Qz_cjgCtDcM,,,0.6191,"EMO-AffectNet pseudo-label (teacher=Aff-Wild2, top=Fear 0.19, tension=0.381) - 사람 검수 전"
Qz_cjgCtDcM.003,Qz_cjgCtDcM.003.mp4,Qz_cjgCtDcM,,,0.623,"EMO-AffectNet pseudo-label (teacher=Aff-Wild2, top=Sadness 0.25, tension=0.377) - 사람 검수 전"
Qz_cjgCtDcM.005,Qz_cjgCtDcM.005.mp4,Qz_cjgCtDcM,,,0.6732,"EMO-AffectNet pseudo-label (teacher=Aff-Wild2, top=Anger 0.18, tension=0.327) - 사람 검수 전"
Qzu9b49qvKo.003,Qzu9b49qvKo.003.mp4,Qzu9b49qvKo,,,0.7761,"EMO-AffectNet pseudo-label (teacher=Aff-Wild2, top=Happiness 0.36, tension=0.224) - 사람 검수 전"
R-qB2FX7ZbE.001,R-qB2FX7ZbE.001.mp4,R-qB2FX7ZbE,,,0.7728,"EMO-AffectNet pseudo-label (teacher=Aff-Wild2, top=Neutral 0.30, tension=0.227) - 사람 검수 전"
R-qB2FX7ZbE.004,R-qB2FX7ZbE.004.mp4,R-qB2FX7ZbE,,,0.7429,"EMO-AffectNet pseudo-label (teacher=Aff-Wild2, top=Neutral 0.35, tension=0.257) - 사람 검수 전"
R-vly7LKotQ.003,R-vly7LKotQ.003.mp4,R-vly7LKotQ,,,0.7007,"EMO-AffectNet pseudo-label (teacher=Aff-Wild2, top=Neutral 0.29, tension=0.299) - 사람 검수 전"
R0RURVpmU9M.004,R0RURVpmU9M.004.mp4,R0RURVpmU9M,,,0.7471,"EMO-AffectNet pseudo-label (teacher=Aff-Wild2, top=Happiness 0.31, tension=0.253) - 사람 검수 전"
R42dmIPCXwo.001,R42dmIPCXwo.001.mp4,R42dmIPCXwo,,,0.7371,"EMO-AffectNet pseudo-label (teacher=Aff-Wild2, top=Neutral 0.22, tension=0.263) - 사람 검수 전"
R42dmIPCXwo.003,R42dmIPCXwo.003.mp4,R42dmIPCXwo,,,0.7491,"EMO-AffectNet pseudo-label (teacher=Aff-Wild2, top=Neutral 0.29, tension=0.251) - 사람 검수 전"
R5uXsQsO6Uo.002,R5uXsQsO6Uo.002.mp4,R5uXsQsO6Uo,,,0.8577,"EMO-AffectNet pseudo-label (teacher=Aff-Wild2, top=Happiness 0.58, tension=0.142) - 사람 검수 전"
R6NTuhZtOks.003,R6NTuhZtOks.003.mp4,R6NTuhZtOks,,,0.7552,"EMO-AffectNet pseudo-label (teacher=Aff-Wild2, top=Surprise 0.35, tension=0.245) - 사람 검수 전"
R6NTuhZtOks.005,R6NTuhZtOks.005.mp4,R6NTuhZtOks,,,0.7636,"EMO-AffectNet pseudo-label (teacher=Aff-Wild2, top=Surprise 0.33, tension=0.236) - 사람 검수 전"
R8Gpa-rRywc.001,R8Gpa-rRywc.001.mp4,R8Gpa-rRywc,,,0.7142,"EMO-AffectNet pseudo-label (teacher=Aff-Wild2, top=Neutral 0.32, tension=0.286) - 사람 검수 전"
RB9vu-0Y_Fk.001,RB9vu-0Y_Fk.001.mp4,RB9vu-0Y_Fk,,,0.7266,"EMO-AffectNet pseudo-label (teacher=Aff-Wild2, top=Neutral 0.37, tension=0.273) - 사람 검수 전"
RCr48dXuZYE.002,RCr48dXuZYE.002.mp4,RCr48dXuZYE,,,0.7852,"EMO-AffectNet pseudo-label (teacher=Aff-Wild2, top=Neutral 0.27, tension=0.215) - 사람 검수 전"
RDOngWykAQU.000,RDOngWykAQU.000.mp4,RDOngWykAQU,,,0.689,"EMO-AffectNet pseudo-label (teacher=Aff-Wild2, top=Surprise 0.39, tension=0.311) - 사람 검수 전"
RDOngWykAQU.002,RDOngWykAQU.002.mp4,RDOngWykAQU,,,0.6667,"EMO-AffectNet pseudo-label (teacher=Aff-Wild2, top=Surprise 0.36, tension=0.333) - 사람 검수 전"
RDOngWykAQU.003,RDOngWykAQU.003.mp4,RDOngWykAQU,,,0.6925,"EMO-AffectNet pseudo-label (teacher=Aff-Wild2, top=Surprise 0.31, tension=0.307) - 사람 검수 전"
REAxeTWo1QM.002,REAxeTWo1QM.002.mp4,REAxeTWo1QM,,,0.6805,"EMO-AffectNet pseudo-label (teacher=Aff-Wild2, top=Neutral 0.29, tension=0.320) - 사람 검수 전"
RGuHfwIRKpA.000,RGuHfwIRKpA.000.mp4,RGuHfwIRKpA,,,0.6981,"EMO-AffectNet pseudo-label (teacher=Aff-Wild2, top=Neutral 0.29, tension=0.302) - 사람 검수 전"
RGuHfwIRKpA.001,RGuHfwIRKpA.001.mp4,RGuHfwIRKpA,,,0.7342,"EMO-AffectNet pseudo-label (teacher=Aff-Wild2, top=Neutral 0.41, tension=0.266) - 사람 검수 전"
RHEkTC8UfME.000,RHEkTC8UfME.000.mp4,RHEkTC8UfME,,,0.7038,"EMO-AffectNet pseudo-label (teacher=Aff-Wild2, top=Neutral 0.34, tension=0.296) - 사람 검수 전"
RHEkTC8UfME.003,RHEkTC8UfME.003.mp4,RHEkTC8UfME,,,0.7316,"EMO-AffectNet pseudo-label (teacher=Aff-Wild2, top=Neutral 0.30, tension=0.268) - 사람 검수 전"
RMA5HIyEsXc.000,RMA5HIyEsXc.000.mp4,RMA5HIyEsXc,,,0.6298,"EMO-AffectNet pseudo-label (teacher=Aff-Wild2, top=Fear 0.28, tension=0.370) - 사람 검수 전"
ROTx-0q1F9M.001,ROTx-0q1F9M.001.mp4,ROTx-0q1F9M,,,0.7612,"EMO-AffectNet pseudo-label (teacher=Aff-Wild2, top=Neutral 0.32, tension=0.239) - 사람 검수 전"
ROTx-0q1F9M.004,ROTx-0q1F9M.004.mp4,ROTx-0q1F9M,,,0.7626,"EMO-AffectNet pseudo-label (teacher=Aff-Wild2, top=Neutral 0.30, tension=0.237) - 사람 검수 전"
ROTx-0q1F9M.005,ROTx-0q1F9M.005.mp4,ROTx-0q1F9M,,,0.7749,"EMO-AffectNet pseudo-label (teacher=Aff-Wild2, top=Happiness 0.25, tension=0.225) - 사람 검수 전"
RQdZHLGGR_E.001,RQdZHLGGR_E.001.mp4,RQdZHLGGR_E,,,0.697,"EMO-AffectNet pseudo-label (teacher=Aff-Wild2, top=Anger 0.24, tension=0.303) - 사람 검수 전"
RQeoo3idUJc.004,RQeoo3idUJc.004.mp4,RQeoo3idUJc,,,0.7355,"EMO-AffectNet pseudo-label (teacher=Aff-Wild2, top=Neutral 0.38, tension=0.264) - 사람 검수 전"
RTJK4Duuxsc.003,RTJK4Duuxsc.003.mp4,RTJK4Duuxsc,,,0.794,"EMO-AffectNet pseudo-label (teacher=Aff-Wild2, top=Happiness 0.32, tension=0.206) - 사람 검수 전"
RW4a2ERzTO8.000,RW4a2ERzTO8.000.mp4,RW4a2ERzTO8,,,0.7199,"EMO-AffectNet pseudo-label (teacher=Aff-Wild2, top=Neutral 0.34, tension=0.280) - 사람 검수 전"
RWfY3Xk0XPQ.002,RWfY3Xk0XPQ.002.mp4,RWfY3Xk0XPQ,,,0.7291,"EMO-AffectNet pseudo-label (teacher=Aff-Wild2, top=Neutral 0.28, tension=0.271) - 사람 검수 전"
RWfY3Xk0XPQ.003,RWfY3Xk0XPQ.003.mp4,RWfY3Xk0XPQ,,,0.7159,"EMO-AffectNet pseudo-label (teacher=Aff-Wild2, top=Neutral 0.27, tension=0.284) - 사람 검수 전"
RWfY3Xk0XPQ.005,RWfY3Xk0XPQ.005.mp4,RWfY3Xk0XPQ,,,0.7597,"EMO-AffectNet pseudo-label (teacher=Aff-Wild2, top=Neutral 0.41, tension=0.240) - 사람 검수 전"
RWhyKkFI3zw.001,RWhyKkFI3zw.001.mp4,RWhyKkFI3zw,,,0.697,"EMO-AffectNet pseudo-label (teacher=Aff-Wild2, top=Neutral 0.17, tension=0.303) - 사람 검수 전"
RWhyKkFI3zw.004,RWhyKkFI3zw.004.mp4,RWhyKkFI3zw,,,0.6979,"EMO-AffectNet pseudo-label (teacher=Aff-Wild2, top=Neutral 0.22, tension=0.302) - 사람 검수 전"
RWhyKkFI3zw.005,RWhyKkFI3zw.005.mp4,RWhyKkFI3zw,,,0.7216,"EMO-AffectNet pseudo-label (teacher=Aff-Wild2, top=Neutral 0.23, tension=0.278) - 사람 검수 전"
RYG6XhdmPY0.001,RYG6XhdmPY0.001.mp4,RYG6XhdmPY0,,,0.6509,"EMO-AffectNet pseudo-label (teacher=Aff-Wild2, top=Disgust 0.21, tension=0.349) - 사람 검수 전"
RYG6XhdmPY0.002,RYG6XhdmPY0.002.mp4,RYG6XhdmPY0,,,0.6381,"EMO-AffectNet pseudo-label (teacher=Aff-Wild2, top=Disgust 0.28, tension=0.362) - 사람 검수 전"
RYG6XhdmPY0.004,RYG6XhdmPY0.004.mp4,RYG6XhdmPY0,,,0.7753,"EMO-AffectNet pseudo-label (teacher=Aff-Wild2, top=Happiness 0.30, tension=0.225) - 사람 검수 전"
RYG6XhdmPY0.005,RYG6XhdmPY0.005.mp4,RYG6XhdmPY0,,,0.7931,"EMO-AffectNet pseudo-label (teacher=Aff-Wild2, top=Happiness 0.29, tension=0.207) - 사람 검수 전"
RZOimXPTG0s.000,RZOimXPTG0s.000.mp4,RZOimXPTG0s,,,0.8993,"EMO-AffectNet pseudo-label (teacher=Aff-Wild2, top=Happiness 0.73, tension=0.101) - 사람 검수 전"
RZOimXPTG0s.002,RZOimXPTG0s.002.mp4,RZOimXPTG0s,,,0.9281,"EMO-AffectNet pseudo-label (teacher=Aff-Wild2, top=Happiness 0.75, tension=0.072) - 사람 검수 전"
RZOimXPTG0s.003,RZOimXPTG0s.003.mp4,RZOimXPTG0s,,,0.8399,"EMO-AffectNet pseudo-label (teacher=Aff-Wild2, top=Happiness 0.60, tension=0.160) - 사람 검수 전"
RZgTERiRDjA.001,RZgTERiRDjA.001.mp4,RZgTERiRDjA,,,0.8549,"EMO-AffectNet pseudo-label (teacher=Aff-Wild2, top=Happiness 0.59, tension=0.145) - 사람 검수 전"
R_6hhFo7M3o.002,R_6hhFo7M3o.002.mp4,R_6hhFo7M3o,,,0.7071,"EMO-AffectNet pseudo-label (teacher=Aff-Wild2, top=Happiness 0.27, tension=0.293) - 사람 검수 전"
R_6hhFo7M3o.003,R_6hhFo7M3o.003.mp4,R_6hhFo7M3o,,,0.8095,"EMO-AffectNet pseudo-label (teacher=Aff-Wild2, top=Happiness 0.45, tension=0.190) - 사람 검수 전"
R_LJX7wszPY.000,R_LJX7wszPY.000.mp4,R_LJX7wszPY,,,0.7132,"EMO-AffectNet pseudo-label (teacher=Aff-Wild2, top=Sadness 0.24, tension=0.287) - 사람 검수 전"
RbX4q4KceVk.000,RbX4q4KceVk.000.mp4,RbX4q4KceVk,,,0.652,"EMO-AffectNet pseudo-label (teacher=Aff-Wild2, top=Sadness 0.28, tension=0.348) - 사람 검수 전"
RbX4q4KceVk.003,RbX4q4KceVk.003.mp4,RbX4q4KceVk,,,0.6897,"EMO-AffectNet pseudo-label (teacher=Aff-Wild2, top=Surprise 0.24, tension=0.310) - 사람 검수 전"
RbX4q4KceVk.004,RbX4q4KceVk.004.mp4,RbX4q4KceVk,,,0.6938,"EMO-AffectNet pseudo-label (teacher=Aff-Wild2, top=Surprise 0.21, tension=0.306) - 사람 검수 전"
RbX4q4KceVk.005,RbX4q4KceVk.005.mp4,RbX4q4KceVk,,,0.7388,"EMO-AffectNet pseudo-label (teacher=Aff-Wild2, top=Happiness 0.24, tension=0.261) - 사람 검수 전"
RdHnu7ZxjzI.000,RdHnu7ZxjzI.000.mp4,RdHnu7ZxjzI,,,0.6399,"EMO-AffectNet pseudo-label (teacher=Aff-Wild2, top=Sadness 0.17, tension=0.360) - 사람 검수 전"
RdHnu7ZxjzI.002,RdHnu7ZxjzI.002.mp4,RdHnu7ZxjzI,,,0.6191,"EMO-AffectNet pseudo-label (teacher=Aff-Wild2, top=Sadness 0.23, tension=0.381) - 사람 검수 전"
RgZTZIf8K8g.000,RgZTZIf8K8g.000.mp4,RgZTZIf8K8g,,,0.8156,"EMO-AffectNet pseudo-label (teacher=Aff-Wild2, top=Happiness 0.33, tension=0.184) - 사람 검수 전"
RgZTZIf8K8g.001,RgZTZIf8K8g.001.mp4,RgZTZIf8K8g,,,0.7686,"EMO-AffectNet pseudo-label (teacher=Aff-Wild2, top=Surprise 0.31, tension=0.231) - 사람 검수 전"
RgZTZIf8K8g.002,RgZTZIf8K8g.002.mp4,RgZTZIf8K8g,,,0.819,"EMO-AffectNet pseudo-label (teacher=Aff-Wild2, top=Happiness 0.33, tension=0.181) - 사람 검수 전"
RgZTZIf8K8g.003,RgZTZIf8K8g.003.mp4,RgZTZIf8K8g,,,0.8491,"EMO-AffectNet pseudo-label (teacher=Aff-Wild2, top=Happiness 0.43, tension=0.151) - 사람 검수 전"
RhFPotjd0hM.002,RhFPotjd0hM.002.mp4,RhFPotjd0hM,,,0.689,"EMO-AffectNet pseudo-label (teacher=Aff-Wild2, top=Neutral 0.27, tension=0.311) - 사람 검수 전"
RhFPotjd0hM.003,RhFPotjd0hM.003.mp4,RhFPotjd0hM,,,0.6529,"EMO-AffectNet pseudo-label (teacher=Aff-Wild2, top=Neutral 0.25, tension=0.347) - 사람 검수 전"
RhFPotjd0hM.004,RhFPotjd0hM.004.mp4,RhFPotjd0hM,,,0.6775,"EMO-AffectNet pseudo-label (teacher=Aff-Wild2, top=Neutral 0.24, tension=0.322) - 사람 검수 전"
RhSWpef2e6s.000,RhSWpef2e6s.000.mp4,RhSWpef2e6s,,,0.8359,"EMO-AffectNet pseudo-label (teacher=Aff-Wild2, top=Happiness 0.48, tension=0.164) - 사람 검수 전"
RlUuWWWFrhM.005,RlUuWWWFrhM.005.mp4,RlUuWWWFrhM,,,0.7212,"EMO-AffectNet pseudo-label (teacher=Aff-Wild2, top=Neutral 0.32, tension=0.279) - 사람 검수 전"
RlaaCqle7tY.003,RlaaCqle7tY.003.mp4,RlaaCqle7tY,,,0.8397,"EMO-AffectNet pseudo-label (teacher=Aff-Wild2, top=Happiness 0.52, tension=0.160) - 사람 검수 전"
RlaaCqle7tY.005,RlaaCqle7tY.005.mp4,RlaaCqle7tY,,,0.717,"EMO-AffectNet pseudo-label (teacher=Aff-Wild2, top=Neutral 0.24, tension=0.283) - 사람 검수 전"
Rops7WYMCCY.000,Rops7WYMCCY.000.mp4,Rops7WYMCCY,,,0.7041,"EMO-AffectNet pseudo-label (teacher=Aff-Wild2, top=Neutral 0.32, tension=0.296) - 사람 검수 전"
Rops7WYMCCY.001,Rops7WYMCCY.001.mp4,Rops7WYMCCY,,,0.6753,"EMO-AffectNet pseudo-label (teacher=Aff-Wild2, top=Neutral 0.29, tension=0.325) - 사람 검수 전"
Rops7WYMCCY.002,Rops7WYMCCY.002.mp4,Rops7WYMCCY,,,0.6993,"EMO-AffectNet pseudo-label (teacher=Aff-Wild2, top=Neutral 0.30, tension=0.301) - 사람 검수 전"
Rops7WYMCCY.003,Rops7WYMCCY.003.mp4,Rops7WYMCCY,,,0.7117,"EMO-AffectNet pseudo-label (teacher=Aff-Wild2, top=Neutral 0.32, tension=0.288) - 사람 검수 전"
Rp_gyvKE4hI.000,Rp_gyvKE4hI.000.mp4,Rp_gyvKE4hI,,,0.6983,"EMO-AffectNet pseudo-label (teacher=Aff-Wild2, top=Neutral 0.27, tension=0.302) - 사람 검수 전"
Rp_gyvKE4hI.001,Rp_gyvKE4hI.001.mp4,Rp_gyvKE4hI,,,0.6882,"EMO-AffectNet pseudo-label (teacher=Aff-Wild2, top=Neutral 0.27, tension=0.312) - 사람 검수 전"
Rp_gyvKE4hI.002,Rp_gyvKE4hI.002.mp4,Rp_gyvKE4hI,,,0.7523,"EMO-AffectNet pseudo-label (teacher=Aff-Wild2, top=Neutral 0.23, tension=0.248) - 사람 검수 전"
Rp_gyvKE4hI.004,Rp_gyvKE4hI.004.mp4,Rp_gyvKE4hI,,,0.711,"EMO-AffectNet pseudo-label (teacher=Aff-Wild2, top=Neutral 0.25, tension=0.289) - 사람 검수 전"
Rp_gyvKE4hI.005,Rp_gyvKE4hI.005.mp4,Rp_gyvKE4hI,,,0.7114,"EMO-AffectNet pseudo-label (teacher=Aff-Wild2, top=Neutral 0.33, tension=0.289) - 사람 검수 전"
RrvG7JlKoXM.002,RrvG7JlKoXM.002.mp4,RrvG7JlKoXM,,,0.6607,"EMO-AffectNet pseudo-label (teacher=Aff-Wild2, top=Anger 0.25, tension=0.339) - 사람 검수 전"
RrvG7JlKoXM.004,RrvG7JlKoXM.004.mp4,RrvG7JlKoXM,,,0.6512,"EMO-AffectNet pseudo-label (teacher=Aff-Wild2, top=Anger 0.25, tension=0.349) - 사람 검수 전"
RrvG7JlKoXM.005,RrvG7JlKoXM.005.mp4,RrvG7JlKoXM,,,0.6784,"EMO-AffectNet pseudo-label (teacher=Aff-Wild2, top=Anger 0.26, tension=0.322) - 사람 검수 전"
RsYSOFRFszk.001,RsYSOFRFszk.001.mp4,RsYSOFRFszk,,,0.7149,"EMO-AffectNet pseudo-label (teacher=Aff-Wild2, top=Neutral 0.31, tension=0.285) - 사람 검수 전"
RsYSOFRFszk.004,RsYSOFRFszk.004.mp4,RsYSOFRFszk,,,0.7402,"EMO-AffectNet pseudo-label (teacher=Aff-Wild2, top=Neutral 0.31, tension=0.260) - 사람 검수 전"
RsjDkkvJirs.005,RsjDkkvJirs.005.mp4,RsjDkkvJirs,,,0.8531,"EMO-AffectNet pseudo-label (teacher=Aff-Wild2, top=Happiness 0.38, tension=0.147) - 사람 검수 전"
Rsz-26AaL2o.001,Rsz-26AaL2o.001.mp4,Rsz-26AaL2o,,,0.8745,"EMO-AffectNet pseudo-label (teacher=Aff-Wild2, top=Happiness 0.59, tension=0.126) - 사람 검수 전"
RtNylXap2qk.000,RtNylXap2qk.000.mp4,RtNylXap2qk,,,0.8004,"EMO-AffectNet pseudo-label (teacher=Aff-Wild2, top=Happiness 0.33, tension=0.200) - 사람 검수 전"
RtNylXap2qk.001,RtNylXap2qk.001.mp4,RtNylXap2qk,,,0.7186,"EMO-AffectNet pseudo-label (teacher=Aff-Wild2, top=Neutral 0.31, tension=0.281) - 사람 검수 전"
RtNylXap2qk.005,RtNylXap2qk.005.mp4,RtNylXap2qk,,,0.7888,"EMO-AffectNet pseudo-label (teacher=Aff-Wild2, top=Happiness 0.31, tension=0.211) - 사람 검수 전"
RthpiC1KtSg.000,RthpiC1KtSg.000.mp4,RthpiC1KtSg,,,0.7275,"EMO-AffectNet pseudo-label (teacher=Aff-Wild2, top=Neutral 0.39, tension=0.272) - 사람 검수 전"
RthpiC1KtSg.003,RthpiC1KtSg.003.mp4,RthpiC1KtSg,,,0.7477,"EMO-AffectNet pseudo-label (teacher=Aff-Wild2, top=Neutral 0.43, tension=0.252) - 사람 검수 전"
RthpiC1KtSg.004,RthpiC1KtSg.004.mp4,RthpiC1KtSg,,,0.7165,"EMO-AffectNet pseudo-label (teacher=Aff-Wild2, top=Neutral 0.36, tension=0.284) - 사람 검수 전"
RuRn2t7iPSc.000,RuRn2t7iPSc.000.mp4,RuRn2t7iPSc,,,0.7814,"EMO-AffectNet pseudo-label (teacher=Aff-Wild2, top=Neutral 0.33, tension=0.219) - 사람 검수 전"
RuRn2t7iPSc.002,RuRn2t7iPSc.002.mp4,RuRn2t7iPSc,,,0.7996,"EMO-AffectNet pseudo-label (teacher=Aff-Wild2, top=Happiness 0.38, tension=0.200) - 사람 검수 전"
RuRn2t7iPSc.004,RuRn2t7iPSc.004.mp4,RuRn2t7iPSc,,,0.7829,"EMO-AffectNet pseudo-label (teacher=Aff-Wild2, top=Neutral 0.32, tension=0.217) - 사람 검수 전"
RvoxbgEP49Q.003,RvoxbgEP49Q.003.mp4,RvoxbgEP49Q,,,0.7695,"EMO-AffectNet pseudo-label (teacher=Aff-Wild2, top=Neutral 0.34, tension=0.230) - 사람 검수 전"
RvoxbgEP49Q.005,RvoxbgEP49Q.005.mp4,RvoxbgEP49Q,,,0.7482,"EMO-AffectNet pseudo-label (teacher=Aff-Wild2, top=Neutral 0.36, tension=0.252) - 사람 검수 전"
Rw_ZLT9vZTI.003,Rw_ZLT9vZTI.003.mp4,Rw_ZLT9vZTI,,,0.7714,"EMO-AffectNet pseudo-label (teacher=Aff-Wild2, top=Happiness 0.31, tension=0.229) - 사람 검수 전"
Rw_ZLT9vZTI.005,Rw_ZLT9vZTI.005.mp4,Rw_ZLT9vZTI,,,0.7997,"EMO-AffectNet pseudo-label (teacher=Aff-Wild2, top=Happiness 0.36, tension=0.200) - 사람 검수 전"
Rwsss8y1bf0.000,Rwsss8y1bf0.000.mp4,Rwsss8y1bf0,,,0.772,"EMO-AffectNet pseudo-label (teacher=Aff-Wild2, top=Surprise 0.31, tension=0.228) - 사람 검수 전"
Rwsss8y1bf0.002,Rwsss8y1bf0.002.mp4,Rwsss8y1bf0,,,0.6907,"EMO-AffectNet pseudo-label (teacher=Aff-Wild2, top=Neutral 0.23, tension=0.309) - 사람 검수 전"
Rwsss8y1bf0.004,Rwsss8y1bf0.004.mp4,Rwsss8y1bf0,,,0.7477,"EMO-AffectNet pseudo-label (teacher=Aff-Wild2, top=Surprise 0.36, tension=0.252) - 사람 검수 전"
Ry5JJvTfP-8.002,Ry5JJvTfP-8.002.mp4,Ry5JJvTfP-8,,,0.6587,"EMO-AffectNet pseudo-label (teacher=Aff-Wild2, top=Anger 0.20, tension=0.341) - 사람 검수 전"
Ry5JJvTfP-8.004,Ry5JJvTfP-8.004.mp4,Ry5JJvTfP-8,,,0.6951,"EMO-AffectNet pseudo-label (teacher=Aff-Wild2, top=Happiness 0.17, tension=0.305) - 사람 검수 전"
S-e9-bW4seo.001,S-e9-bW4seo.001.mp4,S-e9-bW4seo,,,0.7776,"EMO-AffectNet pseudo-label (teacher=Aff-Wild2, top=Neutral 0.29, tension=0.222) - 사람 검수 전"
S-e9-bW4seo.004,S-e9-bW4seo.004.mp4,S-e9-bW4seo,,,0.7616,"EMO-AffectNet pseudo-label (teacher=Aff-Wild2, top=Neutral 0.32, tension=0.238) - 사람 검수 전"
S-jhg6Y5OrE.001,S-jhg6Y5OrE.001.mp4,S-jhg6Y5OrE,,,0.9186,"EMO-AffectNet pseudo-label (teacher=Aff-Wild2, top=Happiness 0.72, tension=0.081) - 사람 검수 전"
S0QIXcQGG-g.000,S0QIXcQGG-g.000.mp4,S0QIXcQGG-g,,,0.8022,"EMO-AffectNet pseudo-label (teacher=Aff-Wild2, top=Happiness 0.32, tension=0.198) - 사람 검수 전"
S0QIXcQGG-g.001,S0QIXcQGG-g.001.mp4,S0QIXcQGG-g,,,0.8199,"EMO-AffectNet pseudo-label (teacher=Aff-Wild2, top=Happiness 0.41, tension=0.180) - 사람 검수 전"
S0QIXcQGG-g.002,S0QIXcQGG-g.002.mp4,S0QIXcQGG-g,,,0.8522,"EMO-AffectNet pseudo-label (teacher=Aff-Wild2, top=Happiness 0.50, tension=0.148) - 사람 검수 전"
S0QIXcQGG-g.004,S0QIXcQGG-g.004.mp4,S0QIXcQGG-g,,,0.8126,"EMO-AffectNet pseudo-label (teacher=Aff-Wild2, top=Happiness 0.39, tension=0.187) - 사람 검수 전"
S1AEj1kO5dc.002,S1AEj1kO5dc.002.mp4,S1AEj1kO5dc,,,0.6636,"EMO-AffectNet pseudo-label (teacher=Aff-Wild2, top=Neutral 0.26, tension=0.336) - 사람 검수 전"
S1AEj1kO5dc.004,S1AEj1kO5dc.004.mp4,S1AEj1kO5dc,,,0.6236,"EMO-AffectNet pseudo-label (teacher=Aff-Wild2, top=Neutral 0.21, tension=0.376) - 사람 검수 전"
S1AEj1kO5dc.005,S1AEj1kO5dc.005.mp4,S1AEj1kO5dc,,,0.6043,"EMO-AffectNet pseudo-label (teacher=Aff-Wild2, top=Disgust 0.34, tension=0.396) - 사람 검수 전"
SBEad3L1Hdc.000,SBEad3L1Hdc.000.mp4,SBEad3L1Hdc,,,0.7645,"EMO-AffectNet pseudo-label (teacher=Aff-Wild2, top=Happiness 0.32, tension=0.235) - 사람 검수 전"
SBEad3L1Hdc.001,SBEad3L1Hdc.001.mp4,SBEad3L1Hdc,,,0.8021,"EMO-AffectNet pseudo-label (teacher=Aff-Wild2, top=Happiness 0.34, tension=0.198) - 사람 검수 전"
SBEad3L1Hdc.003,SBEad3L1Hdc.003.mp4,SBEad3L1Hdc,,,0.7216,"EMO-AffectNet pseudo-label (teacher=Aff-Wild2, top=Surprise 0.20, tension=0.278) - 사람 검수 전"
SCZLT4fH5B8.000,SCZLT4fH5B8.000.mp4,SCZLT4fH5B8,,,0.8959,"EMO-AffectNet pseudo-label (teacher=Aff-Wild2, top=Happiness 0.65, tension=0.104) - 사람 검수 전"
SCZLT4fH5B8.001,SCZLT4fH5B8.001.mp4,SCZLT4fH5B8,,,0.821,"EMO-AffectNet pseudo-label (teacher=Aff-Wild2, top=Happiness 0.38, tension=0.179) - 사람 검수 전"
SCnQFpdklMg.001,SCnQFpdklMg.001.mp4,SCnQFpdklMg,,,0.7931,"EMO-AffectNet pseudo-label (teacher=Aff-Wild2, top=Neutral 0.33, tension=0.207) - 사람 검수 전"
SCnQFpdklMg.002,SCnQFpdklMg.002.mp4,SCnQFpdklMg,,,0.7682,"EMO-AffectNet pseudo-label (teacher=Aff-Wild2, top=Neutral 0.45, tension=0.232) - 사람 검수 전"
SCnQFpdklMg.004,SCnQFpdklMg.004.mp4,SCnQFpdklMg,,,0.7586,"EMO-AffectNet pseudo-label (teacher=Aff-Wild2, top=Neutral 0.39, tension=0.241) - 사람 검수 전"
SCnQFpdklMg.005,SCnQFpdklMg.005.mp4,SCnQFpdklMg,,,0.7711,"EMO-AffectNet pseudo-label (teacher=Aff-Wild2, top=Neutral 0.39, tension=0.229) - 사람 검수 전"
SEELGB_-uWU.001,SEELGB_-uWU.001.mp4,SEELGB_-uWU,,,0.8053,"EMO-AffectNet pseudo-label (teacher=Aff-Wild2, top=Happiness 0.31, tension=0.195) - 사람 검수 전"
SEELGB_-uWU.002,SEELGB_-uWU.002.mp4,SEELGB_-uWU,,,0.8375,"EMO-AffectNet pseudo-label (teacher=Aff-Wild2, top=Happiness 0.44, tension=0.162) - 사람 검수 전"
SEELGB_-uWU.003,SEELGB_-uWU.003.mp4,SEELGB_-uWU,,,0.7781,"EMO-AffectNet pseudo-label (teacher=Aff-Wild2, top=Neutral 0.24, tension=0.222) - 사람 검수 전"
SEELGB_-uWU.005,SEELGB_-uWU.005.mp4,SEELGB_-uWU,,,0.791,"EMO-AffectNet pseudo-label (teacher=Aff-Wild2, top=Happiness 0.27, tension=0.209) - 사람 검수 전"
SFRis1tTZWk.002,SFRis1tTZWk.002.mp4,SFRis1tTZWk,,,0.8633,"EMO-AffectNet pseudo-label (teacher=Aff-Wild2, top=Happiness 0.52, tension=0.137) - 사람 검수 전"
SFRis1tTZWk.003,SFRis1tTZWk.003.mp4,SFRis1tTZWk,,,0.8939,"EMO-AffectNet pseudo-label (teacher=Aff-Wild2, top=Happiness 0.64, tension=0.106) - 사람 검수 전"
SFxiMxHvJuo.000,SFxiMxHvJuo.000.mp4,SFxiMxHvJuo,,,0.7324,"EMO-AffectNet pseudo-label (teacher=Aff-Wild2, top=Neutral 0.34, tension=0.268) - 사람 검수 전"
SFxiMxHvJuo.001,SFxiMxHvJuo.001.mp4,SFxiMxHvJuo,,,0.83,"EMO-AffectNet pseudo-label (teacher=Aff-Wild2, top=Happiness 0.38, tension=0.170) - 사람 검수 전"
SFxiMxHvJuo.005,SFxiMxHvJuo.005.mp4,SFxiMxHvJuo,,,0.8623,"EMO-AffectNet pseudo-label (teacher=Aff-Wild2, top=Happiness 0.50, tension=0.138) - 사람 검수 전"
SG2QAh_50ek.001,SG2QAh_50ek.001.mp4,SG2QAh_50ek,,,0.7957,"EMO-AffectNet pseudo-label (teacher=Aff-Wild2, top=Neutral 0.27, tension=0.204) - 사람 검수 전"
SG2QAh_50ek.005,SG2QAh_50ek.005.mp4,SG2QAh_50ek,,,0.8104,"EMO-AffectNet pseudo-label (teacher=Aff-Wild2, top=Neutral 0.36, tension=0.190) - 사람 검수 전"
SI93csgHMTk.004,SI93csgHMTk.004.mp4,SI93csgHMTk,,,0.7598,"EMO-AffectNet pseudo-label (teacher=Aff-Wild2, top=Neutral 0.47, tension=0.240) - 사람 검수 전"
SIpQm4G4DDg.000,SIpQm4G4DDg.000.mp4,SIpQm4G4DDg,,,0.6188,"EMO-AffectNet pseudo-label (teacher=Aff-Wild2, top=Sadness 0.21, tension=0.381) - 사람 검수 전"
SIpQm4G4DDg.004,SIpQm4G4DDg.004.mp4,SIpQm4G4DDg,,,0.6295,"EMO-AffectNet pseudo-label (teacher=Aff-Wild2, top=Anger 0.17, tension=0.371) - 사람 검수 전"
SM0i7RkOjPk.000,SM0i7RkOjPk.000.mp4,SM0i7RkOjPk,,,0.6548,"EMO-AffectNet pseudo-label (teacher=Aff-Wild2, top=Neutral 0.24, tension=0.345) - 사람 검수 전"
SM0i7RkOjPk.005,SM0i7RkOjPk.005.mp4,SM0i7RkOjPk,,,0.6946,"EMO-AffectNet pseudo-label (teacher=Aff-Wild2, top=Neutral 0.34, tension=0.305) - 사람 검수 전"
SOxdUtjGmAo.001,SOxdUtjGmAo.001.mp4,SOxdUtjGmAo,,,0.74,"EMO-AffectNet pseudo-label (teacher=Aff-Wild2, top=Neutral 0.25, tension=0.260) - 사람 검수 전"
SOxdUtjGmAo.002,SOxdUtjGmAo.002.mp4,SOxdUtjGmAo,,,0.78,"EMO-AffectNet pseudo-label (teacher=Aff-Wild2, top=Neutral 0.26, tension=0.220) - 사람 검수 전"
SOxdUtjGmAo.003,SOxdUtjGmAo.003.mp4,SOxdUtjGmAo,,,0.7763,"EMO-AffectNet pseudo-label (teacher=Aff-Wild2, top=Happiness 0.24, tension=0.224) - 사람 검수 전"
SPD5fXHVyIk.002,SPD5fXHVyIk.002.mp4,SPD5fXHVyIk,,,0.8052,"EMO-AffectNet pseudo-label (teacher=Aff-Wild2, top=Happiness 0.37, tension=0.195) - 사람 검수 전"
SPD5fXHVyIk.004,SPD5fXHVyIk.004.mp4,SPD5fXHVyIk,,,0.8118,"EMO-AffectNet pseudo-label (teacher=Aff-Wild2, top=Happiness 0.44, tension=0.188) - 사람 검수 전"
SPpox8EGQqU.001,SPpox8EGQqU.001.mp4,SPpox8EGQqU,,,0.7047,"EMO-AffectNet pseudo-label (teacher=Aff-Wild2, top=Neutral 0.23, tension=0.295) - 사람 검수 전"
SR1Q5M2urxY.003,SR1Q5M2urxY.003.mp4,SR1Q5M2urxY,,,0.8087,"EMO-AffectNet pseudo-label (teacher=Aff-Wild2, top=Happiness 0.35, tension=0.191) - 사람 검수 전"
SR1Q5M2urxY.004,SR1Q5M2urxY.004.mp4,SR1Q5M2urxY,,,0.7844,"EMO-AffectNet pseudo-label (teacher=Aff-Wild2, top=Surprise 0.30, tension=0.216) - 사람 검수 전"
SRjhmQTPOmA.002,SRjhmQTPOmA.002.mp4,SRjhmQTPOmA,,,0.6547,"EMO-AffectNet pseudo-label (teacher=Aff-Wild2, top=Fear 0.28, tension=0.345) - 사람 검수 전"
SRjhmQTPOmA.004,SRjhmQTPOmA.004.mp4,SRjhmQTPOmA,,,0.7174,"EMO-AffectNet pseudo-label (teacher=Aff-Wild2, top=Neutral 0.28, tension=0.283) - 사람 검수 전"
SRjhmQTPOmA.005,SRjhmQTPOmA.005.mp4,SRjhmQTPOmA,,,0.6976,"EMO-AffectNet pseudo-label (teacher=Aff-Wild2, top=Neutral 0.29, tension=0.302) - 사람 검수 전"
SUI6WNryjqw.000,SUI6WNryjqw.000.mp4,SUI6WNryjqw,,,0.8388,"EMO-AffectNet pseudo-label (teacher=Aff-Wild2, top=Happiness 0.47, tension=0.161) - 사람 검수 전"
SUI6WNryjqw.002,SUI6WNryjqw.002.mp4,SUI6WNryjqw,,,0.7584,"EMO-AffectNet pseudo-label (teacher=Aff-Wild2, top=Happiness 0.25, tension=0.242) - 사람 검수 전"
SUI6WNryjqw.003,SUI6WNryjqw.003.mp4,SUI6WNryjqw,,,0.7162,"EMO-AffectNet pseudo-label (teacher=Aff-Wild2, top=Neutral 0.24, tension=0.284) - 사람 검수 전"
SUY_HDzgvGA.003,SUY_HDzgvGA.003.mp4,SUY_HDzgvGA,,,0.6744,"EMO-AffectNet pseudo-label (teacher=Aff-Wild2, top=Surprise 0.20, tension=0.326) - 사람 검수 전"
SYlV95nPTPs.001,SYlV95nPTPs.001.mp4,SYlV95nPTPs,,,0.7173,"EMO-AffectNet pseudo-label (teacher=Aff-Wild2, top=Neutral 0.33, tension=0.283) - 사람 검수 전"
Sa7iqqSbaTU.000,Sa7iqqSbaTU.000.mp4,Sa7iqqSbaTU,,,0.6634,"EMO-AffectNet pseudo-label (teacher=Aff-Wild2, top=Neutral 0.26, tension=0.337) - 사람 검수 전"
Sa7iqqSbaTU.002,Sa7iqqSbaTU.002.mp4,Sa7iqqSbaTU,,,0.612,"EMO-AffectNet pseudo-label (teacher=Aff-Wild2, top=Fear 0.34, tension=0.388) - 사람 검수 전"
Sb1b8JMVhLs.000,Sb1b8JMVhLs.000.mp4,Sb1b8JMVhLs,,,0.6368,"EMO-AffectNet pseudo-label (teacher=Aff-Wild2, top=Sadness 0.24, tension=0.363) - 사람 검수 전"
Sb1b8JMVhLs.002,Sb1b8JMVhLs.002.mp4,Sb1b8JMVhLs,,,0.6607,"EMO-AffectNet pseudo-label (teacher=Aff-Wild2, top=Sadness 0.19, tension=0.339) - 사람 검수 전"
Sb1b8JMVhLs.005,Sb1b8JMVhLs.005.mp4,Sb1b8JMVhLs,,,0.6473,"EMO-AffectNet pseudo-label (teacher=Aff-Wild2, top=Sadness 0.22, tension=0.353) - 사람 검수 전"
SbtIS7XwkLU.001,SbtIS7XwkLU.001.mp4,SbtIS7XwkLU,,,0.7868,"EMO-AffectNet pseudo-label (teacher=Aff-Wild2, top=Neutral 0.49, tension=0.213) - 사람 검수 전"
SbtIS7XwkLU.005,SbtIS7XwkLU.005.mp4,SbtIS7XwkLU,,,0.7474,"EMO-AffectNet pseudo-label (teacher=Aff-Wild2, top=Neutral 0.38, tension=0.253) - 사람 검수 전"
Sdqg-jn_tBk.000,Sdqg-jn_tBk.000.mp4,Sdqg-jn_tBk,,,0.6309,"EMO-AffectNet pseudo-label (teacher=Aff-Wild2, top=Anger 0.28, tension=0.369) - 사람 검수 전"
Sdqg-jn_tBk.001,Sdqg-jn_tBk.001.mp4,Sdqg-jn_tBk,,,0.6569,"EMO-AffectNet pseudo-label (teacher=Aff-Wild2, top=Disgust 0.26, tension=0.343) - 사람 검수 전"
Sdqg-jn_tBk.004,Sdqg-jn_tBk.004.mp4,Sdqg-jn_tBk,,,0.6486,"EMO-AffectNet pseudo-label (teacher=Aff-Wild2, top=Anger 0.27, tension=0.351) - 사람 검수 전"
Se3Gts4u1vs.000,Se3Gts4u1vs.000.mp4,Se3Gts4u1vs,,,0.8001,"EMO-AffectNet pseudo-label (teacher=Aff-Wild2, top=Surprise 0.30, tension=0.200) - 사람 검수 전"
Se3Gts4u1vs.005,Se3Gts4u1vs.005.mp4,Se3Gts4u1vs,,,0.7803,"EMO-AffectNet pseudo-label (teacher=Aff-Wild2, top=Surprise 0.31, tension=0.220) - 사람 검수 전"
SfldZBPyPFo.001,SfldZBPyPFo.001.mp4,SfldZBPyPFo,,,0.6504,"EMO-AffectNet pseudo-label (teacher=Aff-Wild2, top=Anger 0.20, tension=0.350) - 사람 검수 전"
SfldZBPyPFo.002,SfldZBPyPFo.002.mp4,SfldZBPyPFo,,,0.628,"EMO-AffectNet pseudo-label (teacher=Aff-Wild2, top=Anger 0.28, tension=0.372) - 사람 검수 전"
SfldZBPyPFo.003,SfldZBPyPFo.003.mp4,SfldZBPyPFo,,,0.6515,"EMO-AffectNet pseudo-label (teacher=Aff-Wild2, top=Anger 0.25, tension=0.349) - 사람 검수 전"
SgWtBK48AjE.001,SgWtBK48AjE.001.mp4,SgWtBK48AjE,,,0.6668,"EMO-AffectNet pseudo-label (teacher=Aff-Wild2, top=Fear 0.20, tension=0.333) - 사람 검수 전"
SgzOYog1pH4.001,SgzOYog1pH4.001.mp4,SgzOYog1pH4,,,0.7121,"EMO-AffectNet pseudo-label (teacher=Aff-Wild2, top=Surprise 0.26, tension=0.288) - 사람 검수 전"
SgzOYog1pH4.003,SgzOYog1pH4.003.mp4,SgzOYog1pH4,,,0.6999,"EMO-AffectNet pseudo-label (teacher=Aff-Wild2, top=Surprise 0.21, tension=0.300) - 사람 검수 전"
Shf0JB_MutI.001,Shf0JB_MutI.001.mp4,Shf0JB_MutI,,,0.6568,"EMO-AffectNet pseudo-label (teacher=Aff-Wild2, top=Anger 0.20, tension=0.343) - 사람 검수 전"
SkNO4x-LSgE.004,SkNO4x-LSgE.004.mp4,SkNO4x-LSgE,,,0.7919,"EMO-AffectNet pseudo-label (teacher=Aff-Wild2, top=Happiness 0.35, tension=0.208) - 사람 검수 전"
SkNO4x-LSgE.005,SkNO4x-LSgE.005.mp4,SkNO4x-LSgE,,,0.7809,"EMO-AffectNet pseudo-label (teacher=Aff-Wild2, top=Happiness 0.36, tension=0.219) - 사람 검수 전"
SoHlnvNirJg.001,SoHlnvNirJg.001.mp4,SoHlnvNirJg,,,0.8576,"EMO-AffectNet pseudo-label (teacher=Aff-Wild2, top=Happiness 0.53, tension=0.142) - 사람 검수 전"
SsoZjq7x4MA.000,SsoZjq7x4MA.000.mp4,SsoZjq7x4MA,,,0.8236,"EMO-AffectNet pseudo-label (teacher=Aff-Wild2, top=Happiness 0.45, tension=0.176) - 사람 검수 전"
SsoZjq7x4MA.004,SsoZjq7x4MA.004.mp4,SsoZjq7x4MA,,,0.8941,"EMO-AffectNet pseudo-label (teacher=Aff-Wild2, top=Happiness 0.66, tension=0.106) - 사람 검수 전"
SxKLweLx_ZE.000,SxKLweLx_ZE.000.mp4,SxKLweLx_ZE,,,0.7565,"EMO-AffectNet pseudo-label (teacher=Aff-Wild2, top=Neutral 0.40, tension=0.244) - 사람 검수 전"
SxRNdq2nGN0.000,SxRNdq2nGN0.000.mp4,SxRNdq2nGN0,,,0.7768,"EMO-AffectNet pseudo-label (teacher=Aff-Wild2, top=Happiness 0.33, tension=0.223) - 사람 검수 전"
SxRNdq2nGN0.001,SxRNdq2nGN0.001.mp4,SxRNdq2nGN0,,,0.7951,"EMO-AffectNet pseudo-label (teacher=Aff-Wild2, top=Happiness 0.37, tension=0.205) - 사람 검수 전"
SxRNdq2nGN0.002,SxRNdq2nGN0.002.mp4,SxRNdq2nGN0,,,0.7904,"EMO-AffectNet pseudo-label (teacher=Aff-Wild2, top=Happiness 0.36, tension=0.210) - 사람 검수 전"
SyaRn3MHEIE.003,SyaRn3MHEIE.003.mp4,SyaRn3MHEIE,,,0.6382,"EMO-AffectNet pseudo-label (teacher=Aff-Wild2, top=Sadness 0.23, tension=0.362) - 사람 검수 전"
SyaRn3MHEIE.004,SyaRn3MHEIE.004.mp4,SyaRn3MHEIE,,,0.6327,"EMO-AffectNet pseudo-label (teacher=Aff-Wild2, top=Sadness 0.26, tension=0.367) - 사람 검수 전"
T-mK85acIOc.004,T-mK85acIOc.004.mp4,T-mK85acIOc,,,0.8683,"EMO-AffectNet pseudo-label (teacher=Aff-Wild2, top=Happiness 0.60, tension=0.132) - 사람 검수 전"
T-mK85acIOc.005,T-mK85acIOc.005.mp4,T-mK85acIOc,,,0.9167,"EMO-AffectNet pseudo-label (teacher=Aff-Wild2, top=Happiness 0.74, tension=0.083) - 사람 검수 전"
T0drx76OLAc.000,T0drx76OLAc.000.mp4,T0drx76OLAc,,,0.7615,"EMO-AffectNet pseudo-label (teacher=Aff-Wild2, top=Neutral 0.28, tension=0.238) - 사람 검수 전"
T1--98_78ns.003,T1--98_78ns.003.mp4,T1--98_78ns,,,0.7412,"EMO-AffectNet pseudo-label (teacher=Aff-Wild2, top=Neutral 0.31, tension=0.259) - 사람 검수 전"
T1_6sVNHG70.000,T1_6sVNHG70.000.mp4,T1_6sVNHG70,,,0.7467,"EMO-AffectNet pseudo-label (teacher=Aff-Wild2, top=Neutral 0.32, tension=0.253) - 사람 검수 전"
T1_6sVNHG70.001,T1_6sVNHG70.001.mp4,T1_6sVNHG70,,,0.7695,"EMO-AffectNet pseudo-label (teacher=Aff-Wild2, top=Neutral 0.22, tension=0.231) - 사람 검수 전"
T1_6sVNHG70.005,T1_6sVNHG70.005.mp4,T1_6sVNHG70,,,0.7823,"EMO-AffectNet pseudo-label (teacher=Aff-Wild2, top=Neutral 0.30, tension=0.218) - 사람 검수 전"
T1tJTwlGqOM.000,T1tJTwlGqOM.000.mp4,T1tJTwlGqOM,,,0.8496,"EMO-AffectNet pseudo-label (teacher=Aff-Wild2, top=Happiness 0.54, tension=0.150) - 사람 검수 전"
T1tJTwlGqOM.001,T1tJTwlGqOM.001.mp4,T1tJTwlGqOM,,,0.8962,"EMO-AffectNet pseudo-label (teacher=Aff-Wild2, top=Happiness 0.65, tension=0.104) - 사람 검수 전"
T1tJTwlGqOM.004,T1tJTwlGqOM.004.mp4,T1tJTwlGqOM,,,0.7804,"EMO-AffectNet pseudo-label (teacher=Aff-Wild2, top=Neutral 0.33, tension=0.220) - 사람 검수 전"
T1tJTwlGqOM.005,T1tJTwlGqOM.005.mp4,T1tJTwlGqOM,,,0.8877,"EMO-AffectNet pseudo-label (teacher=Aff-Wild2, top=Happiness 0.63, tension=0.112) - 사람 검수 전"
T3v3-2tvV0s.000,T3v3-2tvV0s.000.mp4,T3v3-2tvV0s,,,0.7276,"EMO-AffectNet pseudo-label (teacher=Aff-Wild2, top=Neutral 0.31, tension=0.272) - 사람 검수 전"
T4eZ81aJwJI.000,T4eZ81aJwJI.000.mp4,T4eZ81aJwJI,,,0.7154,"EMO-AffectNet pseudo-label (teacher=Aff-Wild2, top=Neutral 0.26, tension=0.285) - 사람 검수 전"
T4eZ81aJwJI.003,T4eZ81aJwJI.003.mp4,T4eZ81aJwJI,,,0.7337,"EMO-AffectNet pseudo-label (teacher=Aff-Wild2, top=Neutral 0.25, tension=0.266) - 사람 검수 전"
T4eZ81aJwJI.004,T4eZ81aJwJI.004.mp4,T4eZ81aJwJI,,,0.7216,"EMO-AffectNet pseudo-label (teacher=Aff-Wild2, top=Surprise 0.24, tension=0.278) - 사람 검수 전"
T4eZ81aJwJI.005,T4eZ81aJwJI.005.mp4,T4eZ81aJwJI,,,0.6954,"EMO-AffectNet pseudo-label (teacher=Aff-Wild2, top=Surprise 0.23, tension=0.305) - 사람 검수 전"
T6CMGXdPUTA.000,T6CMGXdPUTA.000.mp4,T6CMGXdPUTA,,,0.6754,"EMO-AffectNet pseudo-label (teacher=Aff-Wild2, top=Fear 0.24, tension=0.325) - 사람 검수 전"
T6CMGXdPUTA.001,T6CMGXdPUTA.001.mp4,T6CMGXdPUTA,,,0.7786,"EMO-AffectNet pseudo-label (teacher=Aff-Wild2, top=Happiness 0.36, tension=0.221) - 사람 검수 전"
T6CMGXdPUTA.002,T6CMGXdPUTA.002.mp4,T6CMGXdPUTA,,,0.755,"EMO-AffectNet pseudo-label (teacher=Aff-Wild2, top=Surprise 0.26, tension=0.245) - 사람 검수 전"
T8ibN-b3h7Y.001,T8ibN-b3h7Y.001.mp4,T8ibN-b3h7Y,,,0.7807,"EMO-AffectNet pseudo-label (teacher=Aff-Wild2, top=Neutral 0.31, tension=0.219) - 사람 검수 전"
T9xSEBSaL7Q.003,T9xSEBSaL7Q.003.mp4,T9xSEBSaL7Q,,,0.7236,"EMO-AffectNet pseudo-label (teacher=Aff-Wild2, top=Neutral 0.24, tension=0.276) - 사람 검수 전"
TCzYD74Xqe8.000,TCzYD74Xqe8.000.mp4,TCzYD74Xqe8,,,0.7086,"EMO-AffectNet pseudo-label (teacher=Aff-Wild2, top=Neutral 0.24, tension=0.291) - 사람 검수 전"
TCzYD74Xqe8.002,TCzYD74Xqe8.002.mp4,TCzYD74Xqe8,,,0.7723,"EMO-AffectNet pseudo-label (teacher=Aff-Wild2, top=Happiness 0.26, tension=0.228) - 사람 검수 전"
TD2jIXMD-SM.001,TD2jIXMD-SM.001.mp4,TD2jIXMD-SM,,,0.7069,"EMO-AffectNet pseudo-label (teacher=Aff-Wild2, top=Anger 0.25, tension=0.293) - 사람 검수 전"
TD2jIXMD-SM.002,TD2jIXMD-SM.002.mp4,TD2jIXMD-SM,,,0.6609,"EMO-AffectNet pseudo-label (teacher=Aff-Wild2, top=Anger 0.23, tension=0.339) - 사람 검수 전"
TD2jIXMD-SM.005,TD2jIXMD-SM.005.mp4,TD2jIXMD-SM,,,0.7952,"EMO-AffectNet pseudo-label (teacher=Aff-Wild2, top=Happiness 0.34, tension=0.205) - 사람 검수 전"
TD3H2DOSi1Y.001,TD3H2DOSi1Y.001.mp4,TD3H2DOSi1Y,,,0.8439,"EMO-AffectNet pseudo-label (teacher=Aff-Wild2, top=Happiness 0.47, tension=0.156) - 사람 검수 전"
TEGJrmNFvXY.001,TEGJrmNFvXY.001.mp4,TEGJrmNFvXY,,,0.714,"EMO-AffectNet pseudo-label (teacher=Aff-Wild2, top=Surprise 0.35, tension=0.286) - 사람 검수 전"
TEGJrmNFvXY.004,TEGJrmNFvXY.004.mp4,TEGJrmNFvXY,,,0.7178,"EMO-AffectNet pseudo-label (teacher=Aff-Wild2, top=Surprise 0.32, tension=0.282) - 사람 검수 전"
THO-md3eEkA.000,THO-md3eEkA.000.mp4,THO-md3eEkA,,,0.7495,"EMO-AffectNet pseudo-label (teacher=Aff-Wild2, top=Neutral 0.43, tension=0.250) - 사람 검수 전"
THO-md3eEkA.003,THO-md3eEkA.003.mp4,THO-md3eEkA,,,0.7727,"EMO-AffectNet pseudo-label (teacher=Aff-Wild2, top=Neutral 0.40, tension=0.227) - 사람 검수 전"
THO-md3eEkA.004,THO-md3eEkA.004.mp4,THO-md3eEkA,,,0.6762,"EMO-AffectNet pseudo-label (teacher=Aff-Wild2, top=Sadness 0.26, tension=0.324) - 사람 검수 전"
TIRrlL71dEQ.000,TIRrlL71dEQ.000.mp4,TIRrlL71dEQ,,,0.7654,"EMO-AffectNet pseudo-label (teacher=Aff-Wild2, top=Neutral 0.27, tension=0.235) - 사람 검수 전"
TIRrlL71dEQ.005,TIRrlL71dEQ.005.mp4,TIRrlL71dEQ,,,0.7091,"EMO-AffectNet pseudo-label (teacher=Aff-Wild2, top=Neutral 0.23, tension=0.291) - 사람 검수 전"
TJD__22fOr0.000,TJD__22fOr0.000.mp4,TJD__22fOr0,,,0.7342,"EMO-AffectNet pseudo-label (teacher=Aff-Wild2, top=Happiness 0.23, tension=0.266) - 사람 검수 전"
TJJJfJfj46M.001,TJJJfJfj46M.001.mp4,TJJJfJfj46M,,,0.7267,"EMO-AffectNet pseudo-label (teacher=Aff-Wild2, top=Neutral 0.24, tension=0.273) - 사람 검수 전"
TNjEJGdqmH0.000,TNjEJGdqmH0.000.mp4,TNjEJGdqmH0,,,0.7445,"EMO-AffectNet pseudo-label (teacher=Aff-Wild2, top=Neutral 0.28, tension=0.256) - 사람 검수 전"
TNjEJGdqmH0.001,TNjEJGdqmH0.001.mp4,TNjEJGdqmH0,,,0.814,"EMO-AffectNet pseudo-label (teacher=Aff-Wild2, top=Happiness 0.34, tension=0.186) - 사람 검수 전"
TNjEJGdqmH0.002,TNjEJGdqmH0.002.mp4,TNjEJGdqmH0,,,0.7905,"EMO-AffectNet pseudo-label (teacher=Aff-Wild2, top=Happiness 0.27, tension=0.210) - 사람 검수 전"
TNjEJGdqmH0.003,TNjEJGdqmH0.003.mp4,TNjEJGdqmH0,,,0.8224,"EMO-AffectNet pseudo-label (teacher=Aff-Wild2, top=Happiness 0.39, tension=0.178) - 사람 검수 전"
TNjEJGdqmH0.005,TNjEJGdqmH0.005.mp4,TNjEJGdqmH0,,,0.8232,"EMO-AffectNet pseudo-label (teacher=Aff-Wild2, top=Happiness 0.36, tension=0.177) - 사람 검수 전"
TNtcyfM9jak.000,TNtcyfM9jak.000.mp4,TNtcyfM9jak,,,0.7119,"EMO-AffectNet pseudo-label (teacher=Aff-Wild2, top=Surprise 0.33, tension=0.288) - 사람 검수 전"
TNtcyfM9jak.001,TNtcyfM9jak.001.mp4,TNtcyfM9jak,,,0.7413,"EMO-AffectNet pseudo-label (teacher=Aff-Wild2, top=Surprise 0.26, tension=0.259) - 사람 검수 전"
TNtcyfM9jak.002,TNtcyfM9jak.002.mp4,TNtcyfM9jak,,,0.6347,"EMO-AffectNet pseudo-label (teacher=Aff-Wild2, top=Disgust 0.25, tension=0.365) - 사람 검수 전"
TNtcyfM9jak.003,TNtcyfM9jak.003.mp4,TNtcyfM9jak,,,0.6989,"EMO-AffectNet pseudo-label (teacher=Aff-Wild2, top=Happiness 0.23, tension=0.301) - 사람 검수 전"
TNtcyfM9jak.005,TNtcyfM9jak.005.mp4,TNtcyfM9jak,,,0.702,"EMO-AffectNet pseudo-label (teacher=Aff-Wild2, top=Surprise 0.36, tension=0.298) - 사람 검수 전"
TPRQyuiNYmI.002,TPRQyuiNYmI.002.mp4,TPRQyuiNYmI,,,0.6101,"EMO-AffectNet pseudo-label (teacher=Aff-Wild2, top=Disgust 0.48, tension=0.390) - 사람 검수 전"
TPk6KiHuPag.000,TPk6KiHuPag.000.mp4,TPk6KiHuPag,,,0.8607,"EMO-AffectNet pseudo-label (teacher=Aff-Wild2, top=Happiness 0.47, tension=0.139) - 사람 검수 전"
TPk6KiHuPag.001,TPk6KiHuPag.001.mp4,TPk6KiHuPag,,,0.8594,"EMO-AffectNet pseudo-label (teacher=Aff-Wild2, top=Happiness 0.50, tension=0.141) - 사람 검수 전"
TPk6KiHuPag.003,TPk6KiHuPag.003.mp4,TPk6KiHuPag,,,0.8337,"EMO-AffectNet pseudo-label (teacher=Aff-Wild2, top=Happiness 0.34, tension=0.166) - 사람 검수 전"
TPk6KiHuPag.004,TPk6KiHuPag.004.mp4,TPk6KiHuPag,,,0.8304,"EMO-AffectNet pseudo-label (teacher=Aff-Wild2, top=Happiness 0.36, tension=0.170) - 사람 검수 전"
TQHzCznQ14Y.000,TQHzCznQ14Y.000.mp4,TQHzCznQ14Y,,,0.8282,"EMO-AffectNet pseudo-label (teacher=Aff-Wild2, top=Happiness 0.36, tension=0.172) - 사람 검수 전"
TQHzCznQ14Y.003,TQHzCznQ14Y.003.mp4,TQHzCznQ14Y,,,0.8813,"EMO-AffectNet pseudo-label (teacher=Aff-Wild2, top=Happiness 0.58, tension=0.119) - 사람 검수 전"
TSGpD2NBeCQ.002,TSGpD2NBeCQ.002.mp4,TSGpD2NBeCQ,,,0.8432,"EMO-AffectNet pseudo-label (teacher=Aff-Wild2, top=Happiness 0.41, tension=0.157) - 사람 검수 전"
TTuysItuSdo.004,TTuysItuSdo.004.mp4,TTuysItuSdo,,,0.7831,"EMO-AffectNet pseudo-label (teacher=Aff-Wild2, top=Neutral 0.49, tension=0.217) - 사람 검수 전"
TTx4lC7LLcI.000,TTx4lC7LLcI.000.mp4,TTx4lC7LLcI,,,0.7305,"EMO-AffectNet pseudo-label (teacher=Aff-Wild2, top=Neutral 0.32, tension=0.269) - 사람 검수 전"
TTx4lC7LLcI.001,TTx4lC7LLcI.001.mp4,TTx4lC7LLcI,,,0.7501,"EMO-AffectNet pseudo-label (teacher=Aff-Wild2, top=Neutral 0.35, tension=0.250) - 사람 검수 전"
TUaOp5eIU2c.000,TUaOp5eIU2c.000.mp4,TUaOp5eIU2c,,,0.6749,"EMO-AffectNet pseudo-label (teacher=Aff-Wild2, top=Anger 0.31, tension=0.325) - 사람 검수 전"
TUaOp5eIU2c.001,TUaOp5eIU2c.001.mp4,TUaOp5eIU2c,,,0.6729,"EMO-AffectNet pseudo-label (teacher=Aff-Wild2, top=Anger 0.28, tension=0.327) - 사람 검수 전"
TUaOp5eIU2c.002,TUaOp5eIU2c.002.mp4,TUaOp5eIU2c,,,0.6435,"EMO-AffectNet pseudo-label (teacher=Aff-Wild2, top=Anger 0.34, tension=0.357) - 사람 검수 전"
TUaOp5eIU2c.003,TUaOp5eIU2c.003.mp4,TUaOp5eIU2c,,,0.7138,"EMO-AffectNet pseudo-label (teacher=Aff-Wild2, top=Anger 0.26, tension=0.286) - 사람 검수 전"
TWKKCoT4FTc.001,TWKKCoT4FTc.001.mp4,TWKKCoT4FTc,,,0.6194,"EMO-AffectNet pseudo-label (teacher=Aff-Wild2, top=Fear 0.33, tension=0.381) - 사람 검수 전"
T_X16g5ExgE.005,T_X16g5ExgE.005.mp4,T_X16g5ExgE,,,0.788,"EMO-AffectNet pseudo-label (teacher=Aff-Wild2, top=Happiness 0.33, tension=0.212) - 사람 검수 전"
TaL5JleXDP8.003,TaL5JleXDP8.003.mp4,TaL5JleXDP8,,,0.6526,"EMO-AffectNet pseudo-label (teacher=Aff-Wild2, top=Disgust 0.24, tension=0.347) - 사람 검수 전"
TaL5JleXDP8.005,TaL5JleXDP8.005.mp4,TaL5JleXDP8,,,0.6441,"EMO-AffectNet pseudo-label (teacher=Aff-Wild2, top=Fear 0.21, tension=0.356) - 사람 검수 전"
TaTMtWvSmu4.000,TaTMtWvSmu4.000.mp4,TaTMtWvSmu4,,,0.7173,"EMO-AffectNet pseudo-label (teacher=Aff-Wild2, top=Neutral 0.21, tension=0.283) - 사람 검수 전"
TaTMtWvSmu4.001,TaTMtWvSmu4.001.mp4,TaTMtWvSmu4,,,0.6771,"EMO-AffectNet pseudo-label (teacher=Aff-Wild2, top=Neutral 0.19, tension=0.323) - 사람 검수 전"
TaTMtWvSmu4.003,TaTMtWvSmu4.003.mp4,TaTMtWvSmu4,,,0.6023,"EMO-AffectNet pseudo-label (teacher=Aff-Wild2, top=Sadness 0.34, tension=0.398) - 사람 검수 전"
TaTMtWvSmu4.004,TaTMtWvSmu4.004.mp4,TaTMtWvSmu4,,,0.6019,"EMO-AffectNet pseudo-label (teacher=Aff-Wild2, top=Sadness 0.36, tension=0.398) - 사람 검수 전"
Tad9Q9OFjJw.002,Tad9Q9OFjJw.002.mp4,Tad9Q9OFjJw,,,0.6267,"EMO-AffectNet pseudo-label (teacher=Aff-Wild2, top=Anger 0.22, tension=0.373) - 사람 검수 전"
Tad9Q9OFjJw.003,Tad9Q9OFjJw.003.mp4,Tad9Q9OFjJw,,,0.639,"EMO-AffectNet pseudo-label (teacher=Aff-Wild2, top=Anger 0.23, tension=0.361) - 사람 검수 전"
Tad9Q9OFjJw.004,Tad9Q9OFjJw.004.mp4,Tad9Q9OFjJw,,,0.671,"EMO-AffectNet pseudo-label (teacher=Aff-Wild2, top=Fear 0.21, tension=0.329) - 사람 검수 전"
Tch2Bt9b8AY.001,Tch2Bt9b8AY.001.mp4,Tch2Bt9b8AY,,,0.7828,"EMO-AffectNet pseudo-label (teacher=Aff-Wild2, top=Surprise 0.37, tension=0.217) - 사람 검수 전"
TeNC9wOhlXM.000,TeNC9wOhlXM.000.mp4,TeNC9wOhlXM,,,0.9147,"EMO-AffectNet pseudo-label (teacher=Aff-Wild2, top=Happiness 0.72, tension=0.085) - 사람 검수 전"
Tg8a_iNEamM.000,Tg8a_iNEamM.000.mp4,Tg8a_iNEamM,,,0.7743,"EMO-AffectNet pseudo-label (teacher=Aff-Wild2, top=Neutral 0.27, tension=0.226) - 사람 검수 전"
Tg8a_iNEamM.005,Tg8a_iNEamM.005.mp4,Tg8a_iNEamM,,,0.8078,"EMO-AffectNet pseudo-label (teacher=Aff-Wild2, top=Neutral 0.28, tension=0.192) - 사람 검수 전"
TiQF5QduRNE.003,TiQF5QduRNE.003.mp4,TiQF5QduRNE,,,0.7912,"EMO-AffectNet pseudo-label (teacher=Aff-Wild2, top=Happiness 0.26, tension=0.209) - 사람 검수 전"
Tm44tg1zPwU.004,Tm44tg1zPwU.004.mp4,Tm44tg1zPwU,,,0.5969,"EMO-AffectNet pseudo-label (teacher=Aff-Wild2, top=Anger 0.37, tension=0.403) - 사람 검수 전"
TmpP2fXeVtk.000,TmpP2fXeVtk.000.mp4,TmpP2fXeVtk,,,0.8184,"EMO-AffectNet pseudo-label (teacher=Aff-Wild2, top=Happiness 0.34, tension=0.182) - 사람 검수 전"
TmpP2fXeVtk.002,TmpP2fXeVtk.002.mp4,TmpP2fXeVtk,,,0.7426,"EMO-AffectNet pseudo-label (teacher=Aff-Wild2, top=Happiness 0.23, tension=0.257) - 사람 검수 전"
TmpP2fXeVtk.003,TmpP2fXeVtk.003.mp4,TmpP2fXeVtk,,,0.791,"EMO-AffectNet pseudo-label (teacher=Aff-Wild2, top=Happiness 0.28, tension=0.209) - 사람 검수 전"
TmyDT-HC3qI.001,TmyDT-HC3qI.001.mp4,TmyDT-HC3qI,,,0.7932,"EMO-AffectNet pseudo-label (teacher=Aff-Wild2, top=Happiness 0.28, tension=0.207) - 사람 검수 전"
TmyDT-HC3qI.002,TmyDT-HC3qI.002.mp4,TmyDT-HC3qI,,,0.7943,"EMO-AffectNet pseudo-label (teacher=Aff-Wild2, top=Happiness 0.28, tension=0.206) - 사람 검수 전"
Tr3A7WODEuM.001,Tr3A7WODEuM.001.mp4,Tr3A7WODEuM,,,0.7261,"EMO-AffectNet pseudo-label (teacher=Aff-Wild2, top=Neutral 0.22, tension=0.274) - 사람 검수 전"
TursJyaFzqY.000,TursJyaFzqY.000.mp4,TursJyaFzqY,,,0.6401,"EMO-AffectNet pseudo-label (teacher=Aff-Wild2, top=Anger 0.24, tension=0.360) - 사람 검수 전"
TursJyaFzqY.002,TursJyaFzqY.002.mp4,TursJyaFzqY,,,0.705,"EMO-AffectNet pseudo-label (teacher=Aff-Wild2, top=Surprise 0.25, tension=0.295) - 사람 검수 전"
TursJyaFzqY.003,TursJyaFzqY.003.mp4,TursJyaFzqY,,,0.6798,"EMO-AffectNet pseudo-label (teacher=Aff-Wild2, top=Surprise 0.29, tension=0.320) - 사람 검수 전"
TursJyaFzqY.004,TursJyaFzqY.004.mp4,TursJyaFzqY,,,0.6311,"EMO-AffectNet pseudo-label (teacher=Aff-Wild2, top=Anger 0.25, tension=0.369) - 사람 검수 전"
TursJyaFzqY.005,TursJyaFzqY.005.mp4,TursJyaFzqY,,,0.6471,"EMO-AffectNet pseudo-label (teacher=Aff-Wild2, top=Fear 0.21, tension=0.353) - 사람 검수 전"
TwWDFpN3occ.001,TwWDFpN3occ.001.mp4,TwWDFpN3occ,,,0.7008,"EMO-AffectNet pseudo-label (teacher=Aff-Wild2, top=Neutral 0.23, tension=0.299) - 사람 검수 전"
TwWDFpN3occ.002,TwWDFpN3occ.002.mp4,TwWDFpN3occ,,,0.6929,"EMO-AffectNet pseudo-label (teacher=Aff-Wild2, top=Surprise 0.26, tension=0.307) - 사람 검수 전"
TwWDFpN3occ.003,TwWDFpN3occ.003.mp4,TwWDFpN3occ,,,0.7138,"EMO-AffectNet pseudo-label (teacher=Aff-Wild2, top=Surprise 0.26, tension=0.286) - 사람 검수 전"
TzW_VxrCR30.002,TzW_VxrCR30.002.mp4,TzW_VxrCR30,,,0.8174,"EMO-AffectNet pseudo-label (teacher=Aff-Wild2, top=Happiness 0.40, tension=0.183) - 사람 검수 전"
U-PRay-woXU.000,U-PRay-woXU.000.mp4,U-PRay-woXU,,,0.8667,"EMO-AffectNet pseudo-label (teacher=Aff-Wild2, top=Happiness 0.55, tension=0.133) - 사람 검수 전"
U-PRay-woXU.002,U-PRay-woXU.002.mp4,U-PRay-woXU,,,0.7476,"EMO-AffectNet pseudo-label (teacher=Aff-Wild2, top=Surprise 0.29, tension=0.252) - 사람 검수 전"
U-PRay-woXU.004,U-PRay-woXU.004.mp4,U-PRay-woXU,,,0.7498,"EMO-AffectNet pseudo-label (teacher=Aff-Wild2, top=Neutral 0.32, tension=0.250) - 사람 검수 전"
U-PRay-woXU.005,U-PRay-woXU.005.mp4,U-PRay-woXU,,,0.813,"EMO-AffectNet pseudo-label (teacher=Aff-Wild2, top=Happiness 0.37, tension=0.187) - 사람 검수 전"
U-XrzfFzMkg.004,U-XrzfFzMkg.004.mp4,U-XrzfFzMkg,,,0.7892,"EMO-AffectNet pseudo-label (teacher=Aff-Wild2, top=Neutral 0.39, tension=0.211) - 사람 검수 전"
U-XrzfFzMkg.005,U-XrzfFzMkg.005.mp4,U-XrzfFzMkg,,,0.7575,"EMO-AffectNet pseudo-label (teacher=Aff-Wild2, top=Neutral 0.41, tension=0.243) - 사람 검수 전"
U22Jy0m5xSQ.001,U22Jy0m5xSQ.001.mp4,U22Jy0m5xSQ,,,0.7289,"EMO-AffectNet pseudo-label (teacher=Aff-Wild2, top=Neutral 0.25, tension=0.271) - 사람 검수 전"
U22Jy0m5xSQ.005,U22Jy0m5xSQ.005.mp4,U22Jy0m5xSQ,,,0.6963,"EMO-AffectNet pseudo-label (teacher=Aff-Wild2, top=Neutral 0.21, tension=0.304) - 사람 검수 전"
U2RemWUyjts.000,U2RemWUyjts.000.mp4,U2RemWUyjts,,,0.7246,"EMO-AffectNet pseudo-label (teacher=Aff-Wild2, top=Neutral 0.20, tension=0.275) - 사람 검수 전"
U2RemWUyjts.003,U2RemWUyjts.003.mp4,U2RemWUyjts,,,0.7108,"EMO-AffectNet pseudo-label (teacher=Aff-Wild2, top=Neutral 0.25, tension=0.289) - 사람 검수 전"
U2lT_RogJMM.001,U2lT_RogJMM.001.mp4,U2lT_RogJMM,,,0.7351,"EMO-AffectNet pseudo-label (teacher=Aff-Wild2, top=Neutral 0.30, tension=0.265) - 사람 검수 전"
U3UaF1aFek4.001,U3UaF1aFek4.001.mp4,U3UaF1aFek4,,,0.7413,"EMO-AffectNet pseudo-label (teacher=Aff-Wild2, top=Happiness 0.27, tension=0.259) - 사람 검수 전"
U3UaF1aFek4.002,U3UaF1aFek4.002.mp4,U3UaF1aFek4,,,0.6584,"EMO-AffectNet pseudo-label (teacher=Aff-Wild2, top=Fear 0.22, tension=0.342) - 사람 검수 전"
U3UaF1aFek4.005,U3UaF1aFek4.005.mp4,U3UaF1aFek4,,,0.7487,"EMO-AffectNet pseudo-label (teacher=Aff-Wild2, top=Happiness 0.32, tension=0.251) - 사람 검수 전"
U9NlCSah83U.001,U9NlCSah83U.001.mp4,U9NlCSah83U,,,0.7661,"EMO-AffectNet pseudo-label (teacher=Aff-Wild2, top=Happiness 0.24, tension=0.234) - 사람 검수 전"
U9cidDFDTQE.001,U9cidDFDTQE.001.mp4,U9cidDFDTQE,,,0.6633,"EMO-AffectNet pseudo-label (teacher=Aff-Wild2, top=Neutral 0.24, tension=0.337) - 사람 검수 전"
U9cidDFDTQE.003,U9cidDFDTQE.003.mp4,U9cidDFDTQE,,,0.6317,"EMO-AffectNet pseudo-label (teacher=Aff-Wild2, top=Fear 0.23, tension=0.368) - 사람 검수 전"
U9cidDFDTQE.004,U9cidDFDTQE.004.mp4,U9cidDFDTQE,,,0.6155,"EMO-AffectNet pseudo-label (teacher=Aff-Wild2, top=Sadness 0.23, tension=0.384) - 사람 검수 전"
UA6UY69EVSI.000,UA6UY69EVSI.000.mp4,UA6UY69EVSI,,,0.7892,"EMO-AffectNet pseudo-label (teacher=Aff-Wild2, top=Happiness 0.43, tension=0.211) - 사람 검수 전"
UA6UY69EVSI.002,UA6UY69EVSI.002.mp4,UA6UY69EVSI,,,0.7065,"EMO-AffectNet pseudo-label (teacher=Aff-Wild2, top=Sadness 0.23, tension=0.294) - 사람 검수 전"
UA6UY69EVSI.004,UA6UY69EVSI.004.mp4,UA6UY69EVSI,,,0.7093,"EMO-AffectNet pseudo-label (teacher=Aff-Wild2, top=Sadness 0.30, tension=0.291) - 사람 검수 전"
UANQntvIqVk.000,UANQntvIqVk.000.mp4,UANQntvIqVk,,,0.6978,"EMO-AffectNet pseudo-label (teacher=Aff-Wild2, top=Anger 0.22, tension=0.302) - 사람 검수 전"
UANQntvIqVk.003,UANQntvIqVk.003.mp4,UANQntvIqVk,,,0.7479,"EMO-AffectNet pseudo-label (teacher=Aff-Wild2, top=Surprise 0.23, tension=0.252) - 사람 검수 전"
UANQntvIqVk.004,UANQntvIqVk.004.mp4,UANQntvIqVk,,,0.7318,"EMO-AffectNet pseudo-label (teacher=Aff-Wild2, top=Happiness 0.23, tension=0.268) - 사람 검수 전"
UCKiPkp4ZkA.000,UCKiPkp4ZkA.000.mp4,UCKiPkp4ZkA,,,0.7152,"EMO-AffectNet pseudo-label (teacher=Aff-Wild2, top=Surprise 0.33, tension=0.285) - 사람 검수 전"
UD-8YYU7GZs.000,UD-8YYU7GZs.000.mp4,UD-8YYU7GZs,,,0.744,"EMO-AffectNet pseudo-label (teacher=Aff-Wild2, top=Surprise 0.25, tension=0.256) - 사람 검수 전"
UD-8YYU7GZs.003,UD-8YYU7GZs.003.mp4,UD-8YYU7GZs,,,0.7406,"EMO-AffectNet pseudo-label (teacher=Aff-Wild2, top=Neutral 0.33, tension=0.259) - 사람 검수 전"
UD-8YYU7GZs.004,UD-8YYU7GZs.004.mp4,UD-8YYU7GZs,,,0.7536,"EMO-AffectNet pseudo-label (teacher=Aff-Wild2, top=Neutral 0.25, tension=0.246) - 사람 검수 전"
UEYKBC_SuzU.001,UEYKBC_SuzU.001.mp4,UEYKBC_SuzU,,,0.7309,"EMO-AffectNet pseudo-label (teacher=Aff-Wild2, top=Neutral 0.42, tension=0.269) - 사람 검수 전"
UEYKBC_SuzU.004,UEYKBC_SuzU.004.mp4,UEYKBC_SuzU,,,0.6858,"EMO-AffectNet pseudo-label (teacher=Aff-Wild2, top=Neutral 0.37, tension=0.314) - 사람 검수 전"
UGn9Q8Fe9jw.001,UGn9Q8Fe9jw.001.mp4,UGn9Q8Fe9jw,,,0.7356,"EMO-AffectNet pseudo-label (teacher=Aff-Wild2, top=Anger 0.25, tension=0.264) - 사람 검수 전"
UGp1GNK0GWg.000,UGp1GNK0GWg.000.mp4,UGp1GNK0GWg,,,0.7451,"EMO-AffectNet pseudo-label (teacher=Aff-Wild2, top=Neutral 0.25, tension=0.255) - 사람 검수 전"
UGsr6Vnqf7I.003,UGsr6Vnqf7I.003.mp4,UGsr6Vnqf7I,,,0.7115,"EMO-AffectNet pseudo-label (teacher=Aff-Wild2, top=Neutral 0.23, tension=0.289) - 사람 검수 전"
UGsr6Vnqf7I.004,UGsr6Vnqf7I.004.mp4,UGsr6Vnqf7I,,,0.6931,"EMO-AffectNet pseudo-label (teacher=Aff-Wild2, top=Surprise 0.22, tension=0.307) - 사람 검수 전"
UKHSKkb0V1o.003,UKHSKkb0V1o.003.mp4,UKHSKkb0V1o,,,0.7133,"EMO-AffectNet pseudo-label (teacher=Aff-Wild2, top=Neutral 0.33, tension=0.287) - 사람 검수 전"
UKHSKkb0V1o.004,UKHSKkb0V1o.004.mp4,UKHSKkb0V1o,,,0.6849,"EMO-AffectNet pseudo-label (teacher=Aff-Wild2, top=Neutral 0.28, tension=0.315) - 사람 검수 전"
UKHSKkb0V1o.005,UKHSKkb0V1o.005.mp4,UKHSKkb0V1o,,,0.6842,"EMO-AffectNet pseudo-label (teacher=Aff-Wild2, top=Neutral 0.29, tension=0.316) - 사람 검수 전"
UMMhvyjgRnM.004,UMMhvyjgRnM.004.mp4,UMMhvyjgRnM,,,0.7803,"EMO-AffectNet pseudo-label (teacher=Aff-Wild2, top=Happiness 0.37, tension=0.220) - 사람 검수 전"
UMgeWS5r3IE.005,UMgeWS5r3IE.005.mp4,UMgeWS5r3IE,,,0.8765,"EMO-AffectNet pseudo-label (teacher=Aff-Wild2, top=Happiness 0.60, tension=0.124) - 사람 검수 전"
UOvgGSx9k_k.001,UOvgGSx9k_k.001.mp4,UOvgGSx9k_k,,,0.8605,"EMO-AffectNet pseudo-label (teacher=Aff-Wild2, top=Happiness 0.52, tension=0.139) - 사람 검수 전"
UOvgGSx9k_k.002,UOvgGSx9k_k.002.mp4,UOvgGSx9k_k,,,0.8227,"EMO-AffectNet pseudo-label (teacher=Aff-Wild2, top=Happiness 0.39, tension=0.177) - 사람 검수 전"
UOvgGSx9k_k.003,UOvgGSx9k_k.003.mp4,UOvgGSx9k_k,,,0.8657,"EMO-AffectNet pseudo-label (teacher=Aff-Wild2, top=Happiness 0.53, tension=0.134) - 사람 검수 전"
UQeuBvZNusI.000,UQeuBvZNusI.000.mp4,UQeuBvZNusI,,,0.7435,"EMO-AffectNet pseudo-label (teacher=Aff-Wild2, top=Neutral 0.24, tension=0.257) - 사람 검수 전"
UQeuBvZNusI.001,UQeuBvZNusI.001.mp4,UQeuBvZNusI,,,0.7884,"EMO-AffectNet pseudo-label (teacher=Aff-Wild2, top=Happiness 0.34, tension=0.212) - 사람 검수 전"
UQeuBvZNusI.003,UQeuBvZNusI.003.mp4,UQeuBvZNusI,,,0.7757,"EMO-AffectNet pseudo-label (teacher=Aff-Wild2, top=Neutral 0.26, tension=0.224) - 사람 검수 전"
US4PxgfKDeA.000,US4PxgfKDeA.000.mp4,US4PxgfKDeA,,,0.7574,"EMO-AffectNet pseudo-label (teacher=Aff-Wild2, top=Surprise 0.29, tension=0.243) - 사람 검수 전"
US4PxgfKDeA.003,US4PxgfKDeA.003.mp4,US4PxgfKDeA,,,0.7219,"EMO-AffectNet pseudo-label (teacher=Aff-Wild2, top=Surprise 0.23, tension=0.278) - 사람 검수 전"
US4PxgfKDeA.004,US4PxgfKDeA.004.mp4,US4PxgfKDeA,,,0.7024,"EMO-AffectNet pseudo-label (teacher=Aff-Wild2, top=Surprise 0.21, tension=0.298) - 사람 검수 전"
USO-o9dHJ3U.000,USO-o9dHJ3U.000.mp4,USO-o9dHJ3U,,,0.6817,"EMO-AffectNet pseudo-label (teacher=Aff-Wild2, top=Neutral 0.25, tension=0.318) - 사람 검수 전"
USO-o9dHJ3U.001,USO-o9dHJ3U.001.mp4,USO-o9dHJ3U,,,0.6928,"EMO-AffectNet pseudo-label (teacher=Aff-Wild2, top=Neutral 0.27, tension=0.307) - 사람 검수 전"
USO-o9dHJ3U.004,USO-o9dHJ3U.004.mp4,USO-o9dHJ3U,,,0.6634,"EMO-AffectNet pseudo-label (teacher=Aff-Wild2, top=Neutral 0.26, tension=0.337) - 사람 검수 전"
USO-o9dHJ3U.005,USO-o9dHJ3U.005.mp4,USO-o9dHJ3U,,,0.6827,"EMO-AffectNet pseudo-label (teacher=Aff-Wild2, top=Neutral 0.34, tension=0.317) - 사람 검수 전"
USicjVA1trA.003,USicjVA1trA.003.mp4,USicjVA1trA,,,0.8229,"EMO-AffectNet pseudo-label (teacher=Aff-Wild2, top=Happiness 0.41, tension=0.177) - 사람 검수 전"
USicjVA1trA.004,USicjVA1trA.004.mp4,USicjVA1trA,,,0.9228,"EMO-AffectNet pseudo-label (teacher=Aff-Wild2, top=Happiness 0.74, tension=0.077) - 사람 검수 전"
USicjVA1trA.005,USicjVA1trA.005.mp4,USicjVA1trA,,,0.8695,"EMO-AffectNet pseudo-label (teacher=Aff-Wild2, top=Happiness 0.56, tension=0.130) - 사람 검수 전"
UVMEzA3yHsM.001,UVMEzA3yHsM.001.mp4,UVMEzA3yHsM,,,0.7496,"EMO-AffectNet pseudo-label (teacher=Aff-Wild2, top=Neutral 0.37, tension=0.250) - 사람 검수 전"
UVMEzA3yHsM.003,UVMEzA3yHsM.003.mp4,UVMEzA3yHsM,,,0.7454,"EMO-AffectNet pseudo-label (teacher=Aff-Wild2, top=Neutral 0.35, tension=0.255) - 사람 검수 전"
UVvBaGOxwRI.000,UVvBaGOxwRI.000.mp4,UVvBaGOxwRI,,,0.766,"EMO-AffectNet pseudo-label (teacher=Aff-Wild2, top=Happiness 0.44, tension=0.234) - 사람 검수 전"
UWVOT3YPQH4.001,UWVOT3YPQH4.001.mp4,UWVOT3YPQH4,,,0.7296,"EMO-AffectNet pseudo-label (teacher=Aff-Wild2, top=Anger 0.22, tension=0.270) - 사람 검수 전"
UWVOT3YPQH4.002,UWVOT3YPQH4.002.mp4,UWVOT3YPQH4,,,0.6844,"EMO-AffectNet pseudo-label (teacher=Aff-Wild2, top=Anger 0.28, tension=0.316) - 사람 검수 전"
UWVOT3YPQH4.004,UWVOT3YPQH4.004.mp4,UWVOT3YPQH4,,,0.6976,"EMO-AffectNet pseudo-label (teacher=Aff-Wild2, top=Neutral 0.26, tension=0.302) - 사람 검수 전"
UWVOT3YPQH4.005,UWVOT3YPQH4.005.mp4,UWVOT3YPQH4,,,0.6946,"EMO-AffectNet pseudo-label (teacher=Aff-Wild2, top=Neutral 0.25, tension=0.305) - 사람 검수 전"
U_QQ8EuuWPg.000,U_QQ8EuuWPg.000.mp4,U_QQ8EuuWPg,,,0.7831,"EMO-AffectNet pseudo-label (teacher=Aff-Wild2, top=Neutral 0.27, tension=0.217) - 사람 검수 전"
U_QQ8EuuWPg.001,U_QQ8EuuWPg.001.mp4,U_QQ8EuuWPg,,,0.7852,"EMO-AffectNet pseudo-label (teacher=Aff-Wild2, top=Neutral 0.29, tension=0.215) - 사람 검수 전"
U_QQ8EuuWPg.002,U_QQ8EuuWPg.002.mp4,U_QQ8EuuWPg,,,0.7822,"EMO-AffectNet pseudo-label (teacher=Aff-Wild2, top=Neutral 0.25, tension=0.218) - 사람 검수 전"
U_QQ8EuuWPg.003,U_QQ8EuuWPg.003.mp4,U_QQ8EuuWPg,,,0.7695,"EMO-AffectNet pseudo-label (teacher=Aff-Wild2, top=Neutral 0.29, tension=0.230) - 사람 검수 전"
U_QQ8EuuWPg.005,U_QQ8EuuWPg.005.mp4,U_QQ8EuuWPg,,,0.7898,"EMO-AffectNet pseudo-label (teacher=Aff-Wild2, top=Happiness 0.23, tension=0.210) - 사람 검수 전"
UcyjGGEBn30.001,UcyjGGEBn30.001.mp4,UcyjGGEBn30,,,0.7325,"EMO-AffectNet pseudo-label (teacher=Aff-Wild2, top=Surprise 0.25, tension=0.268) - 사람 검수 전"
UcyjGGEBn30.004,UcyjGGEBn30.004.mp4,UcyjGGEBn30,,,0.8433,"EMO-AffectNet pseudo-label (teacher=Aff-Wild2, top=Happiness 0.46, tension=0.157) - 사람 검수 전"
UcyjGGEBn30.005,UcyjGGEBn30.005.mp4,UcyjGGEBn30,,,0.7919,"EMO-AffectNet pseudo-label (teacher=Aff-Wild2, top=Happiness 0.27, tension=0.208) - 사람 검수 전"
UhNyHUwo1SY.001,UhNyHUwo1SY.001.mp4,UhNyHUwo1SY,,,0.7323,"EMO-AffectNet pseudo-label (teacher=Aff-Wild2, top=Neutral 0.26, tension=0.268) - 사람 검수 전"
UhNyHUwo1SY.003,UhNyHUwo1SY.003.mp4,UhNyHUwo1SY,,,0.7363,"EMO-AffectNet pseudo-label (teacher=Aff-Wild2, top=Neutral 0.27, tension=0.264) - 사람 검수 전"
Ui1ajQU5Ib8.000,Ui1ajQU5Ib8.000.mp4,Ui1ajQU5Ib8,,,0.765,"EMO-AffectNet pseudo-label (teacher=Aff-Wild2, top=Surprise 0.27, tension=0.235) - 사람 검수 전"
Ui1ajQU5Ib8.001,Ui1ajQU5Ib8.001.mp4,Ui1ajQU5Ib8,,,0.6685,"EMO-AffectNet pseudo-label (teacher=Aff-Wild2, top=Fear 0.26, tension=0.332) - 사람 검수 전"
Ui1ajQU5Ib8.005,Ui1ajQU5Ib8.005.mp4,Ui1ajQU5Ib8,,,0.7169,"EMO-AffectNet pseudo-label (teacher=Aff-Wild2, top=Surprise 0.37, tension=0.283) - 사람 검수 전"
UipoC_HLOP0.001,UipoC_HLOP0.001.mp4,UipoC_HLOP0,,,0.7133,"EMO-AffectNet pseudo-label (teacher=Aff-Wild2, top=Surprise 0.22, tension=0.287) - 사람 검수 전"
UipoC_HLOP0.003,UipoC_HLOP0.003.mp4,UipoC_HLOP0,,,0.7159,"EMO-AffectNet pseudo-label (teacher=Aff-Wild2, top=Neutral 0.23, tension=0.284) - 사람 검수 전"
UipoC_HLOP0.004,UipoC_HLOP0.004.mp4,UipoC_HLOP0,,,0.7066,"EMO-AffectNet pseudo-label (teacher=Aff-Wild2, top=Surprise 0.21, tension=0.293) - 사람 검수 전"
UjqpaK1HlKI.004,UjqpaK1HlKI.004.mp4,UjqpaK1HlKI,,,0.6512,"EMO-AffectNet pseudo-label (teacher=Aff-Wild2, top=Surprise 0.29, tension=0.349) - 사람 검수 전"
UjqpaK1HlKI.005,UjqpaK1HlKI.005.mp4,UjqpaK1HlKI,,,0.6431,"EMO-AffectNet pseudo-label (teacher=Aff-Wild2, top=Surprise 0.32, tension=0.357) - 사람 검수 전"
UoC_4qi_m9c.002,UoC_4qi_m9c.002.mp4,UoC_4qi_m9c,,,0.905,"EMO-AffectNet pseudo-label (teacher=Aff-Wild2, top=Happiness 0.71, tension=0.095) - 사람 검수 전"
UoC_4qi_m9c.003,UoC_4qi_m9c.003.mp4,UoC_4qi_m9c,,,0.8957,"EMO-AffectNet pseudo-label (teacher=Aff-Wild2, top=Happiness 0.66, tension=0.104) - 사람 검수 전"
UqfFvPT9mEs.000,UqfFvPT9mEs.000.mp4,UqfFvPT9mEs,,,0.7969,"EMO-AffectNet pseudo-label (teacher=Aff-Wild2, top=Happiness 0.33, tension=0.203) - 사람 검수 전"
UrOamWOcOwQ.000,UrOamWOcOwQ.000.mp4,UrOamWOcOwQ,,,0.6242,"EMO-AffectNet pseudo-label (teacher=Aff-Wild2, top=Fear 0.28, tension=0.376) - 사람 검수 전"
UrOamWOcOwQ.002,UrOamWOcOwQ.002.mp4,UrOamWOcOwQ,,,0.5951,"EMO-AffectNet pseudo-label (teacher=Aff-Wild2, top=Sadness 0.33, tension=0.405) - 사람 검수 전"
UrOamWOcOwQ.003,UrOamWOcOwQ.003.mp4,UrOamWOcOwQ,,,0.6185,"EMO-AffectNet pseudo-label (teacher=Aff-Wild2, top=Sadness 0.28, tension=0.381) - 사람 검수 전"
UrOamWOcOwQ.004,UrOamWOcOwQ.004.mp4,UrOamWOcOwQ,,,0.6158,"EMO-AffectNet pseudo-label (teacher=Aff-Wild2, top=Fear 0.32, tension=0.384) - 사람 검수 전"
UrOamWOcOwQ.005,UrOamWOcOwQ.005.mp4,UrOamWOcOwQ,,,0.6112,"EMO-AffectNet pseudo-label (teacher=Aff-Wild2, top=Fear 0.30, tension=0.389) - 사람 검수 전"
UsmwjNu3kgQ.001,UsmwjNu3kgQ.001.mp4,UsmwjNu3kgQ,,,0.7055,"EMO-AffectNet pseudo-label (teacher=Aff-Wild2, top=Neutral 0.37, tension=0.294) - 사람 검수 전"
UtVo107m5lg.001,UtVo107m5lg.001.mp4,UtVo107m5lg,,,0.7007,"EMO-AffectNet pseudo-label (teacher=Aff-Wild2, top=Sadness 0.20, tension=0.299) - 사람 검수 전"
UtVo107m5lg.002,UtVo107m5lg.002.mp4,UtVo107m5lg,,,0.6512,"EMO-AffectNet pseudo-label (teacher=Aff-Wild2, top=Sadness 0.24, tension=0.349) - 사람 검수 전"
UtVo107m5lg.003,UtVo107m5lg.003.mp4,UtVo107m5lg,,,0.6733,"EMO-AffectNet pseudo-label (teacher=Aff-Wild2, top=Neutral 0.26, tension=0.327) - 사람 검수 전"
UtVo107m5lg.005,UtVo107m5lg.005.mp4,UtVo107m5lg,,,0.729,"EMO-AffectNet pseudo-label (teacher=Aff-Wild2, top=Happiness 0.23, tension=0.271) - 사람 검수 전"
Uu-NbXUPr-A.000,Uu-NbXUPr-A.000.mp4,Uu-NbXUPr-A,,,0.8922,"EMO-AffectNet pseudo-label (teacher=Aff-Wild2, top=Happiness 0.66, tension=0.108) - 사람 검수 전"
Uu-NbXUPr-A.001,Uu-NbXUPr-A.001.mp4,Uu-NbXUPr-A,,,0.7856,"EMO-AffectNet pseudo-label (teacher=Aff-Wild2, top=Happiness 0.40, tension=0.214) - 사람 검수 전"
UvX6ctu2ObM.002,UvX6ctu2ObM.002.mp4,UvX6ctu2ObM,,,0.7985,"EMO-AffectNet pseudo-label (teacher=Aff-Wild2, top=Neutral 0.53, tension=0.201) - 사람 검수 전"
UzgW75Fd4jU.001,UzgW75Fd4jU.001.mp4,UzgW75Fd4jU,,,0.7573,"EMO-AffectNet pseudo-label (teacher=Aff-Wild2, top=Surprise 0.27, tension=0.243) - 사람 검수 전"
V1I40vVRk78.002,V1I40vVRk78.002.mp4,V1I40vVRk78,,,0.739,"EMO-AffectNet pseudo-label (teacher=Aff-Wild2, top=Neutral 0.33, tension=0.261) - 사람 검수 전"
V1I40vVRk78.003,V1I40vVRk78.003.mp4,V1I40vVRk78,,,0.7617,"EMO-AffectNet pseudo-label (teacher=Aff-Wild2, top=Happiness 0.23, tension=0.238) - 사람 검수 전"
V1TjmLtgNm0.000,V1TjmLtgNm0.000.mp4,V1TjmLtgNm0,,,0.8897,"EMO-AffectNet pseudo-label (teacher=Aff-Wild2, top=Happiness 0.65, tension=0.110) - 사람 검수 전"
V1TjmLtgNm0.002,V1TjmLtgNm0.002.mp4,V1TjmLtgNm0,,,0.8827,"EMO-AffectNet pseudo-label (teacher=Aff-Wild2, top=Happiness 0.65, tension=0.117) - 사람 검수 전"
V1TjmLtgNm0.005,V1TjmLtgNm0.005.mp4,V1TjmLtgNm0,,,0.9328,"EMO-AffectNet pseudo-label (teacher=Aff-Wild2, top=Happiness 0.79, tension=0.067) - 사람 검수 전"
V2nvyZB-JNM.001,V2nvyZB-JNM.001.mp4,V2nvyZB-JNM,,,0.6649,"EMO-AffectNet pseudo-label (teacher=Aff-Wild2, top=Sadness 0.28, tension=0.335) - 사람 검수 전"
V2nvyZB-JNM.002,V2nvyZB-JNM.002.mp4,V2nvyZB-JNM,,,0.6903,"EMO-AffectNet pseudo-label (teacher=Aff-Wild2, top=Happiness 0.19, tension=0.310) - 사람 검수 전"
V2nvyZB-JNM.003,V2nvyZB-JNM.003.mp4,V2nvyZB-JNM,,,0.7757,"EMO-AffectNet pseudo-label (teacher=Aff-Wild2, top=Happiness 0.35, tension=0.224) - 사람 검수 전"
V2nvyZB-JNM.004,V2nvyZB-JNM.004.mp4,V2nvyZB-JNM,,,0.7268,"EMO-AffectNet pseudo-label (teacher=Aff-Wild2, top=Surprise 0.24, tension=0.273) - 사람 검수 전"
V4ibYU1O-YI.000,V4ibYU1O-YI.000.mp4,V4ibYU1O-YI,,,0.8031,"EMO-AffectNet pseudo-label (teacher=Aff-Wild2, top=Happiness 0.33, tension=0.197) - 사람 검수 전"
V4ibYU1O-YI.001,V4ibYU1O-YI.001.mp4,V4ibYU1O-YI,,,0.8063,"EMO-AffectNet pseudo-label (teacher=Aff-Wild2, top=Happiness 0.33, tension=0.194) - 사람 검수 전"
V4ibYU1O-YI.005,V4ibYU1O-YI.005.mp4,V4ibYU1O-YI,,,0.7805,"EMO-AffectNet pseudo-label (teacher=Aff-Wild2, top=Happiness 0.34, tension=0.220) - 사람 검수 전"
V7_h3URfSFY.000,V7_h3URfSFY.000.mp4,V7_h3URfSFY,,,0.8438,"EMO-AffectNet pseudo-label (teacher=Aff-Wild2, top=Happiness 0.48, tension=0.156) - 사람 검수 전"
V7_h3URfSFY.003,V7_h3URfSFY.003.mp4,V7_h3URfSFY,,,0.8419,"EMO-AffectNet pseudo-label (teacher=Aff-Wild2, top=Happiness 0.47, tension=0.158) - 사람 검수 전"
V7_h3URfSFY.005,V7_h3URfSFY.005.mp4,V7_h3URfSFY,,,0.7254,"EMO-AffectNet pseudo-label (teacher=Aff-Wild2, top=Surprise 0.24, tension=0.275) - 사람 검수 전"
V8JaJ2IVG9E.004,V8JaJ2IVG9E.004.mp4,V8JaJ2IVG9E,,,0.7478,"EMO-AffectNet pseudo-label (teacher=Aff-Wild2, top=Happiness 0.24, tension=0.252) - 사람 검수 전"
V8JaJ2IVG9E.005,V8JaJ2IVG9E.005.mp4,V8JaJ2IVG9E,,,0.7409,"EMO-AffectNet pseudo-label (teacher=Aff-Wild2, top=Surprise 0.22, tension=0.259) - 사람 검수 전"
V8PSAROGbZM.004,V8PSAROGbZM.004.mp4,V8PSAROGbZM,,,0.8732,"EMO-AffectNet pseudo-label (teacher=Aff-Wild2, top=Happiness 0.56, tension=0.127) - 사람 검수 전"
V8w2Lo5wxl8.000,V8w2Lo5wxl8.000.mp4,V8w2Lo5wxl8,,,0.7849,"EMO-AffectNet pseudo-label (teacher=Aff-Wild2, top=Neutral 0.42, tension=0.215) - 사람 검수 전"
V8w2Lo5wxl8.001,V8w2Lo5wxl8.001.mp4,V8w2Lo5wxl8,,,0.7652,"EMO-AffectNet pseudo-label (teacher=Aff-Wild2, top=Neutral 0.43, tension=0.235) - 사람 검수 전"
V8w2Lo5wxl8.004,V8w2Lo5wxl8.004.mp4,V8w2Lo5wxl8,,,0.8329,"EMO-AffectNet pseudo-label (teacher=Aff-Wild2, top=Happiness 0.44, tension=0.167) - 사람 검수 전"
V9OuGDPnqHI.000,V9OuGDPnqHI.000.mp4,V9OuGDPnqHI,,,0.6683,"EMO-AffectNet pseudo-label (teacher=Aff-Wild2, top=Sadness 0.31, tension=0.332) - 사람 검수 전"
V9OuGDPnqHI.001,V9OuGDPnqHI.001.mp4,V9OuGDPnqHI,,,0.7341,"EMO-AffectNet pseudo-label (teacher=Aff-Wild2, top=Neutral 0.32, tension=0.266) - 사람 검수 전"
V9OuGDPnqHI.004,V9OuGDPnqHI.004.mp4,V9OuGDPnqHI,,,0.7629,"EMO-AffectNet pseudo-label (teacher=Aff-Wild2, top=Happiness 0.26, tension=0.237) - 사람 검수 전"
V9aMA9YLa2k.001,V9aMA9YLa2k.001.mp4,V9aMA9YLa2k,,,0.6674,"EMO-AffectNet pseudo-label (teacher=Aff-Wild2, top=Neutral 0.29, tension=0.333) - 사람 검수 전"
V9aMA9YLa2k.005,V9aMA9YLa2k.005.mp4,V9aMA9YLa2k,,,0.6741,"EMO-AffectNet pseudo-label (teacher=Aff-Wild2, top=Fear 0.25, tension=0.326) - 사람 검수 전"
V9roK_mLM-w.000,V9roK_mLM-w.000.mp4,V9roK_mLM-w,,,0.7478,"EMO-AffectNet pseudo-label (teacher=Aff-Wild2, top=Surprise 0.44, tension=0.252) - 사람 검수 전"
V9roK_mLM-w.002,V9roK_mLM-w.002.mp4,V9roK_mLM-w,,,0.7442,"EMO-AffectNet pseudo-label (teacher=Aff-Wild2, top=Surprise 0.45, tension=0.256) - 사람 검수 전"
V9roK_mLM-w.003,V9roK_mLM-w.003.mp4,V9roK_mLM-w,,,0.7948,"EMO-AffectNet pseudo-label (teacher=Aff-Wild2, top=Surprise 0.40, tension=0.205) - 사람 검수 전"
VA5XjOaBH0Y.000,VA5XjOaBH0Y.000.mp4,VA5XjOaBH0Y,,,0.6758,"EMO-AffectNet pseudo-label (teacher=Aff-Wild2, top=Neutral 0.30, tension=0.324) - 사람 검수 전"
VAZLQqJa9rQ.001,VAZLQqJa9rQ.001.mp4,VAZLQqJa9rQ,,,0.6951,"EMO-AffectNet pseudo-label (teacher=Aff-Wild2, top=Neutral 0.21, tension=0.305) - 사람 검수 전"
VAZLQqJa9rQ.002,VAZLQqJa9rQ.002.mp4,VAZLQqJa9rQ,,,0.6943,"EMO-AffectNet pseudo-label (teacher=Aff-Wild2, top=Surprise 0.19, tension=0.306) - 사람 검수 전"
VAZLQqJa9rQ.003,VAZLQqJa9rQ.003.mp4,VAZLQqJa9rQ,,,0.7078,"EMO-AffectNet pseudo-label (teacher=Aff-Wild2, top=Neutral 0.19, tension=0.292) - 사람 검수 전"
VAZLQqJa9rQ.004,VAZLQqJa9rQ.004.mp4,VAZLQqJa9rQ,,,0.6794,"EMO-AffectNet pseudo-label (teacher=Aff-Wild2, top=Anger 0.20, tension=0.321) - 사람 검수 전"
VDcYF-YQuWw.000,VDcYF-YQuWw.000.mp4,VDcYF-YQuWw,,,0.6638,"EMO-AffectNet pseudo-label (teacher=Aff-Wild2, top=Sadness 0.25, tension=0.336) - 사람 검수 전"
VForU0EmBr0.000,VForU0EmBr0.000.mp4,VForU0EmBr0,,,0.7018,"EMO-AffectNet pseudo-label (teacher=Aff-Wild2, top=Surprise 0.29, tension=0.298) - 사람 검수 전"
VForU0EmBr0.001,VForU0EmBr0.001.mp4,VForU0EmBr0,,,0.7224,"EMO-AffectNet pseudo-label (teacher=Aff-Wild2, top=Surprise 0.26, tension=0.278) - 사람 검수 전"
VForU0EmBr0.003,VForU0EmBr0.003.mp4,VForU0EmBr0,,,0.7188,"EMO-AffectNet pseudo-label (teacher=Aff-Wild2, top=Surprise 0.33, tension=0.281) - 사람 검수 전"
VForU0EmBr0.005,VForU0EmBr0.005.mp4,VForU0EmBr0,,,0.7178,"EMO-AffectNet pseudo-label (teacher=Aff-Wild2, top=Surprise 0.30, tension=0.282) - 사람 검수 전"
VGoAtKcKIe8.002,VGoAtKcKIe8.002.mp4,VGoAtKcKIe8,,,0.7599,"EMO-AffectNet pseudo-label (teacher=Aff-Wild2, top=Neutral 0.37, tension=0.240) - 사람 검수 전"
VGoAtKcKIe8.005,VGoAtKcKIe8.005.mp4,VGoAtKcKIe8,,,0.7944,"EMO-AffectNet pseudo-label (teacher=Aff-Wild2, top=Neutral 0.40, tension=0.206) - 사람 검수 전"
VIKk25Ozx40.000,VIKk25Ozx40.000.mp4,VIKk25Ozx40,,,0.7369,"EMO-AffectNet pseudo-label (teacher=Aff-Wild2, top=Neutral 0.38, tension=0.263) - 사람 검수 전"
VIhStXxpAr0.000,VIhStXxpAr0.000.mp4,VIhStXxpAr0,,,0.6301,"EMO-AffectNet pseudo-label (teacher=Aff-Wild2, top=Fear 0.34, tension=0.370) - 사람 검수 전"
VIhStXxpAr0.001,VIhStXxpAr0.001.mp4,VIhStXxpAr0,,,0.6121,"EMO-AffectNet pseudo-label (teacher=Aff-Wild2, top=Fear 0.34, tension=0.388) - 사람 검수 전"
VIhStXxpAr0.003,VIhStXxpAr0.003.mp4,VIhStXxpAr0,,,0.6238,"EMO-AffectNet pseudo-label (teacher=Aff-Wild2, top=Fear 0.30, tension=0.376) - 사람 검수 전"
VIhStXxpAr0.004,VIhStXxpAr0.004.mp4,VIhStXxpAr0,,,0.6035,"EMO-AffectNet pseudo-label (teacher=Aff-Wild2, top=Fear 0.42, tension=0.397) - 사람 검수 전"
VJuVsi6G96s.000,VJuVsi6G96s.000.mp4,VJuVsi6G96s,,,0.7406,"EMO-AffectNet pseudo-label (teacher=Aff-Wild2, top=Neutral 0.33, tension=0.259) - 사람 검수 전"
VJuVsi6G96s.002,VJuVsi6G96s.002.mp4,VJuVsi6G96s,,,0.7592,"EMO-AffectNet pseudo-label (teacher=Aff-Wild2, top=Surprise 0.26, tension=0.241) - 사람 검수 전"
VM409fZmJE0.000,VM409fZmJE0.000.mp4,VM409fZmJE0,,,0.7151,"EMO-AffectNet pseudo-label (teacher=Aff-Wild2, top=Neutral 0.41, tension=0.285) - 사람 검수 전"
VNK6LQHh25w.000,VNK6LQHh25w.000.mp4,VNK6LQHh25w,,,0.7679,"EMO-AffectNet pseudo-label (teacher=Aff-Wild2, top=Neutral 0.27, tension=0.232) - 사람 검수 전"
VNK6LQHh25w.004,VNK6LQHh25w.004.mp4,VNK6LQHh25w,,,0.6793,"EMO-AffectNet pseudo-label (teacher=Aff-Wild2, top=Sadness 0.32, tension=0.321) - 사람 검수 전"
VOeVhXWK7-8.004,VOeVhXWK7-8.004.mp4,VOeVhXWK7-8,,,0.6494,"EMO-AffectNet pseudo-label (teacher=Aff-Wild2, top=Anger 0.38, tension=0.351) - 사람 검수 전"
VOeVhXWK7-8.005,VOeVhXWK7-8.005.mp4,VOeVhXWK7-8,,,0.7127,"EMO-AffectNet pseudo-label (teacher=Aff-Wild2, top=Anger 0.23, tension=0.287) - 사람 검수 전"
VOhsEbDjZ9E.001,VOhsEbDjZ9E.001.mp4,VOhsEbDjZ9E,,,0.7574,"EMO-AffectNet pseudo-label (teacher=Aff-Wild2, top=Neutral 0.26, tension=0.243) - 사람 검수 전"
VPFrKx72gvo.001,VPFrKx72gvo.001.mp4,VPFrKx72gvo,,,0.7277,"EMO-AffectNet pseudo-label (teacher=Aff-Wild2, top=Neutral 0.40, tension=0.272) - 사람 검수 전"
VPFrKx72gvo.002,VPFrKx72gvo.002.mp4,VPFrKx72gvo,,,0.7143,"EMO-AffectNet pseudo-label (teacher=Aff-Wild2, top=Neutral 0.37, tension=0.286) - 사람 검수 전"
VQMizni7nY0.001,VQMizni7nY0.001.mp4,VQMizni7nY0,,,0.8082,"EMO-AffectNet pseudo-label (teacher=Aff-Wild2, top=Happiness 0.29, tension=0.192) - 사람 검수 전"
VRjJxTqOJyo.001,VRjJxTqOJyo.001.mp4,VRjJxTqOJyo,,,0.8447,"EMO-AffectNet pseudo-label (teacher=Aff-Wild2, top=Happiness 0.45, tension=0.155) - 사람 검수 전"
VRjJxTqOJyo.002,VRjJxTqOJyo.002.mp4,VRjJxTqOJyo,,,0.8268,"EMO-AffectNet pseudo-label (teacher=Aff-Wild2, top=Happiness 0.46, tension=0.173) - 사람 검수 전"
VRjJxTqOJyo.004,VRjJxTqOJyo.004.mp4,VRjJxTqOJyo,,,0.8592,"EMO-AffectNet pseudo-label (teacher=Aff-Wild2, top=Happiness 0.54, tension=0.141) - 사람 검수 전"
VTrqCDYHVqU.001,VTrqCDYHVqU.001.mp4,VTrqCDYHVqU,,,0.687,"EMO-AffectNet pseudo-label (teacher=Aff-Wild2, top=Neutral 0.29, tension=0.313) - 사람 검수 전"
VTrqCDYHVqU.002,VTrqCDYHVqU.002.mp4,VTrqCDYHVqU,,,0.6908,"EMO-AffectNet pseudo-label (teacher=Aff-Wild2, top=Neutral 0.28, tension=0.309) - 사람 검수 전"
VTrqCDYHVqU.003,VTrqCDYHVqU.003.mp4,VTrqCDYHVqU,,,0.6693,"EMO-AffectNet pseudo-label (teacher=Aff-Wild2, top=Neutral 0.33, tension=0.331) - 사람 검수 전"
VTv4BAYgJpk.001,VTv4BAYgJpk.001.mp4,VTv4BAYgJpk,,,0.7018,"EMO-AffectNet pseudo-label (teacher=Aff-Wild2, top=Neutral 0.30, tension=0.298) - 사람 검수 전"
VTv4BAYgJpk.002,VTv4BAYgJpk.002.mp4,VTv4BAYgJpk,,,0.688,"EMO-AffectNet pseudo-label (teacher=Aff-Wild2, top=Neutral 0.32, tension=0.312) - 사람 검수 전"
VTv4BAYgJpk.003,VTv4BAYgJpk.003.mp4,VTv4BAYgJpk,,,0.7193,"EMO-AffectNet pseudo-label (teacher=Aff-Wild2, top=Neutral 0.38, tension=0.281) - 사람 검수 전"
VTv4BAYgJpk.005,VTv4BAYgJpk.005.mp4,VTv4BAYgJpk,,,0.7073,"EMO-AffectNet pseudo-label (teacher=Aff-Wild2, top=Neutral 0.35, tension=0.293) - 사람 검수 전"
VUGWfw5PVLY.000,VUGWfw5PVLY.000.mp4,VUGWfw5PVLY,,,0.7928,"EMO-AffectNet pseudo-label (teacher=Aff-Wild2, top=Happiness 0.35, tension=0.207) - 사람 검수 전"
VUGWfw5PVLY.002,VUGWfw5PVLY.002.mp4,VUGWfw5PVLY,,,0.7731,"EMO-AffectNet pseudo-label (teacher=Aff-Wild2, top=Happiness 0.31, tension=0.227) - 사람 검수 전"
VUgKH9DIs-8.000,VUgKH9DIs-8.000.mp4,VUgKH9DIs-8,,,0.6631,"EMO-AffectNet pseudo-label (teacher=Aff-Wild2, top=Neutral 0.24, tension=0.337) - 사람 검수 전"
VUgKH9DIs-8.001,VUgKH9DIs-8.001.mp4,VUgKH9DIs-8,,,0.6586,"EMO-AffectNet pseudo-label (teacher=Aff-Wild2, top=Neutral 0.25, tension=0.341) - 사람 검수 전"
VUgKH9DIs-8.002,VUgKH9DIs-8.002.mp4,VUgKH9DIs-8,,,0.6683,"EMO-AffectNet pseudo-label (teacher=Aff-Wild2, top=Neutral 0.28, tension=0.332) - 사람 검수 전"
VUgKH9DIs-8.003,VUgKH9DIs-8.003.mp4,VUgKH9DIs-8,,,0.6502,"EMO-AffectNet pseudo-label (teacher=Aff-Wild2, top=Disgust 0.23, tension=0.350) - 사람 검수 전"
VUgKH9DIs-8.005,VUgKH9DIs-8.005.mp4,VUgKH9DIs-8,,,0.6656,"EMO-AffectNet pseudo-label (teacher=Aff-Wild2, top=Neutral 0.27, tension=0.334) - 사람 검수 전"
VZ6jhnbk-5g.001,VZ6jhnbk-5g.001.mp4,VZ6jhnbk-5g,,,0.8058,"EMO-AffectNet pseudo-label (teacher=Aff-Wild2, top=Happiness 0.48, tension=0.194) - 사람 검수 전"
VZ6jhnbk-5g.002,VZ6jhnbk-5g.002.mp4,VZ6jhnbk-5g,,,0.8464,"EMO-AffectNet pseudo-label (teacher=Aff-Wild2, top=Happiness 0.58, tension=0.154) - 사람 검수 전"
VZ6jhnbk-5g.003,VZ6jhnbk-5g.003.mp4,VZ6jhnbk-5g,,,0.829,"EMO-AffectNet pseudo-label (teacher=Aff-Wild2, top=Happiness 0.53, tension=0.171) - 사람 검수 전"
VZ6jhnbk-5g.004,VZ6jhnbk-5g.004.mp4,VZ6jhnbk-5g,,,0.8859,"EMO-AffectNet pseudo-label (teacher=Aff-Wild2, top=Happiness 0.68, tension=0.114) - 사람 검수 전"
VbiUhNAdzus.000,VbiUhNAdzus.000.mp4,VbiUhNAdzus,,,0.7477,"EMO-AffectNet pseudo-label (teacher=Aff-Wild2, top=Neutral 0.31, tension=0.252) - 사람 검수 전"
VbiUhNAdzus.002,VbiUhNAdzus.002.mp4,VbiUhNAdzus,,,0.755,"EMO-AffectNet pseudo-label (teacher=Aff-Wild2, top=Surprise 0.28, tension=0.245) - 사람 검수 전"
Vd9biSOZ5CI.001,Vd9biSOZ5CI.001.mp4,Vd9biSOZ5CI,,,0.6535,"EMO-AffectNet pseudo-label (teacher=Aff-Wild2, top=Sadness 0.33, tension=0.347) - 사람 검수 전"
Vd9biSOZ5CI.002,Vd9biSOZ5CI.002.mp4,Vd9biSOZ5CI,,,0.6967,"EMO-AffectNet pseudo-label (teacher=Aff-Wild2, top=Neutral 0.35, tension=0.303) - 사람 검수 전"
Vd9biSOZ5CI.003,Vd9biSOZ5CI.003.mp4,Vd9biSOZ5CI,,,0.7881,"EMO-AffectNet pseudo-label (teacher=Aff-Wild2, top=Happiness 0.37, tension=0.212) - 사람 검수 전"
Vd9biSOZ5CI.004,Vd9biSOZ5CI.004.mp4,Vd9biSOZ5CI,,,0.7257,"EMO-AffectNet pseudo-label (teacher=Aff-Wild2, top=Neutral 0.30, tension=0.274) - 사람 검수 전"
VhHnmeRABJw.003,VhHnmeRABJw.003.mp4,VhHnmeRABJw,,,0.7261,"EMO-AffectNet pseudo-label (teacher=Aff-Wild2, top=Happiness 0.26, tension=0.274) - 사람 검수 전"
VhHnmeRABJw.005,VhHnmeRABJw.005.mp4,VhHnmeRABJw,,,0.6946,"EMO-AffectNet pseudo-label (teacher=Aff-Wild2, top=Happiness 0.21, tension=0.305) - 사람 검수 전"
Vimaz7NzPIg.001,Vimaz7NzPIg.001.mp4,Vimaz7NzPIg,,,0.6966,"EMO-AffectNet pseudo-label (teacher=Aff-Wild2, top=Surprise 0.19, tension=0.303) - 사람 검수 전"
Vj-Cmtqv_qY.001,Vj-Cmtqv_qY.001.mp4,Vj-Cmtqv_qY,,,0.8189,"EMO-AffectNet pseudo-label (teacher=Aff-Wild2, top=Happiness 0.41, tension=0.181) - 사람 검수 전"
VjYqagJ4xt8.001,VjYqagJ4xt8.001.mp4,VjYqagJ4xt8,,,0.7509,"EMO-AffectNet pseudo-label (teacher=Aff-Wild2, top=Surprise 0.30, tension=0.249) - 사람 검수 전"
VjYqagJ4xt8.004,VjYqagJ4xt8.004.mp4,VjYqagJ4xt8,,,0.7626,"EMO-AffectNet pseudo-label (teacher=Aff-Wild2, top=Surprise 0.28, tension=0.237) - 사람 검수 전"
Vk3scj5vhd4.004,Vk3scj5vhd4.004.mp4,Vk3scj5vhd4,,,0.6928,"EMO-AffectNet pseudo-label (teacher=Aff-Wild2, top=Neutral 0.24, tension=0.307) - 사람 검수 전"
VmV8NIvVVkw.000,VmV8NIvVVkw.000.mp4,VmV8NIvVVkw,,,0.7902,"EMO-AffectNet pseudo-label (teacher=Aff-Wild2, top=Happiness 0.30, tension=0.210) - 사람 검수 전"
VmXZ2jMWuvk.001,VmXZ2jMWuvk.001.mp4,VmXZ2jMWuvk,,,0.6554,"EMO-AffectNet pseudo-label (teacher=Aff-Wild2, top=Fear 0.27, tension=0.345) - 사람 검수 전"
VmXZ2jMWuvk.004,VmXZ2jMWuvk.004.mp4,VmXZ2jMWuvk,,,0.6613,"EMO-AffectNet pseudo-label (teacher=Aff-Wild2, top=Fear 0.27, tension=0.339) - 사람 검수 전"
VmyIItgMzpE.002,VmyIItgMzpE.002.mp4,VmyIItgMzpE,,,0.7765,"EMO-AffectNet pseudo-label (teacher=Aff-Wild2, top=Happiness 0.26, tension=0.223) - 사람 검수 전"
VnUkBYQkJms.002,VnUkBYQkJms.002.mp4,VnUkBYQkJms,,,0.7498,"EMO-AffectNet pseudo-label (teacher=Aff-Wild2, top=Neutral 0.23, tension=0.250) - 사람 검수 전"
VnUkBYQkJms.003,VnUkBYQkJms.003.mp4,VnUkBYQkJms,,,0.7567,"EMO-AffectNet pseudo-label (teacher=Aff-Wild2, top=Neutral 0.29, tension=0.243) - 사람 검수 전"
VnUkBYQkJms.004,VnUkBYQkJms.004.mp4,VnUkBYQkJms,,,0.7806,"EMO-AffectNet pseudo-label (teacher=Aff-Wild2, top=Happiness 0.23, tension=0.219) - 사람 검수 전"
VnUkBYQkJms.005,VnUkBYQkJms.005.mp4,VnUkBYQkJms,,,0.7686,"EMO-AffectNet pseudo-label (teacher=Aff-Wild2, top=Neutral 0.26, tension=0.231) - 사람 검수 전"
VoPuhcQc_mg.000,VoPuhcQc_mg.000.mp4,VoPuhcQc_mg,,,0.7683,"EMO-AffectNet pseudo-label (teacher=Aff-Wild2, top=Neutral 0.48, tension=0.232) - 사람 검수 전"
VoXh9utSIx8.000,VoXh9utSIx8.000.mp4,VoXh9utSIx8,,,0.8475,"EMO-AffectNet pseudo-label (teacher=Aff-Wild2, top=Happiness 0.40, tension=0.152) - 사람 검수 전"
VsY6jAlvb9o.000,VsY6jAlvb9o.000.mp4,VsY6jAlvb9o,,,0.8853,"EMO-AffectNet pseudo-label (teacher=Aff-Wild2, top=Happiness 0.62, tension=0.115) - 사람 검수 전"
VtYPH6UsVnU.000,VtYPH6UsVnU.000.mp4,VtYPH6UsVnU,,,0.7025,"EMO-AffectNet pseudo-label (teacher=Aff-Wild2, top=Neutral 0.39, tension=0.297) - 사람 검수 전"
VtYPH6UsVnU.001,VtYPH6UsVnU.001.mp4,VtYPH6UsVnU,,,0.6915,"EMO-AffectNet pseudo-label (teacher=Aff-Wild2, top=Neutral 0.33, tension=0.309) - 사람 검수 전"
VtYPH6UsVnU.002,VtYPH6UsVnU.002.mp4,VtYPH6UsVnU,,,0.6768,"EMO-AffectNet pseudo-label (teacher=Aff-Wild2, top=Neutral 0.35, tension=0.323) - 사람 검수 전"
VtYPH6UsVnU.003,VtYPH6UsVnU.003.mp4,VtYPH6UsVnU,,,0.7014,"EMO-AffectNet pseudo-label (teacher=Aff-Wild2, top=Neutral 0.40, tension=0.299) - 사람 검수 전"
VtYPH6UsVnU.005,VtYPH6UsVnU.005.mp4,VtYPH6UsVnU,,,0.6465,"EMO-AffectNet pseudo-label (teacher=Aff-Wild2, top=Surprise 0.25, tension=0.353) - 사람 검수 전"
VuS938tAv-0.003,VuS938tAv-0.003.mp4,VuS938tAv-0,,,0.8267,"EMO-AffectNet pseudo-label (teacher=Aff-Wild2, top=Happiness 0.45, tension=0.173) - 사람 검수 전"
VuadgOz6T7s.000,VuadgOz6T7s.000.mp4,VuadgOz6T7s,,,0.6617,"EMO-AffectNet pseudo-label (teacher=Aff-Wild2, top=Disgust 0.17, tension=0.338) - 사람 검수 전"
VuadgOz6T7s.001,VuadgOz6T7s.001.mp4,VuadgOz6T7s,,,0.7089,"EMO-AffectNet pseudo-label (teacher=Aff-Wild2, top=Happiness 0.20, tension=0.291) - 사람 검수 전"
VuadgOz6T7s.002,VuadgOz6T7s.002.mp4,VuadgOz6T7s,,,0.642,"EMO-AffectNet pseudo-label (teacher=Aff-Wild2, top=Disgust 0.24, tension=0.358) - 사람 검수 전"
VugKq4gOi50.000,VugKq4gOi50.000.mp4,VugKq4gOi50,,,0.6414,"EMO-AffectNet pseudo-label (teacher=Aff-Wild2, top=Sadness 0.30, tension=0.359) - 사람 검수 전"
VugKq4gOi50.004,VugKq4gOi50.004.mp4,VugKq4gOi50,,,0.7353,"EMO-AffectNet pseudo-label (teacher=Aff-Wild2, top=Happiness 0.27, tension=0.265) - 사람 검수 전"
VugKq4gOi50.005,VugKq4gOi50.005.mp4,VugKq4gOi50,,,0.6645,"EMO-AffectNet pseudo-label (teacher=Aff-Wild2, top=Sadness 0.26, tension=0.336) - 사람 검수 전"
VvSk5m90xOs.000,VvSk5m90xOs.000.mp4,VvSk5m90xOs,,,0.7576,"EMO-AffectNet pseudo-label (teacher=Aff-Wild2, top=Neutral 0.47, tension=0.242) - 사람 검수 전"
VvSk5m90xOs.002,VvSk5m90xOs.002.mp4,VvSk5m90xOs,,,0.7355,"EMO-AffectNet pseudo-label (teacher=Aff-Wild2, top=Neutral 0.44, tension=0.265) - 사람 검수 전"
VvSk5m90xOs.003,VvSk5m90xOs.003.mp4,VvSk5m90xOs,,,0.679,"EMO-AffectNet pseudo-label (teacher=Aff-Wild2, top=Neutral 0.36, tension=0.321) - 사람 검수 전"
VvVigAr4hZc.003,VvVigAr4hZc.003.mp4,VvVigAr4hZc,,,0.8033,"EMO-AffectNet pseudo-label (teacher=Aff-Wild2, top=Happiness 0.42, tension=0.197) - 사람 검수 전"
VxtZDXM0cuQ.001,VxtZDXM0cuQ.001.mp4,VxtZDXM0cuQ,,,0.6022,"EMO-AffectNet pseudo-label (teacher=Aff-Wild2, top=Disgust 0.32, tension=0.398) - 사람 검수 전"
VxtZDXM0cuQ.002,VxtZDXM0cuQ.002.mp4,VxtZDXM0cuQ,,,0.6258,"EMO-AffectNet pseudo-label (teacher=Aff-Wild2, top=Disgust 0.29, tension=0.374) - 사람 검수 전"
VxtZDXM0cuQ.005,VxtZDXM0cuQ.005.mp4,VxtZDXM0cuQ,,,0.6436,"EMO-AffectNet pseudo-label (teacher=Aff-Wild2, top=Sadness 0.20, tension=0.356) - 사람 검수 전"
Vy-Lr_iM5qo.000,Vy-Lr_iM5qo.000.mp4,Vy-Lr_iM5qo,,,0.9162,"EMO-AffectNet pseudo-label (teacher=Aff-Wild2, top=Happiness 0.74, tension=0.084) - 사람 검수 전"
Vy-Lr_iM5qo.001,Vy-Lr_iM5qo.001.mp4,Vy-Lr_iM5qo,,,0.8638,"EMO-AffectNet pseudo-label (teacher=Aff-Wild2, top=Happiness 0.58, tension=0.136) - 사람 검수 전"
Vy-Lr_iM5qo.003,Vy-Lr_iM5qo.003.mp4,Vy-Lr_iM5qo,,,0.8741,"EMO-AffectNet pseudo-label (teacher=Aff-Wild2, top=Happiness 0.60, tension=0.126) - 사람 검수 전"
Vy-Lr_iM5qo.005,Vy-Lr_iM5qo.005.mp4,Vy-Lr_iM5qo,,,0.8902,"EMO-AffectNet pseudo-label (teacher=Aff-Wild2, top=Happiness 0.64, tension=0.110) - 사람 검수 전"
Vyktsh14Kww.005,Vyktsh14Kww.005.mp4,Vyktsh14Kww,,,0.7794,"EMO-AffectNet pseudo-label (teacher=Aff-Wild2, top=Surprise 0.30, tension=0.221) - 사람 검수 전"
W0Ay5uul8j0.001,W0Ay5uul8j0.001.mp4,W0Ay5uul8j0,,,0.7135,"EMO-AffectNet pseudo-label (teacher=Aff-Wild2, top=Neutral 0.28, tension=0.286) - 사람 검수 전"
W0Ay5uul8j0.002,W0Ay5uul8j0.002.mp4,W0Ay5uul8j0,,,0.8617,"EMO-AffectNet pseudo-label (teacher=Aff-Wild2, top=Happiness 0.51, tension=0.138) - 사람 검수 전"
W0FCCk0a0tg.001,W0FCCk0a0tg.001.mp4,W0FCCk0a0tg,,,0.6635,"EMO-AffectNet pseudo-label (teacher=Aff-Wild2, top=Neutral 0.31, tension=0.337) - 사람 검수 전"
W0FCCk0a0tg.003,W0FCCk0a0tg.003.mp4,W0FCCk0a0tg,,,0.6357,"EMO-AffectNet pseudo-label (teacher=Aff-Wild2, top=Fear 0.25, tension=0.364) - 사람 검수 전"
W0LRjSS9pVM.001,W0LRjSS9pVM.001.mp4,W0LRjSS9pVM,,,0.7667,"EMO-AffectNet pseudo-label (teacher=Aff-Wild2, top=Neutral 0.39, tension=0.233) - 사람 검수 전"
W0LRjSS9pVM.004,W0LRjSS9pVM.004.mp4,W0LRjSS9pVM,,,0.7508,"EMO-AffectNet pseudo-label (teacher=Aff-Wild2, top=Neutral 0.40, tension=0.249) - 사람 검수 전"
W2AB3UUyvwI.002,W2AB3UUyvwI.002.mp4,W2AB3UUyvwI,,,0.8317,"EMO-AffectNet pseudo-label (teacher=Aff-Wild2, top=Happiness 0.57, tension=0.168) - 사람 검수 전"
W2AB3UUyvwI.003,W2AB3UUyvwI.003.mp4,W2AB3UUyvwI,,,0.9201,"EMO-AffectNet pseudo-label (teacher=Aff-Wild2, top=Happiness 0.73, tension=0.080) - 사람 검수 전"
W2AB3UUyvwI.005,W2AB3UUyvwI.005.mp4,W2AB3UUyvwI,,,0.9012,"EMO-AffectNet pseudo-label (teacher=Aff-Wild2, top=Happiness 0.68, tension=0.099) - 사람 검수 전"
W2asVll3OSU.001,W2asVll3OSU.001.mp4,W2asVll3OSU,,,0.6764,"EMO-AffectNet pseudo-label (teacher=Aff-Wild2, top=Neutral 0.34, tension=0.324) - 사람 검수 전"
W4tz3plvvKI.003,W4tz3plvvKI.003.mp4,W4tz3plvvKI,,,0.6806,"EMO-AffectNet pseudo-label (teacher=Aff-Wild2, top=Anger 0.28, tension=0.319) - 사람 검수 전"
W7BbL3NZvrU.001,W7BbL3NZvrU.001.mp4,W7BbL3NZvrU,,,0.7071,"EMO-AffectNet pseudo-label (teacher=Aff-Wild2, top=Neutral 0.32, tension=0.293) - 사람 검수 전"
W7BbL3NZvrU.004,W7BbL3NZvrU.004.mp4,W7BbL3NZvrU,,,0.6823,"EMO-AffectNet pseudo-label (teacher=Aff-Wild2, top=Neutral 0.33, tension=0.318) - 사람 검수 전"
W8NkAXNboT0.000,W8NkAXNboT0.000.mp4,W8NkAXNboT0,,,0.6783,"EMO-AffectNet pseudo-label (teacher=Aff-Wild2, top=Neutral 0.24, tension=0.322) - 사람 검수 전"
W8NkAXNboT0.002,W8NkAXNboT0.002.mp4,W8NkAXNboT0,,,0.6618,"EMO-AffectNet pseudo-label (teacher=Aff-Wild2, top=Neutral 0.22, tension=0.338) - 사람 검수 전"
WATt9OOVZh8.001,WATt9OOVZh8.001.mp4,WATt9OOVZh8,,,0.7209,"EMO-AffectNet pseudo-label (teacher=Aff-Wild2, top=Happiness 0.22, tension=0.279) - 사람 검수 전"
WATt9OOVZh8.002,WATt9OOVZh8.002.mp4,WATt9OOVZh8,,,0.7778,"EMO-AffectNet pseudo-label (teacher=Aff-Wild2, top=Happiness 0.35, tension=0.222) - 사람 검수 전"
WATt9OOVZh8.004,WATt9OOVZh8.004.mp4,WATt9OOVZh8,,,0.7751,"EMO-AffectNet pseudo-label (teacher=Aff-Wild2, top=Happiness 0.32, tension=0.225) - 사람 검수 전"
WCLkd1Fek0w.001,WCLkd1Fek0w.001.mp4,WCLkd1Fek0w,,,0.6961,"EMO-AffectNet pseudo-label (teacher=Aff-Wild2, top=Neutral 0.33, tension=0.304) - 사람 검수 전"
WD1WsbooU2w.001,WD1WsbooU2w.001.mp4,WD1WsbooU2w,,,0.7224,"EMO-AffectNet pseudo-label (teacher=Aff-Wild2, top=Neutral 0.35, tension=0.278) - 사람 검수 전"
WD1WsbooU2w.002,WD1WsbooU2w.002.mp4,WD1WsbooU2w,,,0.7233,"EMO-AffectNet pseudo-label (teacher=Aff-Wild2, top=Neutral 0.37, tension=0.277) - 사람 검수 전"
WGP2HLnoma0.001,WGP2HLnoma0.001.mp4,WGP2HLnoma0,,,0.6927,"EMO-AffectNet pseudo-label (teacher=Aff-Wild2, top=Neutral 0.39, tension=0.307) - 사람 검수 전"
WMp0lsXbOqM.002,WMp0lsXbOqM.002.mp4,WMp0lsXbOqM,,,0.6765,"EMO-AffectNet pseudo-label (teacher=Aff-Wild2, top=Surprise 0.31, tension=0.323) - 사람 검수 전"
WMp0lsXbOqM.003,WMp0lsXbOqM.003.mp4,WMp0lsXbOqM,,,0.6622,"EMO-AffectNet pseudo-label (teacher=Aff-Wild2, top=Anger 0.27, tension=0.338) - 사람 검수 전"
WOyix7rTgwI.001,WOyix7rTgwI.001.mp4,WOyix7rTgwI,,,0.7442,"EMO-AffectNet pseudo-label (teacher=Aff-Wild2, top=Neutral 0.24, tension=0.256) - 사람 검수 전"
WQg0-M4Yn3s.000,WQg0-M4Yn3s.000.mp4,WQg0-M4Yn3s,,,0.6521,"EMO-AffectNet pseudo-label (teacher=Aff-Wild2, top=Sadness 0.25, tension=0.348) - 사람 검수 전"
WRz1F6DqmRQ.000,WRz1F6DqmRQ.000.mp4,WRz1F6DqmRQ,,,0.6856,"EMO-AffectNet pseudo-label (teacher=Aff-Wild2, top=Neutral 0.27, tension=0.314) - 사람 검수 전"
WRz1F6DqmRQ.002,WRz1F6DqmRQ.002.mp4,WRz1F6DqmRQ,,,0.6833,"EMO-AffectNet pseudo-label (teacher=Aff-Wild2, top=Neutral 0.22, tension=0.317) - 사람 검수 전"
WRz1F6DqmRQ.004,WRz1F6DqmRQ.004.mp4,WRz1F6DqmRQ,,,0.6713,"EMO-AffectNet pseudo-label (teacher=Aff-Wild2, top=Neutral 0.22, tension=0.329) - 사람 검수 전"
WRz1F6DqmRQ.005,WRz1F6DqmRQ.005.mp4,WRz1F6DqmRQ,,,0.6596,"EMO-AffectNet pseudo-label (teacher=Aff-Wild2, top=Sadness 0.24, tension=0.340) - 사람 검수 전"
WT1YjeADatU.000,WT1YjeADatU.000.mp4,WT1YjeADatU,,,0.6666,"EMO-AffectNet pseudo-label (teacher=Aff-Wild2, top=Sadness 0.27, tension=0.333) - 사람 검수 전"
WT1YjeADatU.001,WT1YjeADatU.001.mp4,WT1YjeADatU,,,0.7874,"EMO-AffectNet pseudo-label (teacher=Aff-Wild2, top=Happiness 0.41, tension=0.213) - 사람 검수 전"
WT1YjeADatU.002,WT1YjeADatU.002.mp4,WT1YjeADatU,,,0.6351,"EMO-AffectNet pseudo-label (teacher=Aff-Wild2, top=Sadness 0.31, tension=0.365) - 사람 검수 전"
WT1YjeADatU.003,WT1YjeADatU.003.mp4,WT1YjeADatU,,,0.7302,"EMO-AffectNet pseudo-label (teacher=Aff-Wild2, top=Happiness 0.26, tension=0.270) - 사람 검수 전"
WTzDOt2GO1M.002,WTzDOt2GO1M.002.mp4,WTzDOt2GO1M,,,0.7279,"EMO-AffectNet pseudo-label (teacher=Aff-Wild2, top=Neutral 0.31, tension=0.272) - 사람 검수 전"
WTzDOt2GO1M.005,WTzDOt2GO1M.005.mp4,WTzDOt2GO1M,,,0.7163,"EMO-AffectNet pseudo-label (teacher=Aff-Wild2, top=Neutral 0.28, tension=0.284) - 사람 검수 전"
WU2_ELn71Rw.000,WU2_ELn71Rw.000.mp4,WU2_ELn71Rw,,,0.8779,"EMO-AffectNet pseudo-label (teacher=Aff-Wild2, top=Happiness 0.57, tension=0.122) - 사람 검수 전"
WUNXs4r_xCU.000,WUNXs4r_xCU.000.mp4,WUNXs4r_xCU,,,0.7208,"EMO-AffectNet pseudo-label (teacher=Aff-Wild2, top=Surprise 0.27, tension=0.279) - 사람 검수 전"
WUNXs4r_xCU.001,WUNXs4r_xCU.001.mp4,WUNXs4r_xCU,,,0.7313,"EMO-AffectNet pseudo-label (teacher=Aff-Wild2, top=Neutral 0.33, tension=0.269) - 사람 검수 전"
WUNXs4r_xCU.002,WUNXs4r_xCU.002.mp4,WUNXs4r_xCU,,,0.7098,"EMO-AffectNet pseudo-label (teacher=Aff-Wild2, top=Surprise 0.29, tension=0.290) - 사람 검수 전"
WUNXs4r_xCU.003,WUNXs4r_xCU.003.mp4,WUNXs4r_xCU,,,0.7275,"EMO-AffectNet pseudo-label (teacher=Aff-Wild2, top=Neutral 0.27, tension=0.273) - 사람 검수 전"
WUNXs4r_xCU.004,WUNXs4r_xCU.004.mp4,WUNXs4r_xCU,,,0.7185,"EMO-AffectNet pseudo-label (teacher=Aff-Wild2, top=Surprise 0.29, tension=0.281) - 사람 검수 전"
WWdCfiraNQk.003,WWdCfiraNQk.003.mp4,WWdCfiraNQk,,,0.686,"EMO-AffectNet pseudo-label (teacher=Aff-Wild2, top=Sadness 0.29, tension=0.314) - 사람 검수 전"
WYXRdYT4F0Q.003,WYXRdYT4F0Q.003.mp4,WYXRdYT4F0Q,,,0.7285,"EMO-AffectNet pseudo-label (teacher=Aff-Wild2, top=Neutral 0.26, tension=0.272) - 사람 검수 전"
WZnLayQeIZ0.000,WZnLayQeIZ0.000.mp4,WZnLayQeIZ0,,,0.9022,"EMO-AffectNet pseudo-label (teacher=Aff-Wild2, top=Happiness 0.69, tension=0.098) - 사람 검수 전"
WZnLayQeIZ0.005,WZnLayQeIZ0.005.mp4,WZnLayQeIZ0,,,0.9114,"EMO-AffectNet pseudo-label (teacher=Aff-Wild2, top=Happiness 0.71, tension=0.089) - 사람 검수 전"
Wa-HX5jP3ew.001,Wa-HX5jP3ew.001.mp4,Wa-HX5jP3ew,,,0.6641,"EMO-AffectNet pseudo-label (teacher=Aff-Wild2, top=Neutral 0.27, tension=0.336) - 사람 검수 전"
Wa-HX5jP3ew.002,Wa-HX5jP3ew.002.mp4,Wa-HX5jP3ew,,,0.6519,"EMO-AffectNet pseudo-label (teacher=Aff-Wild2, top=Neutral 0.22, tension=0.348) - 사람 검수 전"
Wa-HX5jP3ew.003,Wa-HX5jP3ew.003.mp4,Wa-HX5jP3ew,,,0.7313,"EMO-AffectNet pseudo-label (teacher=Aff-Wild2, top=Neutral 0.37, tension=0.269) - 사람 검수 전"
Wbd7QufjK_E.002,Wbd7QufjK_E.002.mp4,Wbd7QufjK_E,,,0.6911,"EMO-AffectNet pseudo-label (teacher=Aff-Wild2, top=Happiness 0.22, tension=0.309) - 사람 검수 전"
Wby2oMliGz0.000,Wby2oMliGz0.000.mp4,Wby2oMliGz0,,,0.7184,"EMO-AffectNet pseudo-label (teacher=Aff-Wild2, top=Neutral 0.30, tension=0.282) - 사람 검수 전"
Wby2oMliGz0.002,Wby2oMliGz0.002.mp4,Wby2oMliGz0,,,0.7301,"EMO-AffectNet pseudo-label (teacher=Aff-Wild2, top=Neutral 0.33, tension=0.270) - 사람 검수 전"
Wby2oMliGz0.003,Wby2oMliGz0.003.mp4,Wby2oMliGz0,,,0.7188,"EMO-AffectNet pseudo-label (teacher=Aff-Wild2, top=Neutral 0.27, tension=0.281) - 사람 검수 전"
Wby2oMliGz0.004,Wby2oMliGz0.004.mp4,Wby2oMliGz0,,,0.6816,"EMO-AffectNet pseudo-label (teacher=Aff-Wild2, top=Neutral 0.32, tension=0.318) - 사람 검수 전"
Wby2oMliGz0.005,Wby2oMliGz0.005.mp4,Wby2oMliGz0,,,0.7357,"EMO-AffectNet pseudo-label (teacher=Aff-Wild2, top=Neutral 0.31, tension=0.264) - 사람 검수 전"
Wd0V4MNvqcg.000,Wd0V4MNvqcg.000.mp4,Wd0V4MNvqcg,,,0.6842,"EMO-AffectNet pseudo-label (teacher=Aff-Wild2, top=Neutral 0.27, tension=0.316) - 사람 검수 전"
Wd0V4MNvqcg.001,Wd0V4MNvqcg.001.mp4,Wd0V4MNvqcg,,,0.7298,"EMO-AffectNet pseudo-label (teacher=Aff-Wild2, top=Neutral 0.29, tension=0.270) - 사람 검수 전"
Wd0V4MNvqcg.002,Wd0V4MNvqcg.002.mp4,Wd0V4MNvqcg,,,0.7079,"EMO-AffectNet pseudo-label (teacher=Aff-Wild2, top=Neutral 0.27, tension=0.292) - 사람 검수 전"
Wev85dXzVGM.000,Wev85dXzVGM.000.mp4,Wev85dXzVGM,,,0.7881,"EMO-AffectNet pseudo-label (teacher=Aff-Wild2, top=Neutral 0.30, tension=0.212) - 사람 검수 전"
WfCSCxADlrg.002,WfCSCxADlrg.002.mp4,WfCSCxADlrg,,,0.7569,"EMO-AffectNet pseudo-label (teacher=Aff-Wild2, top=Happiness 0.22, tension=0.243) - 사람 검수 전"
WfCSCxADlrg.004,WfCSCxADlrg.004.mp4,WfCSCxADlrg,,,0.6551,"EMO-AffectNet pseudo-label (teacher=Aff-Wild2, top=Anger 0.24, tension=0.345) - 사람 검수 전"
WfCSCxADlrg.005,WfCSCxADlrg.005.mp4,WfCSCxADlrg,,,0.7193,"EMO-AffectNet pseudo-label (teacher=Aff-Wild2, top=Neutral 0.24, tension=0.281) - 사람 검수 전"
WfZodMIIGR0.000,WfZodMIIGR0.000.mp4,WfZodMIIGR0,,,0.7914,"EMO-AffectNet pseudo-label (teacher=Aff-Wild2, top=Happiness 0.44, tension=0.209) - 사람 검수 전"
WfjLOieAwGY.002,WfjLOieAwGY.002.mp4,WfjLOieAwGY,,,0.8034,"EMO-AffectNet pseudo-label (teacher=Aff-Wild2, top=Happiness 0.35, tension=0.197) - 사람 검수 전"
WkbvQZU475o.003,WkbvQZU475o.003.mp4,WkbvQZU475o,,,0.6459,"EMO-AffectNet pseudo-label (teacher=Aff-Wild2, top=Fear 0.31, tension=0.354) - 사람 검수 전"
WosLI6krxUg.001,WosLI6krxUg.001.mp4,WosLI6krxUg,,,0.7588,"EMO-AffectNet pseudo-label (teacher=Aff-Wild2, top=Happiness 0.25, tension=0.241) - 사람 검수 전"
WosLI6krxUg.002,WosLI6krxUg.002.mp4,WosLI6krxUg,,,0.8325,"EMO-AffectNet pseudo-label (teacher=Aff-Wild2, top=Happiness 0.45, tension=0.167) - 사람 검수 전"
WpEZOSrENL0.002,WpEZOSrENL0.002.mp4,WpEZOSrENL0,,,0.7326,"EMO-AffectNet pseudo-label (teacher=Aff-Wild2, top=Happiness 0.20, tension=0.267) - 사람 검수 전"
WpMPrPnk1po.000,WpMPrPnk1po.000.mp4,WpMPrPnk1po,,,0.747,"EMO-AffectNet pseudo-label (teacher=Aff-Wild2, top=Surprise 0.23, tension=0.253) - 사람 검수 전"
WuHLxhCSnGs.001,WuHLxhCSnGs.001.mp4,WuHLxhCSnGs,,,0.7461,"EMO-AffectNet pseudo-label (teacher=Aff-Wild2, top=Neutral 0.25, tension=0.254) - 사람 검수 전"
WuHLxhCSnGs.003,WuHLxhCSnGs.003.mp4,WuHLxhCSnGs,,,0.7359,"EMO-AffectNet pseudo-label (teacher=Aff-Wild2, top=Neutral 0.25, tension=0.264) - 사람 검수 전"
WuHLxhCSnGs.004,WuHLxhCSnGs.004.mp4,WuHLxhCSnGs,,,0.7367,"EMO-AffectNet pseudo-label (teacher=Aff-Wild2, top=Neutral 0.25, tension=0.263) - 사람 검수 전"
WuHLxhCSnGs.005,WuHLxhCSnGs.005.mp4,WuHLxhCSnGs,,,0.7246,"EMO-AffectNet pseudo-label (teacher=Aff-Wild2, top=Neutral 0.25, tension=0.275) - 사람 검수 전"
WuIKjBb7s4Q.000,WuIKjBb7s4Q.000.mp4,WuIKjBb7s4Q,,,0.6444,"EMO-AffectNet pseudo-label (teacher=Aff-Wild2, top=Anger 0.21, tension=0.356) - 사람 검수 전"
WuIKjBb7s4Q.002,WuIKjBb7s4Q.002.mp4,WuIKjBb7s4Q,,,0.6191,"EMO-AffectNet pseudo-label (teacher=Aff-Wild2, top=Anger 0.21, tension=0.381) - 사람 검수 전"
WuIKjBb7s4Q.003,WuIKjBb7s4Q.003.mp4,WuIKjBb7s4Q,,,0.6814,"EMO-AffectNet pseudo-label (teacher=Aff-Wild2, top=Happiness 0.19, tension=0.319) - 사람 검수 전"
WuIKjBb7s4Q.004,WuIKjBb7s4Q.004.mp4,WuIKjBb7s4Q,,,0.6159,"EMO-AffectNet pseudo-label (teacher=Aff-Wild2, top=Anger 0.23, tension=0.384) - 사람 검수 전"
WuIKjBb7s4Q.005,WuIKjBb7s4Q.005.mp4,WuIKjBb7s4Q,,,0.6214,"EMO-AffectNet pseudo-label (teacher=Aff-Wild2, top=Anger 0.21, tension=0.379) - 사람 검수 전"
WuoQDp7pU24.001,WuoQDp7pU24.001.mp4,WuoQDp7pU24,,,0.9062,"EMO-AffectNet pseudo-label (teacher=Aff-Wild2, top=Happiness 0.70, tension=0.094) - 사람 검수 전"
WuoQDp7pU24.002,WuoQDp7pU24.002.mp4,WuoQDp7pU24,,,0.8843,"EMO-AffectNet pseudo-label (teacher=Aff-Wild2, top=Happiness 0.64, tension=0.116) - 사람 검수 전"
WuoQDp7pU24.003,WuoQDp7pU24.003.mp4,WuoQDp7pU24,,,0.9,"EMO-AffectNet pseudo-label (teacher=Aff-Wild2, top=Happiness 0.68, tension=0.100) - 사람 검수 전"
WwGca41TJVU.002,WwGca41TJVU.002.mp4,WwGca41TJVU,,,0.7749,"EMO-AffectNet pseudo-label (teacher=Aff-Wild2, top=Happiness 0.25, tension=0.225) - 사람 검수 전"
WwGca41TJVU.003,WwGca41TJVU.003.mp4,WwGca41TJVU,,,0.7928,"EMO-AffectNet pseudo-label (teacher=Aff-Wild2, top=Surprise 0.26, tension=0.207) - 사람 검수 전"
Wx_oe0SxD9w.000,Wx_oe0SxD9w.000.mp4,Wx_oe0SxD9w,,,0.7291,"EMO-AffectNet pseudo-label (teacher=Aff-Wild2, top=Surprise 0.24, tension=0.271) - 사람 검수 전"
Wx_oe0SxD9w.001,Wx_oe0SxD9w.001.mp4,Wx_oe0SxD9w,,,0.7202,"EMO-AffectNet pseudo-label (teacher=Aff-Wild2, top=Surprise 0.24, tension=0.280) - 사람 검수 전"
Wx_oe0SxD9w.002,Wx_oe0SxD9w.002.mp4,Wx_oe0SxD9w,,,0.7275,"EMO-AffectNet pseudo-label (teacher=Aff-Wild2, top=Happiness 0.23, tension=0.273) - 사람 검수 전"
Wx_oe0SxD9w.003,Wx_oe0SxD9w.003.mp4,Wx_oe0SxD9w,,,0.7812,"EMO-AffectNet pseudo-label (teacher=Aff-Wild2, top=Happiness 0.35, tension=0.219) - 사람 검수 전"
Wy4hWbeibhU.000,Wy4hWbeibhU.000.mp4,Wy4hWbeibhU,,,0.6913,"EMO-AffectNet pseudo-label (teacher=Aff-Wild2, top=Happiness 0.23, tension=0.309) - 사람 검수 전"
Wy4hWbeibhU.002,Wy4hWbeibhU.002.mp4,Wy4hWbeibhU,,,0.6976,"EMO-AffectNet pseudo-label (teacher=Aff-Wild2, top=Happiness 0.24, tension=0.302) - 사람 검수 전"
WyLqK6wzYLU.000,WyLqK6wzYLU.000.mp4,WyLqK6wzYLU,,,0.6202,"EMO-AffectNet pseudo-label (teacher=Aff-Wild2, top=Fear 0.30, tension=0.380) - 사람 검수 전"
WyLqK6wzYLU.001,WyLqK6wzYLU.001.mp4,WyLqK6wzYLU,,,0.6868,"EMO-AffectNet pseudo-label (teacher=Aff-Wild2, top=Fear 0.21, tension=0.313) - 사람 검수 전"
X-i_eQ48DBw.000,X-i_eQ48DBw.000.mp4,X-i_eQ48DBw,,,0.6664,"EMO-AffectNet pseudo-label (teacher=Aff-Wild2, top=Surprise 0.22, tension=0.334) - 사람 검수 전"
X-i_eQ48DBw.001,X-i_eQ48DBw.001.mp4,X-i_eQ48DBw,,,0.6629,"EMO-AffectNet pseudo-label (teacher=Aff-Wild2, top=Surprise 0.27, tension=0.337) - 사람 검수 전"
X-i_eQ48DBw.004,X-i_eQ48DBw.004.mp4,X-i_eQ48DBw,,,0.6813,"EMO-AffectNet pseudo-label (teacher=Aff-Wild2, top=Surprise 0.23, tension=0.319) - 사람 검수 전"
X1EjfXX3NTk.000,X1EjfXX3NTk.000.mp4,X1EjfXX3NTk,,,0.8157,"EMO-AffectNet pseudo-label (teacher=Aff-Wild2, top=Neutral 0.30, tension=0.184) - 사람 검수 전"
X1EjfXX3NTk.003,X1EjfXX3NTk.003.mp4,X1EjfXX3NTk,,,0.7884,"EMO-AffectNet pseudo-label (teacher=Aff-Wild2, top=Happiness 0.33, tension=0.212) - 사람 검수 전"
X1EjfXX3NTk.004,X1EjfXX3NTk.004.mp4,X1EjfXX3NTk,,,0.6874,"EMO-AffectNet pseudo-label (teacher=Aff-Wild2, top=Sadness 0.19, tension=0.313) - 사람 검수 전"
X4NG3EGtUvo.003,X4NG3EGtUvo.003.mp4,X4NG3EGtUvo,,,0.7101,"EMO-AffectNet pseudo-label (teacher=Aff-Wild2, top=Happiness 0.29, tension=0.290) - 사람 검수 전"
X4NG3EGtUvo.005,X4NG3EGtUvo.005.mp4,X4NG3EGtUvo,,,0.7746,"EMO-AffectNet pseudo-label (teacher=Aff-Wild2, top=Neutral 0.29, tension=0.225) - 사람 검수 전"
X5aKCrWf6a4.001,X5aKCrWf6a4.001.mp4,X5aKCrWf6a4,,,0.734,"EMO-AffectNet pseudo-label (teacher=Aff-Wild2, top=Neutral 0.35, tension=0.266) - 사람 검수 전"
X5aKCrWf6a4.003,X5aKCrWf6a4.003.mp4,X5aKCrWf6a4,,,0.7242,"EMO-AffectNet pseudo-label (teacher=Aff-Wild2, top=Neutral 0.34, tension=0.276) - 사람 검수 전"
X5aKCrWf6a4.005,X5aKCrWf6a4.005.mp4,X5aKCrWf6a4,,,0.7427,"EMO-AffectNet pseudo-label (teacher=Aff-Wild2, top=Neutral 0.37, tension=0.257) - 사람 검수 전"
X7S71Som15M.001,X7S71Som15M.001.mp4,X7S71Som15M,,,0.6606,"EMO-AffectNet pseudo-label (teacher=Aff-Wild2, top=Sadness 0.25, tension=0.339) - 사람 검수 전"
X7S71Som15M.002,X7S71Som15M.002.mp4,X7S71Som15M,,,0.6854,"EMO-AffectNet pseudo-label (teacher=Aff-Wild2, top=Sadness 0.25, tension=0.315) - 사람 검수 전"
X8RfXbeIQvo.001,X8RfXbeIQvo.001.mp4,X8RfXbeIQvo,,,0.7409,"EMO-AffectNet pseudo-label (teacher=Aff-Wild2, top=Neutral 0.41, tension=0.259) - 사람 검수 전"
X9AEEGzWSU8.001,X9AEEGzWSU8.001.mp4,X9AEEGzWSU8,,,0.6927,"EMO-AffectNet pseudo-label (teacher=Aff-Wild2, top=Neutral 0.36, tension=0.307) - 사람 검수 전"
X9AEEGzWSU8.002,X9AEEGzWSU8.002.mp4,X9AEEGzWSU8,,,0.7483,"EMO-AffectNet pseudo-label (teacher=Aff-Wild2, top=Neutral 0.35, tension=0.252) - 사람 검수 전"
X9AEEGzWSU8.003,X9AEEGzWSU8.003.mp4,X9AEEGzWSU8,,,0.7246,"EMO-AffectNet pseudo-label (teacher=Aff-Wild2, top=Neutral 0.39, tension=0.275) - 사람 검수 전"
X9AEEGzWSU8.005,X9AEEGzWSU8.005.mp4,X9AEEGzWSU8,,,0.6957,"EMO-AffectNet pseudo-label (teacher=Aff-Wild2, top=Neutral 0.32, tension=0.304) - 사람 검수 전"
XAO4l8Ej-J8.003,XAO4l8Ej-J8.003.mp4,XAO4l8Ej-J8,,,0.7327,"EMO-AffectNet pseudo-label (teacher=Aff-Wild2, top=Neutral 0.27, tension=0.267) - 사람 검수 전"
XAO4l8Ej-J8.005,XAO4l8Ej-J8.005.mp4,XAO4l8Ej-J8,,,0.7141,"EMO-AffectNet pseudo-label (teacher=Aff-Wild2, top=Neutral 0.30, tension=0.286) - 사람 검수 전"
XB4JOAiEanw.000,XB4JOAiEanw.000.mp4,XB4JOAiEanw,,,0.8005,"EMO-AffectNet pseudo-label (teacher=Aff-Wild2, top=Happiness 0.40, tension=0.199) - 사람 검수 전"
XB81sertsYU.000,XB81sertsYU.000.mp4,XB81sertsYU,,,0.7519,"EMO-AffectNet pseudo-label (teacher=Aff-Wild2, top=Surprise 0.31, tension=0.248) - 사람 검수 전"
XEpdSMQfEOs.002,XEpdSMQfEOs.002.mp4,XEpdSMQfEOs,,,0.7387,"EMO-AffectNet pseudo-label (teacher=Aff-Wild2, top=Surprise 0.38, tension=0.261) - 사람 검수 전"
XEpdSMQfEOs.003,XEpdSMQfEOs.003.mp4,XEpdSMQfEOs,,,0.7422,"EMO-AffectNet pseudo-label (teacher=Aff-Wild2, top=Surprise 0.40, tension=0.258) - 사람 검수 전"
XEpdSMQfEOs.004,XEpdSMQfEOs.004.mp4,XEpdSMQfEOs,,,0.7257,"EMO-AffectNet pseudo-label (teacher=Aff-Wild2, top=Surprise 0.34, tension=0.274) - 사람 검수 전"
XFpzukISe6s.004,XFpzukISe6s.004.mp4,XFpzukISe6s,,,0.7255,"EMO-AffectNet pseudo-label (teacher=Aff-Wild2, top=Neutral 0.29, tension=0.275) - 사람 검수 전"
XFpzukISe6s.005,XFpzukISe6s.005.mp4,XFpzukISe6s,,,0.7349,"EMO-AffectNet pseudo-label (teacher=Aff-Wild2, top=Neutral 0.30, tension=0.265) - 사람 검수 전"
XFqLaKqrUHM.004,XFqLaKqrUHM.004.mp4,XFqLaKqrUHM,,,0.733,"EMO-AffectNet pseudo-label (teacher=Aff-Wild2, top=Surprise 0.38, tension=0.267) - 사람 검수 전"
XJj34u5IzU0.002,XJj34u5IzU0.002.mp4,XJj34u5IzU0,,,0.7457,"EMO-AffectNet pseudo-label (teacher=Aff-Wild2, top=Surprise 0.37, tension=0.254) - 사람 검수 전"
XJj34u5IzU0.003,XJj34u5IzU0.003.mp4,XJj34u5IzU0,,,0.6579,"EMO-AffectNet pseudo-label (teacher=Aff-Wild2, top=Surprise 0.32, tension=0.342) - 사람 검수 전"
XJj34u5IzU0.004,XJj34u5IzU0.004.mp4,XJj34u5IzU0,,,0.6704,"EMO-AffectNet pseudo-label (teacher=Aff-Wild2, top=Surprise 0.35, tension=0.330) - 사람 검수 전"
XLKNGnpTO9k.001,XLKNGnpTO9k.001.mp4,XLKNGnpTO9k,,,0.7665,"EMO-AffectNet pseudo-label (teacher=Aff-Wild2, top=Neutral 0.31, tension=0.233) - 사람 검수 전"
XLKNGnpTO9k.005,XLKNGnpTO9k.005.mp4,XLKNGnpTO9k,,,0.7495,"EMO-AffectNet pseudo-label (teacher=Aff-Wild2, top=Neutral 0.24, tension=0.251) - 사람 검수 전"
XLV7teADu3c.000,XLV7teADu3c.000.mp4,XLV7teADu3c,,,0.5613,"EMO-AffectNet pseudo-label (teacher=Aff-Wild2, top=Sadness 0.37, tension=0.439) - 사람 검수 전"
XLV7teADu3c.002,XLV7teADu3c.002.mp4,XLV7teADu3c,,,0.7203,"EMO-AffectNet pseudo-label (teacher=Aff-Wild2, top=Happiness 0.28, tension=0.280) - 사람 검수 전"
XN5vpJU3ifw.000,XN5vpJU3ifw.000.mp4,XN5vpJU3ifw,,,0.6775,"EMO-AffectNet pseudo-label (teacher=Aff-Wild2, top=Neutral 0.28, tension=0.323) - 사람 검수 전"
XN5vpJU3ifw.001,XN5vpJU3ifw.001.mp4,XN5vpJU3ifw,,,0.8676,"EMO-AffectNet pseudo-label (teacher=Aff-Wild2, top=Happiness 0.58, tension=0.132) - 사람 검수 전"
XN5vpJU3ifw.003,XN5vpJU3ifw.003.mp4,XN5vpJU3ifw,,,0.7173,"EMO-AffectNet pseudo-label (teacher=Aff-Wild2, top=Neutral 0.28, tension=0.283) - 사람 검수 전"
XN5vpJU3ifw.004,XN5vpJU3ifw.004.mp4,XN5vpJU3ifw,,,0.7319,"EMO-AffectNet pseudo-label (teacher=Aff-Wild2, top=Neutral 0.31, tension=0.268) - 사람 검수 전"
XN5vpJU3ifw.005,XN5vpJU3ifw.005.mp4,XN5vpJU3ifw,,,0.772,"EMO-AffectNet pseudo-label (teacher=Aff-Wild2, top=Happiness 0.25, tension=0.228) - 사람 검수 전"
XNWN7ScxVIA.002,XNWN7ScxVIA.002.mp4,XNWN7ScxVIA,,,0.8408,"EMO-AffectNet pseudo-label (teacher=Aff-Wild2, top=Happiness 0.46, tension=0.159) - 사람 검수 전"
XOioICna1hc.001,XOioICna1hc.001.mp4,XOioICna1hc,,,0.6554,"EMO-AffectNet pseudo-label (teacher=Aff-Wild2, top=Sadness 0.20, tension=0.345) - 사람 검수 전"
XOioICna1hc.004,XOioICna1hc.004.mp4,XOioICna1hc,,,0.5986,"EMO-AffectNet pseudo-label (teacher=Aff-Wild2, top=Sadness 0.28, tension=0.401) - 사람 검수 전"
XOioICna1hc.005,XOioICna1hc.005.mp4,XOioICna1hc,,,0.6104,"EMO-AffectNet pseudo-label (teacher=Aff-Wild2, top=Sadness 0.28, tension=0.390) - 사람 검수 전"
XPV4pavXh94.001,XPV4pavXh94.001.mp4,XPV4pavXh94,,,0.8559,"EMO-AffectNet pseudo-label (teacher=Aff-Wild2, top=Happiness 0.50, tension=0.144) - 사람 검수 전"
XPV4pavXh94.005,XPV4pavXh94.005.mp4,XPV4pavXh94,,,0.9165,"EMO-AffectNet pseudo-label (teacher=Aff-Wild2, top=Happiness 0.75, tension=0.083) - 사람 검수 전"
XQ3do4LDFv8.000,XQ3do4LDFv8.000.mp4,XQ3do4LDFv8,,,0.7611,"EMO-AffectNet pseudo-label (teacher=Aff-Wild2, top=Happiness 0.37, tension=0.239) - 사람 검수 전"
XQ3do4LDFv8.003,XQ3do4LDFv8.003.mp4,XQ3do4LDFv8,,,0.7247,"EMO-AffectNet pseudo-label (teacher=Aff-Wild2, top=Happiness 0.32, tension=0.275) - 사람 검수 전"
XQ3do4LDFv8.004,XQ3do4LDFv8.004.mp4,XQ3do4LDFv8,,,0.6782,"EMO-AffectNet pseudo-label (teacher=Aff-Wild2, top=Sadness 0.29, tension=0.322) - 사람 검수 전"
XQZ5M9oLkXw.001,XQZ5M9oLkXw.001.mp4,XQZ5M9oLkXw,,,0.694,"EMO-AffectNet pseudo-label (teacher=Aff-Wild2, top=Neutral 0.26, tension=0.306) - 사람 검수 전"
XQZ5M9oLkXw.003,XQZ5M9oLkXw.003.mp4,XQZ5M9oLkXw,,,0.6981,"EMO-AffectNet pseudo-label (teacher=Aff-Wild2, top=Neutral 0.29, tension=0.302) - 사람 검수 전"
XQZ5M9oLkXw.005,XQZ5M9oLkXw.005.mp4,XQZ5M9oLkXw,,,0.7381,"EMO-AffectNet pseudo-label (teacher=Aff-Wild2, top=Neutral 0.27, tension=0.262) - 사람 검수 전"
XRoSKIIFp9c.003,XRoSKIIFp9c.003.mp4,XRoSKIIFp9c,,,0.6956,"EMO-AffectNet pseudo-label (teacher=Aff-Wild2, top=Neutral 0.35, tension=0.304) - 사람 검수 전"
XRoSKIIFp9c.004,XRoSKIIFp9c.004.mp4,XRoSKIIFp9c,,,0.706,"EMO-AffectNet pseudo-label (teacher=Aff-Wild2, top=Neutral 0.38, tension=0.294) - 사람 검수 전"
XT4rTk6-Etc.000,XT4rTk6-Etc.000.mp4,XT4rTk6-Etc,,,0.8132,"EMO-AffectNet pseudo-label (teacher=Aff-Wild2, top=Happiness 0.27, tension=0.187) - 사람 검수 전"
XT4rTk6-Etc.001,XT4rTk6-Etc.001.mp4,XT4rTk6-Etc,,,0.8393,"EMO-AffectNet pseudo-label (teacher=Aff-Wild2, top=Happiness 0.41, tension=0.161) - 사람 검수 전"
XYt6WL-l7do.001,XYt6WL-l7do.001.mp4,XYt6WL-l7do,,,0.6785,"EMO-AffectNet pseudo-label (teacher=Aff-Wild2, top=Neutral 0.26, tension=0.321) - 사람 검수 전"
XYt6WL-l7do.002,XYt6WL-l7do.002.mp4,XYt6WL-l7do,,,0.7494,"EMO-AffectNet pseudo-label (teacher=Aff-Wild2, top=Neutral 0.33, tension=0.251) - 사람 검수 전"
XYt6WL-l7do.004,XYt6WL-l7do.004.mp4,XYt6WL-l7do,,,0.7429,"EMO-AffectNet pseudo-label (teacher=Aff-Wild2, top=Neutral 0.34, tension=0.257) - 사람 검수 전"
XYt6WL-l7do.005,XYt6WL-l7do.005.mp4,XYt6WL-l7do,,,0.6834,"EMO-AffectNet pseudo-label (teacher=Aff-Wild2, top=Neutral 0.27, tension=0.317) - 사람 검수 전"
Xauhek9-iKA.001,Xauhek9-iKA.001.mp4,Xauhek9-iKA,,,0.7594,"EMO-AffectNet pseudo-label (teacher=Aff-Wild2, top=Happiness 0.30, tension=0.241) - 사람 검수 전"
XbsA_lCKQLs.002,XbsA_lCKQLs.002.mp4,XbsA_lCKQLs,,,0.6784,"EMO-AffectNet pseudo-label (teacher=Aff-Wild2, top=Neutral 0.33, tension=0.322) - 사람 검수 전"
XbsA_lCKQLs.003,XbsA_lCKQLs.003.mp4,XbsA_lCKQLs,,,0.717,"EMO-AffectNet pseudo-label (teacher=Aff-Wild2, top=Neutral 0.37, tension=0.283) - 사람 검수 전"
XbsA_lCKQLs.004,XbsA_lCKQLs.004.mp4,XbsA_lCKQLs,,,0.6926,"EMO-AffectNet pseudo-label (teacher=Aff-Wild2, top=Neutral 0.33, tension=0.307) - 사람 검수 전"
XcEFSi3uaJM.000,XcEFSi3uaJM.000.mp4,XcEFSi3uaJM,,,0.6625,"EMO-AffectNet pseudo-label (teacher=Aff-Wild2, top=Surprise 0.32, tension=0.338) - 사람 검수 전"
XcEFSi3uaJM.002,XcEFSi3uaJM.002.mp4,XcEFSi3uaJM,,,0.6975,"EMO-AffectNet pseudo-label (teacher=Aff-Wild2, top=Neutral 0.24, tension=0.303) - 사람 검수 전"
XcEFSi3uaJM.005,XcEFSi3uaJM.005.mp4,XcEFSi3uaJM,,,0.6843,"EMO-AffectNet pseudo-label (teacher=Aff-Wild2, top=Surprise 0.24, tension=0.316) - 사람 검수 전"
XfK7WZ3skUM.001,XfK7WZ3skUM.001.mp4,XfK7WZ3skUM,,,0.7643,"EMO-AffectNet pseudo-label (teacher=Aff-Wild2, top=Neutral 0.34, tension=0.236) - 사람 검수 전"
XfUqFt2amrM.000,XfUqFt2amrM.000.mp4,XfUqFt2amrM,,,0.7487,"EMO-AffectNet pseudo-label (teacher=Aff-Wild2, top=Neutral 0.38, tension=0.251) - 사람 검수 전"
XfUqFt2amrM.002,XfUqFt2amrM.002.mp4,XfUqFt2amrM,,,0.7798,"EMO-AffectNet pseudo-label (teacher=Aff-Wild2, top=Neutral 0.30, tension=0.220) - 사람 검수 전"
XfUqFt2amrM.003,XfUqFt2amrM.003.mp4,XfUqFt2amrM,,,0.7863,"EMO-AffectNet pseudo-label (teacher=Aff-Wild2, top=Neutral 0.38, tension=0.214) - 사람 검수 전"
Xfmu-7JuDGg.000,Xfmu-7JuDGg.000.mp4,Xfmu-7JuDGg,,,0.6574,"EMO-AffectNet pseudo-label (teacher=Aff-Wild2, top=Anger 0.49, tension=0.343) - 사람 검수 전"
Xfmu-7JuDGg.001,Xfmu-7JuDGg.001.mp4,Xfmu-7JuDGg,,,0.6464,"EMO-AffectNet pseudo-label (teacher=Aff-Wild2, top=Anger 0.49, tension=0.354) - 사람 검수 전"
Xfmu-7JuDGg.002,Xfmu-7JuDGg.002.mp4,Xfmu-7JuDGg,,,0.6554,"EMO-AffectNet pseudo-label (teacher=Aff-Wild2, top=Anger 0.47, tension=0.345) - 사람 검수 전"
Xfmu-7JuDGg.004,Xfmu-7JuDGg.004.mp4,Xfmu-7JuDGg,,,0.6792,"EMO-AffectNet pseudo-label (teacher=Aff-Wild2, top=Anger 0.37, tension=0.321) - 사람 검수 전"
XhgDsQlEnuU.000,XhgDsQlEnuU.000.mp4,XhgDsQlEnuU,,,0.8147,"EMO-AffectNet pseudo-label (teacher=Aff-Wild2, top=Happiness 0.28, tension=0.185) - 사람 검수 전"
XhgDsQlEnuU.001,XhgDsQlEnuU.001.mp4,XhgDsQlEnuU,,,0.7553,"EMO-AffectNet pseudo-label (teacher=Aff-Wild2, top=Neutral 0.24, tension=0.245) - 사람 검수 전"
XhgDsQlEnuU.002,XhgDsQlEnuU.002.mp4,XhgDsQlEnuU,,,0.7661,"EMO-AffectNet pseudo-label (teacher=Aff-Wild2, top=Neutral 0.28, tension=0.234) - 사람 검수 전"
XkeSLRAftxA.001,XkeSLRAftxA.001.mp4,XkeSLRAftxA,,,0.7455,"EMO-AffectNet pseudo-label (teacher=Aff-Wild2, top=Surprise 0.31, tension=0.255) - 사람 검수 전"
XkeSLRAftxA.004,XkeSLRAftxA.004.mp4,XkeSLRAftxA,,,0.7694,"EMO-AffectNet pseudo-label (teacher=Aff-Wild2, top=Happiness 0.30, tension=0.231) - 사람 검수 전"
XkeSLRAftxA.005,XkeSLRAftxA.005.mp4,XkeSLRAftxA,,,0.8379,"EMO-AffectNet pseudo-label (teacher=Aff-Wild2, top=Happiness 0.46, tension=0.162) - 사람 검수 전"
XmWA7zTJj-c.003,XmWA7zTJj-c.003.mp4,XmWA7zTJj-c,,,0.7656,"EMO-AffectNet pseudo-label (teacher=Aff-Wild2, top=Happiness 0.28, tension=0.234) - 사람 검수 전"
XoyQKsK7OtA.000,XoyQKsK7OtA.000.mp4,XoyQKsK7OtA,,,0.7648,"EMO-AffectNet pseudo-label (teacher=Aff-Wild2, top=Neutral 0.35, tension=0.235) - 사람 검수 전"
XpY-cxkbYdo.002,XpY-cxkbYdo.002.mp4,XpY-cxkbYdo,,,0.7767,"EMO-AffectNet pseudo-label (teacher=Aff-Wild2, top=Surprise 0.29, tension=0.223) - 사람 검수 전"
XvV4YdhpC2w.001,XvV4YdhpC2w.001.mp4,XvV4YdhpC2w,,,0.6777,"EMO-AffectNet pseudo-label (teacher=Aff-Wild2, top=Neutral 0.31, tension=0.322) - 사람 검수 전"
XvV4YdhpC2w.002,XvV4YdhpC2w.002.mp4,XvV4YdhpC2w,,,0.6719,"EMO-AffectNet pseudo-label (teacher=Aff-Wild2, top=Neutral 0.24, tension=0.328) - 사람 검수 전"
XvV4YdhpC2w.004,XvV4YdhpC2w.004.mp4,XvV4YdhpC2w,,,0.8055,"EMO-AffectNet pseudo-label (teacher=Aff-Wild2, top=Happiness 0.35, tension=0.195) - 사람 검수 전"
Y-YdRocu0os.001,Y-YdRocu0os.001.mp4,Y-YdRocu0os,,,0.7583,"EMO-AffectNet pseudo-label (teacher=Aff-Wild2, top=Neutral 0.25, tension=0.242) - 사람 검수 전"
Y-_JeJoCjUo.001,Y-_JeJoCjUo.001.mp4,Y-_JeJoCjUo,,,0.6961,"EMO-AffectNet pseudo-label (teacher=Aff-Wild2, top=Sadness 0.29, tension=0.304) - 사람 검수 전"
Y-_JeJoCjUo.005,Y-_JeJoCjUo.005.mp4,Y-_JeJoCjUo,,,0.7496,"EMO-AffectNet pseudo-label (teacher=Aff-Wild2, top=Neutral 0.35, tension=0.250) - 사람 검수 전"
Y1LXjxAQihQ.004,Y1LXjxAQihQ.004.mp4,Y1LXjxAQihQ,,,0.88,"EMO-AffectNet pseudo-label (teacher=Aff-Wild2, top=Happiness 0.60, tension=0.120) - 사람 검수 전"
Y1LrgyCJtpU.000,Y1LrgyCJtpU.000.mp4,Y1LrgyCJtpU,,,0.7259,"EMO-AffectNet pseudo-label (teacher=Aff-Wild2, top=Neutral 0.35, tension=0.274) - 사람 검수 전"
Y1LrgyCJtpU.001,Y1LrgyCJtpU.001.mp4,Y1LrgyCJtpU,,,0.7158,"EMO-AffectNet pseudo-label (teacher=Aff-Wild2, top=Neutral 0.35, tension=0.284) - 사람 검수 전"
Y1LrgyCJtpU.002,Y1LrgyCJtpU.002.mp4,Y1LrgyCJtpU,,,0.7354,"EMO-AffectNet pseudo-label (teacher=Aff-Wild2, top=Neutral 0.38, tension=0.265) - 사람 검수 전"
Y1LrgyCJtpU.003,Y1LrgyCJtpU.003.mp4,Y1LrgyCJtpU,,,0.734,"EMO-AffectNet pseudo-label (teacher=Aff-Wild2, top=Neutral 0.36, tension=0.266) - 사람 검수 전"
Y1LrgyCJtpU.005,Y1LrgyCJtpU.005.mp4,Y1LrgyCJtpU,,,0.7229,"EMO-AffectNet pseudo-label (teacher=Aff-Wild2, top=Neutral 0.30, tension=0.277) - 사람 검수 전"
Y2An1KkoHzY.002,Y2An1KkoHzY.002.mp4,Y2An1KkoHzY,,,0.6962,"EMO-AffectNet pseudo-label (teacher=Aff-Wild2, top=Neutral 0.26, tension=0.304) - 사람 검수 전"
Y6iogSmj6FQ.002,Y6iogSmj6FQ.002.mp4,Y6iogSmj6FQ,,,0.8667,"EMO-AffectNet pseudo-label (teacher=Aff-Wild2, top=Happiness 0.54, tension=0.133) - 사람 검수 전"
Y6iogSmj6FQ.003,Y6iogSmj6FQ.003.mp4,Y6iogSmj6FQ,,,0.85,"EMO-AffectNet pseudo-label (teacher=Aff-Wild2, top=Happiness 0.51, tension=0.150) - 사람 검수 전"
Y6iogSmj6FQ.005,Y6iogSmj6FQ.005.mp4,Y6iogSmj6FQ,,,0.9283,"EMO-AffectNet pseudo-label (teacher=Aff-Wild2, top=Happiness 0.77, tension=0.072) - 사람 검수 전"
Y8gv_ZK3w4A.000,Y8gv_ZK3w4A.000.mp4,Y8gv_ZK3w4A,,,0.7521,"EMO-AffectNet pseudo-label (teacher=Aff-Wild2, top=Neutral 0.30, tension=0.248) - 사람 검수 전"
Y8gv_ZK3w4A.002,Y8gv_ZK3w4A.002.mp4,Y8gv_ZK3w4A,,,0.7241,"EMO-AffectNet pseudo-label (teacher=Aff-Wild2, top=Neutral 0.26, tension=0.276) - 사람 검수 전"
Y8gv_ZK3w4A.003,Y8gv_ZK3w4A.003.mp4,Y8gv_ZK3w4A,,,0.6862,"EMO-AffectNet pseudo-label (teacher=Aff-Wild2, top=Neutral 0.30, tension=0.314) - 사람 검수 전"
Y8gv_ZK3w4A.004,Y8gv_ZK3w4A.004.mp4,Y8gv_ZK3w4A,,,0.7171,"EMO-AffectNet pseudo-label (teacher=Aff-Wild2, top=Neutral 0.24, tension=0.283) - 사람 검수 전"
Y9WX7ucPP-o.000,Y9WX7ucPP-o.000.mp4,Y9WX7ucPP-o,,,0.6878,"EMO-AffectNet pseudo-label (teacher=Aff-Wild2, top=Neutral 0.24, tension=0.312) - 사람 검수 전"
Y9WX7ucPP-o.002,Y9WX7ucPP-o.002.mp4,Y9WX7ucPP-o,,,0.8487,"EMO-AffectNet pseudo-label (teacher=Aff-Wild2, top=Happiness 0.48, tension=0.151) - 사람 검수 전"
YBsKLg3GMrE.005,YBsKLg3GMrE.005.mp4,YBsKLg3GMrE,,,0.7362,"EMO-AffectNet pseudo-label (teacher=Aff-Wild2, top=Neutral 0.37, tension=0.264) - 사람 검수 전"
YC3X1DcnUrk.000,YC3X1DcnUrk.000.mp4,YC3X1DcnUrk,,,0.7335,"EMO-AffectNet pseudo-label (teacher=Aff-Wild2, top=Neutral 0.29, tension=0.266) - 사람 검수 전"
YC3X1DcnUrk.001,YC3X1DcnUrk.001.mp4,YC3X1DcnUrk,,,0.7435,"EMO-AffectNet pseudo-label (teacher=Aff-Wild2, top=Neutral 0.23, tension=0.256) - 사람 검수 전"
YC3X1DcnUrk.005,YC3X1DcnUrk.005.mp4,YC3X1DcnUrk,,,0.7219,"EMO-AffectNet pseudo-label (teacher=Aff-Wild2, top=Neutral 0.28, tension=0.278) - 사람 검수 전"
YEbaKrAxo5I.001,YEbaKrAxo5I.001.mp4,YEbaKrAxo5I,,,0.7908,"EMO-AffectNet pseudo-label (teacher=Aff-Wild2, top=Neutral 0.45, tension=0.209) - 사람 검수 전"
YF2QVn1fK1E.002,YF2QVn1fK1E.002.mp4,YF2QVn1fK1E,,,0.7886,"EMO-AffectNet pseudo-label (teacher=Aff-Wild2, top=Happiness 0.31, tension=0.211) - 사람 검수 전"
YF2QVn1fK1E.005,YF2QVn1fK1E.005.mp4,YF2QVn1fK1E,,,0.8549,"EMO-AffectNet pseudo-label (teacher=Aff-Wild2, top=Happiness 0.49, tension=0.145) - 사람 검수 전"
YGJ33FXzJO8.005,YGJ33FXzJO8.005.mp4,YGJ33FXzJO8,,,0.8637,"EMO-AffectNet pseudo-label (teacher=Aff-Wild2, top=Happiness 0.53, tension=0.136) - 사람 검수 전"
YGrCXe2-fVk.001,YGrCXe2-fVk.001.mp4,YGrCXe2-fVk,,,0.7183,"EMO-AffectNet pseudo-label (teacher=Aff-Wild2, top=Neutral 0.25, tension=0.282) - 사람 검수 전"
YGrCXe2-fVk.004,YGrCXe2-fVk.004.mp4,YGrCXe2-fVk,,,0.748,"EMO-AffectNet pseudo-label (teacher=Aff-Wild2, top=Neutral 0.26, tension=0.252) - 사람 검수 전"
YJ5CINQ8v_E.000,YJ5CINQ8v_E.000.mp4,YJ5CINQ8v_E,,,0.7237,"EMO-AffectNet pseudo-label (teacher=Aff-Wild2, top=Neutral 0.24, tension=0.276) - 사람 검수 전"
YJ5CINQ8v_E.001,YJ5CINQ8v_E.001.mp4,YJ5CINQ8v_E,,,0.6994,"EMO-AffectNet pseudo-label (teacher=Aff-Wild2, top=Neutral 0.29, tension=0.301) - 사람 검수 전"
YJ5CINQ8v_E.005,YJ5CINQ8v_E.005.mp4,YJ5CINQ8v_E,,,0.7502,"EMO-AffectNet pseudo-label (teacher=Aff-Wild2, top=Happiness 0.21, tension=0.250) - 사람 검수 전"
YLKPVl-M3Ck.000,YLKPVl-M3Ck.000.mp4,YLKPVl-M3Ck,,,0.7888,"EMO-AffectNet pseudo-label (teacher=Aff-Wild2, top=Happiness 0.32, tension=0.211) - 사람 검수 전"
YLKPVl-M3Ck.001,YLKPVl-M3Ck.001.mp4,YLKPVl-M3Ck,,,0.7406,"EMO-AffectNet pseudo-label (teacher=Aff-Wild2, top=Happiness 0.22, tension=0.259) - 사람 검수 전"
YN0Xd70SqEo.004,YN0Xd70SqEo.004.mp4,YN0Xd70SqEo,,,0.7763,"EMO-AffectNet pseudo-label (teacher=Aff-Wild2, top=Neutral 0.31, tension=0.224) - 사람 검수 전"
YNlhBpVk1tw.000,YNlhBpVk1tw.000.mp4,YNlhBpVk1tw,,,0.7011,"EMO-AffectNet pseudo-label (teacher=Aff-Wild2, top=Neutral 0.30, tension=0.299) - 사람 검수 전"
YNlhBpVk1tw.001,YNlhBpVk1tw.001.mp4,YNlhBpVk1tw,,,0.729,"EMO-AffectNet pseudo-label (teacher=Aff-Wild2, top=Neutral 0.34, tension=0.271) - 사람 검수 전"
YNlhBpVk1tw.002,YNlhBpVk1tw.002.mp4,YNlhBpVk1tw,,,0.7428,"EMO-AffectNet pseudo-label (teacher=Aff-Wild2, top=Neutral 0.39, tension=0.257) - 사람 검수 전"
YNlhBpVk1tw.004,YNlhBpVk1tw.004.mp4,YNlhBpVk1tw,,,0.7394,"EMO-AffectNet pseudo-label (teacher=Aff-Wild2, top=Neutral 0.30, tension=0.261) - 사람 검수 전"
YP7N98ECZaI.001,YP7N98ECZaI.001.mp4,YP7N98ECZaI,,,0.7511,"EMO-AffectNet pseudo-label (teacher=Aff-Wild2, top=Neutral 0.30, tension=0.249) - 사람 검수 전"
YP7N98ECZaI.002,YP7N98ECZaI.002.mp4,YP7N98ECZaI,,,0.7679,"EMO-AffectNet pseudo-label (teacher=Aff-Wild2, top=Neutral 0.35, tension=0.232) - 사람 검수 전"
YP7N98ECZaI.003,YP7N98ECZaI.003.mp4,YP7N98ECZaI,,,0.7365,"EMO-AffectNet pseudo-label (teacher=Aff-Wild2, top=Neutral 0.30, tension=0.264) - 사람 검수 전"
YP7N98ECZaI.004,YP7N98ECZaI.004.mp4,YP7N98ECZaI,,,0.7459,"EMO-AffectNet pseudo-label (teacher=Aff-Wild2, top=Neutral 0.36, tension=0.254) - 사람 검수 전"
YP7N98ECZaI.005,YP7N98ECZaI.005.mp4,YP7N98ECZaI,,,0.7441,"EMO-AffectNet pseudo-label (teacher=Aff-Wild2, top=Neutral 0.33, tension=0.256) - 사람 검수 전"
YPMffqhP0C8.000,YPMffqhP0C8.000.mp4,YPMffqhP0C8,,,0.8252,"EMO-AffectNet pseudo-label (teacher=Aff-Wild2, top=Happiness 0.33, tension=0.175) - 사람 검수 전"
YPMffqhP0C8.001,YPMffqhP0C8.001.mp4,YPMffqhP0C8,,,0.8082,"EMO-AffectNet pseudo-label (teacher=Aff-Wild2, top=Neutral 0.39, tension=0.192) - 사람 검수 전"
YPMffqhP0C8.002,YPMffqhP0C8.002.mp4,YPMffqhP0C8,,,0.8009,"EMO-AffectNet pseudo-label (teacher=Aff-Wild2, top=Neutral 0.28, tension=0.199) - 사람 검수 전"
YPMffqhP0C8.004,YPMffqhP0C8.004.mp4,YPMffqhP0C8,,,0.7952,"EMO-AffectNet pseudo-label (teacher=Aff-Wild2, top=Neutral 0.42, tension=0.205) - 사람 검수 전"
YPnuq0tDDqk.000,YPnuq0tDDqk.000.mp4,YPnuq0tDDqk,,,0.7695,"EMO-AffectNet pseudo-label (teacher=Aff-Wild2, top=Happiness 0.28, tension=0.231) - 사람 검수 전"
YPnuq0tDDqk.003,YPnuq0tDDqk.003.mp4,YPnuq0tDDqk,,,0.7454,"EMO-AffectNet pseudo-label (teacher=Aff-Wild2, top=Neutral 0.25, tension=0.255) - 사람 검수 전"
YXz6s1XNOLs.000,YXz6s1XNOLs.000.mp4,YXz6s1XNOLs,,,0.7619,"EMO-AffectNet pseudo-label (teacher=Aff-Wild2, top=Neutral 0.27, tension=0.238) - 사람 검수 전"
YXz6s1XNOLs.002,YXz6s1XNOLs.002.mp4,YXz6s1XNOLs,,,0.7639,"EMO-AffectNet pseudo-label (teacher=Aff-Wild2, top=Neutral 0.33, tension=0.236) - 사람 검수 전"
YXz6s1XNOLs.004,YXz6s1XNOLs.004.mp4,YXz6s1XNOLs,,,0.7085,"EMO-AffectNet pseudo-label (teacher=Aff-Wild2, top=Neutral 0.33, tension=0.292) - 사람 검수 전"
YXz6s1XNOLs.005,YXz6s1XNOLs.005.mp4,YXz6s1XNOLs,,,0.7391,"EMO-AffectNet pseudo-label (teacher=Aff-Wild2, top=Neutral 0.32, tension=0.261) - 사람 검수 전"
YZp79VcnY0w.001,YZp79VcnY0w.001.mp4,YZp79VcnY0w,,,0.6111,"EMO-AffectNet pseudo-label (teacher=Aff-Wild2, top=Sadness 0.44, tension=0.389) - 사람 검수 전"
YZp79VcnY0w.002,YZp79VcnY0w.002.mp4,YZp79VcnY0w,,,0.6036,"EMO-AffectNet pseudo-label (teacher=Aff-Wild2, top=Sadness 0.44, tension=0.396) - 사람 검수 전"
YZp79VcnY0w.004,YZp79VcnY0w.004.mp4,YZp79VcnY0w,,,0.619,"EMO-AffectNet pseudo-label (teacher=Aff-Wild2, top=Sadness 0.44, tension=0.381) - 사람 검수 전"
Ya9Szm73LfE.002,Ya9Szm73LfE.002.mp4,Ya9Szm73LfE,,,0.7855,"EMO-AffectNet pseudo-label (teacher=Aff-Wild2, top=Neutral 0.28, tension=0.215) - 사람 검수 전"
Ya9Szm73LfE.003,Ya9Szm73LfE.003.mp4,Ya9Szm73LfE,,,0.8075,"EMO-AffectNet pseudo-label (teacher=Aff-Wild2, top=Happiness 0.32, tension=0.193) - 사람 검수 전"
YbdJd16c3eo.004,YbdJd16c3eo.004.mp4,YbdJd16c3eo,,,0.6911,"EMO-AffectNet pseudo-label (teacher=Aff-Wild2, top=Sadness 0.27, tension=0.309) - 사람 검수 전"
YbxdeEd7wq4.001,YbxdeEd7wq4.001.mp4,YbxdeEd7wq4,,,0.7151,"EMO-AffectNet pseudo-label (teacher=Aff-Wild2, top=Surprise 0.31, tension=0.285) - 사람 검수 전"
YdxS3f4HXaA.005,YdxS3f4HXaA.005.mp4,YdxS3f4HXaA,,,0.7632,"EMO-AffectNet pseudo-label (teacher=Aff-Wild2, top=Neutral 0.24, tension=0.237) - 사람 검수 전"
YiX6thczM1w.001,YiX6thczM1w.001.mp4,YiX6thczM1w,,,0.6903,"EMO-AffectNet pseudo-label (teacher=Aff-Wild2, top=Surprise 0.38, tension=0.310) - 사람 검수 전"
YiX6thczM1w.002,YiX6thczM1w.002.mp4,YiX6thczM1w,,,0.6999,"EMO-AffectNet pseudo-label (teacher=Aff-Wild2, top=Surprise 0.38, tension=0.300) - 사람 검수 전"
YiX6thczM1w.005,YiX6thczM1w.005.mp4,YiX6thczM1w,,,0.7085,"EMO-AffectNet pseudo-label (teacher=Aff-Wild2, top=Surprise 0.43, tension=0.292) - 사람 검수 전"
Yj36y7ELRZE.000,Yj36y7ELRZE.000.mp4,Yj36y7ELRZE,,,0.7562,"EMO-AffectNet pseudo-label (teacher=Aff-Wild2, top=Neutral 0.30, tension=0.244) - 사람 검수 전"
Yj36y7ELRZE.001,Yj36y7ELRZE.001.mp4,Yj36y7ELRZE,,,0.7382,"EMO-AffectNet pseudo-label (teacher=Aff-Wild2, top=Neutral 0.32, tension=0.262) - 사람 검수 전"
Yj36y7ELRZE.004,Yj36y7ELRZE.004.mp4,Yj36y7ELRZE,,,0.7598,"EMO-AffectNet pseudo-label (teacher=Aff-Wild2, top=Neutral 0.42, tension=0.240) - 사람 검수 전"
YjXUMygVw7U.002,YjXUMygVw7U.002.mp4,YjXUMygVw7U,,,0.7192,"EMO-AffectNet pseudo-label (teacher=Aff-Wild2, top=Neutral 0.39, tension=0.281) - 사람 검수 전"
YjXUMygVw7U.005,YjXUMygVw7U.005.mp4,YjXUMygVw7U,,,0.731,"EMO-AffectNet pseudo-label (teacher=Aff-Wild2, top=Neutral 0.43, tension=0.269) - 사람 검수 전"
YliKljQIX2o.002,YliKljQIX2o.002.mp4,YliKljQIX2o,,,0.6759,"EMO-AffectNet pseudo-label (teacher=Aff-Wild2, top=Fear 0.25, tension=0.324) - 사람 검수 전"
YliKljQIX2o.003,YliKljQIX2o.003.mp4,YliKljQIX2o,,,0.6107,"EMO-AffectNet pseudo-label (teacher=Aff-Wild2, top=Sadness 0.28, tension=0.389) - 사람 검수 전"
YliKljQIX2o.004,YliKljQIX2o.004.mp4,YliKljQIX2o,,,0.6622,"EMO-AffectNet pseudo-label (teacher=Aff-Wild2, top=Sadness 0.22, tension=0.338) - 사람 검수 전"
YocrYFLm4CM.000,YocrYFLm4CM.000.mp4,YocrYFLm4CM,,,0.7916,"EMO-AffectNet pseudo-label (teacher=Aff-Wild2, top=Happiness 0.30, tension=0.208) - 사람 검수 전"
YocrYFLm4CM.002,YocrYFLm4CM.002.mp4,YocrYFLm4CM,,,0.76,"EMO-AffectNet pseudo-label (teacher=Aff-Wild2, top=Neutral 0.31, tension=0.240) - 사람 검수 전"
YryBLVZgJj0.001,YryBLVZgJj0.001.mp4,YryBLVZgJj0,,,0.7003,"EMO-AffectNet pseudo-label (teacher=Aff-Wild2, top=Neutral 0.37, tension=0.300) - 사람 검수 전"
YryBLVZgJj0.003,YryBLVZgJj0.003.mp4,YryBLVZgJj0,,,0.7563,"EMO-AffectNet pseudo-label (teacher=Aff-Wild2, top=Neutral 0.47, tension=0.244) - 사람 검수 전"
YryBLVZgJj0.005,YryBLVZgJj0.005.mp4,YryBLVZgJj0,,,0.7374,"EMO-AffectNet pseudo-label (teacher=Aff-Wild2, top=Neutral 0.44, tension=0.263) - 사람 검수 전"
YucM3Zzvekg.001,YucM3Zzvekg.001.mp4,YucM3Zzvekg,,,0.7157,"EMO-AffectNet pseudo-label (teacher=Aff-Wild2, top=Happiness 0.25, tension=0.284) - 사람 검수 전"
YuoLr4xDvbE.000,YuoLr4xDvbE.000.mp4,YuoLr4xDvbE,,,0.7894,"EMO-AffectNet pseudo-label (teacher=Aff-Wild2, top=Neutral 0.36, tension=0.211) - 사람 검수 전"
YuoLr4xDvbE.002,YuoLr4xDvbE.002.mp4,YuoLr4xDvbE,,,0.7708,"EMO-AffectNet pseudo-label (teacher=Aff-Wild2, top=Neutral 0.36, tension=0.229) - 사람 검수 전"
YuoLr4xDvbE.004,YuoLr4xDvbE.004.mp4,YuoLr4xDvbE,,,0.8012,"EMO-AffectNet pseudo-label (teacher=Aff-Wild2, top=Neutral 0.36, tension=0.199) - 사람 검수 전"
YuoLr4xDvbE.005,YuoLr4xDvbE.005.mp4,YuoLr4xDvbE,,,0.7799,"EMO-AffectNet pseudo-label (teacher=Aff-Wild2, top=Neutral 0.37, tension=0.220) - 사람 검수 전"
YwsVpkumbJc.002,YwsVpkumbJc.002.mp4,YwsVpkumbJc,,,0.8052,"EMO-AffectNet pseudo-label (teacher=Aff-Wild2, top=Neutral 0.29, tension=0.195) - 사람 검수 전"
YyHOKFYDZ5Y.002,YyHOKFYDZ5Y.002.mp4,YyHOKFYDZ5Y,,,0.6507,"EMO-AffectNet pseudo-label (teacher=Aff-Wild2, top=Fear 0.24, tension=0.349) - 사람 검수 전"
YyHOKFYDZ5Y.004,YyHOKFYDZ5Y.004.mp4,YyHOKFYDZ5Y,,,0.6585,"EMO-AffectNet pseudo-label (teacher=Aff-Wild2, top=Fear 0.26, tension=0.342) - 사람 검수 전"
YyHOKFYDZ5Y.005,YyHOKFYDZ5Y.005.mp4,YyHOKFYDZ5Y,,,0.6768,"EMO-AffectNet pseudo-label (teacher=Aff-Wild2, top=Surprise 0.24, tension=0.323) - 사람 검수 전"
YyYDxAyV_Aw.003,YyYDxAyV_Aw.003.mp4,YyYDxAyV_Aw,,,0.7192,"EMO-AffectNet pseudo-label (teacher=Aff-Wild2, top=Surprise 0.23, tension=0.281) - 사람 검수 전"
YygvfVxOWP8.000,YygvfVxOWP8.000.mp4,YygvfVxOWP8,,,0.6958,"EMO-AffectNet pseudo-label (teacher=Aff-Wild2, top=Surprise 0.42, tension=0.304) - 사람 검수 전"
YygvfVxOWP8.005,YygvfVxOWP8.005.mp4,YygvfVxOWP8,,,0.6789,"EMO-AffectNet pseudo-label (teacher=Aff-Wild2, top=Surprise 0.38, tension=0.321) - 사람 검수 전"
YzNbGMNr3z0.001,YzNbGMNr3z0.001.mp4,YzNbGMNr3z0,,,0.8741,"EMO-AffectNet pseudo-label (teacher=Aff-Wild2, top=Happiness 0.63, tension=0.126) - 사람 검수 전"
YzcZY1mUZfc.000,YzcZY1mUZfc.000.mp4,YzcZY1mUZfc,,,0.7775,"EMO-AffectNet pseudo-label (teacher=Aff-Wild2, top=Happiness 0.28, tension=0.222) - 사람 검수 전"
YzcZY1mUZfc.001,YzcZY1mUZfc.001.mp4,YzcZY1mUZfc,,,0.8497,"EMO-AffectNet pseudo-label (teacher=Aff-Wild2, top=Happiness 0.49, tension=0.150) - 사람 검수 전"
YzcZY1mUZfc.002,YzcZY1mUZfc.002.mp4,YzcZY1mUZfc,,,0.8995,"EMO-AffectNet pseudo-label (teacher=Aff-Wild2, top=Happiness 0.67, tension=0.101) - 사람 검수 전"
YzcZY1mUZfc.003,YzcZY1mUZfc.003.mp4,YzcZY1mUZfc,,,0.8881,"EMO-AffectNet pseudo-label (teacher=Aff-Wild2, top=Happiness 0.65, tension=0.112) - 사람 검수 전"
YzcZY1mUZfc.004,YzcZY1mUZfc.004.mp4,YzcZY1mUZfc,,,0.8715,"EMO-AffectNet pseudo-label (teacher=Aff-Wild2, top=Happiness 0.57, tension=0.128) - 사람 검수 전"
YzcZY1mUZfc.005,YzcZY1mUZfc.005.mp4,YzcZY1mUZfc,,,0.8491,"EMO-AffectNet pseudo-label (teacher=Aff-Wild2, top=Happiness 0.54, tension=0.151) - 사람 검수 전"
Z-CIdOjWcKc.001,Z-CIdOjWcKc.001.mp4,Z-CIdOjWcKc,,,0.9028,"EMO-AffectNet pseudo-label (teacher=Aff-Wild2, top=Happiness 0.68, tension=0.097) - 사람 검수 전"
Z3E1jkaNRKs.000,Z3E1jkaNRKs.000.mp4,Z3E1jkaNRKs,,,0.631,"EMO-AffectNet pseudo-label (teacher=Aff-Wild2, top=Sadness 0.33, tension=0.369) - 사람 검수 전"
Z3E1jkaNRKs.001,Z3E1jkaNRKs.001.mp4,Z3E1jkaNRKs,,,0.6499,"EMO-AffectNet pseudo-label (teacher=Aff-Wild2, top=Sadness 0.35, tension=0.350) - 사람 검수 전"
Z3E1jkaNRKs.003,Z3E1jkaNRKs.003.mp4,Z3E1jkaNRKs,,,0.625,"EMO-AffectNet pseudo-label (teacher=Aff-Wild2, top=Sadness 0.37, tension=0.375) - 사람 검수 전"
Z3FdUfZLHyw.000,Z3FdUfZLHyw.000.mp4,Z3FdUfZLHyw,,,0.8212,"EMO-AffectNet pseudo-label (teacher=Aff-Wild2, top=Neutral 0.35, tension=0.179) - 사람 검수 전"
Z3FdUfZLHyw.001,Z3FdUfZLHyw.001.mp4,Z3FdUfZLHyw,,,0.8205,"EMO-AffectNet pseudo-label (teacher=Aff-Wild2, top=Neutral 0.30, tension=0.180) - 사람 검수 전"
Z3FdUfZLHyw.002,Z3FdUfZLHyw.002.mp4,Z3FdUfZLHyw,,,0.7636,"EMO-AffectNet pseudo-label (teacher=Aff-Wild2, top=Neutral 0.29, tension=0.236) - 사람 검수 전"
Z3FdUfZLHyw.004,Z3FdUfZLHyw.004.mp4,Z3FdUfZLHyw,,,0.812,"EMO-AffectNet pseudo-label (teacher=Aff-Wild2, top=Neutral 0.31, tension=0.188) - 사람 검수 전"
Z3FdUfZLHyw.005,Z3FdUfZLHyw.005.mp4,Z3FdUfZLHyw,,,0.8115,"EMO-AffectNet pseudo-label (teacher=Aff-Wild2, top=Happiness 0.29, tension=0.189) - 사람 검수 전"
Z5S5uGXkNuc.001,Z5S5uGXkNuc.001.mp4,Z5S5uGXkNuc,,,0.8811,"EMO-AffectNet pseudo-label (teacher=Aff-Wild2, top=Happiness 0.63, tension=0.119) - 사람 검수 전"
Z5S5uGXkNuc.002,Z5S5uGXkNuc.002.mp4,Z5S5uGXkNuc,,,0.8291,"EMO-AffectNet pseudo-label (teacher=Aff-Wild2, top=Happiness 0.47, tension=0.171) - 사람 검수 전"
Z5S5uGXkNuc.004,Z5S5uGXkNuc.004.mp4,Z5S5uGXkNuc,,,0.84,"EMO-AffectNet pseudo-label (teacher=Aff-Wild2, top=Happiness 0.49, tension=0.160) - 사람 검수 전"
Z6vQQvro86Y.001,Z6vQQvro86Y.001.mp4,Z6vQQvro86Y,,,0.8339,"EMO-AffectNet pseudo-label (teacher=Aff-Wild2, top=Happiness 0.41, tension=0.166) - 사람 검수 전"
Z6vQQvro86Y.002,Z6vQQvro86Y.002.mp4,Z6vQQvro86Y,,,0.7349,"EMO-AffectNet pseudo-label (teacher=Aff-Wild2, top=Neutral 0.35, tension=0.265) - 사람 검수 전"
Z6vQQvro86Y.004,Z6vQQvro86Y.004.mp4,Z6vQQvro86Y,,,0.7694,"EMO-AffectNet pseudo-label (teacher=Aff-Wild2, top=Neutral 0.28, tension=0.231) - 사람 검수 전"
Z6vQQvro86Y.005,Z6vQQvro86Y.005.mp4,Z6vQQvro86Y,,,0.7196,"EMO-AffectNet pseudo-label (teacher=Aff-Wild2, top=Neutral 0.36, tension=0.280) - 사람 검수 전"
Z9GzSxQHKSI.001,Z9GzSxQHKSI.001.mp4,Z9GzSxQHKSI,,,0.6626,"EMO-AffectNet pseudo-label (teacher=Aff-Wild2, top=Sadness 0.27, tension=0.337) - 사람 검수 전"
Z9GzSxQHKSI.004,Z9GzSxQHKSI.004.mp4,Z9GzSxQHKSI,,,0.6373,"EMO-AffectNet pseudo-label (teacher=Aff-Wild2, top=Sadness 0.29, tension=0.363) - 사람 검수 전"
ZCLfVue6xAg.001,ZCLfVue6xAg.001.mp4,ZCLfVue6xAg,,,0.6717,"EMO-AffectNet pseudo-label (teacher=Aff-Wild2, top=Sadness 0.24, tension=0.328) - 사람 검수 전"
ZCLfVue6xAg.002,ZCLfVue6xAg.002.mp4,ZCLfVue6xAg,,,0.7076,"EMO-AffectNet pseudo-label (teacher=Aff-Wild2, top=Neutral 0.29, tension=0.292) - 사람 검수 전"
ZCLfVue6xAg.003,ZCLfVue6xAg.003.mp4,ZCLfVue6xAg,,,0.76,"EMO-AffectNet pseudo-label (teacher=Aff-Wild2, top=Happiness 0.25, tension=0.240) - 사람 검수 전"
ZCLfVue6xAg.005,ZCLfVue6xAg.005.mp4,ZCLfVue6xAg,,,0.6524,"EMO-AffectNet pseudo-label (teacher=Aff-Wild2, top=Sadness 0.27, tension=0.348) - 사람 검수 전"
ZFOb9zsgLLY.003,ZFOb9zsgLLY.003.mp4,ZFOb9zsgLLY,,,0.6531,"EMO-AffectNet pseudo-label (teacher=Aff-Wild2, top=Neutral 0.22, tension=0.347) - 사람 검수 전"
ZGox7tevC6A.004,ZGox7tevC6A.004.mp4,ZGox7tevC6A,,,0.7534,"EMO-AffectNet pseudo-label (teacher=Aff-Wild2, top=Happiness 0.27, tension=0.247) - 사람 검수 전"
ZGox7tevC6A.005,ZGox7tevC6A.005.mp4,ZGox7tevC6A,,,0.6901,"EMO-AffectNet pseudo-label (teacher=Aff-Wild2, top=Neutral 0.23, tension=0.310) - 사람 검수 전"
ZHya-p83XPQ.002,ZHya-p83XPQ.002.mp4,ZHya-p83XPQ,,,0.7885,"EMO-AffectNet pseudo-label (teacher=Aff-Wild2, top=Happiness 0.28, tension=0.211) - 사람 검수 전"
ZIk7N-xHvF4.000,ZIk7N-xHvF4.000.mp4,ZIk7N-xHvF4,,,0.6232,"EMO-AffectNet pseudo-label (teacher=Aff-Wild2, top=Sadness 0.28, tension=0.377) - 사람 검수 전"
ZIk7N-xHvF4.002,ZIk7N-xHvF4.002.mp4,ZIk7N-xHvF4,,,0.6321,"EMO-AffectNet pseudo-label (teacher=Aff-Wild2, top=Fear 0.26, tension=0.368) - 사람 검수 전"
ZIk7N-xHvF4.003,ZIk7N-xHvF4.003.mp4,ZIk7N-xHvF4,,,0.6226,"EMO-AffectNet pseudo-label (teacher=Aff-Wild2, top=Fear 0.26, tension=0.377) - 사람 검수 전"
ZIk7N-xHvF4.004,ZIk7N-xHvF4.004.mp4,ZIk7N-xHvF4,,,0.6461,"EMO-AffectNet pseudo-label (teacher=Aff-Wild2, top=Fear 0.24, tension=0.354) - 사람 검수 전"
ZIyfXdCxN9E.000,ZIyfXdCxN9E.000.mp4,ZIyfXdCxN9E,,,0.7306,"EMO-AffectNet pseudo-label (teacher=Aff-Wild2, top=Neutral 0.25, tension=0.269) - 사람 검수 전"
ZNJFmNiWC4I.000,ZNJFmNiWC4I.000.mp4,ZNJFmNiWC4I,,,0.7887,"EMO-AffectNet pseudo-label (teacher=Aff-Wild2, top=Happiness 0.34, tension=0.211) - 사람 검수 전"
ZNJFmNiWC4I.001,ZNJFmNiWC4I.001.mp4,ZNJFmNiWC4I,,,0.7389,"EMO-AffectNet pseudo-label (teacher=Aff-Wild2, top=Surprise 0.21, tension=0.261) - 사람 검수 전"
ZNJFmNiWC4I.003,ZNJFmNiWC4I.003.mp4,ZNJFmNiWC4I,,,0.783,"EMO-AffectNet pseudo-label (teacher=Aff-Wild2, top=Happiness 0.33, tension=0.217) - 사람 검수 전"
ZNJFmNiWC4I.005,ZNJFmNiWC4I.005.mp4,ZNJFmNiWC4I,,,0.7074,"EMO-AffectNet pseudo-label (teacher=Aff-Wild2, top=Surprise 0.24, tension=0.293) - 사람 검수 전"
ZNRfeL8nPfw.000,ZNRfeL8nPfw.000.mp4,ZNRfeL8nPfw,,,0.8042,"EMO-AffectNet pseudo-label (teacher=Aff-Wild2, top=Happiness 0.28, tension=0.196) - 사람 검수 전"
ZNRfeL8nPfw.001,ZNRfeL8nPfw.001.mp4,ZNRfeL8nPfw,,,0.7523,"EMO-AffectNet pseudo-label (teacher=Aff-Wild2, top=Surprise 0.28, tension=0.248) - 사람 검수 전"
ZNRfeL8nPfw.003,ZNRfeL8nPfw.003.mp4,ZNRfeL8nPfw,,,0.7684,"EMO-AffectNet pseudo-label (teacher=Aff-Wild2, top=Surprise 0.26, tension=0.232) - 사람 검수 전"
ZNRfeL8nPfw.004,ZNRfeL8nPfw.004.mp4,ZNRfeL8nPfw,,,0.773,"EMO-AffectNet pseudo-label (teacher=Aff-Wild2, top=Surprise 0.28, tension=0.227) - 사람 검수 전"
ZNRfeL8nPfw.005,ZNRfeL8nPfw.005.mp4,ZNRfeL8nPfw,,,0.7536,"EMO-AffectNet pseudo-label (teacher=Aff-Wild2, top=Surprise 0.30, tension=0.246) - 사람 검수 전"
ZNymNgd5EuQ.000,ZNymNgd5EuQ.000.mp4,ZNymNgd5EuQ,,,0.721,"EMO-AffectNet pseudo-label (teacher=Aff-Wild2, top=Neutral 0.34, tension=0.279) - 사람 검수 전"
ZNymNgd5EuQ.004,ZNymNgd5EuQ.004.mp4,ZNymNgd5EuQ,,,0.7276,"EMO-AffectNet pseudo-label (teacher=Aff-Wild2, top=Neutral 0.31, tension=0.272) - 사람 검수 전"
ZO5JoyVTat8.000,ZO5JoyVTat8.000.mp4,ZO5JoyVTat8,,,0.734,"EMO-AffectNet pseudo-label (teacher=Aff-Wild2, top=Neutral 0.35, tension=0.266) - 사람 검수 전"
ZO5JoyVTat8.001,ZO5JoyVTat8.001.mp4,ZO5JoyVTat8,,,0.7111,"EMO-AffectNet pseudo-label (teacher=Aff-Wild2, top=Neutral 0.30, tension=0.289) - 사람 검수 전"
ZO5JoyVTat8.002,ZO5JoyVTat8.002.mp4,ZO5JoyVTat8,,,0.7368,"EMO-AffectNet pseudo-label (teacher=Aff-Wild2, top=Neutral 0.33, tension=0.263) - 사람 검수 전"
ZO5JoyVTat8.004,ZO5JoyVTat8.004.mp4,ZO5JoyVTat8,,,0.7283,"EMO-AffectNet pseudo-label (teacher=Aff-Wild2, top=Neutral 0.34, tension=0.272) - 사람 검수 전"
ZO5JoyVTat8.005,ZO5JoyVTat8.005.mp4,ZO5JoyVTat8,,,0.7381,"EMO-AffectNet pseudo-label (teacher=Aff-Wild2, top=Neutral 0.35, tension=0.262) - 사람 검수 전"
ZRl_k6DzTeI.000,ZRl_k6DzTeI.000.mp4,ZRl_k6DzTeI,,,0.6559,"EMO-AffectNet pseudo-label (teacher=Aff-Wild2, top=Sadness 0.29, tension=0.344) - 사람 검수 전"
ZRl_k6DzTeI.001,ZRl_k6DzTeI.001.mp4,ZRl_k6DzTeI,,,0.6633,"EMO-AffectNet pseudo-label (teacher=Aff-Wild2, top=Sadness 0.27, tension=0.337) - 사람 검수 전"
ZRl_k6DzTeI.004,ZRl_k6DzTeI.004.mp4,ZRl_k6DzTeI,,,0.671,"EMO-AffectNet pseudo-label (teacher=Aff-Wild2, top=Sadness 0.26, tension=0.329) - 사람 검수 전"
ZRrduU1CXqU.001,ZRrduU1CXqU.001.mp4,ZRrduU1CXqU,,,0.7793,"EMO-AffectNet pseudo-label (teacher=Aff-Wild2, top=Neutral 0.33, tension=0.221) - 사람 검수 전"
ZRrduU1CXqU.002,ZRrduU1CXqU.002.mp4,ZRrduU1CXqU,,,0.7403,"EMO-AffectNet pseudo-label (teacher=Aff-Wild2, top=Neutral 0.35, tension=0.260) - 사람 검수 전"
ZRrduU1CXqU.003,ZRrduU1CXqU.003.mp4,ZRrduU1CXqU,,,0.7661,"EMO-AffectNet pseudo-label (teacher=Aff-Wild2, top=Neutral 0.37, tension=0.234) - 사람 검수 전"
ZRrduU1CXqU.004,ZRrduU1CXqU.004.mp4,ZRrduU1CXqU,,,0.8037,"EMO-AffectNet pseudo-label (teacher=Aff-Wild2, top=Happiness 0.26, tension=0.196) - 사람 검수 전"
ZRrduU1CXqU.005,ZRrduU1CXqU.005.mp4,ZRrduU1CXqU,,,0.745,"EMO-AffectNet pseudo-label (teacher=Aff-Wild2, top=Neutral 0.37, tension=0.255) - 사람 검수 전"
ZT7cEiaYGp8.000,ZT7cEiaYGp8.000.mp4,ZT7cEiaYGp8,,,0.7781,"EMO-AffectNet pseudo-label (teacher=Aff-Wild2, top=Happiness 0.25, tension=0.222) - 사람 검수 전"
ZX3okNzASCs.000,ZX3okNzASCs.000.mp4,ZX3okNzASCs,,,0.8408,"EMO-AffectNet pseudo-label (teacher=Aff-Wild2, top=Happiness 0.46, tension=0.159) - 사람 검수 전"
ZX3okNzASCs.002,ZX3okNzASCs.002.mp4,ZX3okNzASCs,,,0.8263,"EMO-AffectNet pseudo-label (teacher=Aff-Wild2, top=Happiness 0.43, tension=0.174) - 사람 검수 전"
ZXeO5dRFrj0.001,ZXeO5dRFrj0.001.mp4,ZXeO5dRFrj0,,,0.708,"EMO-AffectNet pseudo-label (teacher=Aff-Wild2, top=Anger 0.23, tension=0.292) - 사람 검수 전"
ZXeO5dRFrj0.005,ZXeO5dRFrj0.005.mp4,ZXeO5dRFrj0,,,0.7015,"EMO-AffectNet pseudo-label (teacher=Aff-Wild2, top=Anger 0.23, tension=0.299) - 사람 검수 전"
ZYrFfvp7_Mo.000,ZYrFfvp7_Mo.000.mp4,ZYrFfvp7_Mo,,,0.6283,"EMO-AffectNet pseudo-label (teacher=Aff-Wild2, top=Fear 0.22, tension=0.372) - 사람 검수 전"
Z_STuUHKQTg.002,Z_STuUHKQTg.002.mp4,Z_STuUHKQTg,,,0.8967,"EMO-AffectNet pseudo-label (teacher=Aff-Wild2, top=Happiness 0.65, tension=0.103) - 사람 검수 전"
Z_STuUHKQTg.003,Z_STuUHKQTg.003.mp4,Z_STuUHKQTg,,,0.8387,"EMO-AffectNet pseudo-label (teacher=Aff-Wild2, top=Happiness 0.42, tension=0.161) - 사람 검수 전"
Z_STuUHKQTg.004,Z_STuUHKQTg.004.mp4,Z_STuUHKQTg,,,0.8407,"EMO-AffectNet pseudo-label (teacher=Aff-Wild2, top=Happiness 0.40, tension=0.159) - 사람 검수 전"
ZaihsIQZCx8.002,ZaihsIQZCx8.002.mp4,ZaihsIQZCx8,,,0.8439,"EMO-AffectNet pseudo-label (teacher=Aff-Wild2, top=Happiness 0.38, tension=0.156) - 사람 검수 전"
ZaihsIQZCx8.003,ZaihsIQZCx8.003.mp4,ZaihsIQZCx8,,,0.8507,"EMO-AffectNet pseudo-label (teacher=Aff-Wild2, top=Happiness 0.42, tension=0.149) - 사람 검수 전"
ZeGT9pSG734.002,ZeGT9pSG734.002.mp4,ZeGT9pSG734,,,0.8091,"EMO-AffectNet pseudo-label (teacher=Aff-Wild2, top=Happiness 0.30, tension=0.191) - 사람 검수 전"
ZeGT9pSG734.003,ZeGT9pSG734.003.mp4,ZeGT9pSG734,,,0.8212,"EMO-AffectNet pseudo-label (teacher=Aff-Wild2, top=Neutral 0.39, tension=0.179) - 사람 검수 전"
ZeGT9pSG734.004,ZeGT9pSG734.004.mp4,ZeGT9pSG734,,,0.8515,"EMO-AffectNet pseudo-label (teacher=Aff-Wild2, top=Happiness 0.46, tension=0.148) - 사람 검수 전"
ZgFh3JPMs3Q.001,ZgFh3JPMs3Q.001.mp4,ZgFh3JPMs3Q,,,0.8355,"EMO-AffectNet pseudo-label (teacher=Aff-Wild2, top=Happiness 0.51, tension=0.164) - 사람 검수 전"
ZgFh3JPMs3Q.002,ZgFh3JPMs3Q.002.mp4,ZgFh3JPMs3Q,,,0.664,"EMO-AffectNet pseudo-label (teacher=Aff-Wild2, top=Anger 0.24, tension=0.336) - 사람 검수 전"
ZgFh3JPMs3Q.003,ZgFh3JPMs3Q.003.mp4,ZgFh3JPMs3Q,,,0.6242,"EMO-AffectNet pseudo-label (teacher=Aff-Wild2, top=Anger 0.27, tension=0.376) - 사람 검수 전"
ZhPQrqxo2mw.000,ZhPQrqxo2mw.000.mp4,ZhPQrqxo2mw,,,0.7645,"EMO-AffectNet pseudo-label (teacher=Aff-Wild2, top=Neutral 0.30, tension=0.235) - 사람 검수 전"
ZhPQrqxo2mw.004,ZhPQrqxo2mw.004.mp4,ZhPQrqxo2mw,,,0.7485,"EMO-AffectNet pseudo-label (teacher=Aff-Wild2, top=Neutral 0.28, tension=0.251) - 사람 검수 전"
ZhPQrqxo2mw.005,ZhPQrqxo2mw.005.mp4,ZhPQrqxo2mw,,,0.7986,"EMO-AffectNet pseudo-label (teacher=Aff-Wild2, top=Surprise 0.25, tension=0.201) - 사람 검수 전"
Zi7QHI_5ipU.000,Zi7QHI_5ipU.000.mp4,Zi7QHI_5ipU,,,0.7954,"EMO-AffectNet pseudo-label (teacher=Aff-Wild2, top=Happiness 0.28, tension=0.205) - 사람 검수 전"
Zi7QHI_5ipU.004,Zi7QHI_5ipU.004.mp4,Zi7QHI_5ipU,,,0.7923,"EMO-AffectNet pseudo-label (teacher=Aff-Wild2, top=Happiness 0.29, tension=0.208) - 사람 검수 전"
Zi7QHI_5ipU.005,Zi7QHI_5ipU.005.mp4,Zi7QHI_5ipU,,,0.8188,"EMO-AffectNet pseudo-label (teacher=Aff-Wild2, top=Happiness 0.34, tension=0.181) - 사람 검수 전"
ZiKxJbVI5_g.000,ZiKxJbVI5_g.000.mp4,ZiKxJbVI5_g,,,0.8558,"EMO-AffectNet pseudo-label (teacher=Aff-Wild2, top=Happiness 0.53, tension=0.144) - 사람 검수 전"
ZiKxJbVI5_g.001,ZiKxJbVI5_g.001.mp4,ZiKxJbVI5_g,,,0.7836,"EMO-AffectNet pseudo-label (teacher=Aff-Wild2, top=Happiness 0.32, tension=0.216) - 사람 검수 전"
ZiKxJbVI5_g.002,ZiKxJbVI5_g.002.mp4,ZiKxJbVI5_g,,,0.8477,"EMO-AffectNet pseudo-label (teacher=Aff-Wild2, top=Happiness 0.51, tension=0.152) - 사람 검수 전"
ZiKxJbVI5_g.004,ZiKxJbVI5_g.004.mp4,ZiKxJbVI5_g,,,0.8341,"EMO-AffectNet pseudo-label (teacher=Aff-Wild2, top=Happiness 0.46, tension=0.166) - 사람 검수 전"
ZkypeQdzgvQ.000,ZkypeQdzgvQ.000.mp4,ZkypeQdzgvQ,,,0.6755,"EMO-AffectNet pseudo-label (teacher=Aff-Wild2, top=Anger 0.23, tension=0.325) - 사람 검수 전"
ZkypeQdzgvQ.002,ZkypeQdzgvQ.002.mp4,ZkypeQdzgvQ,,,0.6507,"EMO-AffectNet pseudo-label (teacher=Aff-Wild2, top=Anger 0.22, tension=0.349) - 사람 검수 전"
ZkypeQdzgvQ.003,ZkypeQdzgvQ.003.mp4,ZkypeQdzgvQ,,,0.6896,"EMO-AffectNet pseudo-label (teacher=Aff-Wild2, top=Surprise 0.25, tension=0.310) - 사람 검수 전"
ZkypeQdzgvQ.004,ZkypeQdzgvQ.004.mp4,ZkypeQdzgvQ,,,0.671,"EMO-AffectNet pseudo-label (teacher=Aff-Wild2, top=Anger 0.25, tension=0.329) - 사람 검수 전"
ZlcINjtdkQQ.000,ZlcINjtdkQQ.000.mp4,ZlcINjtdkQQ,,,0.6241,"EMO-AffectNet pseudo-label (teacher=Aff-Wild2, top=Sadness 0.34, tension=0.376) - 사람 검수 전"
ZlcINjtdkQQ.001,ZlcINjtdkQQ.001.mp4,ZlcINjtdkQQ,,,0.6473,"EMO-AffectNet pseudo-label (teacher=Aff-Wild2, top=Sadness 0.32, tension=0.353) - 사람 검수 전"
Znixev2a1AI.000,Znixev2a1AI.000.mp4,Znixev2a1AI,,,0.6107,"EMO-AffectNet pseudo-label (teacher=Aff-Wild2, top=Fear 0.33, tension=0.389) - 사람 검수 전"
Znixev2a1AI.001,Znixev2a1AI.001.mp4,Znixev2a1AI,,,0.64,"EMO-AffectNet pseudo-label (teacher=Aff-Wild2, top=Fear 0.26, tension=0.360) - 사람 검수 전"
Znixev2a1AI.004,Znixev2a1AI.004.mp4,Znixev2a1AI,,,0.5794,"EMO-AffectNet pseudo-label (teacher=Aff-Wild2, top=Disgust 0.34, tension=0.421) - 사람 검수 전"
ZoHY-rWJsyw.000,ZoHY-rWJsyw.000.mp4,ZoHY-rWJsyw,,,0.6927,"EMO-AffectNet pseudo-label (teacher=Aff-Wild2, top=Happiness 0.18, tension=0.307) - 사람 검수 전"
ZoHY-rWJsyw.001,ZoHY-rWJsyw.001.mp4,ZoHY-rWJsyw,,,0.6329,"EMO-AffectNet pseudo-label (teacher=Aff-Wild2, top=Disgust 0.19, tension=0.367) - 사람 검수 전"
ZoHY-rWJsyw.004,ZoHY-rWJsyw.004.mp4,ZoHY-rWJsyw,,,0.7033,"EMO-AffectNet pseudo-label (teacher=Aff-Wild2, top=Happiness 0.18, tension=0.297) - 사람 검수 전"
ZqbJIM7rmO8.001,ZqbJIM7rmO8.001.mp4,ZqbJIM7rmO8,,,0.7377,"EMO-AffectNet pseudo-label (teacher=Aff-Wild2, top=Happiness 0.22, tension=0.262) - 사람 검수 전"
ZqbJIM7rmO8.003,ZqbJIM7rmO8.003.mp4,ZqbJIM7rmO8,,,0.7701,"EMO-AffectNet pseudo-label (teacher=Aff-Wild2, top=Happiness 0.24, tension=0.230) - 사람 검수 전"
ZqbJIM7rmO8.005,ZqbJIM7rmO8.005.mp4,ZqbJIM7rmO8,,,0.7703,"EMO-AffectNet pseudo-label (teacher=Aff-Wild2, top=Happiness 0.27, tension=0.230) - 사람 검수 전"
Zvdh8ym1Yrg.001,Zvdh8ym1Yrg.001.mp4,Zvdh8ym1Yrg,,,0.6909,"EMO-AffectNet pseudo-label (teacher=Aff-Wild2, top=Neutral 0.26, tension=0.309) - 사람 검수 전"
Zvdh8ym1Yrg.003,Zvdh8ym1Yrg.003.mp4,Zvdh8ym1Yrg,,,0.7155,"EMO-AffectNet pseudo-label (teacher=Aff-Wild2, top=Neutral 0.30, tension=0.284) - 사람 검수 전"
Zvdh8ym1Yrg.004,Zvdh8ym1Yrg.004.mp4,Zvdh8ym1Yrg,,,0.7076,"EMO-AffectNet pseudo-label (teacher=Aff-Wild2, top=Neutral 0.32, tension=0.292) - 사람 검수 전"
Zvdh8ym1Yrg.005,Zvdh8ym1Yrg.005.mp4,Zvdh8ym1Yrg,,,0.713,"EMO-AffectNet pseudo-label (teacher=Aff-Wild2, top=Neutral 0.29, tension=0.287) - 사람 검수 전"
ZvxUUh2wN7s.002,ZvxUUh2wN7s.002.mp4,ZvxUUh2wN7s,,,0.873,"EMO-AffectNet pseudo-label (teacher=Aff-Wild2, top=Happiness 0.64, tension=0.127) - 사람 검수 전"
Zwu5Y5r3Lrs.001,Zwu5Y5r3Lrs.001.mp4,Zwu5Y5r3Lrs,,,0.8037,"EMO-AffectNet pseudo-label (teacher=Aff-Wild2, top=Neutral 0.30, tension=0.196) - 사람 검수 전"
Zwu5Y5r3Lrs.003,Zwu5Y5r3Lrs.003.mp4,Zwu5Y5r3Lrs,,,0.7996,"EMO-AffectNet pseudo-label (teacher=Aff-Wild2, top=Neutral 0.27, tension=0.200) - 사람 검수 전"
Zy9Xg3TdZJk.001,Zy9Xg3TdZJk.001.mp4,Zy9Xg3TdZJk,,,0.9151,"EMO-AffectNet pseudo-label (teacher=Aff-Wild2, top=Happiness 0.73, tension=0.085) - 사람 검수 전"
_01AyUz9J9I.002,_01AyUz9J9I.002.mp4,_01AyUz9J9I,,,0.6672,"EMO-AffectNet pseudo-label (teacher=Aff-Wild2, top=Sadness 0.19, tension=0.333) - 사람 검수 전"
_01AyUz9J9I.005,_01AyUz9J9I.005.mp4,_01AyUz9J9I,,,0.7315,"EMO-AffectNet pseudo-label (teacher=Aff-Wild2, top=Happiness 0.29, tension=0.269) - 사람 검수 전"
_0bg1TLPP-I.004,_0bg1TLPP-I.004.mp4,_0bg1TLPP-I,,,0.7489,"EMO-AffectNet pseudo-label (teacher=Aff-Wild2, top=Happiness 0.24, tension=0.251) - 사람 검수 전"
_0bg1TLPP-I.005,_0bg1TLPP-I.005.mp4,_0bg1TLPP-I,,,0.7001,"EMO-AffectNet pseudo-label (teacher=Aff-Wild2, top=Sadness 0.27, tension=0.300) - 사람 검수 전"
_2DSmy36OEM.001,_2DSmy36OEM.001.mp4,_2DSmy36OEM,,,0.7671,"EMO-AffectNet pseudo-label (teacher=Aff-Wild2, top=Surprise 0.40, tension=0.233) - 사람 검수 전"
_7hGh6VU4IU.000,_7hGh6VU4IU.000.mp4,_7hGh6VU4IU,,,0.8029,"EMO-AffectNet pseudo-label (teacher=Aff-Wild2, top=Happiness 0.36, tension=0.197) - 사람 검수 전"
_7hGh6VU4IU.003,_7hGh6VU4IU.003.mp4,_7hGh6VU4IU,,,0.7131,"EMO-AffectNet pseudo-label (teacher=Aff-Wild2, top=Neutral 0.30, tension=0.287) - 사람 검수 전"
_7hGh6VU4IU.004,_7hGh6VU4IU.004.mp4,_7hGh6VU4IU,,,0.7393,"EMO-AffectNet pseudo-label (teacher=Aff-Wild2, top=Neutral 0.35, tension=0.261) - 사람 검수 전"
_7hGh6VU4IU.005,_7hGh6VU4IU.005.mp4,_7hGh6VU4IU,,,0.8281,"EMO-AffectNet pseudo-label (teacher=Aff-Wild2, top=Happiness 0.41, tension=0.172) - 사람 검수 전"
_7s27dUoYVg.000,_7s27dUoYVg.000.mp4,_7s27dUoYVg,,,0.766,"EMO-AffectNet pseudo-label (teacher=Aff-Wild2, top=Neutral 0.37, tension=0.234) - 사람 검수 전"
_7s27dUoYVg.003,_7s27dUoYVg.003.mp4,_7s27dUoYVg,,,0.7616,"EMO-AffectNet pseudo-label (teacher=Aff-Wild2, top=Neutral 0.33, tension=0.238) - 사람 검수 전"
_G3kw9HwCqY.000,_G3kw9HwCqY.000.mp4,_G3kw9HwCqY,,,0.7027,"EMO-AffectNet pseudo-label (teacher=Aff-Wild2, top=Happiness 0.18, tension=0.297) - 사람 검수 전"
_G3kw9HwCqY.002,_G3kw9HwCqY.002.mp4,_G3kw9HwCqY,,,0.6332,"EMO-AffectNet pseudo-label (teacher=Aff-Wild2, top=Sadness 0.28, tension=0.367) - 사람 검수 전"
_G3kw9HwCqY.004,_G3kw9HwCqY.004.mp4,_G3kw9HwCqY,,,0.6899,"EMO-AffectNet pseudo-label (teacher=Aff-Wild2, top=Neutral 0.20, tension=0.310) - 사람 검수 전"
_G3kw9HwCqY.005,_G3kw9HwCqY.005.mp4,_G3kw9HwCqY,,,0.6674,"EMO-AffectNet pseudo-label (teacher=Aff-Wild2, top=Sadness 0.21, tension=0.333) - 사람 검수 전"
_GFregyrwfo.002,_GFregyrwfo.002.mp4,_GFregyrwfo,,,0.655,"EMO-AffectNet pseudo-label (teacher=Aff-Wild2, top=Anger 0.20, tension=0.345) - 사람 검수 전"
_GFregyrwfo.004,_GFregyrwfo.004.mp4,_GFregyrwfo,,,0.6619,"EMO-AffectNet pseudo-label (teacher=Aff-Wild2, top=Anger 0.23, tension=0.338) - 사람 검수 전"
_GFregyrwfo.005,_GFregyrwfo.005.mp4,_GFregyrwfo,,,0.6698,"EMO-AffectNet pseudo-label (teacher=Aff-Wild2, top=Anger 0.21, tension=0.330) - 사람 검수 전"
_IS6GFmQYj4.000,_IS6GFmQYj4.000.mp4,_IS6GFmQYj4,,,0.7695,"EMO-AffectNet pseudo-label (teacher=Aff-Wild2, top=Surprise 0.28, tension=0.231) - 사람 검수 전"
_IS6GFmQYj4.002,_IS6GFmQYj4.002.mp4,_IS6GFmQYj4,,,0.8269,"EMO-AffectNet pseudo-label (teacher=Aff-Wild2, top=Happiness 0.37, tension=0.173) - 사람 검수 전"
_IS6GFmQYj4.003,_IS6GFmQYj4.003.mp4,_IS6GFmQYj4,,,0.748,"EMO-AffectNet pseudo-label (teacher=Aff-Wild2, top=Neutral 0.33, tension=0.252) - 사람 검수 전"
_IS6GFmQYj4.004,_IS6GFmQYj4.004.mp4,_IS6GFmQYj4,,,0.7212,"EMO-AffectNet pseudo-label (teacher=Aff-Wild2, top=Neutral 0.29, tension=0.279) - 사람 검수 전"
_LWrd9t4oZw.003,_LWrd9t4oZw.003.mp4,_LWrd9t4oZw,,,0.6536,"EMO-AffectNet pseudo-label (teacher=Aff-Wild2, top=Sadness 0.24, tension=0.346) - 사람 검수 전"
_Py_lytyY5A.005,_Py_lytyY5A.005.mp4,_Py_lytyY5A,,,0.6994,"EMO-AffectNet pseudo-label (teacher=Aff-Wild2, top=Sadness 0.22, tension=0.301) - 사람 검수 전"
_Q4wOgixh7E.000,_Q4wOgixh7E.000.mp4,_Q4wOgixh7E,,,0.6917,"EMO-AffectNet pseudo-label (teacher=Aff-Wild2, top=Neutral 0.28, tension=0.308) - 사람 검수 전"
_QXI4n_FRN4.005,_QXI4n_FRN4.005.mp4,_QXI4n_FRN4,,,0.6868,"EMO-AffectNet pseudo-label (teacher=Aff-Wild2, top=Neutral 0.23, tension=0.313) - 사람 검수 전"
_RAGzfJnpUE.001,_RAGzfJnpUE.001.mp4,_RAGzfJnpUE,,,0.6928,"EMO-AffectNet pseudo-label (teacher=Aff-Wild2, top=Neutral 0.26, tension=0.307) - 사람 검수 전"
_RAGzfJnpUE.003,_RAGzfJnpUE.003.mp4,_RAGzfJnpUE,,,0.6984,"EMO-AffectNet pseudo-label (teacher=Aff-Wild2, top=Neutral 0.27, tension=0.302) - 사람 검수 전"
_S_bWJwqsmM.004,_S_bWJwqsmM.004.mp4,_S_bWJwqsmM,,,0.8091,"EMO-AffectNet pseudo-label (teacher=Aff-Wild2, top=Happiness 0.28, tension=0.191) - 사람 검수 전"
_S_bWJwqsmM.005,_S_bWJwqsmM.005.mp4,_S_bWJwqsmM,,,0.7926,"EMO-AffectNet pseudo-label (teacher=Aff-Wild2, top=Happiness 0.31, tension=0.207) - 사람 검수 전"
_UnoRkHkYB8.003,_UnoRkHkYB8.003.mp4,_UnoRkHkYB8,,,0.6187,"EMO-AffectNet pseudo-label (teacher=Aff-Wild2, top=Sadness 0.22, tension=0.381) - 사람 검수 전"
_VsE38xSmdM.001,_VsE38xSmdM.001.mp4,_VsE38xSmdM,,,0.7417,"EMO-AffectNet pseudo-label (teacher=Aff-Wild2, top=Happiness 0.22, tension=0.258) - 사람 검수 전"
_X6_C_Oy9VA.000,_X6_C_Oy9VA.000.mp4,_X6_C_Oy9VA,,,0.6751,"EMO-AffectNet pseudo-label (teacher=Aff-Wild2, top=Neutral 0.22, tension=0.325) - 사람 검수 전"
_X6_C_Oy9VA.001,_X6_C_Oy9VA.001.mp4,_X6_C_Oy9VA,,,0.7619,"EMO-AffectNet pseudo-label (teacher=Aff-Wild2, top=Surprise 0.28, tension=0.238) - 사람 검수 전"
_X6_C_Oy9VA.003,_X6_C_Oy9VA.003.mp4,_X6_C_Oy9VA,,,0.7308,"EMO-AffectNet pseudo-label (teacher=Aff-Wild2, top=Neutral 0.21, tension=0.269) - 사람 검수 전"
_X6_C_Oy9VA.004,_X6_C_Oy9VA.004.mp4,_X6_C_Oy9VA,,,0.7152,"EMO-AffectNet pseudo-label (teacher=Aff-Wild2, top=Neutral 0.33, tension=0.285) - 사람 검수 전"
_X6_C_Oy9VA.005,_X6_C_Oy9VA.005.mp4,_X6_C_Oy9VA,,,0.6954,"EMO-AffectNet pseudo-label (teacher=Aff-Wild2, top=Neutral 0.20, tension=0.305) - 사람 검수 전"
_YYBXI2mXv4.000,_YYBXI2mXv4.000.mp4,_YYBXI2mXv4,,,0.6523,"EMO-AffectNet pseudo-label (teacher=Aff-Wild2, top=Fear 0.29, tension=0.348) - 사람 검수 전"
_ZAqTHlu2ts.001,_ZAqTHlu2ts.001.mp4,_ZAqTHlu2ts,,,0.6318,"EMO-AffectNet pseudo-label (teacher=Aff-Wild2, top=Fear 0.22, tension=0.368) - 사람 검수 전"
_ZAqTHlu2ts.004,_ZAqTHlu2ts.004.mp4,_ZAqTHlu2ts,,,0.6347,"EMO-AffectNet pseudo-label (teacher=Aff-Wild2, top=Fear 0.24, tension=0.365) - 사람 검수 전"
_ZAqTHlu2ts.005,_ZAqTHlu2ts.005.mp4,_ZAqTHlu2ts,,,0.6145,"EMO-AffectNet pseudo-label (teacher=Aff-Wild2, top=Sadness 0.24, tension=0.385) - 사람 검수 전"
_ZjEr8ybbFM.000,_ZjEr8ybbFM.000.mp4,_ZjEr8ybbFM,,,0.7197,"EMO-AffectNet pseudo-label (teacher=Aff-Wild2, top=Neutral 0.30, tension=0.280) - 사람 검수 전"
_bOOlidEWgY.001,_bOOlidEWgY.001.mp4,_bOOlidEWgY,,,0.6172,"EMO-AffectNet pseudo-label (teacher=Aff-Wild2, top=Fear 0.24, tension=0.383) - 사람 검수 전"
_fFmEyvWgfA.004,_fFmEyvWgfA.004.mp4,_fFmEyvWgfA,,,0.7655,"EMO-AffectNet pseudo-label (teacher=Aff-Wild2, top=Neutral 0.30, tension=0.235) - 사람 검수 전"
_fJcW5234bY.000,_fJcW5234bY.000.mp4,_fJcW5234bY,,,0.7748,"EMO-AffectNet pseudo-label (teacher=Aff-Wild2, top=Neutral 0.29, tension=0.225) - 사람 검수 전"
_fJcW5234bY.002,_fJcW5234bY.002.mp4,_fJcW5234bY,,,0.799,"EMO-AffectNet pseudo-label (teacher=Aff-Wild2, top=Happiness 0.32, tension=0.201) - 사람 검수 전"
_fJcW5234bY.004,_fJcW5234bY.004.mp4,_fJcW5234bY,,,0.788,"EMO-AffectNet pseudo-label (teacher=Aff-Wild2, top=Surprise 0.28, tension=0.212) - 사람 검수 전"
_g3M_MoFIvA.001,_g3M_MoFIvA.001.mp4,_g3M_MoFIvA,,,0.6297,"EMO-AffectNet pseudo-label (teacher=Aff-Wild2, top=Sadness 0.19, tension=0.370) - 사람 검수 전"
_g3M_MoFIvA.004,_g3M_MoFIvA.004.mp4,_g3M_MoFIvA,,,0.6492,"EMO-AffectNet pseudo-label (teacher=Aff-Wild2, top=Anger 0.18, tension=0.351) - 사람 검수 전"
_g3M_MoFIvA.005,_g3M_MoFIvA.005.mp4,_g3M_MoFIvA,,,0.7354,"EMO-AffectNet pseudo-label (teacher=Aff-Wild2, top=Neutral 0.22, tension=0.265) - 사람 검수 전"
_hR9AD-eIy8.000,_hR9AD-eIy8.000.mp4,_hR9AD-eIy8,,,0.8392,"EMO-AffectNet pseudo-label (teacher=Aff-Wild2, top=Happiness 0.44, tension=0.161) - 사람 검수 전"
_hR9AD-eIy8.005,_hR9AD-eIy8.005.mp4,_hR9AD-eIy8,,,0.7425,"EMO-AffectNet pseudo-label (teacher=Aff-Wild2, top=Surprise 0.22, tension=0.258) - 사람 검수 전"
_hmiW83i0GY.000,_hmiW83i0GY.000.mp4,_hmiW83i0GY,,,0.7634,"EMO-AffectNet pseudo-label (teacher=Aff-Wild2, top=Neutral 0.26, tension=0.237) - 사람 검수 전"
_kK9tGN883Y.000,_kK9tGN883Y.000.mp4,_kK9tGN883Y,,,0.7211,"EMO-AffectNet pseudo-label (teacher=Aff-Wild2, top=Neutral 0.33, tension=0.279) - 사람 검수 전"
_kK9tGN883Y.004,_kK9tGN883Y.004.mp4,_kK9tGN883Y,,,0.7265,"EMO-AffectNet pseudo-label (teacher=Aff-Wild2, top=Neutral 0.41, tension=0.273) - 사람 검수 전"
_mtiuHyOFXg.001,_mtiuHyOFXg.001.mp4,_mtiuHyOFXg,,,0.6615,"EMO-AffectNet pseudo-label (teacher=Aff-Wild2, top=Sadness 0.31, tension=0.339) - 사람 검수 전"
_mtiuHyOFXg.003,_mtiuHyOFXg.003.mp4,_mtiuHyOFXg,,,0.6706,"EMO-AffectNet pseudo-label (teacher=Aff-Wild2, top=Neutral 0.33, tension=0.329) - 사람 검수 전"
_mtiuHyOFXg.005,_mtiuHyOFXg.005.mp4,_mtiuHyOFXg,,,0.6766,"EMO-AffectNet pseudo-label (teacher=Aff-Wild2, top=Neutral 0.32, tension=0.323) - 사람 검수 전"
_plk5k7PBEg.001,_plk5k7PBEg.001.mp4,_plk5k7PBEg,,,0.8238,"EMO-AffectNet pseudo-label (teacher=Aff-Wild2, top=Happiness 0.40, tension=0.176) - 사람 검수 전"
_tOtBfJlWFs.000,_tOtBfJlWFs.000.mp4,_tOtBfJlWFs,,,0.7242,"EMO-AffectNet pseudo-label (teacher=Aff-Wild2, top=Neutral 0.20, tension=0.276) - 사람 검수 전"
_uNup91ZYw0.001,_uNup91ZYw0.001.mp4,_uNup91ZYw0,,,0.7829,"EMO-AffectNet pseudo-label (teacher=Aff-Wild2, top=Happiness 0.28, tension=0.217) - 사람 검수 전"
_uNup91ZYw0.002,_uNup91ZYw0.002.mp4,_uNup91ZYw0,,,0.7427,"EMO-AffectNet pseudo-label (teacher=Aff-Wild2, top=Surprise 0.27, tension=0.257) - 사람 검수 전"
_zI6qgTJOSA.005,_zI6qgTJOSA.005.mp4,_zI6qgTJOSA,,,0.7325,"EMO-AffectNet pseudo-label (teacher=Aff-Wild2, top=Neutral 0.28, tension=0.268) - 사람 검수 전"
_zs9K5Gtkwo.002,_zs9K5Gtkwo.002.mp4,_zs9K5Gtkwo,,,0.7147,"EMO-AffectNet pseudo-label (teacher=Aff-Wild2, top=Neutral 0.35, tension=0.285) - 사람 검수 전"
_zs9K5Gtkwo.003,_zs9K5Gtkwo.003.mp4,_zs9K5Gtkwo,,,0.7309,"EMO-AffectNet pseudo-label (teacher=Aff-Wild2, top=Neutral 0.37, tension=0.269) - 사람 검수 전"
_ztmNiy8D3c.000,_ztmNiy8D3c.000.mp4,_ztmNiy8D3c,,,0.6441,"EMO-AffectNet pseudo-label (teacher=Aff-Wild2, top=Fear 0.29, tension=0.356) - 사람 검수 전"
_ztmNiy8D3c.001,_ztmNiy8D3c.001.mp4,_ztmNiy8D3c,,,0.668,"EMO-AffectNet pseudo-label (teacher=Aff-Wild2, top=Neutral 0.22, tension=0.332) - 사람 검수 전"
_ztmNiy8D3c.003,_ztmNiy8D3c.003.mp4,_ztmNiy8D3c,,,0.6804,"EMO-AffectNet pseudo-label (teacher=Aff-Wild2, top=Fear 0.23, tension=0.320) - 사람 검수 전"
a-nUsP7oETI.000,a-nUsP7oETI.000.mp4,a-nUsP7oETI,,,0.7465,"EMO-AffectNet pseudo-label (teacher=Aff-Wild2, top=Surprise 0.25, tension=0.253) - 사람 검수 전"
a-nUsP7oETI.005,a-nUsP7oETI.005.mp4,a-nUsP7oETI,,,0.7066,"EMO-AffectNet pseudo-label (teacher=Aff-Wild2, top=Anger 0.26, tension=0.293) - 사람 검수 전"
a38rz5AIslE.001,a38rz5AIslE.001.mp4,a38rz5AIslE,,,0.7123,"EMO-AffectNet pseudo-label (teacher=Aff-Wild2, top=Surprise 0.25, tension=0.288) - 사람 검수 전"
a38rz5AIslE.003,a38rz5AIslE.003.mp4,a38rz5AIslE,,,0.7112,"EMO-AffectNet pseudo-label (teacher=Aff-Wild2, top=Neutral 0.25, tension=0.289) - 사람 검수 전"
a4bCX4P_5KI.000,a4bCX4P_5KI.000.mp4,a4bCX4P_5KI,,,0.6857,"EMO-AffectNet pseudo-label (teacher=Aff-Wild2, top=Neutral 0.24, tension=0.314) - 사람 검수 전"
a5-PJqy9QmU.001,a5-PJqy9QmU.001.mp4,a5-PJqy9QmU,,,0.7204,"EMO-AffectNet pseudo-label (teacher=Aff-Wild2, top=Neutral 0.30, tension=0.280) - 사람 검수 전"
a5-PJqy9QmU.002,a5-PJqy9QmU.002.mp4,a5-PJqy9QmU,,,0.6949,"EMO-AffectNet pseudo-label (teacher=Aff-Wild2, top=Neutral 0.23, tension=0.305) - 사람 검수 전"
a5NTqK367wo.000,a5NTqK367wo.000.mp4,a5NTqK367wo,,,0.769,"EMO-AffectNet pseudo-label (teacher=Aff-Wild2, top=Neutral 0.24, tension=0.231) - 사람 검수 전"
a5tVPpLsaGc.002,a5tVPpLsaGc.002.mp4,a5tVPpLsaGc,,,0.7179,"EMO-AffectNet pseudo-label (teacher=Aff-Wild2, top=Neutral 0.22, tension=0.282) - 사람 검수 전"
a5tVPpLsaGc.003,a5tVPpLsaGc.003.mp4,a5tVPpLsaGc,,,0.6991,"EMO-AffectNet pseudo-label (teacher=Aff-Wild2, top=Surprise 0.19, tension=0.301) - 사람 검수 전"
a84s1DYag-I.001,a84s1DYag-I.001.mp4,a84s1DYag-I,,,0.7787,"EMO-AffectNet pseudo-label (teacher=Aff-Wild2, top=Neutral 0.32, tension=0.221) - 사람 검수 전"
a84s1DYag-I.004,a84s1DYag-I.004.mp4,a84s1DYag-I,,,0.7957,"EMO-AffectNet pseudo-label (teacher=Aff-Wild2, top=Neutral 0.28, tension=0.204) - 사람 검수 전"
a97PXgrKSxo.000,a97PXgrKSxo.000.mp4,a97PXgrKSxo,,,0.6719,"EMO-AffectNet pseudo-label (teacher=Aff-Wild2, top=Surprise 0.32, tension=0.328) - 사람 검수 전"
a97PXgrKSxo.003,a97PXgrKSxo.003.mp4,a97PXgrKSxo,,,0.7321,"EMO-AffectNet pseudo-label (teacher=Aff-Wild2, top=Surprise 0.29, tension=0.268) - 사람 검수 전"
a97PXgrKSxo.005,a97PXgrKSxo.005.mp4,a97PXgrKSxo,,,0.6768,"EMO-AffectNet pseudo-label (teacher=Aff-Wild2, top=Surprise 0.32, tension=0.323) - 사람 검수 전"
aFVFvJNnFt0.000,aFVFvJNnFt0.000.mp4,aFVFvJNnFt0,,,0.6725,"EMO-AffectNet pseudo-label (teacher=Aff-Wild2, top=Neutral 0.27, tension=0.328) - 사람 검수 전"
aFVFvJNnFt0.001,aFVFvJNnFt0.001.mp4,aFVFvJNnFt0,,,0.6441,"EMO-AffectNet pseudo-label (teacher=Aff-Wild2, top=Anger 0.20, tension=0.356) - 사람 검수 전"
aFVFvJNnFt0.003,aFVFvJNnFt0.003.mp4,aFVFvJNnFt0,,,0.6802,"EMO-AffectNet pseudo-label (teacher=Aff-Wild2, top=Neutral 0.26, tension=0.320) - 사람 검수 전"
aFVFvJNnFt0.004,aFVFvJNnFt0.004.mp4,aFVFvJNnFt0,,,0.7461,"EMO-AffectNet pseudo-label (teacher=Aff-Wild2, top=Happiness 0.28, tension=0.254) - 사람 검수 전"
aFVFvJNnFt0.005,aFVFvJNnFt0.005.mp4,aFVFvJNnFt0,,,0.6361,"EMO-AffectNet pseudo-label (teacher=Aff-Wild2, top=Sadness 0.21, tension=0.364) - 사람 검수 전"
aIh8DTa3RVg.001,aIh8DTa3RVg.001.mp4,aIh8DTa3RVg,,,0.6463,"EMO-AffectNet pseudo-label (teacher=Aff-Wild2, top=Fear 0.27, tension=0.354) - 사람 검수 전"
aJjAtOC8AQU.005,aJjAtOC8AQU.005.mp4,aJjAtOC8AQU,,,0.6816,"EMO-AffectNet pseudo-label (teacher=Aff-Wild2, top=Happiness 0.23, tension=0.318) - 사람 검수 전"
aKLadP_Wev8.000,aKLadP_Wev8.000.mp4,aKLadP_Wev8,,,0.5492,"EMO-AffectNet pseudo-label (teacher=Aff-Wild2, top=Disgust 0.45, tension=0.451) - 사람 검수 전"
aKLadP_Wev8.001,aKLadP_Wev8.001.mp4,aKLadP_Wev8,,,0.557,"EMO-AffectNet pseudo-label (teacher=Aff-Wild2, top=Disgust 0.40, tension=0.443) - 사람 검수 전"
aLAqJkRWKuk.000,aLAqJkRWKuk.000.mp4,aLAqJkRWKuk,,,0.7634,"EMO-AffectNet pseudo-label (teacher=Aff-Wild2, top=Neutral 0.41, tension=0.237) - 사람 검수 전"
aLAqJkRWKuk.002,aLAqJkRWKuk.002.mp4,aLAqJkRWKuk,,,0.8007,"EMO-AffectNet pseudo-label (teacher=Aff-Wild2, top=Happiness 0.30, tension=0.199) - 사람 검수 전"
aLvpOYqzErk.000,aLvpOYqzErk.000.mp4,aLvpOYqzErk,,,0.7082,"EMO-AffectNet pseudo-label (teacher=Aff-Wild2, top=Neutral 0.31, tension=0.292) - 사람 검수 전"
aMPe0uSKqF4.001,aMPe0uSKqF4.001.mp4,aMPe0uSKqF4,,,0.7409,"EMO-AffectNet pseudo-label (teacher=Aff-Wild2, top=Neutral 0.23, tension=0.259) - 사람 검수 전"
aMPe0uSKqF4.002,aMPe0uSKqF4.002.mp4,aMPe0uSKqF4,,,0.7858,"EMO-AffectNet pseudo-label (teacher=Aff-Wild2, top=Happiness 0.29, tension=0.214) - 사람 검수 전"
aMPe0uSKqF4.003,aMPe0uSKqF4.003.mp4,aMPe0uSKqF4,,,0.7115,"EMO-AffectNet pseudo-label (teacher=Aff-Wild2, top=Neutral 0.21, tension=0.289) - 사람 검수 전"
aMPe0uSKqF4.004,aMPe0uSKqF4.004.mp4,aMPe0uSKqF4,,,0.7766,"EMO-AffectNet pseudo-label (teacher=Aff-Wild2, top=Happiness 0.28, tension=0.223) - 사람 검수 전"
aMPe0uSKqF4.005,aMPe0uSKqF4.005.mp4,aMPe0uSKqF4,,,0.687,"EMO-AffectNet pseudo-label (teacher=Aff-Wild2, top=Neutral 0.28, tension=0.313) - 사람 검수 전"
aMmEPRJGocM.000,aMmEPRJGocM.000.mp4,aMmEPRJGocM,,,0.789,"EMO-AffectNet pseudo-label (teacher=Aff-Wild2, top=Happiness 0.30, tension=0.211) - 사람 검수 전"
aMmEPRJGocM.004,aMmEPRJGocM.004.mp4,aMmEPRJGocM,,,0.8021,"EMO-AffectNet pseudo-label (teacher=Aff-Wild2, top=Happiness 0.29, tension=0.198) - 사람 검수 전"
aPTNxA43WHY.000,aPTNxA43WHY.000.mp4,aPTNxA43WHY,,,0.8678,"EMO-AffectNet pseudo-label (teacher=Aff-Wild2, top=Happiness 0.60, tension=0.132) - 사람 검수 전"
aPTNxA43WHY.002,aPTNxA43WHY.002.mp4,aPTNxA43WHY,,,0.8552,"EMO-AffectNet pseudo-label (teacher=Aff-Wild2, top=Happiness 0.58, tension=0.145) - 사람 검수 전"
aQVGVhcMBtE.004,aQVGVhcMBtE.004.mp4,aQVGVhcMBtE,,,0.7385,"EMO-AffectNet pseudo-label (teacher=Aff-Wild2, top=Surprise 0.24, tension=0.261) - 사람 검수 전"
aaDlp62qn60.002,aaDlp62qn60.002.mp4,aaDlp62qn60,,,0.8412,"EMO-AffectNet pseudo-label (teacher=Aff-Wild2, top=Happiness 0.37, tension=0.159) - 사람 검수 전"
ahqyOhg6D7c.003,ahqyOhg6D7c.003.mp4,ahqyOhg6D7c,,,0.634,"EMO-AffectNet pseudo-label (teacher=Aff-Wild2, top=Sadness 0.35, tension=0.366) - 사람 검수 전"
ai-RZb0ZpKI.002,ai-RZb0ZpKI.002.mp4,ai-RZb0ZpKI,,,0.6482,"EMO-AffectNet pseudo-label (teacher=Aff-Wild2, top=Anger 0.30, tension=0.352) - 사람 검수 전"
ai-RZb0ZpKI.003,ai-RZb0ZpKI.003.mp4,ai-RZb0ZpKI,,,0.6313,"EMO-AffectNet pseudo-label (teacher=Aff-Wild2, top=Anger 0.29, tension=0.369) - 사람 검수 전"
alucqviYJFE.001,alucqviYJFE.001.mp4,alucqviYJFE,,,0.744,"EMO-AffectNet pseudo-label (teacher=Aff-Wild2, top=Surprise 0.28, tension=0.256) - 사람 검수 전"
alucqviYJFE.002,alucqviYJFE.002.mp4,alucqviYJFE,,,0.7255,"EMO-AffectNet pseudo-label (teacher=Aff-Wild2, top=Neutral 0.36, tension=0.275) - 사람 검수 전"
alucqviYJFE.003,alucqviYJFE.003.mp4,alucqviYJFE,,,0.7356,"EMO-AffectNet pseudo-label (teacher=Aff-Wild2, top=Neutral 0.38, tension=0.264) - 사람 검수 전"
alucqviYJFE.004,alucqviYJFE.004.mp4,alucqviYJFE,,,0.7562,"EMO-AffectNet pseudo-label (teacher=Aff-Wild2, top=Neutral 0.41, tension=0.244) - 사람 검수 전"
ana5C73n9bY.000,ana5C73n9bY.000.mp4,ana5C73n9bY,,,0.7101,"EMO-AffectNet pseudo-label (teacher=Aff-Wild2, top=Surprise 0.35, tension=0.290) - 사람 검수 전"
ana5C73n9bY.001,ana5C73n9bY.001.mp4,ana5C73n9bY,,,0.7116,"EMO-AffectNet pseudo-label (teacher=Aff-Wild2, top=Surprise 0.35, tension=0.288) - 사람 검수 전"
ana5C73n9bY.002,ana5C73n9bY.002.mp4,ana5C73n9bY,,,0.7449,"EMO-AffectNet pseudo-label (teacher=Aff-Wild2, top=Surprise 0.27, tension=0.255) - 사람 검수 전"
ana5C73n9bY.003,ana5C73n9bY.003.mp4,ana5C73n9bY,,,0.7222,"EMO-AffectNet pseudo-label (teacher=Aff-Wild2, top=Surprise 0.30, tension=0.278) - 사람 검수 전"
ana5C73n9bY.004,ana5C73n9bY.004.mp4,ana5C73n9bY,,,0.7003,"EMO-AffectNet pseudo-label (teacher=Aff-Wild2, top=Surprise 0.33, tension=0.300) - 사람 검수 전"
ana5C73n9bY.005,ana5C73n9bY.005.mp4,ana5C73n9bY,,,0.7177,"EMO-AffectNet pseudo-label (teacher=Aff-Wild2, top=Surprise 0.29, tension=0.282) - 사람 검수 전"
aoRjg63uRww.003,aoRjg63uRww.003.mp4,aoRjg63uRww,,,0.7495,"EMO-AffectNet pseudo-label (teacher=Aff-Wild2, top=Neutral 0.26, tension=0.250) - 사람 검수 전"
aoRjg63uRww.004,aoRjg63uRww.004.mp4,aoRjg63uRww,,,0.8021,"EMO-AffectNet pseudo-label (teacher=Aff-Wild2, top=Happiness 0.35, tension=0.198) - 사람 검수 전"
aptKaxP81xA.000,aptKaxP81xA.000.mp4,aptKaxP81xA,,,0.6924,"EMO-AffectNet pseudo-label (teacher=Aff-Wild2, top=Neutral 0.32, tension=0.308) - 사람 검수 전"
aptKaxP81xA.002,aptKaxP81xA.002.mp4,aptKaxP81xA,,,0.7378,"EMO-AffectNet pseudo-label (teacher=Aff-Wild2, top=Neutral 0.42, tension=0.262) - 사람 검수 전"
aptKaxP81xA.004,aptKaxP81xA.004.mp4,aptKaxP81xA,,,0.6898,"EMO-AffectNet pseudo-label (teacher=Aff-Wild2, top=Neutral 0.33, tension=0.310) - 사람 검수 전"
aqA6oI5L1RQ.005,aqA6oI5L1RQ.005.mp4,aqA6oI5L1RQ,,,0.7405,"EMO-AffectNet pseudo-label (teacher=Aff-Wild2, top=Anger 0.23, tension=0.259) - 사람 검수 전"
aqK-wcGILjw.000,aqK-wcGILjw.000.mp4,aqK-wcGILjw,,,0.7846,"EMO-AffectNet pseudo-label (teacher=Aff-Wild2, top=Neutral 0.43, tension=0.215) - 사람 검수 전"
aqd4_4ga1fQ.000,aqd4_4ga1fQ.000.mp4,aqd4_4ga1fQ,,,0.6914,"EMO-AffectNet pseudo-label (teacher=Aff-Wild2, top=Anger 0.27, tension=0.309) - 사람 검수 전"
aqd4_4ga1fQ.001,aqd4_4ga1fQ.001.mp4,aqd4_4ga1fQ,,,0.6742,"EMO-AffectNet pseudo-label (teacher=Aff-Wild2, top=Surprise 0.30, tension=0.326) - 사람 검수 전"
aqd4_4ga1fQ.003,aqd4_4ga1fQ.003.mp4,aqd4_4ga1fQ,,,0.6812,"EMO-AffectNet pseudo-label (teacher=Aff-Wild2, top=Surprise 0.26, tension=0.319) - 사람 검수 전"
aqd4_4ga1fQ.004,aqd4_4ga1fQ.004.mp4,aqd4_4ga1fQ,,,0.6642,"EMO-AffectNet pseudo-label (teacher=Aff-Wild2, top=Surprise 0.31, tension=0.336) - 사람 검수 전"
ask-ZFRztf8.001,ask-ZFRztf8.001.mp4,ask-ZFRztf8,,,0.689,"EMO-AffectNet pseudo-label (teacher=Aff-Wild2, top=Neutral 0.26, tension=0.311) - 사람 검수 전"
ask-ZFRztf8.002,ask-ZFRztf8.002.mp4,ask-ZFRztf8,,,0.6928,"EMO-AffectNet pseudo-label (teacher=Aff-Wild2, top=Neutral 0.29, tension=0.307) - 사람 검수 전"
ask-ZFRztf8.005,ask-ZFRztf8.005.mp4,ask-ZFRztf8,,,0.6982,"EMO-AffectNet pseudo-label (teacher=Aff-Wild2, top=Neutral 0.32, tension=0.302) - 사람 검수 전"
atH8mnvu-sE.005,atH8mnvu-sE.005.mp4,atH8mnvu-sE,,,0.7145,"EMO-AffectNet pseudo-label (teacher=Aff-Wild2, top=Surprise 0.20, tension=0.286) - 사람 검수 전"
atdhaGEh_0c.000,atdhaGEh_0c.000.mp4,atdhaGEh_0c,,,0.7585,"EMO-AffectNet pseudo-label (teacher=Aff-Wild2, top=Neutral 0.29, tension=0.242) - 사람 검수 전"
auhe41Tf50M.003,auhe41Tf50M.003.mp4,auhe41Tf50M,,,0.7472,"EMO-AffectNet pseudo-label (teacher=Aff-Wild2, top=Neutral 0.32, tension=0.253) - 사람 검수 전"
ax1Fck6zMzk.003,ax1Fck6zMzk.003.mp4,ax1Fck6zMzk,,,0.736,"EMO-AffectNet pseudo-label (teacher=Aff-Wild2, top=Neutral 0.28, tension=0.264) - 사람 검수 전"
ax8wm9K41og.000,ax8wm9K41og.000.mp4,ax8wm9K41og,,,0.7223,"EMO-AffectNet pseudo-label (teacher=Aff-Wild2, top=Happiness 0.22, tension=0.278) - 사람 검수 전"
ay4cdKr1I0o.000,ay4cdKr1I0o.000.mp4,ay4cdKr1I0o,,,0.7371,"EMO-AffectNet pseudo-label (teacher=Aff-Wild2, top=Neutral 0.29, tension=0.263) - 사람 검수 전"
ay4cdKr1I0o.001,ay4cdKr1I0o.001.mp4,ay4cdKr1I0o,,,0.6854,"EMO-AffectNet pseudo-label (teacher=Aff-Wild2, top=Neutral 0.32, tension=0.315) - 사람 검수 전"
b-qfeGqPd04.000,b-qfeGqPd04.000.mp4,b-qfeGqPd04,,,0.6757,"EMO-AffectNet pseudo-label (teacher=Aff-Wild2, top=Neutral 0.32, tension=0.324) - 사람 검수 전"
b-qfeGqPd04.001,b-qfeGqPd04.001.mp4,b-qfeGqPd04,,,0.7267,"EMO-AffectNet pseudo-label (teacher=Aff-Wild2, top=Neutral 0.40, tension=0.273) - 사람 검수 전"
b-qfeGqPd04.005,b-qfeGqPd04.005.mp4,b-qfeGqPd04,,,0.7046,"EMO-AffectNet pseudo-label (teacher=Aff-Wild2, top=Neutral 0.38, tension=0.295) - 사람 검수 전"
b26ZykbKSzY.005,b26ZykbKSzY.005.mp4,b26ZykbKSzY,,,0.8306,"EMO-AffectNet pseudo-label (teacher=Aff-Wild2, top=Neutral 0.31, tension=0.169) - 사람 검수 전"
b2Y41GrCrPs.000,b2Y41GrCrPs.000.mp4,b2Y41GrCrPs,,,0.7651,"EMO-AffectNet pseudo-label (teacher=Aff-Wild2, top=Surprise 0.28, tension=0.235) - 사람 검수 전"
b2Y41GrCrPs.001,b2Y41GrCrPs.001.mp4,b2Y41GrCrPs,,,0.846,"EMO-AffectNet pseudo-label (teacher=Aff-Wild2, top=Happiness 0.45, tension=0.154) - 사람 검수 전"
b2Y41GrCrPs.003,b2Y41GrCrPs.003.mp4,b2Y41GrCrPs,,,0.7441,"EMO-AffectNet pseudo-label (teacher=Aff-Wild2, top=Neutral 0.25, tension=0.256) - 사람 검수 전"
b39BQbVhOAg.001,b39BQbVhOAg.001.mp4,b39BQbVhOAg,,,0.8412,"EMO-AffectNet pseudo-label (teacher=Aff-Wild2, top=Happiness 0.41, tension=0.159) - 사람 검수 전"
b39BQbVhOAg.002,b39BQbVhOAg.002.mp4,b39BQbVhOAg,,,0.811,"EMO-AffectNet pseudo-label (teacher=Aff-Wild2, top=Happiness 0.34, tension=0.189) - 사람 검수 전"
b39BQbVhOAg.003,b39BQbVhOAg.003.mp4,b39BQbVhOAg,,,0.7949,"EMO-AffectNet pseudo-label (teacher=Aff-Wild2, top=Happiness 0.31, tension=0.205) - 사람 검수 전"
b39BQbVhOAg.004,b39BQbVhOAg.004.mp4,b39BQbVhOAg,,,0.8275,"EMO-AffectNet pseudo-label (teacher=Aff-Wild2, top=Happiness 0.39, tension=0.173) - 사람 검수 전"
b39BQbVhOAg.005,b39BQbVhOAg.005.mp4,b39BQbVhOAg,,,0.916,"EMO-AffectNet pseudo-label (teacher=Aff-Wild2, top=Happiness 0.71, tension=0.084) - 사람 검수 전"
b69IYs1G1zc.000,b69IYs1G1zc.000.mp4,b69IYs1G1zc,,,0.6399,"EMO-AffectNet pseudo-label (teacher=Aff-Wild2, top=Fear 0.35, tension=0.360) - 사람 검수 전"
b69IYs1G1zc.002,b69IYs1G1zc.002.mp4,b69IYs1G1zc,,,0.6789,"EMO-AffectNet pseudo-label (teacher=Aff-Wild2, top=Surprise 0.28, tension=0.321) - 사람 검수 전"
b69IYs1G1zc.003,b69IYs1G1zc.003.mp4,b69IYs1G1zc,,,0.677,"EMO-AffectNet pseudo-label (teacher=Aff-Wild2, top=Surprise 0.33, tension=0.323) - 사람 검수 전"
b6eoqD1J_qU.002,b6eoqD1J_qU.002.mp4,b6eoqD1J_qU,,,0.7818,"EMO-AffectNet pseudo-label (teacher=Aff-Wild2, top=Neutral 0.31, tension=0.218) - 사람 검수 전"
b6eoqD1J_qU.003,b6eoqD1J_qU.003.mp4,b6eoqD1J_qU,,,0.7619,"EMO-AffectNet pseudo-label (teacher=Aff-Wild2, top=Happiness 0.25, tension=0.238) - 사람 검수 전"
b6eoqD1J_qU.004,b6eoqD1J_qU.004.mp4,b6eoqD1J_qU,,,0.6902,"EMO-AffectNet pseudo-label (teacher=Aff-Wild2, top=Neutral 0.33, tension=0.310) - 사람 검수 전"
b6eoqD1J_qU.005,b6eoqD1J_qU.005.mp4,b6eoqD1J_qU,,,0.6665,"EMO-AffectNet pseudo-label (teacher=Aff-Wild2, top=Neutral 0.27, tension=0.333) - 사람 검수 전"
b8GPFr11adA.001,b8GPFr11adA.001.mp4,b8GPFr11adA,,,0.7894,"EMO-AffectNet pseudo-label (teacher=Aff-Wild2, top=Neutral 0.27, tension=0.211) - 사람 검수 전"
b8GPFr11adA.002,b8GPFr11adA.002.mp4,b8GPFr11adA,,,0.8254,"EMO-AffectNet pseudo-label (teacher=Aff-Wild2, top=Happiness 0.38, tension=0.175) - 사람 검수 전"
b8GPFr11adA.004,b8GPFr11adA.004.mp4,b8GPFr11adA,,,0.7321,"EMO-AffectNet pseudo-label (teacher=Aff-Wild2, top=Neutral 0.38, tension=0.268) - 사람 검수 전"
b8GPFr11adA.005,b8GPFr11adA.005.mp4,b8GPFr11adA,,,0.709,"EMO-AffectNet pseudo-label (teacher=Aff-Wild2, top=Neutral 0.31, tension=0.291) - 사람 검수 전"
bAxlTgobVHE.000,bAxlTgobVHE.000.mp4,bAxlTgobVHE,,,0.6821,"EMO-AffectNet pseudo-label (teacher=Aff-Wild2, top=Anger 0.21, tension=0.318) - 사람 검수 전"
bAxlTgobVHE.001,bAxlTgobVHE.001.mp4,bAxlTgobVHE,,,0.8436,"EMO-AffectNet pseudo-label (teacher=Aff-Wild2, top=Happiness 0.45, tension=0.156) - 사람 검수 전"
bAxlTgobVHE.002,bAxlTgobVHE.002.mp4,bAxlTgobVHE,,,0.8617,"EMO-AffectNet pseudo-label (teacher=Aff-Wild2, top=Happiness 0.55, tension=0.138) - 사람 검수 전"
bBqZyG-9ksM.005,bBqZyG-9ksM.005.mp4,bBqZyG-9ksM,,,0.9292,"EMO-AffectNet pseudo-label (teacher=Aff-Wild2, top=Happiness 0.76, tension=0.071) - 사람 검수 전"
bDjqDn6susQ.000,bDjqDn6susQ.000.mp4,bDjqDn6susQ,,,0.7769,"EMO-AffectNet pseudo-label (teacher=Aff-Wild2, top=Happiness 0.28, tension=0.223) - 사람 검수 전"
bEXDNfLBy1I.002,bEXDNfLBy1I.002.mp4,bEXDNfLBy1I,,,0.7453,"EMO-AffectNet pseudo-label (teacher=Aff-Wild2, top=Neutral 0.37, tension=0.255) - 사람 검수 전"
bEXDNfLBy1I.003,bEXDNfLBy1I.003.mp4,bEXDNfLBy1I,,,0.7333,"EMO-AffectNet pseudo-label (teacher=Aff-Wild2, top=Neutral 0.39, tension=0.267) - 사람 검수 전"
bEXDNfLBy1I.004,bEXDNfLBy1I.004.mp4,bEXDNfLBy1I,,,0.72,"EMO-AffectNet pseudo-label (teacher=Aff-Wild2, top=Neutral 0.32, tension=0.280) - 사람 검수 전"
bFwtVtZodIg.002,bFwtVtZodIg.002.mp4,bFwtVtZodIg,,,0.7403,"EMO-AffectNet pseudo-label (teacher=Aff-Wild2, top=Neutral 0.35, tension=0.260) - 사람 검수 전"
bFwtVtZodIg.004,bFwtVtZodIg.004.mp4,bFwtVtZodIg,,,0.7403,"EMO-AffectNet pseudo-label (teacher=Aff-Wild2, top=Neutral 0.25, tension=0.260) - 사람 검수 전"
bGLwxQ1lonQ.005,bGLwxQ1lonQ.005.mp4,bGLwxQ1lonQ,,,0.7067,"EMO-AffectNet pseudo-label (teacher=Aff-Wild2, top=Neutral 0.25, tension=0.293) - 사람 검수 전"
bJktioZ5Yxk.002,bJktioZ5Yxk.002.mp4,bJktioZ5Yxk,,,0.7057,"EMO-AffectNet pseudo-label (teacher=Aff-Wild2, top=Anger 0.30, tension=0.294) - 사람 검수 전"
bJktioZ5Yxk.003,bJktioZ5Yxk.003.mp4,bJktioZ5Yxk,,,0.7378,"EMO-AffectNet pseudo-label (teacher=Aff-Wild2, top=Anger 0.28, tension=0.262) - 사람 검수 전"
bJktioZ5Yxk.004,bJktioZ5Yxk.004.mp4,bJktioZ5Yxk,,,0.7258,"EMO-AffectNet pseudo-label (teacher=Aff-Wild2, top=Neutral 0.27, tension=0.274) - 사람 검수 전"
bLOSPQ8MAC8.001,bLOSPQ8MAC8.001.mp4,bLOSPQ8MAC8,,,0.6554,"EMO-AffectNet pseudo-label (teacher=Aff-Wild2, top=Neutral 0.25, tension=0.345) - 사람 검수 전"
bLOSPQ8MAC8.004,bLOSPQ8MAC8.004.mp4,bLOSPQ8MAC8,,,0.6523,"EMO-AffectNet pseudo-label (teacher=Aff-Wild2, top=Neutral 0.22, tension=0.348) - 사람 검수 전"
bLrrDM1Opu0.001,bLrrDM1Opu0.001.mp4,bLrrDM1Opu0,,,0.7659,"EMO-AffectNet pseudo-label (teacher=Aff-Wild2, top=Surprise 0.30, tension=0.234) - 사람 검수 전"
bLrrDM1Opu0.003,bLrrDM1Opu0.003.mp4,bLrrDM1Opu0,,,0.7436,"EMO-AffectNet pseudo-label (teacher=Aff-Wild2, top=Surprise 0.29, tension=0.256) - 사람 검수 전"
bMY2DaFFwzU.000,bMY2DaFFwzU.000.mp4,bMY2DaFFwzU,,,0.7619,"EMO-AffectNet pseudo-label (teacher=Aff-Wild2, top=Neutral 0.27, tension=0.238) - 사람 검수 전"
bMY2DaFFwzU.001,bMY2DaFFwzU.001.mp4,bMY2DaFFwzU,,,0.7566,"EMO-AffectNet pseudo-label (teacher=Aff-Wild2, top=Neutral 0.42, tension=0.243) - 사람 검수 전"
bMY2DaFFwzU.003,bMY2DaFFwzU.003.mp4,bMY2DaFFwzU,,,0.777,"EMO-AffectNet pseudo-label (teacher=Aff-Wild2, top=Neutral 0.38, tension=0.223) - 사람 검수 전"
bMY2DaFFwzU.004,bMY2DaFFwzU.004.mp4,bMY2DaFFwzU,,,0.7661,"EMO-AffectNet pseudo-label (teacher=Aff-Wild2, top=Neutral 0.34, tension=0.234) - 사람 검수 전"
bMY2DaFFwzU.005,bMY2DaFFwzU.005.mp4,bMY2DaFFwzU,,,0.7331,"EMO-AffectNet pseudo-label (teacher=Aff-Wild2, top=Neutral 0.35, tension=0.267) - 사람 검수 전"
bN2IM-rqZlc.002,bN2IM-rqZlc.002.mp4,bN2IM-rqZlc,,,0.7291,"EMO-AffectNet pseudo-label (teacher=Aff-Wild2, top=Neutral 0.41, tension=0.271) - 사람 검수 전"
bRoIrXBO9DU.000,bRoIrXBO9DU.000.mp4,bRoIrXBO9DU,,,0.6095,"EMO-AffectNet pseudo-label (teacher=Aff-Wild2, top=Disgust 0.32, tension=0.391) - 사람 검수 전"
bRoIrXBO9DU.005,bRoIrXBO9DU.005.mp4,bRoIrXBO9DU,,,0.6454,"EMO-AffectNet pseudo-label (teacher=Aff-Wild2, top=Fear 0.32, tension=0.355) - 사람 검수 전"
bSeTNdOtK7I.000,bSeTNdOtK7I.000.mp4,bSeTNdOtK7I,,,0.8217,"EMO-AffectNet pseudo-label (teacher=Aff-Wild2, top=Happiness 0.41, tension=0.178) - 사람 검수 전"
bSeTNdOtK7I.004,bSeTNdOtK7I.004.mp4,bSeTNdOtK7I,,,0.8727,"EMO-AffectNet pseudo-label (teacher=Aff-Wild2, top=Happiness 0.63, tension=0.127) - 사람 검수 전"
bTLTLzXehPE.003,bTLTLzXehPE.003.mp4,bTLTLzXehPE,,,0.9104,"EMO-AffectNet pseudo-label (teacher=Aff-Wild2, top=Happiness 0.73, tension=0.090) - 사람 검수 전"
bYXRyimxh7A.000,bYXRyimxh7A.000.mp4,bYXRyimxh7A,,,0.7438,"EMO-AffectNet pseudo-label (teacher=Aff-Wild2, top=Neutral 0.22, tension=0.256) - 사람 검수 전"
bYXRyimxh7A.002,bYXRyimxh7A.002.mp4,bYXRyimxh7A,,,0.8228,"EMO-AffectNet pseudo-label (teacher=Aff-Wild2, top=Happiness 0.42, tension=0.177) - 사람 검수 전"
bYXRyimxh7A.003,bYXRyimxh7A.003.mp4,bYXRyimxh7A,,,0.7964,"EMO-AffectNet pseudo-label (teacher=Aff-Wild2, top=Happiness 0.32, tension=0.204) - 사람 검수 전"
bYXRyimxh7A.004,bYXRyimxh7A.004.mp4,bYXRyimxh7A,,,0.6925,"EMO-AffectNet pseudo-label (teacher=Aff-Wild2, top=Sadness 0.19, tension=0.308) - 사람 검수 전"
bZAKBS9q0ZI.002,bZAKBS9q0ZI.002.mp4,bZAKBS9q0ZI,,,0.6964,"EMO-AffectNet pseudo-label (teacher=Aff-Wild2, top=Anger 0.26, tension=0.304) - 사람 검수 전"
bZAKBS9q0ZI.004,bZAKBS9q0ZI.004.mp4,bZAKBS9q0ZI,,,0.7033,"EMO-AffectNet pseudo-label (teacher=Aff-Wild2, top=Anger 0.32, tension=0.297) - 사람 검수 전"
bZoN9xp9vgs.001,bZoN9xp9vgs.001.mp4,bZoN9xp9vgs,,,0.8233,"EMO-AffectNet pseudo-label (teacher=Aff-Wild2, top=Happiness 0.35, tension=0.177) - 사람 검수 전"
bcRPLKygrNk.000,bcRPLKygrNk.000.mp4,bcRPLKygrNk,,,0.628,"EMO-AffectNet pseudo-label (teacher=Aff-Wild2, top=Sadness 0.29, tension=0.372) - 사람 검수 전"
bcRPLKygrNk.001,bcRPLKygrNk.001.mp4,bcRPLKygrNk,,,0.642,"EMO-AffectNet pseudo-label (teacher=Aff-Wild2, top=Sadness 0.36, tension=0.358) - 사람 검수 전"
bcRPLKygrNk.003,bcRPLKygrNk.003.mp4,bcRPLKygrNk,,,0.6163,"EMO-AffectNet pseudo-label (teacher=Aff-Wild2, top=Sadness 0.30, tension=0.384) - 사람 검수 전"
bcx6xr9Ja-8.001,bcx6xr9Ja-8.001.mp4,bcx6xr9Ja-8,,,0.7638,"EMO-AffectNet pseudo-label (teacher=Aff-Wild2, top=Neutral 0.31, tension=0.236) - 사람 검수 전"
bcx6xr9Ja-8.004,bcx6xr9Ja-8.004.mp4,bcx6xr9Ja-8,,,0.7134,"EMO-AffectNet pseudo-label (teacher=Aff-Wild2, top=Neutral 0.35, tension=0.287) - 사람 검수 전"
bcx6xr9Ja-8.005,bcx6xr9Ja-8.005.mp4,bcx6xr9Ja-8,,,0.6934,"EMO-AffectNet pseudo-label (teacher=Aff-Wild2, top=Neutral 0.25, tension=0.307) - 사람 검수 전"
be0DQawtVkE.000,be0DQawtVkE.000.mp4,be0DQawtVkE,,,0.7746,"EMO-AffectNet pseudo-label (teacher=Aff-Wild2, top=Happiness 0.27, tension=0.225) - 사람 검수 전"
be0DQawtVkE.001,be0DQawtVkE.001.mp4,be0DQawtVkE,,,0.7383,"EMO-AffectNet pseudo-label (teacher=Aff-Wild2, top=Neutral 0.23, tension=0.262) - 사람 검수 전"
be0DQawtVkE.003,be0DQawtVkE.003.mp4,be0DQawtVkE,,,0.7951,"EMO-AffectNet pseudo-label (teacher=Aff-Wild2, top=Happiness 0.28, tension=0.205) - 사람 검수 전"
be0DQawtVkE.004,be0DQawtVkE.004.mp4,be0DQawtVkE,,,0.6938,"EMO-AffectNet pseudo-label (teacher=Aff-Wild2, top=Sadness 0.22, tension=0.306) - 사람 검수 전"
bej-DbxTkWA.000,bej-DbxTkWA.000.mp4,bej-DbxTkWA,,,0.763,"EMO-AffectNet pseudo-label (teacher=Aff-Wild2, top=Neutral 0.33, tension=0.237) - 사람 검수 전"
bej-DbxTkWA.003,bej-DbxTkWA.003.mp4,bej-DbxTkWA,,,0.7458,"EMO-AffectNet pseudo-label (teacher=Aff-Wild2, top=Neutral 0.35, tension=0.254) - 사람 검수 전"
bkzgccBFztM.000,bkzgccBFztM.000.mp4,bkzgccBFztM,,,0.7235,"EMO-AffectNet pseudo-label (teacher=Aff-Wild2, top=Anger 0.26, tension=0.277) - 사람 검수 전"
bkzgccBFztM.001,bkzgccBFztM.001.mp4,bkzgccBFztM,,,0.8021,"EMO-AffectNet pseudo-label (teacher=Aff-Wild2, top=Happiness 0.38, tension=0.198) - 사람 검수 전"
bkzgccBFztM.003,bkzgccBFztM.003.mp4,bkzgccBFztM,,,0.7646,"EMO-AffectNet pseudo-label (teacher=Aff-Wild2, top=Happiness 0.26, tension=0.235) - 사람 검수 전"
blAjqQ0ja8Q.003,blAjqQ0ja8Q.003.mp4,blAjqQ0ja8Q,,,0.6771,"EMO-AffectNet pseudo-label (teacher=Aff-Wild2, top=Neutral 0.24, tension=0.323) - 사람 검수 전"
blAjqQ0ja8Q.005,blAjqQ0ja8Q.005.mp4,blAjqQ0ja8Q,,,0.6628,"EMO-AffectNet pseudo-label (teacher=Aff-Wild2, top=Neutral 0.23, tension=0.337) - 사람 검수 전"
bmj4khBLUOs.001,bmj4khBLUOs.001.mp4,bmj4khBLUOs,,,0.7964,"EMO-AffectNet pseudo-label (teacher=Aff-Wild2, top=Happiness 0.30, tension=0.204) - 사람 검수 전"
bnM9Ow52x3o.001,bnM9Ow52x3o.001.mp4,bnM9Ow52x3o,,,0.7734,"EMO-AffectNet pseudo-label (teacher=Aff-Wild2, top=Surprise 0.23, tension=0.227) - 사람 검수 전"
bnM9Ow52x3o.005,bnM9Ow52x3o.005.mp4,bnM9Ow52x3o,,,0.8145,"EMO-AffectNet pseudo-label (teacher=Aff-Wild2, top=Happiness 0.35, tension=0.186) - 사람 검수 전"
bnoPmV0_aIc.000,bnoPmV0_aIc.000.mp4,bnoPmV0_aIc,,,0.6862,"EMO-AffectNet pseudo-label (teacher=Aff-Wild2, top=Surprise 0.20, tension=0.314) - 사람 검수 전"
bnoPmV0_aIc.002,bnoPmV0_aIc.002.mp4,bnoPmV0_aIc,,,0.6676,"EMO-AffectNet pseudo-label (teacher=Aff-Wild2, top=Disgust 0.23, tension=0.332) - 사람 검수 전"
bnoPmV0_aIc.004,bnoPmV0_aIc.004.mp4,bnoPmV0_aIc,,,0.7103,"EMO-AffectNet pseudo-label (teacher=Aff-Wild2, top=Surprise 0.23, tension=0.290) - 사람 검수 전"
bt-ev53zZWE.001,bt-ev53zZWE.001.mp4,bt-ev53zZWE,,,0.7001,"EMO-AffectNet pseudo-label (teacher=Aff-Wild2, top=Neutral 0.24, tension=0.300) - 사람 검수 전"
bt-ev53zZWE.004,bt-ev53zZWE.004.mp4,bt-ev53zZWE,,,0.7314,"EMO-AffectNet pseudo-label (teacher=Aff-Wild2, top=Neutral 0.32, tension=0.269) - 사람 검수 전"
btcCanysQsw.000,btcCanysQsw.000.mp4,btcCanysQsw,,,0.7225,"EMO-AffectNet pseudo-label (teacher=Aff-Wild2, top=Neutral 0.35, tension=0.278) - 사람 검수 전"
btcCanysQsw.001,btcCanysQsw.001.mp4,btcCanysQsw,,,0.702,"EMO-AffectNet pseudo-label (teacher=Aff-Wild2, top=Neutral 0.37, tension=0.298) - 사람 검수 전"
btcCanysQsw.003,btcCanysQsw.003.mp4,btcCanysQsw,,,0.7074,"EMO-AffectNet pseudo-label (teacher=Aff-Wild2, top=Neutral 0.36, tension=0.293) - 사람 검수 전"
btcCanysQsw.004,btcCanysQsw.004.mp4,btcCanysQsw,,,0.6857,"EMO-AffectNet pseudo-label (teacher=Aff-Wild2, top=Neutral 0.31, tension=0.314) - 사람 검수 전"
btcCanysQsw.005,btcCanysQsw.005.mp4,btcCanysQsw,,,0.7049,"EMO-AffectNet pseudo-label (teacher=Aff-Wild2, top=Neutral 0.40, tension=0.295) - 사람 검수 전"
bviHajVIie0.005,bviHajVIie0.005.mp4,bviHajVIie0,,,0.7875,"EMO-AffectNet pseudo-label (teacher=Aff-Wild2, top=Happiness 0.33, tension=0.212) - 사람 검수 전"
bzFTA6kGyA8.002,bzFTA6kGyA8.002.mp4,bzFTA6kGyA8,,,0.7606,"EMO-AffectNet pseudo-label (teacher=Aff-Wild2, top=Neutral 0.29, tension=0.239) - 사람 검수 전"
bzIxJ-gtvUw.005,bzIxJ-gtvUw.005.mp4,bzIxJ-gtvUw,,,0.732,"EMO-AffectNet pseudo-label (teacher=Aff-Wild2, top=Neutral 0.31, tension=0.268) - 사람 검수 전"
bzaOB8BoWPU.000,bzaOB8BoWPU.000.mp4,bzaOB8BoWPU,,,0.801,"EMO-AffectNet pseudo-label (teacher=Aff-Wild2, top=Neutral 0.34, tension=0.199) - 사람 검수 전"
bzaOB8BoWPU.002,bzaOB8BoWPU.002.mp4,bzaOB8BoWPU,,,0.7756,"EMO-AffectNet pseudo-label (teacher=Aff-Wild2, top=Neutral 0.38, tension=0.224) - 사람 검수 전"
bzaOB8BoWPU.003,bzaOB8BoWPU.003.mp4,bzaOB8BoWPU,,,0.7833,"EMO-AffectNet pseudo-label (teacher=Aff-Wild2, top=Neutral 0.37, tension=0.217) - 사람 검수 전"
bzaOB8BoWPU.005,bzaOB8BoWPU.005.mp4,bzaOB8BoWPU,,,0.7457,"EMO-AffectNet pseudo-label (teacher=Aff-Wild2, top=Neutral 0.29, tension=0.254) - 사람 검수 전"
c-c6xhtIq84.004,c-c6xhtIq84.004.mp4,c-c6xhtIq84,,,0.7881,"EMO-AffectNet pseudo-label (teacher=Aff-Wild2, top=Neutral 0.27, tension=0.212) - 사람 검수 전"
c2LeNguVNrI.002,c2LeNguVNrI.002.mp4,c2LeNguVNrI,,,0.6807,"EMO-AffectNet pseudo-label (teacher=Aff-Wild2, top=Neutral 0.29, tension=0.319) - 사람 검수 전"
c2LeNguVNrI.003,c2LeNguVNrI.003.mp4,c2LeNguVNrI,,,0.7407,"EMO-AffectNet pseudo-label (teacher=Aff-Wild2, top=Neutral 0.25, tension=0.259) - 사람 검수 전"
c3SQSM9OIsA.001,c3SQSM9OIsA.001.mp4,c3SQSM9OIsA,,,0.6831,"EMO-AffectNet pseudo-label (teacher=Aff-Wild2, top=Anger 0.30, tension=0.317) - 사람 검수 전"
c3SQSM9OIsA.005,c3SQSM9OIsA.005.mp4,c3SQSM9OIsA,,,0.6829,"EMO-AffectNet pseudo-label (teacher=Aff-Wild2, top=Anger 0.31, tension=0.317) - 사람 검수 전"
c3esnCQDoKc.003,c3esnCQDoKc.003.mp4,c3esnCQDoKc,,,0.6992,"EMO-AffectNet pseudo-label (teacher=Aff-Wild2, top=Neutral 0.26, tension=0.301) - 사람 검수 전"
c3esnCQDoKc.004,c3esnCQDoKc.004.mp4,c3esnCQDoKc,,,0.6609,"EMO-AffectNet pseudo-label (teacher=Aff-Wild2, top=Fear 0.27, tension=0.339) - 사람 검수 전"
c4XnKouozXU.000,c4XnKouozXU.000.mp4,c4XnKouozXU,,,0.6836,"EMO-AffectNet pseudo-label (teacher=Aff-Wild2, top=Sadness 0.25, tension=0.316) - 사람 검수 전"
c4XnKouozXU.001,c4XnKouozXU.001.mp4,c4XnKouozXU,,,0.6715,"EMO-AffectNet pseudo-label (teacher=Aff-Wild2, top=Sadness 0.30, tension=0.328) - 사람 검수 전"
c4XnKouozXU.003,c4XnKouozXU.003.mp4,c4XnKouozXU,,,0.6741,"EMO-AffectNet pseudo-label (teacher=Aff-Wild2, top=Sadness 0.30, tension=0.326) - 사람 검수 전"
c4XnKouozXU.004,c4XnKouozXU.004.mp4,c4XnKouozXU,,,0.6817,"EMO-AffectNet pseudo-label (teacher=Aff-Wild2, top=Neutral 0.29, tension=0.318) - 사람 검수 전"
c4YxfATgYkw.002,c4YxfATgYkw.002.mp4,c4YxfATgYkw,,,0.7553,"EMO-AffectNet pseudo-label (teacher=Aff-Wild2, top=Happiness 0.22, tension=0.245) - 사람 검수 전"
c5ZnKbaNCE8.000,c5ZnKbaNCE8.000.mp4,c5ZnKbaNCE8,,,0.7095,"EMO-AffectNet pseudo-label (teacher=Aff-Wild2, top=Neutral 0.41, tension=0.290) - 사람 검수 전"
c5ZnKbaNCE8.003,c5ZnKbaNCE8.003.mp4,c5ZnKbaNCE8,,,0.67,"EMO-AffectNet pseudo-label (teacher=Aff-Wild2, top=Neutral 0.34, tension=0.330) - 사람 검수 전"
c5ZnKbaNCE8.005,c5ZnKbaNCE8.005.mp4,c5ZnKbaNCE8,,,0.6589,"EMO-AffectNet pseudo-label (teacher=Aff-Wild2, top=Sadness 0.33, tension=0.341) - 사람 검수 전"
c672aEuUa-g.002,c672aEuUa-g.002.mp4,c672aEuUa-g,,,0.7862,"EMO-AffectNet pseudo-label (teacher=Aff-Wild2, top=Neutral 0.29, tension=0.214) - 사람 검수 전"
c672aEuUa-g.004,c672aEuUa-g.004.mp4,c672aEuUa-g,,,0.8141,"EMO-AffectNet pseudo-label (teacher=Aff-Wild2, top=Happiness 0.35, tension=0.186) - 사람 검수 전"
c7tczvW3_dQ.000,c7tczvW3_dQ.000.mp4,c7tczvW3_dQ,,,0.6826,"EMO-AffectNet pseudo-label (teacher=Aff-Wild2, top=Neutral 0.26, tension=0.317) - 사람 검수 전"
c7tczvW3_dQ.002,c7tczvW3_dQ.002.mp4,c7tczvW3_dQ,,,0.6961,"EMO-AffectNet pseudo-label (teacher=Aff-Wild2, top=Surprise 0.24, tension=0.304) - 사람 검수 전"
c7tczvW3_dQ.005,c7tczvW3_dQ.005.mp4,c7tczvW3_dQ,,,0.6497,"EMO-AffectNet pseudo-label (teacher=Aff-Wild2, top=Neutral 0.25, tension=0.350) - 사람 검수 전"
cA43Gfcg0QA.000,cA43Gfcg0QA.000.mp4,cA43Gfcg0QA,,,0.695,"EMO-AffectNet pseudo-label (teacher=Aff-Wild2, top=Neutral 0.17, tension=0.305) - 사람 검수 전"
cA43Gfcg0QA.001,cA43Gfcg0QA.001.mp4,cA43Gfcg0QA,,,0.708,"EMO-AffectNet pseudo-label (teacher=Aff-Wild2, top=Neutral 0.21, tension=0.292) - 사람 검수 전"
cA43Gfcg0QA.003,cA43Gfcg0QA.003.mp4,cA43Gfcg0QA,,,0.6923,"EMO-AffectNet pseudo-label (teacher=Aff-Wild2, top=Neutral 0.19, tension=0.308) - 사람 검수 전"
cA43Gfcg0QA.004,cA43Gfcg0QA.004.mp4,cA43Gfcg0QA,,,0.6316,"EMO-AffectNet pseudo-label (teacher=Aff-Wild2, top=Disgust 0.27, tension=0.368) - 사람 검수 전"
cBR5cDwwdno.001,cBR5cDwwdno.001.mp4,cBR5cDwwdno,,,0.7035,"EMO-AffectNet pseudo-label (teacher=Aff-Wild2, top=Surprise 0.25, tension=0.296) - 사람 검수 전"
cBR5cDwwdno.003,cBR5cDwwdno.003.mp4,cBR5cDwwdno,,,0.7022,"EMO-AffectNet pseudo-label (teacher=Aff-Wild2, top=Surprise 0.29, tension=0.298) - 사람 검수 전"
cBR5cDwwdno.004,cBR5cDwwdno.004.mp4,cBR5cDwwdno,,,0.7189,"EMO-AffectNet pseudo-label (teacher=Aff-Wild2, top=Surprise 0.27, tension=0.281) - 사람 검수 전"
cBR5cDwwdno.005,cBR5cDwwdno.005.mp4,cBR5cDwwdno,,,0.6595,"EMO-AffectNet pseudo-label (teacher=Aff-Wild2, top=Surprise 0.23, tension=0.341) - 사람 검수 전"
cFGjJg-2zOk.000,cFGjJg-2zOk.000.mp4,cFGjJg-2zOk,,,0.7203,"EMO-AffectNet pseudo-label (teacher=Aff-Wild2, top=Surprise 0.31, tension=0.280) - 사람 검수 전"
cFGjJg-2zOk.001,cFGjJg-2zOk.001.mp4,cFGjJg-2zOk,,,0.719,"EMO-AffectNet pseudo-label (teacher=Aff-Wild2, top=Surprise 0.21, tension=0.281) - 사람 검수 전"
cFGjJg-2zOk.002,cFGjJg-2zOk.002.mp4,cFGjJg-2zOk,,,0.6783,"EMO-AffectNet pseudo-label (teacher=Aff-Wild2, top=Surprise 0.21, tension=0.322) - 사람 검수 전"
cFGjJg-2zOk.003,cFGjJg-2zOk.003.mp4,cFGjJg-2zOk,,,0.7029,"EMO-AffectNet pseudo-label (teacher=Aff-Wild2, top=Surprise 0.23, tension=0.297) - 사람 검수 전"
cFGjJg-2zOk.005,cFGjJg-2zOk.005.mp4,cFGjJg-2zOk,,,0.7025,"EMO-AffectNet pseudo-label (teacher=Aff-Wild2, top=Surprise 0.23, tension=0.298) - 사람 검수 전"
cLaZxEf1nE4.001,cLaZxEf1nE4.001.mp4,cLaZxEf1nE4,,,0.903,"EMO-AffectNet pseudo-label (teacher=Aff-Wild2, top=Happiness 0.68, tension=0.097) - 사람 검수 전"
cLaZxEf1nE4.002,cLaZxEf1nE4.002.mp4,cLaZxEf1nE4,,,0.8157,"EMO-AffectNet pseudo-label (teacher=Aff-Wild2, top=Happiness 0.41, tension=0.184) - 사람 검수 전"
cLaZxEf1nE4.003,cLaZxEf1nE4.003.mp4,cLaZxEf1nE4,,,0.806,"EMO-AffectNet pseudo-label (teacher=Aff-Wild2, top=Happiness 0.41, tension=0.194) - 사람 검수 전"
cNXnowQb7rs.002,cNXnowQb7rs.002.mp4,cNXnowQb7rs,,,0.6533,"EMO-AffectNet pseudo-label (teacher=Aff-Wild2, top=Fear 0.29, tension=0.347) - 사람 검수 전"
cNXnowQb7rs.003,cNXnowQb7rs.003.mp4,cNXnowQb7rs,,,0.6712,"EMO-AffectNet pseudo-label (teacher=Aff-Wild2, top=Fear 0.30, tension=0.329) - 사람 검수 전"
cNXnowQb7rs.004,cNXnowQb7rs.004.mp4,cNXnowQb7rs,,,0.6547,"EMO-AffectNet pseudo-label (teacher=Aff-Wild2, top=Fear 0.30, tension=0.345) - 사람 검수 전"
cNXnowQb7rs.005,cNXnowQb7rs.005.mp4,cNXnowQb7rs,,,0.6609,"EMO-AffectNet pseudo-label (teacher=Aff-Wild2, top=Fear 0.27, tension=0.339) - 사람 검수 전"
cOirMOCpdo8.000,cOirMOCpdo8.000.mp4,cOirMOCpdo8,,,0.6699,"EMO-AffectNet pseudo-label (teacher=Aff-Wild2, top=Sadness 0.21, tension=0.330) - 사람 검수 전"
cOirMOCpdo8.001,cOirMOCpdo8.001.mp4,cOirMOCpdo8,,,0.6856,"EMO-AffectNet pseudo-label (teacher=Aff-Wild2, top=Sadness 0.23, tension=0.314) - 사람 검수 전"
cOirMOCpdo8.003,cOirMOCpdo8.003.mp4,cOirMOCpdo8,,,0.712,"EMO-AffectNet pseudo-label (teacher=Aff-Wild2, top=Neutral 0.21, tension=0.288) - 사람 검수 전"
cOirMOCpdo8.005,cOirMOCpdo8.005.mp4,cOirMOCpdo8,,,0.6513,"EMO-AffectNet pseudo-label (teacher=Aff-Wild2, top=Sadness 0.24, tension=0.349) - 사람 검수 전"
cOo5N1qblyw.003,cOo5N1qblyw.003.mp4,cOo5N1qblyw,,,0.6658,"EMO-AffectNet pseudo-label (teacher=Aff-Wild2, top=Neutral 0.33, tension=0.334) - 사람 검수 전"
cOossY5pTrU.001,cOossY5pTrU.001.mp4,cOossY5pTrU,,,0.7029,"EMO-AffectNet pseudo-label (teacher=Aff-Wild2, top=Surprise 0.27, tension=0.297) - 사람 검수 전"
cOossY5pTrU.002,cOossY5pTrU.002.mp4,cOossY5pTrU,,,0.754,"EMO-AffectNet pseudo-label (teacher=Aff-Wild2, top=Happiness 0.29, tension=0.246) - 사람 검수 전"
cOossY5pTrU.003,cOossY5pTrU.003.mp4,cOossY5pTrU,,,0.7199,"EMO-AffectNet pseudo-label (teacher=Aff-Wild2, top=Surprise 0.26, tension=0.280) - 사람 검수 전"
cP_dSXql7z8.000,cP_dSXql7z8.000.mp4,cP_dSXql7z8,,,0.62,"EMO-AffectNet pseudo-label (teacher=Aff-Wild2, top=Fear 0.40, tension=0.380) - 사람 검수 전"
cP_dSXql7z8.001,cP_dSXql7z8.001.mp4,cP_dSXql7z8,,,0.6824,"EMO-AffectNet pseudo-label (teacher=Aff-Wild2, top=Surprise 0.32, tension=0.318) - 사람 검수 전"
cP_dSXql7z8.002,cP_dSXql7z8.002.mp4,cP_dSXql7z8,,,0.5847,"EMO-AffectNet pseudo-label (teacher=Aff-Wild2, top=Fear 0.45, tension=0.415) - 사람 검수 전"
cP_dSXql7z8.003,cP_dSXql7z8.003.mp4,cP_dSXql7z8,,,0.5991,"EMO-AffectNet pseudo-label (teacher=Aff-Wild2, top=Fear 0.45, tension=0.401) - 사람 검수 전"
cP_dSXql7z8.004,cP_dSXql7z8.004.mp4,cP_dSXql7z8,,,0.5733,"EMO-AffectNet pseudo-label (teacher=Aff-Wild2, top=Fear 0.52, tension=0.427) - 사람 검수 전"
cP_dSXql7z8.005,cP_dSXql7z8.005.mp4,cP_dSXql7z8,,,0.5961,"EMO-AffectNet pseudo-label (teacher=Aff-Wild2, top=Fear 0.41, tension=0.404) - 사람 검수 전"
cQRFb-xa4Vc.002,cQRFb-xa4Vc.002.mp4,cQRFb-xa4Vc,,,0.6813,"EMO-AffectNet pseudo-label (teacher=Aff-Wild2, top=Neutral 0.19, tension=0.319) - 사람 검수 전"
cQRFb-xa4Vc.005,cQRFb-xa4Vc.005.mp4,cQRFb-xa4Vc,,,0.6881,"EMO-AffectNet pseudo-label (teacher=Aff-Wild2, top=Neutral 0.28, tension=0.312) - 사람 검수 전"
cRDYrvxRJ6U.001,cRDYrvxRJ6U.001.mp4,cRDYrvxRJ6U,,,0.7344,"EMO-AffectNet pseudo-label (teacher=Aff-Wild2, top=Happiness 0.32, tension=0.266) - 사람 검수 전"
cRg95950rAg.001,cRg95950rAg.001.mp4,cRg95950rAg,,,0.781,"EMO-AffectNet pseudo-label (teacher=Aff-Wild2, top=Happiness 0.28, tension=0.219) - 사람 검수 전"
cSyVbIYfwxA.004,cSyVbIYfwxA.004.mp4,cSyVbIYfwxA,,,0.7812,"EMO-AffectNet pseudo-label (teacher=Aff-Wild2, top=Happiness 0.33, tension=0.219) - 사람 검수 전"
cT3oyHhUznw.003,cT3oyHhUznw.003.mp4,cT3oyHhUznw,,,0.6518,"EMO-AffectNet pseudo-label (teacher=Aff-Wild2, top=Disgust 0.19, tension=0.348) - 사람 검수 전"
cT3oyHhUznw.004,cT3oyHhUznw.004.mp4,cT3oyHhUznw,,,0.6418,"EMO-AffectNet pseudo-label (teacher=Aff-Wild2, top=Sadness 0.18, tension=0.358) - 사람 검수 전"
cTbfp7nkX8c.000,cTbfp7nkX8c.000.mp4,cTbfp7nkX8c,,,0.713,"EMO-AffectNet pseudo-label (teacher=Aff-Wild2, top=Surprise 0.28, tension=0.287) - 사람 검수 전"
cTbfp7nkX8c.002,cTbfp7nkX8c.002.mp4,cTbfp7nkX8c,,,0.7321,"EMO-AffectNet pseudo-label (teacher=Aff-Wild2, top=Surprise 0.26, tension=0.268) - 사람 검수 전"
cTbfp7nkX8c.005,cTbfp7nkX8c.005.mp4,cTbfp7nkX8c,,,0.7221,"EMO-AffectNet pseudo-label (teacher=Aff-Wild2, top=Surprise 0.25, tension=0.278) - 사람 검수 전"
cWZudzeJVXg.000,cWZudzeJVXg.000.mp4,cWZudzeJVXg,,,0.899,"EMO-AffectNet pseudo-label (teacher=Aff-Wild2, top=Happiness 0.68, tension=0.101) - 사람 검수 전"
cWZudzeJVXg.002,cWZudzeJVXg.002.mp4,cWZudzeJVXg,,,0.776,"EMO-AffectNet pseudo-label (teacher=Aff-Wild2, top=Happiness 0.27, tension=0.224) - 사람 검수 전"
cWZudzeJVXg.003,cWZudzeJVXg.003.mp4,cWZudzeJVXg,,,0.7597,"EMO-AffectNet pseudo-label (teacher=Aff-Wild2, top=Happiness 0.24, tension=0.240) - 사람 검수 전"
cWZudzeJVXg.004,cWZudzeJVXg.004.mp4,cWZudzeJVXg,,,0.8319,"EMO-AffectNet pseudo-label (teacher=Aff-Wild2, top=Happiness 0.43, tension=0.168) - 사람 검수 전"
cY3nHc5fDYE.000,cY3nHc5fDYE.000.mp4,cY3nHc5fDYE,,,0.8157,"EMO-AffectNet pseudo-label (teacher=Aff-Wild2, top=Happiness 0.40, tension=0.184) - 사람 검수 전"
cY3nHc5fDYE.003,cY3nHc5fDYE.003.mp4,cY3nHc5fDYE,,,0.7463,"EMO-AffectNet pseudo-label (teacher=Aff-Wild2, top=Neutral 0.22, tension=0.254) - 사람 검수 전"
cZ6xhB5yhfY.001,cZ6xhB5yhfY.001.mp4,cZ6xhB5yhfY,,,0.7085,"EMO-AffectNet pseudo-label (teacher=Aff-Wild2, top=Neutral 0.23, tension=0.292) - 사람 검수 전"
c_pyBvsSlCY.004,c_pyBvsSlCY.004.mp4,c_pyBvsSlCY,,,0.7228,"EMO-AffectNet pseudo-label (teacher=Aff-Wild2, top=Surprise 0.27, tension=0.277) - 사람 검수 전"
cdtZKwM5NIM.004,cdtZKwM5NIM.004.mp4,cdtZKwM5NIM,,,0.7892,"EMO-AffectNet pseudo-label (teacher=Aff-Wild2, top=Neutral 0.26, tension=0.211) - 사람 검수 전"
ce7t2PgzMGw.000,ce7t2PgzMGw.000.mp4,ce7t2PgzMGw,,,0.6656,"EMO-AffectNet pseudo-label (teacher=Aff-Wild2, top=Anger 0.27, tension=0.334) - 사람 검수 전"
cgGCyBMdGrA.001,cgGCyBMdGrA.001.mp4,cgGCyBMdGrA,,,0.5963,"EMO-AffectNet pseudo-label (teacher=Aff-Wild2, top=Fear 0.23, tension=0.404) - 사람 검수 전"
cgGCyBMdGrA.003,cgGCyBMdGrA.003.mp4,cgGCyBMdGrA,,,0.5955,"EMO-AffectNet pseudo-label (teacher=Aff-Wild2, top=Fear 0.23, tension=0.405) - 사람 검수 전"
cgT-3CHBmKs.000,cgT-3CHBmKs.000.mp4,cgT-3CHBmKs,,,0.8122,"EMO-AffectNet pseudo-label (teacher=Aff-Wild2, top=Happiness 0.32, tension=0.188) - 사람 검수 전"
cgT-3CHBmKs.003,cgT-3CHBmKs.003.mp4,cgT-3CHBmKs,,,0.7974,"EMO-AffectNet pseudo-label (teacher=Aff-Wild2, top=Neutral 0.35, tension=0.203) - 사람 검수 전"
cgT-3CHBmKs.004,cgT-3CHBmKs.004.mp4,cgT-3CHBmKs,,,0.7937,"EMO-AffectNet pseudo-label (teacher=Aff-Wild2, top=Neutral 0.32, tension=0.206) - 사람 검수 전"
cgT-3CHBmKs.005,cgT-3CHBmKs.005.mp4,cgT-3CHBmKs,,,0.8402,"EMO-AffectNet pseudo-label (teacher=Aff-Wild2, top=Happiness 0.41, tension=0.160) - 사람 검수 전"
cgp1OzTOq1o.000,cgp1OzTOq1o.000.mp4,cgp1OzTOq1o,,,0.7705,"EMO-AffectNet pseudo-label (teacher=Aff-Wild2, top=Neutral 0.28, tension=0.229) - 사람 검수 전"
cgp1OzTOq1o.002,cgp1OzTOq1o.002.mp4,cgp1OzTOq1o,,,0.8277,"EMO-AffectNet pseudo-label (teacher=Aff-Wild2, top=Happiness 0.37, tension=0.172) - 사람 검수 전"
cgp1OzTOq1o.004,cgp1OzTOq1o.004.mp4,cgp1OzTOq1o,,,0.7857,"EMO-AffectNet pseudo-label (teacher=Aff-Wild2, top=Happiness 0.25, tension=0.214) - 사람 검수 전"
cgp1OzTOq1o.005,cgp1OzTOq1o.005.mp4,cgp1OzTOq1o,,,0.8147,"EMO-AffectNet pseudo-label (teacher=Aff-Wild2, top=Happiness 0.28, tension=0.185) - 사람 검수 전"
ch2BcBv4SdQ.002,ch2BcBv4SdQ.002.mp4,ch2BcBv4SdQ,,,0.7907,"EMO-AffectNet pseudo-label (teacher=Aff-Wild2, top=Happiness 0.33, tension=0.209) - 사람 검수 전"
ciWUq6iQTIE.000,ciWUq6iQTIE.000.mp4,ciWUq6iQTIE,,,0.6869,"EMO-AffectNet pseudo-label (teacher=Aff-Wild2, top=Sadness 0.29, tension=0.313) - 사람 검수 전"
ciWUq6iQTIE.002,ciWUq6iQTIE.002.mp4,ciWUq6iQTIE,,,0.6466,"EMO-AffectNet pseudo-label (teacher=Aff-Wild2, top=Sadness 0.33, tension=0.353) - 사람 검수 전"
cjbh1lfr43c.005,cjbh1lfr43c.005.mp4,cjbh1lfr43c,,,0.718,"EMO-AffectNet pseudo-label (teacher=Aff-Wild2, top=Neutral 0.38, tension=0.282) - 사람 검수 전"
clMg72MI8rw.004,clMg72MI8rw.004.mp4,clMg72MI8rw,,,0.8031,"EMO-AffectNet pseudo-label (teacher=Aff-Wild2, top=Neutral 0.31, tension=0.197) - 사람 검수 전"
cnsvc0alWOA.000,cnsvc0alWOA.000.mp4,cnsvc0alWOA,,,0.8195,"EMO-AffectNet pseudo-label (teacher=Aff-Wild2, top=Happiness 0.41, tension=0.180) - 사람 검수 전"
cnsvc0alWOA.004,cnsvc0alWOA.004.mp4,cnsvc0alWOA,,,0.7683,"EMO-AffectNet pseudo-label (teacher=Aff-Wild2, top=Surprise 0.42, tension=0.232) - 사람 검수 전"
cpzY1b6wJqs.002,cpzY1b6wJqs.002.mp4,cpzY1b6wJqs,,,0.7828,"EMO-AffectNet pseudo-label (teacher=Aff-Wild2, top=Happiness 0.28, tension=0.217) - 사람 검수 전"
cuyIFvYNLFE.000,cuyIFvYNLFE.000.mp4,cuyIFvYNLFE,,,0.798,"EMO-AffectNet pseudo-label (teacher=Aff-Wild2, top=Neutral 0.29, tension=0.202) - 사람 검수 전"
cvHqtadNJDo.000,cvHqtadNJDo.000.mp4,cvHqtadNJDo,,,0.6765,"EMO-AffectNet pseudo-label (teacher=Aff-Wild2, top=Sadness 0.31, tension=0.323) - 사람 검수 전"
cvHqtadNJDo.004,cvHqtadNJDo.004.mp4,cvHqtadNJDo,,,0.6119,"EMO-AffectNet pseudo-label (teacher=Aff-Wild2, top=Sadness 0.38, tension=0.388) - 사람 검수 전"
cvg03XGFjCk.001,cvg03XGFjCk.001.mp4,cvg03XGFjCk,,,0.7716,"EMO-AffectNet pseudo-label (teacher=Aff-Wild2, top=Surprise 0.38, tension=0.228) - 사람 검수 전"
cvg03XGFjCk.002,cvg03XGFjCk.002.mp4,cvg03XGFjCk,,,0.7864,"EMO-AffectNet pseudo-label (teacher=Aff-Wild2, top=Surprise 0.36, tension=0.214) - 사람 검수 전"
cvg03XGFjCk.004,cvg03XGFjCk.004.mp4,cvg03XGFjCk,,,0.8023,"EMO-AffectNet pseudo-label (teacher=Aff-Wild2, top=Happiness 0.26, tension=0.198) - 사람 검수 전"
cvg03XGFjCk.005,cvg03XGFjCk.005.mp4,cvg03XGFjCk,,,0.7905,"EMO-AffectNet pseudo-label (teacher=Aff-Wild2, top=Happiness 0.24, tension=0.209) - 사람 검수 전"
cx8IycWgMVs.003,cx8IycWgMVs.003.mp4,cx8IycWgMVs,,,0.7553,"EMO-AffectNet pseudo-label (teacher=Aff-Wild2, top=Neutral 0.25, tension=0.245) - 사람 검수 전"
cx8IycWgMVs.005,cx8IycWgMVs.005.mp4,cx8IycWgMVs,,,0.8356,"EMO-AffectNet pseudo-label (teacher=Aff-Wild2, top=Happiness 0.42, tension=0.164) - 사람 검수 전"
cxJ0u6r0-pU.000,cxJ0u6r0-pU.000.mp4,cxJ0u6r0-pU,,,0.71,"EMO-AffectNet pseudo-label (teacher=Aff-Wild2, top=Neutral 0.34, tension=0.290) - 사람 검수 전"
cxJ0u6r0-pU.001,cxJ0u6r0-pU.001.mp4,cxJ0u6r0-pU,,,0.7076,"EMO-AffectNet pseudo-label (teacher=Aff-Wild2, top=Neutral 0.38, tension=0.292) - 사람 검수 전"
cxJ0u6r0-pU.002,cxJ0u6r0-pU.002.mp4,cxJ0u6r0-pU,,,0.7093,"EMO-AffectNet pseudo-label (teacher=Aff-Wild2, top=Neutral 0.33, tension=0.291) - 사람 검수 전"
cxJ0u6r0-pU.003,cxJ0u6r0-pU.003.mp4,cxJ0u6r0-pU,,,0.7344,"EMO-AffectNet pseudo-label (teacher=Aff-Wild2, top=Neutral 0.37, tension=0.266) - 사람 검수 전"
cxJ0u6r0-pU.005,cxJ0u6r0-pU.005.mp4,cxJ0u6r0-pU,,,0.7145,"EMO-AffectNet pseudo-label (teacher=Aff-Wild2, top=Neutral 0.40, tension=0.286) - 사람 검수 전"
cyma9Q6QF6M.001,cyma9Q6QF6M.001.mp4,cyma9Q6QF6M,,,0.6627,"EMO-AffectNet pseudo-label (teacher=Aff-Wild2, top=Fear 0.23, tension=0.337) - 사람 검수 전"
czImT1Wn1og.001,czImT1Wn1og.001.mp4,czImT1Wn1og,,,0.6134,"EMO-AffectNet pseudo-label (teacher=Aff-Wild2, top=Fear 0.24, tension=0.387) - 사람 검수 전"
czImT1Wn1og.002,czImT1Wn1og.002.mp4,czImT1Wn1og,,,0.6567,"EMO-AffectNet pseudo-label (teacher=Aff-Wild2, top=Fear 0.27, tension=0.343) - 사람 검수 전"
d-cZdeTp0jo.000,d-cZdeTp0jo.000.mp4,d-cZdeTp0jo,,,0.7899,"EMO-AffectNet pseudo-label (teacher=Aff-Wild2, top=Happiness 0.41, tension=0.210) - 사람 검수 전"
d-cZdeTp0jo.001,d-cZdeTp0jo.001.mp4,d-cZdeTp0jo,,,0.867,"EMO-AffectNet pseudo-label (teacher=Aff-Wild2, top=Happiness 0.62, tension=0.133) - 사람 검수 전"
d1eh3dHNi1Y.001,d1eh3dHNi1Y.001.mp4,d1eh3dHNi1Y,,,0.7336,"EMO-AffectNet pseudo-label (teacher=Aff-Wild2, top=Neutral 0.43, tension=0.266) - 사람 검수 전"
d4cPiUXpGbc.000,d4cPiUXpGbc.000.mp4,d4cPiUXpGbc,,,0.6948,"EMO-AffectNet pseudo-label (teacher=Aff-Wild2, top=Sadness 0.26, tension=0.305) - 사람 검수 전"
d4cPiUXpGbc.002,d4cPiUXpGbc.002.mp4,d4cPiUXpGbc,,,0.7742,"EMO-AffectNet pseudo-label (teacher=Aff-Wild2, top=Happiness 0.34, tension=0.226) - 사람 검수 전"
d4cPiUXpGbc.005,d4cPiUXpGbc.005.mp4,d4cPiUXpGbc,,,0.6617,"EMO-AffectNet pseudo-label (teacher=Aff-Wild2, top=Sadness 0.26, tension=0.338) - 사람 검수 전"
d4iSwRMV0bA.002,d4iSwRMV0bA.002.mp4,d4iSwRMV0bA,,,0.751,"EMO-AffectNet pseudo-label (teacher=Aff-Wild2, top=Neutral 0.35, tension=0.249) - 사람 검수 전"
d5ujzxBlvwY.001,d5ujzxBlvwY.001.mp4,d5ujzxBlvwY,,,0.6602,"EMO-AffectNet pseudo-label (teacher=Aff-Wild2, top=Anger 0.30, tension=0.340) - 사람 검수 전"
d69zeSpdyCI.000,d69zeSpdyCI.000.mp4,d69zeSpdyCI,,,0.7632,"EMO-AffectNet pseudo-label (teacher=Aff-Wild2, top=Surprise 0.28, tension=0.237) - 사람 검수 전"
d8skGb2ycio.000,d8skGb2ycio.000.mp4,d8skGb2ycio,,,0.7803,"EMO-AffectNet pseudo-label (teacher=Aff-Wild2, top=Neutral 0.27, tension=0.220) - 사람 검수 전"
d8skGb2ycio.003,d8skGb2ycio.003.mp4,d8skGb2ycio,,,0.788,"EMO-AffectNet pseudo-label (teacher=Aff-Wild2, top=Neutral 0.28, tension=0.212) - 사람 검수 전"
d9_YDJdF-7I.000,d9_YDJdF-7I.000.mp4,d9_YDJdF-7I,,,0.6735,"EMO-AffectNet pseudo-label (teacher=Aff-Wild2, top=Neutral 0.25, tension=0.327) - 사람 검수 전"
d9_YDJdF-7I.002,d9_YDJdF-7I.002.mp4,d9_YDJdF-7I,,,0.6978,"EMO-AffectNet pseudo-label (teacher=Aff-Wild2, top=Neutral 0.26, tension=0.302) - 사람 검수 전"
d9_YDJdF-7I.003,d9_YDJdF-7I.003.mp4,d9_YDJdF-7I,,,0.7056,"EMO-AffectNet pseudo-label (teacher=Aff-Wild2, top=Neutral 0.36, tension=0.294) - 사람 검수 전"
dB-kMg4t-V8.001,dB-kMg4t-V8.001.mp4,dB-kMg4t-V8,,,0.6999,"EMO-AffectNet pseudo-label (teacher=Aff-Wild2, top=Neutral 0.26, tension=0.300) - 사람 검수 전"
dB-kMg4t-V8.002,dB-kMg4t-V8.002.mp4,dB-kMg4t-V8,,,0.6961,"EMO-AffectNet pseudo-label (teacher=Aff-Wild2, top=Anger 0.23, tension=0.304) - 사람 검수 전"
dB2XYhvqUBU.000,dB2XYhvqUBU.000.mp4,dB2XYhvqUBU,,,0.6695,"EMO-AffectNet pseudo-label (teacher=Aff-Wild2, top=Sadness 0.18, tension=0.331) - 사람 검수 전"
dB2XYhvqUBU.001,dB2XYhvqUBU.001.mp4,dB2XYhvqUBU,,,0.7574,"EMO-AffectNet pseudo-label (teacher=Aff-Wild2, top=Happiness 0.24, tension=0.243) - 사람 검수 전"
dB2XYhvqUBU.003,dB2XYhvqUBU.003.mp4,dB2XYhvqUBU,,,0.7103,"EMO-AffectNet pseudo-label (teacher=Aff-Wild2, top=Surprise 0.20, tension=0.290) - 사람 검수 전"
dB2XYhvqUBU.004,dB2XYhvqUBU.004.mp4,dB2XYhvqUBU,,,0.7265,"EMO-AffectNet pseudo-label (teacher=Aff-Wild2, top=Surprise 0.20, tension=0.274) - 사람 검수 전"
dB65He57Ki8.001,dB65He57Ki8.001.mp4,dB65He57Ki8,,,0.7345,"EMO-AffectNet pseudo-label (teacher=Aff-Wild2, top=Surprise 0.21, tension=0.266) - 사람 검수 전"
dB65He57Ki8.002,dB65He57Ki8.002.mp4,dB65He57Ki8,,,0.7051,"EMO-AffectNet pseudo-label (teacher=Aff-Wild2, top=Neutral 0.25, tension=0.295) - 사람 검수 전"
dB65He57Ki8.005,dB65He57Ki8.005.mp4,dB65He57Ki8,,,0.7551,"EMO-AffectNet pseudo-label (teacher=Aff-Wild2, top=Happiness 0.22, tension=0.245) - 사람 검수 전"
dDi6vy-OZRg.002,dDi6vy-OZRg.002.mp4,dDi6vy-OZRg,,,0.7942,"EMO-AffectNet pseudo-label (teacher=Aff-Wild2, top=Happiness 0.25, tension=0.206) - 사람 검수 전"
dDi6vy-OZRg.003,dDi6vy-OZRg.003.mp4,dDi6vy-OZRg,,,0.7942,"EMO-AffectNet pseudo-label (teacher=Aff-Wild2, top=Surprise 0.35, tension=0.206) - 사람 검수 전"
dDi6vy-OZRg.005,dDi6vy-OZRg.005.mp4,dDi6vy-OZRg,,,0.7237,"EMO-AffectNet pseudo-label (teacher=Aff-Wild2, top=Anger 0.25, tension=0.276) - 사람 검수 전"
dIa0U29hVvU.001,dIa0U29hVvU.001.mp4,dIa0U29hVvU,,,0.6659,"EMO-AffectNet pseudo-label (teacher=Aff-Wild2, top=Neutral 0.21, tension=0.334) - 사람 검수 전"
dIa0U29hVvU.003,dIa0U29hVvU.003.mp4,dIa0U29hVvU,,,0.6845,"EMO-AffectNet pseudo-label (teacher=Aff-Wild2, top=Neutral 0.23, tension=0.316) - 사람 검수 전"
dIa0U29hVvU.005,dIa0U29hVvU.005.mp4,dIa0U29hVvU,,,0.7336,"EMO-AffectNet pseudo-label (teacher=Aff-Wild2, top=Neutral 0.31, tension=0.266) - 사람 검수 전"
dJlEHhyij5k.000,dJlEHhyij5k.000.mp4,dJlEHhyij5k,,,0.6918,"EMO-AffectNet pseudo-label (teacher=Aff-Wild2, top=Surprise 0.29, tension=0.308) - 사람 검수 전"
dJlEHhyij5k.001,dJlEHhyij5k.001.mp4,dJlEHhyij5k,,,0.7122,"EMO-AffectNet pseudo-label (teacher=Aff-Wild2, top=Surprise 0.32, tension=0.288) - 사람 검수 전"
dLaqub4BEsA.001,dLaqub4BEsA.001.mp4,dLaqub4BEsA,,,0.7128,"EMO-AffectNet pseudo-label (teacher=Aff-Wild2, top=Surprise 0.25, tension=0.287) - 사람 검수 전"
dLaqub4BEsA.002,dLaqub4BEsA.002.mp4,dLaqub4BEsA,,,0.7351,"EMO-AffectNet pseudo-label (teacher=Aff-Wild2, top=Surprise 0.25, tension=0.265) - 사람 검수 전"
dLaqub4BEsA.003,dLaqub4BEsA.003.mp4,dLaqub4BEsA,,,0.7207,"EMO-AffectNet pseudo-label (teacher=Aff-Wild2, top=Surprise 0.26, tension=0.279) - 사람 검수 전"
dLaqub4BEsA.004,dLaqub4BEsA.004.mp4,dLaqub4BEsA,,,0.7309,"EMO-AffectNet pseudo-label (teacher=Aff-Wild2, top=Surprise 0.32, tension=0.269) - 사람 검수 전"
dLltwqkvsNg.001,dLltwqkvsNg.001.mp4,dLltwqkvsNg,,,0.806,"EMO-AffectNet pseudo-label (teacher=Aff-Wild2, top=Happiness 0.27, tension=0.194) - 사람 검수 전"
dLltwqkvsNg.002,dLltwqkvsNg.002.mp4,dLltwqkvsNg,,,0.7805,"EMO-AffectNet pseudo-label (teacher=Aff-Wild2, top=Neutral 0.30, tension=0.219) - 사람 검수 전"
dLltwqkvsNg.003,dLltwqkvsNg.003.mp4,dLltwqkvsNg,,,0.7333,"EMO-AffectNet pseudo-label (teacher=Aff-Wild2, top=Neutral 0.27, tension=0.267) - 사람 검수 전"
dLltwqkvsNg.005,dLltwqkvsNg.005.mp4,dLltwqkvsNg,,,0.7427,"EMO-AffectNet pseudo-label (teacher=Aff-Wild2, top=Neutral 0.24, tension=0.257) - 사람 검수 전"
dNXqs5HNijI.001,dNXqs5HNijI.001.mp4,dNXqs5HNijI,,,0.7814,"EMO-AffectNet pseudo-label (teacher=Aff-Wild2, top=Happiness 0.26, tension=0.219) - 사람 검수 전"
dNXqs5HNijI.002,dNXqs5HNijI.002.mp4,dNXqs5HNijI,,,0.8046,"EMO-AffectNet pseudo-label (teacher=Aff-Wild2, top=Happiness 0.39, tension=0.195) - 사람 검수 전"
dNXqs5HNijI.003,dNXqs5HNijI.003.mp4,dNXqs5HNijI,,,0.911,"EMO-AffectNet pseudo-label (teacher=Aff-Wild2, top=Happiness 0.69, tension=0.089) - 사람 검수 전"
dNXqs5HNijI.004,dNXqs5HNijI.004.mp4,dNXqs5HNijI,,,0.8589,"EMO-AffectNet pseudo-label (teacher=Aff-Wild2, top=Happiness 0.55, tension=0.141) - 사람 검수 전"
dOFnHXRLEdM.001,dOFnHXRLEdM.001.mp4,dOFnHXRLEdM,,,0.7215,"EMO-AffectNet pseudo-label (teacher=Aff-Wild2, top=Surprise 0.45, tension=0.279) - 사람 검수 전"
dOFnHXRLEdM.005,dOFnHXRLEdM.005.mp4,dOFnHXRLEdM,,,0.8481,"EMO-AffectNet pseudo-label (teacher=Aff-Wild2, top=Happiness 0.51, tension=0.152) - 사람 검수 전"
dQOeQYWIgm8.000,dQOeQYWIgm8.000.mp4,dQOeQYWIgm8,,,0.8043,"EMO-AffectNet pseudo-label (teacher=Aff-Wild2, top=Neutral 0.38, tension=0.196) - 사람 검수 전"
dQOeQYWIgm8.001,dQOeQYWIgm8.001.mp4,dQOeQYWIgm8,,,0.8004,"EMO-AffectNet pseudo-label (teacher=Aff-Wild2, top=Neutral 0.41, tension=0.200) - 사람 검수 전"
dQOeQYWIgm8.004,dQOeQYWIgm8.004.mp4,dQOeQYWIgm8,,,0.81,"EMO-AffectNet pseudo-label (teacher=Aff-Wild2, top=Neutral 0.32, tension=0.190) - 사람 검수 전"
dRP8ZaAryro.000,dRP8ZaAryro.000.mp4,dRP8ZaAryro,,,0.7184,"EMO-AffectNet pseudo-label (teacher=Aff-Wild2, top=Neutral 0.26, tension=0.282) - 사람 검수 전"
dRP8ZaAryro.001,dRP8ZaAryro.001.mp4,dRP8ZaAryro,,,0.7748,"EMO-AffectNet pseudo-label (teacher=Aff-Wild2, top=Surprise 0.28, tension=0.225) - 사람 검수 전"
dRP8ZaAryro.003,dRP8ZaAryro.003.mp4,dRP8ZaAryro,,,0.7542,"EMO-AffectNet pseudo-label (teacher=Aff-Wild2, top=Surprise 0.26, tension=0.246) - 사람 검수 전"
dRP8ZaAryro.004,dRP8ZaAryro.004.mp4,dRP8ZaAryro,,,0.7437,"EMO-AffectNet pseudo-label (teacher=Aff-Wild2, top=Neutral 0.23, tension=0.256) - 사람 검수 전"
dRP8ZaAryro.005,dRP8ZaAryro.005.mp4,dRP8ZaAryro,,,0.7274,"EMO-AffectNet pseudo-label (teacher=Aff-Wild2, top=Surprise 0.23, tension=0.273) - 사람 검수 전"
dRYEzqUa_Rc.000,dRYEzqUa_Rc.000.mp4,dRYEzqUa_Rc,,,0.6951,"EMO-AffectNet pseudo-label (teacher=Aff-Wild2, top=Neutral 0.30, tension=0.305) - 사람 검수 전"
dRr2JtdzUpU.004,dRr2JtdzUpU.004.mp4,dRr2JtdzUpU,,,0.69,"EMO-AffectNet pseudo-label (teacher=Aff-Wild2, top=Neutral 0.32, tension=0.310) - 사람 검수 전"
dRr2JtdzUpU.005,dRr2JtdzUpU.005.mp4,dRr2JtdzUpU,,,0.7554,"EMO-AffectNet pseudo-label (teacher=Aff-Wild2, top=Neutral 0.36, tension=0.245) - 사람 검수 전"
dS2XOB8kmr4.001,dS2XOB8kmr4.001.mp4,dS2XOB8kmr4,,,0.7726,"EMO-AffectNet pseudo-label (teacher=Aff-Wild2, top=Neutral 0.27, tension=0.227) - 사람 검수 전"
dT5R3T-Q1kg.002,dT5R3T-Q1kg.002.mp4,dT5R3T-Q1kg,,,0.8017,"EMO-AffectNet pseudo-label (teacher=Aff-Wild2, top=Happiness 0.31, tension=0.198) - 사람 검수 전"
dVbo9Ftlyl0.004,dVbo9Ftlyl0.004.mp4,dVbo9Ftlyl0,,,0.6915,"EMO-AffectNet pseudo-label (teacher=Aff-Wild2, top=Anger 0.24, tension=0.308) - 사람 검수 전"
dVbo9Ftlyl0.005,dVbo9Ftlyl0.005.mp4,dVbo9Ftlyl0,,,0.5953,"EMO-AffectNet pseudo-label (teacher=Aff-Wild2, top=Disgust 0.39, tension=0.405) - 사람 검수 전"
dVwDf5N2NRA.001,dVwDf5N2NRA.001.mp4,dVwDf5N2NRA,,,0.78,"EMO-AffectNet pseudo-label (teacher=Aff-Wild2, top=Neutral 0.24, tension=0.220) - 사람 검수 전"
dVwDf5N2NRA.002,dVwDf5N2NRA.002.mp4,dVwDf5N2NRA,,,0.7375,"EMO-AffectNet pseudo-label (teacher=Aff-Wild2, top=Neutral 0.27, tension=0.262) - 사람 검수 전"
dVwDf5N2NRA.003,dVwDf5N2NRA.003.mp4,dVwDf5N2NRA,,,0.7243,"EMO-AffectNet pseudo-label (teacher=Aff-Wild2, top=Neutral 0.31, tension=0.276) - 사람 검수 전"
dVwDf5N2NRA.004,dVwDf5N2NRA.004.mp4,dVwDf5N2NRA,,,0.7218,"EMO-AffectNet pseudo-label (teacher=Aff-Wild2, top=Surprise 0.26, tension=0.278) - 사람 검수 전"
dVwDf5N2NRA.005,dVwDf5N2NRA.005.mp4,dVwDf5N2NRA,,,0.7335,"EMO-AffectNet pseudo-label (teacher=Aff-Wild2, top=Neutral 0.36, tension=0.266) - 사람 검수 전"
dY7jG5gS3JE.000,dY7jG5gS3JE.000.mp4,dY7jG5gS3JE,,,0.7864,"EMO-AffectNet pseudo-label (teacher=Aff-Wild2, top=Happiness 0.25, tension=0.214) - 사람 검수 전"
d_POf1pikX0.000,d_POf1pikX0.000.mp4,d_POf1pikX0,,,0.7122,"EMO-AffectNet pseudo-label (teacher=Aff-Wild2, top=Neutral 0.28, tension=0.288) - 사람 검수 전"
d_POf1pikX0.005,d_POf1pikX0.005.mp4,d_POf1pikX0,,,0.756,"EMO-AffectNet pseudo-label (teacher=Aff-Wild2, top=Neutral 0.39, tension=0.244) - 사람 검수 전"
datcFOBWYxc.001,datcFOBWYxc.001.mp4,datcFOBWYxc,,,0.6141,"EMO-AffectNet pseudo-label (teacher=Aff-Wild2, top=Sadness 0.31, tension=0.386) - 사람 검수 전"
datcFOBWYxc.003,datcFOBWYxc.003.mp4,datcFOBWYxc,,,0.656,"EMO-AffectNet pseudo-label (teacher=Aff-Wild2, top=Sadness 0.34, tension=0.344) - 사람 검수 전"
datcFOBWYxc.005,datcFOBWYxc.005.mp4,datcFOBWYxc,,,0.6266,"EMO-AffectNet pseudo-label (teacher=Aff-Wild2, top=Sadness 0.42, tension=0.373) - 사람 검수 전"
dd0z9mErfSo.002,dd0z9mErfSo.002.mp4,dd0z9mErfSo,,,0.875,"EMO-AffectNet pseudo-label (teacher=Aff-Wild2, top=Happiness 0.60, tension=0.125) - 사람 검수 전"
dd0z9mErfSo.003,dd0z9mErfSo.003.mp4,dd0z9mErfSo,,,0.8689,"EMO-AffectNet pseudo-label (teacher=Aff-Wild2, top=Happiness 0.58, tension=0.131) - 사람 검수 전"
dd0z9mErfSo.005,dd0z9mErfSo.005.mp4,dd0z9mErfSo,,,0.848,"EMO-AffectNet pseudo-label (teacher=Aff-Wild2, top=Happiness 0.52, tension=0.152) - 사람 검수 전"
dgoc29MVjfE.000,dgoc29MVjfE.000.mp4,dgoc29MVjfE,,,0.6995,"EMO-AffectNet pseudo-label (teacher=Aff-Wild2, top=Neutral 0.31, tension=0.301) - 사람 검수 전"
dh6iOU2RtTA.001,dh6iOU2RtTA.001.mp4,dh6iOU2RtTA,,,0.7001,"EMO-AffectNet pseudo-label (teacher=Aff-Wild2, top=Neutral 0.28, tension=0.300) - 사람 검수 전"
dh6iOU2RtTA.003,dh6iOU2RtTA.003.mp4,dh6iOU2RtTA,,,0.7586,"EMO-AffectNet pseudo-label (teacher=Aff-Wild2, top=Happiness 0.22, tension=0.241) - 사람 검수 전"
djsoQkroHpo.000,djsoQkroHpo.000.mp4,djsoQkroHpo,,,0.6876,"EMO-AffectNet pseudo-label (teacher=Aff-Wild2, top=Neutral 0.20, tension=0.312) - 사람 검수 전"
djsoQkroHpo.001,djsoQkroHpo.001.mp4,djsoQkroHpo,,,0.7352,"EMO-AffectNet pseudo-label (teacher=Aff-Wild2, top=Neutral 0.31, tension=0.265) - 사람 검수 전"
djsoQkroHpo.003,djsoQkroHpo.003.mp4,djsoQkroHpo,,,0.7067,"EMO-AffectNet pseudo-label (teacher=Aff-Wild2, top=Neutral 0.24, tension=0.293) - 사람 검수 전"
djsoQkroHpo.005,djsoQkroHpo.005.mp4,djsoQkroHpo,,,0.7319,"EMO-AffectNet pseudo-label (teacher=Aff-Wild2, top=Neutral 0.31, tension=0.268) - 사람 검수 전"
dkhnv1EBvKI.000,dkhnv1EBvKI.000.mp4,dkhnv1EBvKI,,,0.701,"EMO-AffectNet pseudo-label (teacher=Aff-Wild2, top=Neutral 0.33, tension=0.299) - 사람 검수 전"
dkhnv1EBvKI.001,dkhnv1EBvKI.001.mp4,dkhnv1EBvKI,,,0.6783,"EMO-AffectNet pseudo-label (teacher=Aff-Wild2, top=Anger 0.25, tension=0.322) - 사람 검수 전"
dkhnv1EBvKI.002,dkhnv1EBvKI.002.mp4,dkhnv1EBvKI,,,0.7077,"EMO-AffectNet pseudo-label (teacher=Aff-Wild2, top=Neutral 0.32, tension=0.292) - 사람 검수 전"
dkhnv1EBvKI.003,dkhnv1EBvKI.003.mp4,dkhnv1EBvKI,,,0.7207,"EMO-AffectNet pseudo-label (teacher=Aff-Wild2, top=Anger 0.22, tension=0.279) - 사람 검수 전"
dkhnv1EBvKI.004,dkhnv1EBvKI.004.mp4,dkhnv1EBvKI,,,0.6995,"EMO-AffectNet pseudo-label (teacher=Aff-Wild2, top=Neutral 0.31, tension=0.300) - 사람 검수 전"
dkhnv1EBvKI.005,dkhnv1EBvKI.005.mp4,dkhnv1EBvKI,,,0.7109,"EMO-AffectNet pseudo-label (teacher=Aff-Wild2, top=Neutral 0.33, tension=0.289) - 사람 검수 전"
dmOKZLeFKCM.002,dmOKZLeFKCM.002.mp4,dmOKZLeFKCM,,,0.9313,"EMO-AffectNet pseudo-label (teacher=Aff-Wild2, top=Happiness 0.78, tension=0.069) - 사람 검수 전"
dmOKZLeFKCM.004,dmOKZLeFKCM.004.mp4,dmOKZLeFKCM,,,0.9293,"EMO-AffectNet pseudo-label (teacher=Aff-Wild2, top=Happiness 0.77, tension=0.071) - 사람 검수 전"
dmycfNpiWCE.001,dmycfNpiWCE.001.mp4,dmycfNpiWCE,,,0.7793,"EMO-AffectNet pseudo-label (teacher=Aff-Wild2, top=Happiness 0.32, tension=0.221) - 사람 검수 전"
dmycfNpiWCE.002,dmycfNpiWCE.002.mp4,dmycfNpiWCE,,,0.704,"EMO-AffectNet pseudo-label (teacher=Aff-Wild2, top=Happiness 0.23, tension=0.296) - 사람 검수 전"
dmycfNpiWCE.004,dmycfNpiWCE.004.mp4,dmycfNpiWCE,,,0.6686,"EMO-AffectNet pseudo-label (teacher=Aff-Wild2, top=Anger 0.31, tension=0.331) - 사람 검수 전"
dmycfNpiWCE.005,dmycfNpiWCE.005.mp4,dmycfNpiWCE,,,0.7457,"EMO-AffectNet pseudo-label (teacher=Aff-Wild2, top=Happiness 0.27, tension=0.254) - 사람 검수 전"
do8FmnQbI5I.000,do8FmnQbI5I.000.mp4,do8FmnQbI5I,,,0.7011,"EMO-AffectNet pseudo-label (teacher=Aff-Wild2, top=Anger 0.35, tension=0.299) - 사람 검수 전"
do8FmnQbI5I.001,do8FmnQbI5I.001.mp4,do8FmnQbI5I,,,0.719,"EMO-AffectNet pseudo-label (teacher=Aff-Wild2, top=Anger 0.31, tension=0.281) - 사람 검수 전"
do8FmnQbI5I.003,do8FmnQbI5I.003.mp4,do8FmnQbI5I,,,0.7051,"EMO-AffectNet pseudo-label (teacher=Aff-Wild2, top=Anger 0.33, tension=0.295) - 사람 검수 전"
do8FmnQbI5I.004,do8FmnQbI5I.004.mp4,do8FmnQbI5I,,,0.7078,"EMO-AffectNet pseudo-label (teacher=Aff-Wild2, top=Anger 0.33, tension=0.292) - 사람 검수 전"
dqVPzqpGX-w.000,dqVPzqpGX-w.000.mp4,dqVPzqpGX-w,,,0.7042,"EMO-AffectNet pseudo-label (teacher=Aff-Wild2, top=Neutral 0.29, tension=0.296) - 사람 검수 전"
duEi37qVB7k.000,duEi37qVB7k.000.mp4,duEi37qVB7k,,,0.679,"EMO-AffectNet pseudo-label (teacher=Aff-Wild2, top=Surprise 0.34, tension=0.321) - 사람 검수 전"
dvCKoyBG1pE.001,dvCKoyBG1pE.001.mp4,dvCKoyBG1pE,,,0.8137,"EMO-AffectNet pseudo-label (teacher=Aff-Wild2, top=Happiness 0.40, tension=0.186) - 사람 검수 전"
dvCKoyBG1pE.002,dvCKoyBG1pE.002.mp4,dvCKoyBG1pE,,,0.6669,"EMO-AffectNet pseudo-label (teacher=Aff-Wild2, top=Fear 0.26, tension=0.333) - 사람 검수 전"
dvCKoyBG1pE.004,dvCKoyBG1pE.004.mp4,dvCKoyBG1pE,,,0.6304,"EMO-AffectNet pseudo-label (teacher=Aff-Wild2, top=Fear 0.39, tension=0.370) - 사람 검수 전"
dvMeqVbpKW8.001,dvMeqVbpKW8.001.mp4,dvMeqVbpKW8,,,0.8925,"EMO-AffectNet pseudo-label (teacher=Aff-Wild2, top=Happiness 0.63, tension=0.107) - 사람 검수 전"
dvMeqVbpKW8.002,dvMeqVbpKW8.002.mp4,dvMeqVbpKW8,,,0.881,"EMO-AffectNet pseudo-label (teacher=Aff-Wild2, top=Happiness 0.58, tension=0.119) - 사람 검수 전"
dvMeqVbpKW8.004,dvMeqVbpKW8.004.mp4,dvMeqVbpKW8,,,0.8437,"EMO-AffectNet pseudo-label (teacher=Aff-Wild2, top=Happiness 0.40, tension=0.156) - 사람 검수 전"
dvMeqVbpKW8.005,dvMeqVbpKW8.005.mp4,dvMeqVbpKW8,,,0.89,"EMO-AffectNet pseudo-label (teacher=Aff-Wild2, top=Happiness 0.60, tension=0.110) - 사람 검수 전"
dvU5jYExl0o.003,dvU5jYExl0o.003.mp4,dvU5jYExl0o,,,0.7473,"EMO-AffectNet pseudo-label (teacher=Aff-Wild2, top=Neutral 0.40, tension=0.253) - 사람 검수 전"
dy9EqbKLDP0.001,dy9EqbKLDP0.001.mp4,dy9EqbKLDP0,,,0.6957,"EMO-AffectNet pseudo-label (teacher=Aff-Wild2, top=Anger 0.31, tension=0.304) - 사람 검수 전"
dy9EqbKLDP0.002,dy9EqbKLDP0.002.mp4,dy9EqbKLDP0,,,0.6365,"EMO-AffectNet pseudo-label (teacher=Aff-Wild2, top=Anger 0.24, tension=0.364) - 사람 검수 전"
dy9EqbKLDP0.003,dy9EqbKLDP0.003.mp4,dy9EqbKLDP0,,,0.6645,"EMO-AffectNet pseudo-label (teacher=Aff-Wild2, top=Anger 0.31, tension=0.336) - 사람 검수 전"
e07IozLUeKc.001,e07IozLUeKc.001.mp4,e07IozLUeKc,,,0.6716,"EMO-AffectNet pseudo-label (teacher=Aff-Wild2, top=Neutral 0.25, tension=0.328) - 사람 검수 전"
e07IozLUeKc.002,e07IozLUeKc.002.mp4,e07IozLUeKc,,,0.694,"EMO-AffectNet pseudo-label (teacher=Aff-Wild2, top=Neutral 0.31, tension=0.306) - 사람 검수 전"
e07IozLUeKc.005,e07IozLUeKc.005.mp4,e07IozLUeKc,,,0.6475,"EMO-AffectNet pseudo-label (teacher=Aff-Wild2, top=Anger 0.21, tension=0.352) - 사람 검수 전"
e2EmGXRJ1K0.000,e2EmGXRJ1K0.000.mp4,e2EmGXRJ1K0,,,0.6439,"EMO-AffectNet pseudo-label (teacher=Aff-Wild2, top=Sadness 0.33, tension=0.356) - 사람 검수 전"
e2EmGXRJ1K0.001,e2EmGXRJ1K0.001.mp4,e2EmGXRJ1K0,,,0.6546,"EMO-AffectNet pseudo-label (teacher=Aff-Wild2, top=Sadness 0.21, tension=0.345) - 사람 검수 전"
e2pnS_nT9rA.001,e2pnS_nT9rA.001.mp4,e2pnS_nT9rA,,,0.9073,"EMO-AffectNet pseudo-label (teacher=Aff-Wild2, top=Happiness 0.68, tension=0.093) - 사람 검수 전"
e2pnS_nT9rA.002,e2pnS_nT9rA.002.mp4,e2pnS_nT9rA,,,0.8777,"EMO-AffectNet pseudo-label (teacher=Aff-Wild2, top=Happiness 0.59, tension=0.122) - 사람 검수 전"
e3NaBdG-ZmM.000,e3NaBdG-ZmM.000.mp4,e3NaBdG-ZmM,,,0.6898,"EMO-AffectNet pseudo-label (teacher=Aff-Wild2, top=Neutral 0.24, tension=0.310) - 사람 검수 전"
e3Y7na4SBh4.002,e3Y7na4SBh4.002.mp4,e3Y7na4SBh4,,,0.6964,"EMO-AffectNet pseudo-label (teacher=Aff-Wild2, top=Neutral 0.38, tension=0.304) - 사람 검수 전"
e3Y7na4SBh4.004,e3Y7na4SBh4.004.mp4,e3Y7na4SBh4,,,0.7453,"EMO-AffectNet pseudo-label (teacher=Aff-Wild2, top=Happiness 0.25, tension=0.255) - 사람 검수 전"
e3Y7na4SBh4.005,e3Y7na4SBh4.005.mp4,e3Y7na4SBh4,,,0.7176,"EMO-AffectNet pseudo-label (teacher=Aff-Wild2, top=Neutral 0.43, tension=0.282) - 사람 검수 전"
e6YTvjDXEl0.001,e6YTvjDXEl0.001.mp4,e6YTvjDXEl0,,,0.742,"EMO-AffectNet pseudo-label (teacher=Aff-Wild2, top=Happiness 0.28, tension=0.258) - 사람 검수 전"
e6YTvjDXEl0.002,e6YTvjDXEl0.002.mp4,e6YTvjDXEl0,,,0.9003,"EMO-AffectNet pseudo-label (teacher=Aff-Wild2, top=Happiness 0.67, tension=0.100) - 사람 검수 전"
eA_JaE8X3mI.000,eA_JaE8X3mI.000.mp4,eA_JaE8X3mI,,,0.65,"EMO-AffectNet pseudo-label (teacher=Aff-Wild2, top=Sadness 0.27, tension=0.350) - 사람 검수 전"
eAkWSjU-JyY.001,eAkWSjU-JyY.001.mp4,eAkWSjU-JyY,,,0.8317,"EMO-AffectNet pseudo-label (teacher=Aff-Wild2, top=Happiness 0.37, tension=0.168) - 사람 검수 전"
eAkWSjU-JyY.002,eAkWSjU-JyY.002.mp4,eAkWSjU-JyY,,,0.8305,"EMO-AffectNet pseudo-label (teacher=Aff-Wild2, top=Happiness 0.43, tension=0.169) - 사람 검수 전"
eB6ZlBG6OeA.002,eB6ZlBG6OeA.002.mp4,eB6ZlBG6OeA,,,0.7154,"EMO-AffectNet pseudo-label (teacher=Aff-Wild2, top=Neutral 0.27, tension=0.285) - 사람 검수 전"
eD4b8sM-Tpw.000,eD4b8sM-Tpw.000.mp4,eD4b8sM-Tpw,,,0.7912,"EMO-AffectNet pseudo-label (teacher=Aff-Wild2, top=Neutral 0.30, tension=0.209) - 사람 검수 전"
eD4b8sM-Tpw.004,eD4b8sM-Tpw.004.mp4,eD4b8sM-Tpw,,,0.8656,"EMO-AffectNet pseudo-label (teacher=Aff-Wild2, top=Happiness 0.57, tension=0.134) - 사람 검수 전"
eFb7nVIBGEo.003,eFb7nVIBGEo.003.mp4,eFb7nVIBGEo,,,0.6617,"EMO-AffectNet pseudo-label (teacher=Aff-Wild2, top=Sadness 0.33, tension=0.338) - 사람 검수 전"
eFzN_frNW8g.000,eFzN_frNW8g.000.mp4,eFzN_frNW8g,,,0.6873,"EMO-AffectNet pseudo-label (teacher=Aff-Wild2, top=Neutral 0.24, tension=0.313) - 사람 검수 전"
eFzN_frNW8g.001,eFzN_frNW8g.001.mp4,eFzN_frNW8g,,,0.6895,"EMO-AffectNet pseudo-label (teacher=Aff-Wild2, top=Surprise 0.26, tension=0.311) - 사람 검수 전"
eFzN_frNW8g.002,eFzN_frNW8g.002.mp4,eFzN_frNW8g,,,0.6787,"EMO-AffectNet pseudo-label (teacher=Aff-Wild2, top=Surprise 0.32, tension=0.321) - 사람 검수 전"
eFzN_frNW8g.003,eFzN_frNW8g.003.mp4,eFzN_frNW8g,,,0.668,"EMO-AffectNet pseudo-label (teacher=Aff-Wild2, top=Fear 0.28, tension=0.332) - 사람 검수 전"
eFzN_frNW8g.004,eFzN_frNW8g.004.mp4,eFzN_frNW8g,,,0.677,"EMO-AffectNet pseudo-label (teacher=Aff-Wild2, top=Surprise 0.26, tension=0.323) - 사람 검수 전"
eFzN_frNW8g.005,eFzN_frNW8g.005.mp4,eFzN_frNW8g,,,0.6646,"EMO-AffectNet pseudo-label (teacher=Aff-Wild2, top=Fear 0.25, tension=0.335) - 사람 검수 전"
eHcRre1YsNA.000,eHcRre1YsNA.000.mp4,eHcRre1YsNA,,,0.5971,"EMO-AffectNet pseudo-label (teacher=Aff-Wild2, top=Sadness 0.30, tension=0.403) - 사람 검수 전"
eHcRre1YsNA.001,eHcRre1YsNA.001.mp4,eHcRre1YsNA,,,0.6494,"EMO-AffectNet pseudo-label (teacher=Aff-Wild2, top=Neutral 0.22, tension=0.351) - 사람 검수 전"
eHcRre1YsNA.002,eHcRre1YsNA.002.mp4,eHcRre1YsNA,,,0.6447,"EMO-AffectNet pseudo-label (teacher=Aff-Wild2, top=Disgust 0.22, tension=0.355) - 사람 검수 전"
eI_7SimPnnQ.000,eI_7SimPnnQ.000.mp4,eI_7SimPnnQ,,,0.7611,"EMO-AffectNet pseudo-label (teacher=Aff-Wild2, top=Neutral 0.33, tension=0.239) - 사람 검수 전"
eI_7SimPnnQ.001,eI_7SimPnnQ.001.mp4,eI_7SimPnnQ,,,0.7677,"EMO-AffectNet pseudo-label (teacher=Aff-Wild2, top=Neutral 0.27, tension=0.232) - 사람 검수 전"
eI_7SimPnnQ.002,eI_7SimPnnQ.002.mp4,eI_7SimPnnQ,,,0.8001,"EMO-AffectNet pseudo-label (teacher=Aff-Wild2, top=Happiness 0.31, tension=0.200) - 사람 검수 전"
eI_7SimPnnQ.003,eI_7SimPnnQ.003.mp4,eI_7SimPnnQ,,,0.8033,"EMO-AffectNet pseudo-label (teacher=Aff-Wild2, top=Happiness 0.28, tension=0.197) - 사람 검수 전"
eI_7SimPnnQ.005,eI_7SimPnnQ.005.mp4,eI_7SimPnnQ,,,0.7463,"EMO-AffectNet pseudo-label (teacher=Aff-Wild2, top=Neutral 0.32, tension=0.254) - 사람 검수 전"
eIfiusZtXzE.000,eIfiusZtXzE.000.mp4,eIfiusZtXzE,,,0.7191,"EMO-AffectNet pseudo-label (teacher=Aff-Wild2, top=Neutral 0.34, tension=0.281) - 사람 검수 전"
eOUVFTqPeGk.002,eOUVFTqPeGk.002.mp4,eOUVFTqPeGk,,,0.7463,"EMO-AffectNet pseudo-label (teacher=Aff-Wild2, top=Neutral 0.24, tension=0.254) - 사람 검수 전"
ePQJMluhLjQ.001,ePQJMluhLjQ.001.mp4,ePQJMluhLjQ,,,0.8152,"EMO-AffectNet pseudo-label (teacher=Aff-Wild2, top=Happiness 0.43, tension=0.185) - 사람 검수 전"
eRRCer7epnA.002,eRRCer7epnA.002.mp4,eRRCer7epnA,,,0.6966,"EMO-AffectNet pseudo-label (teacher=Aff-Wild2, top=Anger 0.21, tension=0.303) - 사람 검수 전"
eRRCer7epnA.005,eRRCer7epnA.005.mp4,eRRCer7epnA,,,0.7103,"EMO-AffectNet pseudo-label (teacher=Aff-Wild2, top=Anger 0.21, tension=0.290) - 사람 검수 전"
eT3BERfkCBE.001,eT3BERfkCBE.001.mp4,eT3BERfkCBE,,,0.6768,"EMO-AffectNet pseudo-label (teacher=Aff-Wild2, top=Surprise 0.18, tension=0.323) - 사람 검수 전"
eT3BERfkCBE.003,eT3BERfkCBE.003.mp4,eT3BERfkCBE,,,0.7772,"EMO-AffectNet pseudo-label (teacher=Aff-Wild2, top=Happiness 0.38, tension=0.223) - 사람 검수 전"
eT3BERfkCBE.005,eT3BERfkCBE.005.mp4,eT3BERfkCBE,,,0.7159,"EMO-AffectNet pseudo-label (teacher=Aff-Wild2, top=Neutral 0.30, tension=0.284) - 사람 검수 전"
eXtskPoi58A.000,eXtskPoi58A.000.mp4,eXtskPoi58A,,,0.6428,"EMO-AffectNet pseudo-label (teacher=Aff-Wild2, top=Neutral 0.24, tension=0.357) - 사람 검수 전"
eXtskPoi58A.001,eXtskPoi58A.001.mp4,eXtskPoi58A,,,0.643,"EMO-AffectNet pseudo-label (teacher=Aff-Wild2, top=Sadness 0.26, tension=0.357) - 사람 검수 전"
eXtskPoi58A.003,eXtskPoi58A.003.mp4,eXtskPoi58A,,,0.6451,"EMO-AffectNet pseudo-label (teacher=Aff-Wild2, top=Sadness 0.28, tension=0.355) - 사람 검수 전"
eXtskPoi58A.005,eXtskPoi58A.005.mp4,eXtskPoi58A,,,0.6511,"EMO-AffectNet pseudo-label (teacher=Aff-Wild2, top=Neutral 0.28, tension=0.349) - 사람 검수 전"
eYASh3sKY3k.000,eYASh3sKY3k.000.mp4,eYASh3sKY3k,,,0.8367,"EMO-AffectNet pseudo-label (teacher=Aff-Wild2, top=Happiness 0.51, tension=0.163) - 사람 검수 전"
eZwGkhUa0TQ.000,eZwGkhUa0TQ.000.mp4,eZwGkhUa0TQ,,,0.8153,"EMO-AffectNet pseudo-label (teacher=Aff-Wild2, top=Happiness 0.30, tension=0.185) - 사람 검수 전"
eZwGkhUa0TQ.004,eZwGkhUa0TQ.004.mp4,eZwGkhUa0TQ,,,0.7143,"EMO-AffectNet pseudo-label (teacher=Aff-Wild2, top=Neutral 0.28, tension=0.286) - 사람 검수 전"
eZwGkhUa0TQ.005,eZwGkhUa0TQ.005.mp4,eZwGkhUa0TQ,,,0.7845,"EMO-AffectNet pseudo-label (teacher=Aff-Wild2, top=Happiness 0.28, tension=0.215) - 사람 검수 전"
ecIb16gJMwU.003,ecIb16gJMwU.003.mp4,ecIb16gJMwU,,,0.6334,"EMO-AffectNet pseudo-label (teacher=Aff-Wild2, top=Fear 0.25, tension=0.367) - 사람 검수 전"
edHTGYBFCWQ.000,edHTGYBFCWQ.000.mp4,edHTGYBFCWQ,,,0.6618,"EMO-AffectNet pseudo-label (teacher=Aff-Wild2, top=Disgust 0.23, tension=0.338) - 사람 검수 전"
edHTGYBFCWQ.004,edHTGYBFCWQ.004.mp4,edHTGYBFCWQ,,,0.6747,"EMO-AffectNet pseudo-label (teacher=Aff-Wild2, top=Sadness 0.25, tension=0.325) - 사람 검수 전"
ej0RpdM9kJA.000,ej0RpdM9kJA.000.mp4,ej0RpdM9kJA,,,0.685,"EMO-AffectNet pseudo-label (teacher=Aff-Wild2, top=Neutral 0.35, tension=0.315) - 사람 검수 전"
ej0RpdM9kJA.001,ej0RpdM9kJA.001.mp4,ej0RpdM9kJA,,,0.6987,"EMO-AffectNet pseudo-label (teacher=Aff-Wild2, top=Neutral 0.38, tension=0.301) - 사람 검수 전"
ej0RpdM9kJA.002,ej0RpdM9kJA.002.mp4,ej0RpdM9kJA,,,0.6809,"EMO-AffectNet pseudo-label (teacher=Aff-Wild2, top=Neutral 0.37, tension=0.319) - 사람 검수 전"
ej0RpdM9kJA.003,ej0RpdM9kJA.003.mp4,ej0RpdM9kJA,,,0.6642,"EMO-AffectNet pseudo-label (teacher=Aff-Wild2, top=Neutral 0.31, tension=0.336) - 사람 검수 전"
el2DOd8E5io.000,el2DOd8E5io.000.mp4,el2DOd8E5io,,,0.7103,"EMO-AffectNet pseudo-label (teacher=Aff-Wild2, top=Neutral 0.39, tension=0.290) - 사람 검수 전"
elSd0IyX6ys.002,elSd0IyX6ys.002.mp4,elSd0IyX6ys,,,0.8444,"EMO-AffectNet pseudo-label (teacher=Aff-Wild2, top=Happiness 0.43, tension=0.156) - 사람 검수 전"
elSd0IyX6ys.004,elSd0IyX6ys.004.mp4,elSd0IyX6ys,,,0.8225,"EMO-AffectNet pseudo-label (teacher=Aff-Wild2, top=Happiness 0.34, tension=0.178) - 사람 검수 전"
emHDoDcht44.001,emHDoDcht44.001.mp4,emHDoDcht44,,,0.8899,"EMO-AffectNet pseudo-label (teacher=Aff-Wild2, top=Happiness 0.56, tension=0.110) - 사람 검수 전"
encC96iqr9Y.002,encC96iqr9Y.002.mp4,encC96iqr9Y,,,0.8196,"EMO-AffectNet pseudo-label (teacher=Aff-Wild2, top=Happiness 0.40, tension=0.180) - 사람 검수 전"
encC96iqr9Y.003,encC96iqr9Y.003.mp4,encC96iqr9Y,,,0.8111,"EMO-AffectNet pseudo-label (teacher=Aff-Wild2, top=Happiness 0.34, tension=0.189) - 사람 검수 전"
eq1_h17oue4.000,eq1_h17oue4.000.mp4,eq1_h17oue4,,,0.7538,"EMO-AffectNet pseudo-label (teacher=Aff-Wild2, top=Happiness 0.24, tension=0.246) - 사람 검수 전"
eq1_h17oue4.001,eq1_h17oue4.001.mp4,eq1_h17oue4,,,0.7801,"EMO-AffectNet pseudo-label (teacher=Aff-Wild2, top=Happiness 0.35, tension=0.220) - 사람 검수 전"
eqXrUXW4yHY.003,eqXrUXW4yHY.003.mp4,eqXrUXW4yHY,,,0.7311,"EMO-AffectNet pseudo-label (teacher=Aff-Wild2, top=Surprise 0.26, tension=0.269) - 사람 검수 전"
erJNMcO69Eo.000,erJNMcO69Eo.000.mp4,erJNMcO69Eo,,,0.7844,"EMO-AffectNet pseudo-label (teacher=Aff-Wild2, top=Neutral 0.37, tension=0.216) - 사람 검수 전"
erJNMcO69Eo.001,erJNMcO69Eo.001.mp4,erJNMcO69Eo,,,0.7675,"EMO-AffectNet pseudo-label (teacher=Aff-Wild2, top=Neutral 0.42, tension=0.233) - 사람 검수 전"
erJNMcO69Eo.002,erJNMcO69Eo.002.mp4,erJNMcO69Eo,,,0.7906,"EMO-AffectNet pseudo-label (teacher=Aff-Wild2, top=Neutral 0.46, tension=0.209) - 사람 검수 전"
erJNMcO69Eo.005,erJNMcO69Eo.005.mp4,erJNMcO69Eo,,,0.7756,"EMO-AffectNet pseudo-label (teacher=Aff-Wild2, top=Neutral 0.44, tension=0.224) - 사람 검수 전"
esjSS0xsHFA.002,esjSS0xsHFA.002.mp4,esjSS0xsHFA,,,0.8828,"EMO-AffectNet pseudo-label (teacher=Aff-Wild2, top=Happiness 0.57, tension=0.117) - 사람 검수 전"
esjSS0xsHFA.003,esjSS0xsHFA.003.mp4,esjSS0xsHFA,,,0.8836,"EMO-AffectNet pseudo-label (teacher=Aff-Wild2, top=Happiness 0.59, tension=0.116) - 사람 검수 전"
euRnmvd_dus.004,euRnmvd_dus.004.mp4,euRnmvd_dus,,,0.8357,"EMO-AffectNet pseudo-label (teacher=Aff-Wild2, top=Happiness 0.38, tension=0.164) - 사람 검수 전"
ev42vngXERU.000,ev42vngXERU.000.mp4,ev42vngXERU,,,0.6451,"EMO-AffectNet pseudo-label (teacher=Aff-Wild2, top=Fear 0.30, tension=0.355) - 사람 검수 전"
ev42vngXERU.001,ev42vngXERU.001.mp4,ev42vngXERU,,,0.6376,"EMO-AffectNet pseudo-label (teacher=Aff-Wild2, top=Fear 0.32, tension=0.362) - 사람 검수 전"
evrzg3Pzyc0.000,evrzg3Pzyc0.000.mp4,evrzg3Pzyc0,,,0.6734,"EMO-AffectNet pseudo-label (teacher=Aff-Wild2, top=Neutral 0.25, tension=0.327) - 사람 검수 전"
evrzg3Pzyc0.001,evrzg3Pzyc0.001.mp4,evrzg3Pzyc0,,,0.6815,"EMO-AffectNet pseudo-label (teacher=Aff-Wild2, top=Neutral 0.26, tension=0.319) - 사람 검수 전"
evrzg3Pzyc0.002,evrzg3Pzyc0.002.mp4,evrzg3Pzyc0,,,0.6519,"EMO-AffectNet pseudo-label (teacher=Aff-Wild2, top=Neutral 0.29, tension=0.348) - 사람 검수 전"
ezMO8EHKAVw.000,ezMO8EHKAVw.000.mp4,ezMO8EHKAVw,,,0.7947,"EMO-AffectNet pseudo-label (teacher=Aff-Wild2, top=Happiness 0.41, tension=0.205) - 사람 검수 전"
ezMO8EHKAVw.004,ezMO8EHKAVw.004.mp4,ezMO8EHKAVw,,,0.8381,"EMO-AffectNet pseudo-label (teacher=Aff-Wild2, top=Happiness 0.52, tension=0.162) - 사람 검수 전"
ezMO8EHKAVw.005,ezMO8EHKAVw.005.mp4,ezMO8EHKAVw,,,0.8834,"EMO-AffectNet pseudo-label (teacher=Aff-Wild2, top=Happiness 0.60, tension=0.117) - 사람 검수 전"
f0LnGz5Z6kA.000,f0LnGz5Z6kA.000.mp4,f0LnGz5Z6kA,,,0.7537,"EMO-AffectNet pseudo-label (teacher=Aff-Wild2, top=Neutral 0.31, tension=0.246) - 사람 검수 전"
f0LnGz5Z6kA.002,f0LnGz5Z6kA.002.mp4,f0LnGz5Z6kA,,,0.7511,"EMO-AffectNet pseudo-label (teacher=Aff-Wild2, top=Neutral 0.30, tension=0.249) - 사람 검수 전"
f1xAVtagIks.000,f1xAVtagIks.000.mp4,f1xAVtagIks,,,0.6757,"EMO-AffectNet pseudo-label (teacher=Aff-Wild2, top=Neutral 0.23, tension=0.324) - 사람 검수 전"
f1xAVtagIks.003,f1xAVtagIks.003.mp4,f1xAVtagIks,,,0.6204,"EMO-AffectNet pseudo-label (teacher=Aff-Wild2, top=Sadness 0.24, tension=0.380) - 사람 검수 전"
f39E4ct09Cc.000,f39E4ct09Cc.000.mp4,f39E4ct09Cc,,,0.7805,"EMO-AffectNet pseudo-label (teacher=Aff-Wild2, top=Happiness 0.28, tension=0.220) - 사람 검수 전"
f39E4ct09Cc.001,f39E4ct09Cc.001.mp4,f39E4ct09Cc,,,0.7716,"EMO-AffectNet pseudo-label (teacher=Aff-Wild2, top=Surprise 0.24, tension=0.228) - 사람 검수 전"
f39E4ct09Cc.005,f39E4ct09Cc.005.mp4,f39E4ct09Cc,,,0.729,"EMO-AffectNet pseudo-label (teacher=Aff-Wild2, top=Happiness 0.24, tension=0.271) - 사람 검수 전"
f3ZbA4UqGKE.005,f3ZbA4UqGKE.005.mp4,f3ZbA4UqGKE,,,0.6986,"EMO-AffectNet pseudo-label (teacher=Aff-Wild2, top=Anger 0.21, tension=0.301) - 사람 검수 전"
f4rQJiW6oSk.004,f4rQJiW6oSk.004.mp4,f4rQJiW6oSk,,,0.8583,"EMO-AffectNet pseudo-label (teacher=Aff-Wild2, top=Happiness 0.58, tension=0.142) - 사람 검수 전"
f4rQJiW6oSk.005,f4rQJiW6oSk.005.mp4,f4rQJiW6oSk,,,0.7591,"EMO-AffectNet pseudo-label (teacher=Aff-Wild2, top=Happiness 0.30, tension=0.241) - 사람 검수 전"
f5jPfJYvihA.000,f5jPfJYvihA.000.mp4,f5jPfJYvihA,,,0.7128,"EMO-AffectNet pseudo-label (teacher=Aff-Wild2, top=Neutral 0.32, tension=0.287) - 사람 검수 전"
f70aaYsxPHY.001,f70aaYsxPHY.001.mp4,f70aaYsxPHY,,,0.7954,"EMO-AffectNet pseudo-label (teacher=Aff-Wild2, top=Happiness 0.32, tension=0.205) - 사람 검수 전"
f70aaYsxPHY.002,f70aaYsxPHY.002.mp4,f70aaYsxPHY,,,0.792,"EMO-AffectNet pseudo-label (teacher=Aff-Wild2, top=Happiness 0.33, tension=0.208) - 사람 검수 전"
f7E26XfU8rw.002,f7E26XfU8rw.002.mp4,f7E26XfU8rw,,,0.7347,"EMO-AffectNet pseudo-label (teacher=Aff-Wild2, top=Surprise 0.25, tension=0.265) - 사람 검수 전"
f7E26XfU8rw.003,f7E26XfU8rw.003.mp4,f7E26XfU8rw,,,0.7527,"EMO-AffectNet pseudo-label (teacher=Aff-Wild2, top=Surprise 0.23, tension=0.247) - 사람 검수 전"
f7E26XfU8rw.005,f7E26XfU8rw.005.mp4,f7E26XfU8rw,,,0.7343,"EMO-AffectNet pseudo-label (teacher=Aff-Wild2, top=Surprise 0.28, tension=0.266) - 사람 검수 전"
f7togdqxEoo.003,f7togdqxEoo.003.mp4,f7togdqxEoo,,,0.6856,"EMO-AffectNet pseudo-label (teacher=Aff-Wild2, top=Neutral 0.31, tension=0.314) - 사람 검수 전"
f8eU5Pc-y0g.004,f8eU5Pc-y0g.004.mp4,f8eU5Pc-y0g,,,0.7219,"EMO-AffectNet pseudo-label (teacher=Aff-Wild2, top=Neutral 0.38, tension=0.278) - 사람 검수 전"
f8f00b0IgvA.001,f8f00b0IgvA.001.mp4,f8f00b0IgvA,,,0.6538,"EMO-AffectNet pseudo-label (teacher=Aff-Wild2, top=Sadness 0.22, tension=0.346) - 사람 검수 전"
f8f00b0IgvA.002,f8f00b0IgvA.002.mp4,f8f00b0IgvA,,,0.6943,"EMO-AffectNet pseudo-label (teacher=Aff-Wild2, top=Neutral 0.23, tension=0.306) - 사람 검수 전"
f8f00b0IgvA.004,f8f00b0IgvA.004.mp4,f8f00b0IgvA,,,0.7055,"EMO-AffectNet pseudo-label (teacher=Aff-Wild2, top=Neutral 0.22, tension=0.294) - 사람 검수 전"
f9GeYKAXgAQ.000,f9GeYKAXgAQ.000.mp4,f9GeYKAXgAQ,,,0.7049,"EMO-AffectNet pseudo-label (teacher=Aff-Wild2, top=Surprise 0.25, tension=0.295) - 사람 검수 전"
f9GeYKAXgAQ.001,f9GeYKAXgAQ.001.mp4,f9GeYKAXgAQ,,,0.8265,"EMO-AffectNet pseudo-label (teacher=Aff-Wild2, top=Happiness 0.46, tension=0.174) - 사람 검수 전"
f9GeYKAXgAQ.002,f9GeYKAXgAQ.002.mp4,f9GeYKAXgAQ,,,0.7112,"EMO-AffectNet pseudo-label (teacher=Aff-Wild2, top=Surprise 0.24, tension=0.289) - 사람 검수 전"
f9GeYKAXgAQ.003,f9GeYKAXgAQ.003.mp4,f9GeYKAXgAQ,,,0.706,"EMO-AffectNet pseudo-label (teacher=Aff-Wild2, top=Neutral 0.26, tension=0.294) - 사람 검수 전"
f9GeYKAXgAQ.005,f9GeYKAXgAQ.005.mp4,f9GeYKAXgAQ,,,0.7542,"EMO-AffectNet pseudo-label (teacher=Aff-Wild2, top=Happiness 0.26, tension=0.246) - 사람 검수 전"
fBMKlYUjA9E.000,fBMKlYUjA9E.000.mp4,fBMKlYUjA9E,,,0.8345,"EMO-AffectNet pseudo-label (teacher=Aff-Wild2, top=Happiness 0.48, tension=0.165) - 사람 검수 전"
fBMKlYUjA9E.003,fBMKlYUjA9E.003.mp4,fBMKlYUjA9E,,,0.8677,"EMO-AffectNet pseudo-label (teacher=Aff-Wild2, top=Happiness 0.58, tension=0.132) - 사람 검수 전"
fBcc1UMtZME.001,fBcc1UMtZME.001.mp4,fBcc1UMtZME,,,0.7214,"EMO-AffectNet pseudo-label (teacher=Aff-Wild2, top=Neutral 0.21, tension=0.279) - 사람 검수 전"
fBcc1UMtZME.005,fBcc1UMtZME.005.mp4,fBcc1UMtZME,,,0.6987,"EMO-AffectNet pseudo-label (teacher=Aff-Wild2, top=Surprise 0.21, tension=0.301) - 사람 검수 전"
fDw_PAgW07o.000,fDw_PAgW07o.000.mp4,fDw_PAgW07o,,,0.6373,"EMO-AffectNet pseudo-label (teacher=Aff-Wild2, top=Anger 0.31, tension=0.363) - 사람 검수 전"
fDw_PAgW07o.001,fDw_PAgW07o.001.mp4,fDw_PAgW07o,,,0.6559,"EMO-AffectNet pseudo-label (teacher=Aff-Wild2, top=Anger 0.32, tension=0.344) - 사람 검수 전"
fDw_PAgW07o.002,fDw_PAgW07o.002.mp4,fDw_PAgW07o,,,0.6778,"EMO-AffectNet pseudo-label (teacher=Aff-Wild2, top=Anger 0.29, tension=0.322) - 사람 검수 전"
fDw_PAgW07o.003,fDw_PAgW07o.003.mp4,fDw_PAgW07o,,,0.6493,"EMO-AffectNet pseudo-label (teacher=Aff-Wild2, top=Anger 0.28, tension=0.351) - 사람 검수 전"
fDw_PAgW07o.005,fDw_PAgW07o.005.mp4,fDw_PAgW07o,,,0.6516,"EMO-AffectNet pseudo-label (teacher=Aff-Wild2, top=Anger 0.32, tension=0.348) - 사람 검수 전"
fEC3lEDxRnc.000,fEC3lEDxRnc.000.mp4,fEC3lEDxRnc,,,0.6901,"EMO-AffectNet pseudo-label (teacher=Aff-Wild2, top=Sadness 0.24, tension=0.310) - 사람 검수 전"
fEC3lEDxRnc.001,fEC3lEDxRnc.001.mp4,fEC3lEDxRnc,,,0.7917,"EMO-AffectNet pseudo-label (teacher=Aff-Wild2, top=Happiness 0.43, tension=0.208) - 사람 검수 전"
fEC3lEDxRnc.002,fEC3lEDxRnc.002.mp4,fEC3lEDxRnc,,,0.6682,"EMO-AffectNet pseudo-label (teacher=Aff-Wild2, top=Sadness 0.21, tension=0.332) - 사람 검수 전"
fEC3lEDxRnc.005,fEC3lEDxRnc.005.mp4,fEC3lEDxRnc,,,0.6723,"EMO-AffectNet pseudo-label (teacher=Aff-Wild2, top=Sadness 0.26, tension=0.328) - 사람 검수 전"
fEZrAGQoh_g.000,fEZrAGQoh_g.000.mp4,fEZrAGQoh_g,,,0.671,"EMO-AffectNet pseudo-label (teacher=Aff-Wild2, top=Neutral 0.29, tension=0.329) - 사람 검수 전"
fEZrAGQoh_g.001,fEZrAGQoh_g.001.mp4,fEZrAGQoh_g,,,0.6746,"EMO-AffectNet pseudo-label (teacher=Aff-Wild2, top=Neutral 0.32, tension=0.325) - 사람 검수 전"
fEZrAGQoh_g.002,fEZrAGQoh_g.002.mp4,fEZrAGQoh_g,,,0.6682,"EMO-AffectNet pseudo-label (teacher=Aff-Wild2, top=Neutral 0.33, tension=0.332) - 사람 검수 전"
fEix0DPOWtg.005,fEix0DPOWtg.005.mp4,fEix0DPOWtg,,,0.6963,"EMO-AffectNet pseudo-label (teacher=Aff-Wild2, top=Surprise 0.33, tension=0.304) - 사람 검수 전"
fGAcEyZXFTo.000,fGAcEyZXFTo.000.mp4,fGAcEyZXFTo,,,0.7754,"EMO-AffectNet pseudo-label (teacher=Aff-Wild2, top=Neutral 0.24, tension=0.225) - 사람 검수 전"
fGAcEyZXFTo.003,fGAcEyZXFTo.003.mp4,fGAcEyZXFTo,,,0.6959,"EMO-AffectNet pseudo-label (teacher=Aff-Wild2, top=Neutral 0.22, tension=0.304) - 사람 검수 전"
fGAcEyZXFTo.005,fGAcEyZXFTo.005.mp4,fGAcEyZXFTo,,,0.7393,"EMO-AffectNet pseudo-label (teacher=Aff-Wild2, top=Neutral 0.23, tension=0.261) - 사람 검수 전"
fH0jgh_VKmE.003,fH0jgh_VKmE.003.mp4,fH0jgh_VKmE,,,0.76,"EMO-AffectNet pseudo-label (teacher=Aff-Wild2, top=Neutral 0.24, tension=0.240) - 사람 검수 전"
fIiXuRlTPa0.000,fIiXuRlTPa0.000.mp4,fIiXuRlTPa0,,,0.6997,"EMO-AffectNet pseudo-label (teacher=Aff-Wild2, top=Neutral 0.30, tension=0.300) - 사람 검수 전"
fL8VYpOTLSM.001,fL8VYpOTLSM.001.mp4,fL8VYpOTLSM,,,0.7013,"EMO-AffectNet pseudo-label (teacher=Aff-Wild2, top=Neutral 0.34, tension=0.299) - 사람 검수 전"
fL8VYpOTLSM.002,fL8VYpOTLSM.002.mp4,fL8VYpOTLSM,,,0.7145,"EMO-AffectNet pseudo-label (teacher=Aff-Wild2, top=Neutral 0.35, tension=0.286) - 사람 검수 전"
fL8VYpOTLSM.004,fL8VYpOTLSM.004.mp4,fL8VYpOTLSM,,,0.6367,"EMO-AffectNet pseudo-label (teacher=Aff-Wild2, top=Anger 0.24, tension=0.363) - 사람 검수 전"
fLRRMLTFGMQ.000,fLRRMLTFGMQ.000.mp4,fLRRMLTFGMQ,,,0.7123,"EMO-AffectNet pseudo-label (teacher=Aff-Wild2, top=Anger 0.28, tension=0.288) - 사람 검수 전"
fLRRMLTFGMQ.002,fLRRMLTFGMQ.002.mp4,fLRRMLTFGMQ,,,0.6593,"EMO-AffectNet pseudo-label (teacher=Aff-Wild2, top=Anger 0.37, tension=0.341) - 사람 검수 전"
fLRRMLTFGMQ.004,fLRRMLTFGMQ.004.mp4,fLRRMLTFGMQ,,,0.6745,"EMO-AffectNet pseudo-label (teacher=Aff-Wild2, top=Anger 0.29, tension=0.325) - 사람 검수 전"
fLRRMLTFGMQ.005,fLRRMLTFGMQ.005.mp4,fLRRMLTFGMQ,,,0.6573,"EMO-AffectNet pseudo-label (teacher=Aff-Wild2, top=Anger 0.35, tension=0.343) - 사람 검수 전"
fPLd_NLF43M.002,fPLd_NLF43M.002.mp4,fPLd_NLF43M,,,0.7013,"EMO-AffectNet pseudo-label (teacher=Aff-Wild2, top=Neutral 0.29, tension=0.299) - 사람 검수 전"
fSDA4eEyGHk.000,fSDA4eEyGHk.000.mp4,fSDA4eEyGHk,,,0.7378,"EMO-AffectNet pseudo-label (teacher=Aff-Wild2, top=Neutral 0.29, tension=0.262) - 사람 검수 전"
fSDA4eEyGHk.002,fSDA4eEyGHk.002.mp4,fSDA4eEyGHk,,,0.7258,"EMO-AffectNet pseudo-label (teacher=Aff-Wild2, top=Neutral 0.39, tension=0.274) - 사람 검수 전"
fSDA4eEyGHk.004,fSDA4eEyGHk.004.mp4,fSDA4eEyGHk,,,0.7351,"EMO-AffectNet pseudo-label (teacher=Aff-Wild2, top=Neutral 0.33, tension=0.265) - 사람 검수 전"
fSkQXqXR7D0.000,fSkQXqXR7D0.000.mp4,fSkQXqXR7D0,,,0.7066,"EMO-AffectNet pseudo-label (teacher=Aff-Wild2, top=Neutral 0.30, tension=0.293) - 사람 검수 전"
fSkQXqXR7D0.001,fSkQXqXR7D0.001.mp4,fSkQXqXR7D0,,,0.7406,"EMO-AffectNet pseudo-label (teacher=Aff-Wild2, top=Neutral 0.27, tension=0.259) - 사람 검수 전"
fSkQXqXR7D0.002,fSkQXqXR7D0.002.mp4,fSkQXqXR7D0,,,0.7596,"EMO-AffectNet pseudo-label (teacher=Aff-Wild2, top=Neutral 0.30, tension=0.240) - 사람 검수 전"
fSkQXqXR7D0.004,fSkQXqXR7D0.004.mp4,fSkQXqXR7D0,,,0.7164,"EMO-AffectNet pseudo-label (teacher=Aff-Wild2, top=Neutral 0.21, tension=0.284) - 사람 검수 전"
fTpemcfElxI.000,fTpemcfElxI.000.mp4,fTpemcfElxI,,,0.6974,"EMO-AffectNet pseudo-label (teacher=Aff-Wild2, top=Sadness 0.25, tension=0.303) - 사람 검수 전"
fTpemcfElxI.001,fTpemcfElxI.001.mp4,fTpemcfElxI,,,0.7103,"EMO-AffectNet pseudo-label (teacher=Aff-Wild2, top=Happiness 0.21, tension=0.290) - 사람 검수 전"
fTpemcfElxI.003,fTpemcfElxI.003.mp4,fTpemcfElxI,,,0.7219,"EMO-AffectNet pseudo-label (teacher=Aff-Wild2, top=Neutral 0.21, tension=0.278) - 사람 검수 전"
fTpemcfElxI.004,fTpemcfElxI.004.mp4,fTpemcfElxI,,,0.6998,"EMO-AffectNet pseudo-label (teacher=Aff-Wild2, top=Neutral 0.21, tension=0.300) - 사람 검수 전"
fTpemcfElxI.005,fTpemcfElxI.005.mp4,fTpemcfElxI,,,0.7097,"EMO-AffectNet pseudo-label (teacher=Aff-Wild2, top=Neutral 0.25, tension=0.290) - 사람 검수 전"
fUIWjaZCYwM.000,fUIWjaZCYwM.000.mp4,fUIWjaZCYwM,,,0.7147,"EMO-AffectNet pseudo-label (teacher=Aff-Wild2, top=Surprise 0.29, tension=0.285) - 사람 검수 전"
fUIWjaZCYwM.001,fUIWjaZCYwM.001.mp4,fUIWjaZCYwM,,,0.6797,"EMO-AffectNet pseudo-label (teacher=Aff-Wild2, top=Neutral 0.24, tension=0.320) - 사람 검수 전"
fY4tctYZTz8.003,fY4tctYZTz8.003.mp4,fY4tctYZTz8,,,0.6277,"EMO-AffectNet pseudo-label (teacher=Aff-Wild2, top=Disgust 0.34, tension=0.372) - 사람 검수 전"
fY4tctYZTz8.005,fY4tctYZTz8.005.mp4,fY4tctYZTz8,,,0.6379,"EMO-AffectNet pseudo-label (teacher=Aff-Wild2, top=Disgust 0.25, tension=0.362) - 사람 검수 전"
fYUcoKDyRiU.001,fYUcoKDyRiU.001.mp4,fYUcoKDyRiU,,,0.575,"EMO-AffectNet pseudo-label (teacher=Aff-Wild2, top=Sadness 0.33, tension=0.425) - 사람 검수 전"
fbjDmltKVOM.000,fbjDmltKVOM.000.mp4,fbjDmltKVOM,,,0.7343,"EMO-AffectNet pseudo-label (teacher=Aff-Wild2, top=Neutral 0.22, tension=0.266) - 사람 검수 전"
fecQUZ-ehKQ.000,fecQUZ-ehKQ.000.mp4,fecQUZ-ehKQ,,,0.8289,"EMO-AffectNet pseudo-label (teacher=Aff-Wild2, top=Happiness 0.39, tension=0.171) - 사람 검수 전"
fecQUZ-ehKQ.002,fecQUZ-ehKQ.002.mp4,fecQUZ-ehKQ,,,0.8773,"EMO-AffectNet pseudo-label (teacher=Aff-Wild2, top=Happiness 0.57, tension=0.123) - 사람 검수 전"
feg-RNvT-t0.000,feg-RNvT-t0.000.mp4,feg-RNvT-t0,,,0.6846,"EMO-AffectNet pseudo-label (teacher=Aff-Wild2, top=Sadness 0.34, tension=0.315) - 사람 검수 전"
ff-3k-nzoXA.000,ff-3k-nzoXA.000.mp4,ff-3k-nzoXA,,,0.8043,"EMO-AffectNet pseudo-label (teacher=Aff-Wild2, top=Neutral 0.29, tension=0.196) - 사람 검수 전"
ff-3k-nzoXA.002,ff-3k-nzoXA.002.mp4,ff-3k-nzoXA,,,0.7854,"EMO-AffectNet pseudo-label (teacher=Aff-Wild2, top=Happiness 0.30, tension=0.215) - 사람 검수 전"
ff-3k-nzoXA.004,ff-3k-nzoXA.004.mp4,ff-3k-nzoXA,,,0.8528,"EMO-AffectNet pseudo-label (teacher=Aff-Wild2, top=Happiness 0.48, tension=0.147) - 사람 검수 전"
fgEddXirQvQ.005,fgEddXirQvQ.005.mp4,fgEddXirQvQ,,,0.6644,"EMO-AffectNet pseudo-label (teacher=Aff-Wild2, top=Surprise 0.22, tension=0.336) - 사람 검수 전"
fhUGU2uiS1U.001,fhUGU2uiS1U.001.mp4,fhUGU2uiS1U,,,0.7413,"EMO-AffectNet pseudo-label (teacher=Aff-Wild2, top=Happiness 0.30, tension=0.259) - 사람 검수 전"
fhUGU2uiS1U.004,fhUGU2uiS1U.004.mp4,fhUGU2uiS1U,,,0.7321,"EMO-AffectNet pseudo-label (teacher=Aff-Wild2, top=Happiness 0.30, tension=0.268) - 사람 검수 전"
fiEEjrKhlNU.001,fiEEjrKhlNU.001.mp4,fiEEjrKhlNU,,,0.7306,"EMO-AffectNet pseudo-label (teacher=Aff-Wild2, top=Neutral 0.34, tension=0.269) - 사람 검수 전"
fiEEjrKhlNU.002,fiEEjrKhlNU.002.mp4,fiEEjrKhlNU,,,0.7355,"EMO-AffectNet pseudo-label (teacher=Aff-Wild2, top=Neutral 0.32, tension=0.265) - 사람 검수 전"
fiVORaERbP0.002,fiVORaERbP0.002.mp4,fiVORaERbP0,,,0.6431,"EMO-AffectNet pseudo-label (teacher=Aff-Wild2, top=Sadness 0.21, tension=0.357) - 사람 검수 전"
fiVORaERbP0.004,fiVORaERbP0.004.mp4,fiVORaERbP0,,,0.5837,"EMO-AffectNet pseudo-label (teacher=Aff-Wild2, top=Sadness 0.29, tension=0.416) - 사람 검수 전"
fiVkE3iDWY4.004,fiVkE3iDWY4.004.mp4,fiVkE3iDWY4,,,0.7701,"EMO-AffectNet pseudo-label (teacher=Aff-Wild2, top=Surprise 0.29, tension=0.230) - 사람 검수 전"
fipvPdFbKN4.000,fipvPdFbKN4.000.mp4,fipvPdFbKN4,,,0.731,"EMO-AffectNet pseudo-label (teacher=Aff-Wild2, top=Neutral 0.32, tension=0.269) - 사람 검수 전"
fipvPdFbKN4.004,fipvPdFbKN4.004.mp4,fipvPdFbKN4,,,0.7479,"EMO-AffectNet pseudo-label (teacher=Aff-Wild2, top=Happiness 0.22, tension=0.252) - 사람 검수 전"
fkDqn2muw-A.000,fkDqn2muw-A.000.mp4,fkDqn2muw-A,,,0.73,"EMO-AffectNet pseudo-label (teacher=Aff-Wild2, top=Anger 0.25, tension=0.270) - 사람 검수 전"
fkDqn2muw-A.002,fkDqn2muw-A.002.mp4,fkDqn2muw-A,,,0.7465,"EMO-AffectNet pseudo-label (teacher=Aff-Wild2, top=Anger 0.23, tension=0.254) - 사람 검수 전"
fkDqn2muw-A.003,fkDqn2muw-A.003.mp4,fkDqn2muw-A,,,0.8229,"EMO-AffectNet pseudo-label (teacher=Aff-Wild2, top=Happiness 0.49, tension=0.177) - 사람 검수 전"
fk_ggmC872E.000,fk_ggmC872E.000.mp4,fk_ggmC872E,,,0.7884,"EMO-AffectNet pseudo-label (teacher=Aff-Wild2, top=Happiness 0.33, tension=0.212) - 사람 검수 전"
fk_ggmC872E.001,fk_ggmC872E.001.mp4,fk_ggmC872E,,,0.8812,"EMO-AffectNet pseudo-label (teacher=Aff-Wild2, top=Happiness 0.63, tension=0.119) - 사람 검수 전"
fk_ggmC872E.003,fk_ggmC872E.003.mp4,fk_ggmC872E,,,0.8974,"EMO-AffectNet pseudo-label (teacher=Aff-Wild2, top=Happiness 0.66, tension=0.103) - 사람 검수 전"
fmjILOLc3eg.001,fmjILOLc3eg.001.mp4,fmjILOLc3eg,,,0.7385,"EMO-AffectNet pseudo-label (teacher=Aff-Wild2, top=Neutral 0.42, tension=0.261) - 사람 검수 전"
fmue_KpW9Ro.000,fmue_KpW9Ro.000.mp4,fmue_KpW9Ro,,,0.7936,"EMO-AffectNet pseudo-label (teacher=Aff-Wild2, top=Happiness 0.31, tension=0.206) - 사람 검수 전"
fmue_KpW9Ro.003,fmue_KpW9Ro.003.mp4,fmue_KpW9Ro,,,0.7947,"EMO-AffectNet pseudo-label (teacher=Aff-Wild2, top=Happiness 0.32, tension=0.205) - 사람 검수 전"
fmue_KpW9Ro.004,fmue_KpW9Ro.004.mp4,fmue_KpW9Ro,,,0.786,"EMO-AffectNet pseudo-label (teacher=Aff-Wild2, top=Happiness 0.27, tension=0.214) - 사람 검수 전"
fmue_KpW9Ro.005,fmue_KpW9Ro.005.mp4,fmue_KpW9Ro,,,0.7843,"EMO-AffectNet pseudo-label (teacher=Aff-Wild2, top=Neutral 0.27, tension=0.216) - 사람 검수 전"
foj4bqLSmF8.001,foj4bqLSmF8.001.mp4,foj4bqLSmF8,,,0.6647,"EMO-AffectNet pseudo-label (teacher=Aff-Wild2, top=Sadness 0.25, tension=0.335) - 사람 검수 전"
foj4bqLSmF8.002,foj4bqLSmF8.002.mp4,foj4bqLSmF8,,,0.7252,"EMO-AffectNet pseudo-label (teacher=Aff-Wild2, top=Neutral 0.24, tension=0.275) - 사람 검수 전"
foj4bqLSmF8.003,foj4bqLSmF8.003.mp4,foj4bqLSmF8,,,0.6935,"EMO-AffectNet pseudo-label (teacher=Aff-Wild2, top=Happiness 0.18, tension=0.307) - 사람 검수 전"
fpyBDfh7qF0.001,fpyBDfh7qF0.001.mp4,fpyBDfh7qF0,,,0.7157,"EMO-AffectNet pseudo-label (teacher=Aff-Wild2, top=Neutral 0.23, tension=0.284) - 사람 검수 전"
fpyBDfh7qF0.002,fpyBDfh7qF0.002.mp4,fpyBDfh7qF0,,,0.7258,"EMO-AffectNet pseudo-label (teacher=Aff-Wild2, top=Neutral 0.31, tension=0.274) - 사람 검수 전"
fpyBDfh7qF0.004,fpyBDfh7qF0.004.mp4,fpyBDfh7qF0,,,0.7148,"EMO-AffectNet pseudo-label (teacher=Aff-Wild2, top=Neutral 0.29, tension=0.285) - 사람 검수 전"
frsDpQjmC5k.002,frsDpQjmC5k.002.mp4,frsDpQjmC5k,,,0.7385,"EMO-AffectNet pseudo-label (teacher=Aff-Wild2, top=Neutral 0.33, tension=0.262) - 사람 검수 전"
frsDpQjmC5k.003,frsDpQjmC5k.003.mp4,frsDpQjmC5k,,,0.8386,"EMO-AffectNet pseudo-label (teacher=Aff-Wild2, top=Happiness 0.48, tension=0.161) - 사람 검수 전"
fsCK8Xuzl1Y.000,fsCK8Xuzl1Y.000.mp4,fsCK8Xuzl1Y,,,0.724,"EMO-AffectNet pseudo-label (teacher=Aff-Wild2, top=Neutral 0.30, tension=0.276) - 사람 검수 전"
fsCK8Xuzl1Y.003,fsCK8Xuzl1Y.003.mp4,fsCK8Xuzl1Y,,,0.7396,"EMO-AffectNet pseudo-label (teacher=Aff-Wild2, top=Neutral 0.30, tension=0.260) - 사람 검수 전"
fsCK8Xuzl1Y.004,fsCK8Xuzl1Y.004.mp4,fsCK8Xuzl1Y,,,0.7366,"EMO-AffectNet pseudo-label (teacher=Aff-Wild2, top=Neutral 0.29, tension=0.263) - 사람 검수 전"
fsLf6Xv_Gbk.001,fsLf6Xv_Gbk.001.mp4,fsLf6Xv_Gbk,,,0.8844,"EMO-AffectNet pseudo-label (teacher=Aff-Wild2, top=Happiness 0.65, tension=0.116) - 사람 검수 전"
fsaslN7xV-w.000,fsaslN7xV-w.000.mp4,fsaslN7xV-w,,,0.681,"EMO-AffectNet pseudo-label (teacher=Aff-Wild2, top=Fear 0.20, tension=0.319) - 사람 검수 전"
fsaslN7xV-w.002,fsaslN7xV-w.002.mp4,fsaslN7xV-w,,,0.6347,"EMO-AffectNet pseudo-label (teacher=Aff-Wild2, top=Fear 0.26, tension=0.365) - 사람 검수 전"
fsaslN7xV-w.004,fsaslN7xV-w.004.mp4,fsaslN7xV-w,,,0.6519,"EMO-AffectNet pseudo-label (teacher=Aff-Wild2, top=Fear 0.24, tension=0.348) - 사람 검수 전"
fuKtMm2WR0g.001,fuKtMm2WR0g.001.mp4,fuKtMm2WR0g,,,0.6146,"EMO-AffectNet pseudo-label (teacher=Aff-Wild2, top=Disgust 0.35, tension=0.385) - 사람 검수 전"
fv5lLeyRdd4.001,fv5lLeyRdd4.001.mp4,fv5lLeyRdd4,,,0.6307,"EMO-AffectNet pseudo-label (teacher=Aff-Wild2, top=Fear 0.22, tension=0.369) - 사람 검수 전"
fv5lLeyRdd4.002,fv5lLeyRdd4.002.mp4,fv5lLeyRdd4,,,0.6503,"EMO-AffectNet pseudo-label (teacher=Aff-Wild2, top=Neutral 0.24, tension=0.350) - 사람 검수 전"
fv5lLeyRdd4.004,fv5lLeyRdd4.004.mp4,fv5lLeyRdd4,,,0.602,"EMO-AffectNet pseudo-label (teacher=Aff-Wild2, top=Disgust 0.22, tension=0.398) - 사람 검수 전"
fv5lLeyRdd4.005,fv5lLeyRdd4.005.mp4,fv5lLeyRdd4,,,0.6716,"EMO-AffectNet pseudo-label (teacher=Aff-Wild2, top=Fear 0.24, tension=0.328) - 사람 검수 전"
fwJykIyvS04.001,fwJykIyvS04.001.mp4,fwJykIyvS04,,,0.7963,"EMO-AffectNet pseudo-label (teacher=Aff-Wild2, top=Happiness 0.30, tension=0.204) - 사람 검수 전"
fwYZP8qOtC0.005,fwYZP8qOtC0.005.mp4,fwYZP8qOtC0,,,0.8599,"EMO-AffectNet pseudo-label (teacher=Aff-Wild2, top=Happiness 0.53, tension=0.140) - 사람 검수 전"
fyXiORXmWHs.002,fyXiORXmWHs.002.mp4,fyXiORXmWHs,,,0.7774,"EMO-AffectNet pseudo-label (teacher=Aff-Wild2, top=Happiness 0.27, tension=0.223) - 사람 검수 전"
fyXiORXmWHs.003,fyXiORXmWHs.003.mp4,fyXiORXmWHs,,,0.8187,"EMO-AffectNet pseudo-label (teacher=Aff-Wild2, top=Happiness 0.36, tension=0.181) - 사람 검수 전"
g00oS-Kt248.001,g00oS-Kt248.001.mp4,g00oS-Kt248,,,0.7884,"EMO-AffectNet pseudo-label (teacher=Aff-Wild2, top=Happiness 0.36, tension=0.212) - 사람 검수 전"
g0PWBzU95sI.000,g0PWBzU95sI.000.mp4,g0PWBzU95sI,,,0.8849,"EMO-AffectNet pseudo-label (teacher=Aff-Wild2, top=Happiness 0.61, tension=0.115) - 사람 검수 전"
g0PWBzU95sI.001,g0PWBzU95sI.001.mp4,g0PWBzU95sI,,,0.8508,"EMO-AffectNet pseudo-label (teacher=Aff-Wild2, top=Happiness 0.45, tension=0.149) - 사람 검수 전"
g0PWBzU95sI.004,g0PWBzU95sI.004.mp4,g0PWBzU95sI,,,0.8516,"EMO-AffectNet pseudo-label (teacher=Aff-Wild2, top=Happiness 0.51, tension=0.148) - 사람 검수 전"
g0Zlp-F6Z6E.001,g0Zlp-F6Z6E.001.mp4,g0Zlp-F6Z6E,,,0.7827,"EMO-AffectNet pseudo-label (teacher=Aff-Wild2, top=Neutral 0.25, tension=0.217) - 사람 검수 전"
g0Zlp-F6Z6E.003,g0Zlp-F6Z6E.003.mp4,g0Zlp-F6Z6E,,,0.7299,"EMO-AffectNet pseudo-label (teacher=Aff-Wild2, top=Neutral 0.27, tension=0.270) - 사람 검수 전"
g0Zlp-F6Z6E.004,g0Zlp-F6Z6E.004.mp4,g0Zlp-F6Z6E,,,0.7582,"EMO-AffectNet pseudo-label (teacher=Aff-Wild2, top=Surprise 0.27, tension=0.242) - 사람 검수 전"
g1TMjzZH8bw.000,g1TMjzZH8bw.000.mp4,g1TMjzZH8bw,,,0.6505,"EMO-AffectNet pseudo-label (teacher=Aff-Wild2, top=Anger 0.21, tension=0.350) - 사람 검수 전"
g1TMjzZH8bw.002,g1TMjzZH8bw.002.mp4,g1TMjzZH8bw,,,0.6365,"EMO-AffectNet pseudo-label (teacher=Aff-Wild2, top=Anger 0.20, tension=0.364) - 사람 검수 전"
g1TMjzZH8bw.004,g1TMjzZH8bw.004.mp4,g1TMjzZH8bw,,,0.6207,"EMO-AffectNet pseudo-label (teacher=Aff-Wild2, top=Anger 0.22, tension=0.379) - 사람 검수 전"
g24JGYuT74A.002,g24JGYuT74A.002.mp4,g24JGYuT74A,,,0.6914,"EMO-AffectNet pseudo-label (teacher=Aff-Wild2, top=Neutral 0.32, tension=0.309) - 사람 검수 전"
g24JGYuT74A.003,g24JGYuT74A.003.mp4,g24JGYuT74A,,,0.6851,"EMO-AffectNet pseudo-label (teacher=Aff-Wild2, top=Neutral 0.35, tension=0.315) - 사람 검수 전"
g4PQ753TDls.000,g4PQ753TDls.000.mp4,g4PQ753TDls,,,0.674,"EMO-AffectNet pseudo-label (teacher=Aff-Wild2, top=Neutral 0.33, tension=0.326) - 사람 검수 전"
g7sDGH8APwk.000,g7sDGH8APwk.000.mp4,g7sDGH8APwk,,,0.7399,"EMO-AffectNet pseudo-label (teacher=Aff-Wild2, top=Neutral 0.23, tension=0.260) - 사람 검수 전"
g8rjtlzAQ6k.002,g8rjtlzAQ6k.002.mp4,g8rjtlzAQ6k,,,0.84,"EMO-AffectNet pseudo-label (teacher=Aff-Wild2, top=Happiness 0.48, tension=0.160) - 사람 검수 전"
g8rjtlzAQ6k.003,g8rjtlzAQ6k.003.mp4,g8rjtlzAQ6k,,,0.7372,"EMO-AffectNet pseudo-label (teacher=Aff-Wild2, top=Anger 0.30, tension=0.263) - 사람 검수 전"
g9zgIN56MnQ.001,g9zgIN56MnQ.001.mp4,g9zgIN56MnQ,,,0.7584,"EMO-AffectNet pseudo-label (teacher=Aff-Wild2, top=Neutral 0.30, tension=0.242) - 사람 검수 전"
g9zgIN56MnQ.004,g9zgIN56MnQ.004.mp4,g9zgIN56MnQ,,,0.7169,"EMO-AffectNet pseudo-label (teacher=Aff-Wild2, top=Surprise 0.27, tension=0.283) - 사람 검수 전"
g9zgIN56MnQ.005,g9zgIN56MnQ.005.mp4,g9zgIN56MnQ,,,0.8242,"EMO-AffectNet pseudo-label (teacher=Aff-Wild2, top=Happiness 0.45, tension=0.176) - 사람 검수 전"
gAWA-fcIa_M.001,gAWA-fcIa_M.001.mp4,gAWA-fcIa_M,,,0.6686,"EMO-AffectNet pseudo-label (teacher=Aff-Wild2, top=Fear 0.27, tension=0.331) - 사람 검수 전"
gAWA-fcIa_M.002,gAWA-fcIa_M.002.mp4,gAWA-fcIa_M,,,0.6409,"EMO-AffectNet pseudo-label (teacher=Aff-Wild2, top=Fear 0.22, tension=0.359) - 사람 검수 전"
gAWA-fcIa_M.003,gAWA-fcIa_M.003.mp4,gAWA-fcIa_M,,,0.6512,"EMO-AffectNet pseudo-label (teacher=Aff-Wild2, top=Fear 0.28, tension=0.349) - 사람 검수 전"
gAWA-fcIa_M.004,gAWA-fcIa_M.004.mp4,gAWA-fcIa_M,,,0.6279,"EMO-AffectNet pseudo-label (teacher=Aff-Wild2, top=Fear 0.25, tension=0.372) - 사람 검수 전"
gAWA-fcIa_M.005,gAWA-fcIa_M.005.mp4,gAWA-fcIa_M,,,0.6792,"EMO-AffectNet pseudo-label (teacher=Aff-Wild2, top=Neutral 0.29, tension=0.321) - 사람 검수 전"
gCQT7zfS7sI.001,gCQT7zfS7sI.001.mp4,gCQT7zfS7sI,,,0.7441,"EMO-AffectNet pseudo-label (teacher=Aff-Wild2, top=Neutral 0.36, tension=0.256) - 사람 검수 전"
gCQT7zfS7sI.002,gCQT7zfS7sI.002.mp4,gCQT7zfS7sI,,,0.7478,"EMO-AffectNet pseudo-label (teacher=Aff-Wild2, top=Neutral 0.31, tension=0.252) - 사람 검수 전"
gChqk1izWkc.002,gChqk1izWkc.002.mp4,gChqk1izWkc,,,0.6777,"EMO-AffectNet pseudo-label (teacher=Aff-Wild2, top=Neutral 0.25, tension=0.322) - 사람 검수 전"
gFEntQ_UKvk.002,gFEntQ_UKvk.002.mp4,gFEntQ_UKvk,,,0.7578,"EMO-AffectNet pseudo-label (teacher=Aff-Wild2, top=Surprise 0.27, tension=0.242) - 사람 검수 전"
gFEntQ_UKvk.003,gFEntQ_UKvk.003.mp4,gFEntQ_UKvk,,,0.7646,"EMO-AffectNet pseudo-label (teacher=Aff-Wild2, top=Surprise 0.39, tension=0.235) - 사람 검수 전"
gLtvOEy7m8Q.002,gLtvOEy7m8Q.002.mp4,gLtvOEy7m8Q,,,0.6736,"EMO-AffectNet pseudo-label (teacher=Aff-Wild2, top=Neutral 0.28, tension=0.326) - 사람 검수 전"
gLtvOEy7m8Q.005,gLtvOEy7m8Q.005.mp4,gLtvOEy7m8Q,,,0.6639,"EMO-AffectNet pseudo-label (teacher=Aff-Wild2, top=Neutral 0.23, tension=0.336) - 사람 검수 전"
gM_KAA-ejJA.005,gM_KAA-ejJA.005.mp4,gM_KAA-ejJA,,,0.7582,"EMO-AffectNet pseudo-label (teacher=Aff-Wild2, top=Surprise 0.25, tension=0.242) - 사람 검수 전"
gOS-CneQsxI.003,gOS-CneQsxI.003.mp4,gOS-CneQsxI,,,0.7963,"EMO-AffectNet pseudo-label (teacher=Aff-Wild2, top=Happiness 0.34, tension=0.204) - 사람 검수 전"
gSCurvS_vWU.004,gSCurvS_vWU.004.mp4,gSCurvS_vWU,,,0.6638,"EMO-AffectNet pseudo-label (teacher=Aff-Wild2, top=Sadness 0.21, tension=0.336) - 사람 검수 전"
gUyH1qvbOZA.000,gUyH1qvbOZA.000.mp4,gUyH1qvbOZA,,,0.69,"EMO-AffectNet pseudo-label (teacher=Aff-Wild2, top=Neutral 0.30, tension=0.310) - 사람 검수 전"
gUyH1qvbOZA.004,gUyH1qvbOZA.004.mp4,gUyH1qvbOZA,,,0.7229,"EMO-AffectNet pseudo-label (teacher=Aff-Wild2, top=Neutral 0.23, tension=0.277) - 사람 검수 전"
gUyH1qvbOZA.005,gUyH1qvbOZA.005.mp4,gUyH1qvbOZA,,,0.6422,"EMO-AffectNet pseudo-label (teacher=Aff-Wild2, top=Sadness 0.28, tension=0.358) - 사람 검수 전"
gWCgqVn3m3k.000,gWCgqVn3m3k.000.mp4,gWCgqVn3m3k,,,0.7549,"EMO-AffectNet pseudo-label (teacher=Aff-Wild2, top=Happiness 0.22, tension=0.245) - 사람 검수 전"
gWCgqVn3m3k.001,gWCgqVn3m3k.001.mp4,gWCgqVn3m3k,,,0.7898,"EMO-AffectNet pseudo-label (teacher=Aff-Wild2, top=Happiness 0.36, tension=0.210) - 사람 검수 전"
gX20EUUZc9M.004,gX20EUUZc9M.004.mp4,gX20EUUZc9M,,,0.7571,"EMO-AffectNet pseudo-label (teacher=Aff-Wild2, top=Neutral 0.30, tension=0.243) - 사람 검수 전"
gZblxCs4EV4.001,gZblxCs4EV4.001.mp4,gZblxCs4EV4,,,0.6682,"EMO-AffectNet pseudo-label (teacher=Aff-Wild2, top=Neutral 0.31, tension=0.332) - 사람 검수 전"
gZzB49daFfA.003,gZzB49daFfA.003.mp4,gZzB49daFfA,,,0.789,"EMO-AffectNet pseudo-label (teacher=Aff-Wild2, top=Happiness 0.40, tension=0.211) - 사람 검수 전"
gZzB49daFfA.005,gZzB49daFfA.005.mp4,gZzB49daFfA,,,0.8124,"EMO-AffectNet pseudo-label (teacher=Aff-Wild2, top=Happiness 0.48, tension=0.188) - 사람 검수 전"
g_UeE-1ghtQ.001,g_UeE-1ghtQ.001.mp4,g_UeE-1ghtQ,,,0.7452,"EMO-AffectNet pseudo-label (teacher=Aff-Wild2, top=Happiness 0.24, tension=0.255) - 사람 검수 전"
ga_XczsO4eY.000,ga_XczsO4eY.000.mp4,ga_XczsO4eY,,,0.791,"EMO-AffectNet pseudo-label (teacher=Aff-Wild2, top=Happiness 0.31, tension=0.209) - 사람 검수 전"
ga_XczsO4eY.001,ga_XczsO4eY.001.mp4,ga_XczsO4eY,,,0.7821,"EMO-AffectNet pseudo-label (teacher=Aff-Wild2, top=Happiness 0.26, tension=0.218) - 사람 검수 전"
ga_XczsO4eY.004,ga_XczsO4eY.004.mp4,ga_XczsO4eY,,,0.7622,"EMO-AffectNet pseudo-label (teacher=Aff-Wild2, top=Neutral 0.25, tension=0.238) - 사람 검수 전"
ga_XczsO4eY.005,ga_XczsO4eY.005.mp4,ga_XczsO4eY,,,0.7681,"EMO-AffectNet pseudo-label (teacher=Aff-Wild2, top=Neutral 0.26, tension=0.232) - 사람 검수 전"
geXpIfaFzF4.001,geXpIfaFzF4.001.mp4,geXpIfaFzF4,,,0.8472,"EMO-AffectNet pseudo-label (teacher=Aff-Wild2, top=Happiness 0.40, tension=0.153) - 사람 검수 전"
geXpIfaFzF4.002,geXpIfaFzF4.002.mp4,geXpIfaFzF4,,,0.8044,"EMO-AffectNet pseudo-label (teacher=Aff-Wild2, top=Neutral 0.34, tension=0.196) - 사람 검수 전"
geXpIfaFzF4.003,geXpIfaFzF4.003.mp4,geXpIfaFzF4,,,0.81,"EMO-AffectNet pseudo-label (teacher=Aff-Wild2, top=Neutral 0.35, tension=0.190) - 사람 검수 전"
geXpIfaFzF4.004,geXpIfaFzF4.004.mp4,geXpIfaFzF4,,,0.8151,"EMO-AffectNet pseudo-label (teacher=Aff-Wild2, top=Neutral 0.27, tension=0.185) - 사람 검수 전"
geji1U2YAvg.002,geji1U2YAvg.002.mp4,geji1U2YAvg,,,0.7594,"EMO-AffectNet pseudo-label (teacher=Aff-Wild2, top=Happiness 0.37, tension=0.241) - 사람 검수 전"
gfTTzlRNF8s.003,gfTTzlRNF8s.003.mp4,gfTTzlRNF8s,,,0.7106,"EMO-AffectNet pseudo-label (teacher=Aff-Wild2, top=Surprise 0.32, tension=0.289) - 사람 검수 전"
gggp205gPMI.001,gggp205gPMI.001.mp4,gggp205gPMI,,,0.6872,"EMO-AffectNet pseudo-label (teacher=Aff-Wild2, top=Neutral 0.27, tension=0.313) - 사람 검수 전"
gggp205gPMI.003,gggp205gPMI.003.mp4,gggp205gPMI,,,0.6834,"EMO-AffectNet pseudo-label (teacher=Aff-Wild2, top=Neutral 0.32, tension=0.317) - 사람 검수 전"
gipWTZy9mjI.000,gipWTZy9mjI.000.mp4,gipWTZy9mjI,,,0.6751,"EMO-AffectNet pseudo-label (teacher=Aff-Wild2, top=Neutral 0.31, tension=0.325) - 사람 검수 전"
gipWTZy9mjI.002,gipWTZy9mjI.002.mp4,gipWTZy9mjI,,,0.6798,"EMO-AffectNet pseudo-label (teacher=Aff-Wild2, top=Anger 0.24, tension=0.320) - 사람 검수 전"
gipWTZy9mjI.003,gipWTZy9mjI.003.mp4,gipWTZy9mjI,,,0.6531,"EMO-AffectNet pseudo-label (teacher=Aff-Wild2, top=Anger 0.23, tension=0.347) - 사람 검수 전"
gipWTZy9mjI.005,gipWTZy9mjI.005.mp4,gipWTZy9mjI,,,0.7731,"EMO-AffectNet pseudo-label (teacher=Aff-Wild2, top=Happiness 0.35, tension=0.227) - 사람 검수 전"
gj3-xvhPeWg.003,gj3-xvhPeWg.003.mp4,gj3-xvhPeWg,,,0.6755,"EMO-AffectNet pseudo-label (teacher=Aff-Wild2, top=Neutral 0.31, tension=0.324) - 사람 검수 전"
gj3-xvhPeWg.005,gj3-xvhPeWg.005.mp4,gj3-xvhPeWg,,,0.6432,"EMO-AffectNet pseudo-label (teacher=Aff-Wild2, top=Sadness 0.32, tension=0.357) - 사람 검수 전"
gkKHdsF6du4.000,gkKHdsF6du4.000.mp4,gkKHdsF6du4,,,0.8202,"EMO-AffectNet pseudo-label (teacher=Aff-Wild2, top=Happiness 0.38, tension=0.180) - 사람 검수 전"
gkKHdsF6du4.003,gkKHdsF6du4.003.mp4,gkKHdsF6du4,,,0.8731,"EMO-AffectNet pseudo-label (teacher=Aff-Wild2, top=Happiness 0.58, tension=0.127) - 사람 검수 전"
gkKHdsF6du4.004,gkKHdsF6du4.004.mp4,gkKHdsF6du4,,,0.7964,"EMO-AffectNet pseudo-label (teacher=Aff-Wild2, top=Happiness 0.31, tension=0.204) - 사람 검수 전"
gktkLqLHMGs.001,gktkLqLHMGs.001.mp4,gktkLqLHMGs,,,0.722,"EMO-AffectNet pseudo-label (teacher=Aff-Wild2, top=Neutral 0.39, tension=0.278) - 사람 검수 전"
glgfB3vFewc.000,glgfB3vFewc.000.mp4,glgfB3vFewc,,,0.6363,"EMO-AffectNet pseudo-label (teacher=Aff-Wild2, top=Fear 0.25, tension=0.364) - 사람 검수 전"
glgfB3vFewc.002,glgfB3vFewc.002.mp4,glgfB3vFewc,,,0.6578,"EMO-AffectNet pseudo-label (teacher=Aff-Wild2, top=Fear 0.24, tension=0.342) - 사람 검수 전"
glgfB3vFewc.003,glgfB3vFewc.003.mp4,glgfB3vFewc,,,0.638,"EMO-AffectNet pseudo-label (teacher=Aff-Wild2, top=Fear 0.27, tension=0.362) - 사람 검수 전"
gngqDNTAXnI.002,gngqDNTAXnI.002.mp4,gngqDNTAXnI,,,0.7214,"EMO-AffectNet pseudo-label (teacher=Aff-Wild2, top=Anger 0.24, tension=0.279) - 사람 검수 전"
gngqDNTAXnI.004,gngqDNTAXnI.004.mp4,gngqDNTAXnI,,,0.7124,"EMO-AffectNet pseudo-label (teacher=Aff-Wild2, top=Surprise 0.33, tension=0.288) - 사람 검수 전"
gq0yaEv6gSE.000,gq0yaEv6gSE.000.mp4,gq0yaEv6gSE,,,0.634,"EMO-AffectNet pseudo-label (teacher=Aff-Wild2, top=Fear 0.28, tension=0.366) - 사람 검수 전"
gq0yaEv6gSE.002,gq0yaEv6gSE.002.mp4,gq0yaEv6gSE,,,0.6585,"EMO-AffectNet pseudo-label (teacher=Aff-Wild2, top=Fear 0.23, tension=0.341) - 사람 검수 전"
grhDDOLsBho.000,grhDDOLsBho.000.mp4,grhDDOLsBho,,,0.7361,"EMO-AffectNet pseudo-label (teacher=Aff-Wild2, top=Anger 0.26, tension=0.264) - 사람 검수 전"
grhDDOLsBho.002,grhDDOLsBho.002.mp4,grhDDOLsBho,,,0.7524,"EMO-AffectNet pseudo-label (teacher=Aff-Wild2, top=Happiness 0.32, tension=0.248) - 사람 검수 전"
grhDDOLsBho.004,grhDDOLsBho.004.mp4,grhDDOLsBho,,,0.764,"EMO-AffectNet pseudo-label (teacher=Aff-Wild2, top=Happiness 0.36, tension=0.236) - 사람 검수 전"
grhDDOLsBho.005,grhDDOLsBho.005.mp4,grhDDOLsBho,,,0.667,"EMO-AffectNet pseudo-label (teacher=Aff-Wild2, top=Anger 0.36, tension=0.333) - 사람 검수 전"
gsleSGEZHAs.000,gsleSGEZHAs.000.mp4,gsleSGEZHAs,,,0.6881,"EMO-AffectNet pseudo-label (teacher=Aff-Wild2, top=Neutral 0.36, tension=0.312) - 사람 검수 전"
gsleSGEZHAs.001,gsleSGEZHAs.001.mp4,gsleSGEZHAs,,,0.7329,"EMO-AffectNet pseudo-label (teacher=Aff-Wild2, top=Neutral 0.40, tension=0.267) - 사람 검수 전"
gsleSGEZHAs.002,gsleSGEZHAs.002.mp4,gsleSGEZHAs,,,0.6922,"EMO-AffectNet pseudo-label (teacher=Aff-Wild2, top=Neutral 0.34, tension=0.308) - 사람 검수 전"
gsleSGEZHAs.004,gsleSGEZHAs.004.mp4,gsleSGEZHAs,,,0.6792,"EMO-AffectNet pseudo-label (teacher=Aff-Wild2, top=Neutral 0.33, tension=0.321) - 사람 검수 전"
gsleSGEZHAs.005,gsleSGEZHAs.005.mp4,gsleSGEZHAs,,,0.6941,"EMO-AffectNet pseudo-label (teacher=Aff-Wild2, top=Neutral 0.35, tension=0.306) - 사람 검수 전"
h-jMFLm6U_Y.000,h-jMFLm6U_Y.000.mp4,h-jMFLm6U_Y,,,0.7465,"EMO-AffectNet pseudo-label (teacher=Aff-Wild2, top=Neutral 0.35, tension=0.253) - 사람 검수 전"
h-jMFLm6U_Y.004,h-jMFLm6U_Y.004.mp4,h-jMFLm6U_Y,,,0.7498,"EMO-AffectNet pseudo-label (teacher=Aff-Wild2, top=Neutral 0.33, tension=0.250) - 사람 검수 전"
h2-_bQdTZYY.004,h2-_bQdTZYY.004.mp4,h2-_bQdTZYY,,,0.9255,"EMO-AffectNet pseudo-label (teacher=Aff-Wild2, top=Happiness 0.77, tension=0.075) - 사람 검수 전"
h7qbP1GS50U.003,h7qbP1GS50U.003.mp4,h7qbP1GS50U,,,0.8207,"EMO-AffectNet pseudo-label (teacher=Aff-Wild2, top=Happiness 0.39, tension=0.179) - 사람 검수 전"
h7qbP1GS50U.004,h7qbP1GS50U.004.mp4,h7qbP1GS50U,,,0.7584,"EMO-AffectNet pseudo-label (teacher=Aff-Wild2, top=Surprise 0.28, tension=0.242) - 사람 검수 전"
h9jIdLBaMEo.000,h9jIdLBaMEo.000.mp4,h9jIdLBaMEo,,,0.7954,"EMO-AffectNet pseudo-label (teacher=Aff-Wild2, top=Happiness 0.52, tension=0.205) - 사람 검수 전"
h9jIdLBaMEo.001,h9jIdLBaMEo.001.mp4,h9jIdLBaMEo,,,0.8359,"EMO-AffectNet pseudo-label (teacher=Aff-Wild2, top=Happiness 0.52, tension=0.164) - 사람 검수 전"
h9jIdLBaMEo.002,h9jIdLBaMEo.002.mp4,h9jIdLBaMEo,,,0.7484,"EMO-AffectNet pseudo-label (teacher=Aff-Wild2, top=Happiness 0.43, tension=0.252) - 사람 검수 전"
h9jIdLBaMEo.004,h9jIdLBaMEo.004.mp4,h9jIdLBaMEo,,,0.763,"EMO-AffectNet pseudo-label (teacher=Aff-Wild2, top=Happiness 0.39, tension=0.237) - 사람 검수 전"
hDqsuyVeWmw.000,hDqsuyVeWmw.000.mp4,hDqsuyVeWmw,,,0.7285,"EMO-AffectNet pseudo-label (teacher=Aff-Wild2, top=Sadness 0.29, tension=0.271) - 사람 검수 전"
hDqsuyVeWmw.004,hDqsuyVeWmw.004.mp4,hDqsuyVeWmw,,,0.6962,"EMO-AffectNet pseudo-label (teacher=Aff-Wild2, top=Sadness 0.28, tension=0.304) - 사람 검수 전"
hF3yR5rmga8.001,hF3yR5rmga8.001.mp4,hF3yR5rmga8,,,0.8868,"EMO-AffectNet pseudo-label (teacher=Aff-Wild2, top=Happiness 0.61, tension=0.113) - 사람 검수 전"
hF3yR5rmga8.003,hF3yR5rmga8.003.mp4,hF3yR5rmga8,,,0.8468,"EMO-AffectNet pseudo-label (teacher=Aff-Wild2, top=Happiness 0.49, tension=0.153) - 사람 검수 전"
hF3yR5rmga8.004,hF3yR5rmga8.004.mp4,hF3yR5rmga8,,,0.8049,"EMO-AffectNet pseudo-label (teacher=Aff-Wild2, top=Happiness 0.38, tension=0.195) - 사람 검수 전"
hG-pwa191bw.000,hG-pwa191bw.000.mp4,hG-pwa191bw,,,0.6985,"EMO-AffectNet pseudo-label (teacher=Aff-Wild2, top=Neutral 0.23, tension=0.301) - 사람 검수 전"
hG-pwa191bw.002,hG-pwa191bw.002.mp4,hG-pwa191bw,,,0.7221,"EMO-AffectNet pseudo-label (teacher=Aff-Wild2, top=Surprise 0.21, tension=0.278) - 사람 검수 전"
hG0I7DLSSYg.001,hG0I7DLSSYg.001.mp4,hG0I7DLSSYg,,,0.764,"EMO-AffectNet pseudo-label (teacher=Aff-Wild2, top=Happiness 0.26, tension=0.236) - 사람 검수 전"
hG0I7DLSSYg.002,hG0I7DLSSYg.002.mp4,hG0I7DLSSYg,,,0.7785,"EMO-AffectNet pseudo-label (teacher=Aff-Wild2, top=Happiness 0.31, tension=0.221) - 사람 검수 전"
hG0I7DLSSYg.003,hG0I7DLSSYg.003.mp4,hG0I7DLSSYg,,,0.7697,"EMO-AffectNet pseudo-label (teacher=Aff-Wild2, top=Surprise 0.28, tension=0.230) - 사람 검수 전"
hG0I7DLSSYg.005,hG0I7DLSSYg.005.mp4,hG0I7DLSSYg,,,0.7575,"EMO-AffectNet pseudo-label (teacher=Aff-Wild2, top=Neutral 0.24, tension=0.242) - 사람 검수 전"
hIFNZ_ycngg.001,hIFNZ_ycngg.001.mp4,hIFNZ_ycngg,,,0.7743,"EMO-AffectNet pseudo-label (teacher=Aff-Wild2, top=Neutral 0.38, tension=0.226) - 사람 검수 전"
hIFNZ_ycngg.002,hIFNZ_ycngg.002.mp4,hIFNZ_ycngg,,,0.7627,"EMO-AffectNet pseudo-label (teacher=Aff-Wild2, top=Neutral 0.34, tension=0.237) - 사람 검수 전"
hIxLNK_x_QA.002,hIxLNK_x_QA.002.mp4,hIxLNK_x_QA,,,0.7553,"EMO-AffectNet pseudo-label (teacher=Aff-Wild2, top=Happiness 0.43, tension=0.245) - 사람 검수 전"
hIxLNK_x_QA.005,hIxLNK_x_QA.005.mp4,hIxLNK_x_QA,,,0.9313,"EMO-AffectNet pseudo-label (teacher=Aff-Wild2, top=Happiness 0.79, tension=0.069) - 사람 검수 전"
hK5lmI9pwck.003,hK5lmI9pwck.003.mp4,hK5lmI9pwck,,,0.783,"EMO-AffectNet pseudo-label (teacher=Aff-Wild2, top=Surprise 0.28, tension=0.217) - 사람 검수 전"
hM96SfN5_F4.004,hM96SfN5_F4.004.mp4,hM96SfN5_F4,,,0.8207,"EMO-AffectNet pseudo-label (teacher=Aff-Wild2, top=Happiness 0.37, tension=0.179) - 사람 검수 전"
hOXvRgxjfik.000,hOXvRgxjfik.000.mp4,hOXvRgxjfik,,,0.83,"EMO-AffectNet pseudo-label (teacher=Aff-Wild2, top=Happiness 0.45, tension=0.170) - 사람 검수 전"
hOXvRgxjfik.001,hOXvRgxjfik.001.mp4,hOXvRgxjfik,,,0.7602,"EMO-AffectNet pseudo-label (teacher=Aff-Wild2, top=Neutral 0.31, tension=0.240) - 사람 검수 전"
hOXvRgxjfik.003,hOXvRgxjfik.003.mp4,hOXvRgxjfik,,,0.7406,"EMO-AffectNet pseudo-label (teacher=Aff-Wild2, top=Neutral 0.33, tension=0.259) - 사람 검수 전"
hOXvRgxjfik.004,hOXvRgxjfik.004.mp4,hOXvRgxjfik,,,0.854,"EMO-AffectNet pseudo-label (teacher=Aff-Wild2, top=Happiness 0.52, tension=0.146) - 사람 검수 전"
hPguTv1Zvg8.001,hPguTv1Zvg8.001.mp4,hPguTv1Zvg8,,,0.679,"EMO-AffectNet pseudo-label (teacher=Aff-Wild2, top=Neutral 0.31, tension=0.321) - 사람 검수 전"
hPguTv1Zvg8.002,hPguTv1Zvg8.002.mp4,hPguTv1Zvg8,,,0.695,"EMO-AffectNet pseudo-label (teacher=Aff-Wild2, top=Neutral 0.33, tension=0.305) - 사람 검수 전"
hPguTv1Zvg8.003,hPguTv1Zvg8.003.mp4,hPguTv1Zvg8,,,0.6717,"EMO-AffectNet pseudo-label (teacher=Aff-Wild2, top=Neutral 0.26, tension=0.328) - 사람 검수 전"
hPguTv1Zvg8.004,hPguTv1Zvg8.004.mp4,hPguTv1Zvg8,,,0.6607,"EMO-AffectNet pseudo-label (teacher=Aff-Wild2, top=Neutral 0.25, tension=0.339) - 사람 검수 전"
hQImLccateA.002,hQImLccateA.002.mp4,hQImLccateA,,,0.7922,"EMO-AffectNet pseudo-label (teacher=Aff-Wild2, top=Happiness 0.27, tension=0.208) - 사람 검수 전"
hT83GkLYIFs.001,hT83GkLYIFs.001.mp4,hT83GkLYIFs,,,0.7594,"EMO-AffectNet pseudo-label (teacher=Aff-Wild2, top=Surprise 0.28, tension=0.241) - 사람 검수 전"
hT83GkLYIFs.002,hT83GkLYIFs.002.mp4,hT83GkLYIFs,,,0.8645,"EMO-AffectNet pseudo-label (teacher=Aff-Wild2, top=Happiness 0.55, tension=0.136) - 사람 검수 전"
hX2TVefa5bQ.002,hX2TVefa5bQ.002.mp4,hX2TVefa5bQ,,,0.7923,"EMO-AffectNet pseudo-label (teacher=Aff-Wild2, top=Happiness 0.31, tension=0.208) - 사람 검수 전"
hX2TVefa5bQ.005,hX2TVefa5bQ.005.mp4,hX2TVefa5bQ,,,0.8442,"EMO-AffectNet pseudo-label (teacher=Aff-Wild2, top=Happiness 0.48, tension=0.156) - 사람 검수 전"
hZIGQXercNA.001,hZIGQXercNA.001.mp4,hZIGQXercNA,,,0.8225,"EMO-AffectNet pseudo-label (teacher=Aff-Wild2, top=Happiness 0.39, tension=0.177) - 사람 검수 전"
h_GDQ9_H1es.002,h_GDQ9_H1es.002.mp4,h_GDQ9_H1es,,,0.7675,"EMO-AffectNet pseudo-label (teacher=Aff-Wild2, top=Neutral 0.31, tension=0.233) - 사람 검수 전"
h_kjgcJ_bqU.002,h_kjgcJ_bqU.002.mp4,h_kjgcJ_bqU,,,0.7425,"EMO-AffectNet pseudo-label (teacher=Aff-Wild2, top=Surprise 0.27, tension=0.258) - 사람 검수 전"
h_kjgcJ_bqU.003,h_kjgcJ_bqU.003.mp4,h_kjgcJ_bqU,,,0.7242,"EMO-AffectNet pseudo-label (teacher=Aff-Wild2, top=Surprise 0.26, tension=0.276) - 사람 검수 전"
h_kjgcJ_bqU.004,h_kjgcJ_bqU.004.mp4,h_kjgcJ_bqU,,,0.6971,"EMO-AffectNet pseudo-label (teacher=Aff-Wild2, top=Surprise 0.24, tension=0.303) - 사람 검수 전"
h_kjgcJ_bqU.005,h_kjgcJ_bqU.005.mp4,h_kjgcJ_bqU,,,0.7864,"EMO-AffectNet pseudo-label (teacher=Aff-Wild2, top=Happiness 0.36, tension=0.214) - 사람 검수 전"
haxhAfuccuE.000,haxhAfuccuE.000.mp4,haxhAfuccuE,,,0.7259,"EMO-AffectNet pseudo-label (teacher=Aff-Wild2, top=Neutral 0.32, tension=0.274) - 사람 검수 전"
hd2-msVu9-g.000,hd2-msVu9-g.000.mp4,hd2-msVu9-g,,,0.8034,"EMO-AffectNet pseudo-label (teacher=Aff-Wild2, top=Neutral 0.45, tension=0.197) - 사람 검수 전"
heE4ZZXwehI.002,heE4ZZXwehI.002.mp4,heE4ZZXwehI,,,0.6914,"EMO-AffectNet pseudo-label (teacher=Aff-Wild2, top=Anger 0.22, tension=0.309) - 사람 검수 전"
hfUH9Am-Izs.000,hfUH9Am-Izs.000.mp4,hfUH9Am-Izs,,,0.7133,"EMO-AffectNet pseudo-label (teacher=Aff-Wild2, top=Anger 0.20, tension=0.287) - 사람 검수 전"
hhdoeK8SsiI.000,hhdoeK8SsiI.000.mp4,hhdoeK8SsiI,,,0.7463,"EMO-AffectNet pseudo-label (teacher=Aff-Wild2, top=Neutral 0.24, tension=0.254) - 사람 검수 전"
hhdoeK8SsiI.001,hhdoeK8SsiI.001.mp4,hhdoeK8SsiI,,,0.7597,"EMO-AffectNet pseudo-label (teacher=Aff-Wild2, top=Surprise 0.24, tension=0.240) - 사람 검수 전"
hhdoeK8SsiI.002,hhdoeK8SsiI.002.mp4,hhdoeK8SsiI,,,0.6864,"EMO-AffectNet pseudo-label (teacher=Aff-Wild2, top=Surprise 0.20, tension=0.314) - 사람 검수 전"
hhdoeK8SsiI.003,hhdoeK8SsiI.003.mp4,hhdoeK8SsiI,,,0.7578,"EMO-AffectNet pseudo-label (teacher=Aff-Wild2, top=Happiness 0.28, tension=0.242) - 사람 검수 전"
hhdoeK8SsiI.005,hhdoeK8SsiI.005.mp4,hhdoeK8SsiI,,,0.7873,"EMO-AffectNet pseudo-label (teacher=Aff-Wild2, top=Neutral 0.28, tension=0.213) - 사람 검수 전"
hhdzTOyFIo8.001,hhdzTOyFIo8.001.mp4,hhdzTOyFIo8,,,0.7314,"EMO-AffectNet pseudo-label (teacher=Aff-Wild2, top=Happiness 0.29, tension=0.269) - 사람 검수 전"
hhdzTOyFIo8.002,hhdzTOyFIo8.002.mp4,hhdzTOyFIo8,,,0.6931,"EMO-AffectNet pseudo-label (teacher=Aff-Wild2, top=Happiness 0.23, tension=0.307) - 사람 검수 전"
hhdzTOyFIo8.003,hhdzTOyFIo8.003.mp4,hhdzTOyFIo8,,,0.6361,"EMO-AffectNet pseudo-label (teacher=Aff-Wild2, top=Sadness 0.29, tension=0.364) - 사람 검수 전"
hi8A0nUHnL8.003,hi8A0nUHnL8.003.mp4,hi8A0nUHnL8,,,0.7891,"EMO-AffectNet pseudo-label (teacher=Aff-Wild2, top=Happiness 0.33, tension=0.211) - 사람 검수 전"
hl70w5drc_4.003,hl70w5drc_4.003.mp4,hl70w5drc_4,,,0.6611,"EMO-AffectNet pseudo-label (teacher=Aff-Wild2, top=Anger 0.24, tension=0.339) - 사람 검수 전"
hmTY4CubpiE.002,hmTY4CubpiE.002.mp4,hmTY4CubpiE,,,0.6673,"EMO-AffectNet pseudo-label (teacher=Aff-Wild2, top=Sadness 0.25, tension=0.333) - 사람 검수 전"
hmy9XEvT2v4.000,hmy9XEvT2v4.000.mp4,hmy9XEvT2v4,,,0.8321,"EMO-AffectNet pseudo-label (teacher=Aff-Wild2, top=Happiness 0.54, tension=0.168) - 사람 검수 전"
hmy9XEvT2v4.004,hmy9XEvT2v4.004.mp4,hmy9XEvT2v4,,,0.7937,"EMO-AffectNet pseudo-label (teacher=Aff-Wild2, top=Happiness 0.42, tension=0.206) - 사람 검수 전"
hnMp0eX28es.001,hnMp0eX28es.001.mp4,hnMp0eX28es,,,0.6358,"EMO-AffectNet pseudo-label (teacher=Aff-Wild2, top=Sadness 0.39, tension=0.364) - 사람 검수 전"
hnWMsZEQWt4.001,hnWMsZEQWt4.001.mp4,hnWMsZEQWt4,,,0.6773,"EMO-AffectNet pseudo-label (teacher=Aff-Wild2, top=Fear 0.22, tension=0.323) - 사람 검수 전"
hnWMsZEQWt4.003,hnWMsZEQWt4.003.mp4,hnWMsZEQWt4,,,0.6996,"EMO-AffectNet pseudo-label (teacher=Aff-Wild2, top=Surprise 0.26, tension=0.300) - 사람 검수 전"
hqe-8SMJGmc.003,hqe-8SMJGmc.003.mp4,hqe-8SMJGmc,,,0.6871,"EMO-AffectNet pseudo-label (teacher=Aff-Wild2, top=Surprise 0.23, tension=0.313) - 사람 검수 전"
hquzfo9MVDo.001,hquzfo9MVDo.001.mp4,hquzfo9MVDo,,,0.5851,"EMO-AffectNet pseudo-label (teacher=Aff-Wild2, top=Fear 0.35, tension=0.415) - 사람 검수 전"
hquzfo9MVDo.002,hquzfo9MVDo.002.mp4,hquzfo9MVDo,,,0.6628,"EMO-AffectNet pseudo-label (teacher=Aff-Wild2, top=Neutral 0.26, tension=0.337) - 사람 검수 전"
hquzfo9MVDo.003,hquzfo9MVDo.003.mp4,hquzfo9MVDo,,,0.7827,"EMO-AffectNet pseudo-label (teacher=Aff-Wild2, top=Happiness 0.33, tension=0.217) - 사람 검수 전"
hrat_RJczFM.001,hrat_RJczFM.001.mp4,hrat_RJczFM,,,0.6655,"EMO-AffectNet pseudo-label (teacher=Aff-Wild2, top=Neutral 0.24, tension=0.335) - 사람 검수 전"
hrat_RJczFM.002,hrat_RJczFM.002.mp4,hrat_RJczFM,,,0.6207,"EMO-AffectNet pseudo-label (teacher=Aff-Wild2, top=Anger 0.26, tension=0.379) - 사람 검수 전"
hrat_RJczFM.004,hrat_RJczFM.004.mp4,hrat_RJczFM,,,0.6714,"EMO-AffectNet pseudo-label (teacher=Aff-Wild2, top=Sadness 0.32, tension=0.329) - 사람 검수 전"
hsXn0N8bAYs.005,hsXn0N8bAYs.005.mp4,hsXn0N8bAYs,,,0.804,"EMO-AffectNet pseudo-label (teacher=Aff-Wild2, top=Neutral 0.39, tension=0.196) - 사람 검수 전"
hspeWl-Bip0.002,hspeWl-Bip0.002.mp4,hspeWl-Bip0,,,0.8313,"EMO-AffectNet pseudo-label (teacher=Aff-Wild2, top=Happiness 0.49, tension=0.169) - 사람 검수 전"
hspeWl-Bip0.003,hspeWl-Bip0.003.mp4,hspeWl-Bip0,,,0.6552,"EMO-AffectNet pseudo-label (teacher=Aff-Wild2, top=Sadness 0.17, tension=0.345) - 사람 검수 전"
hspeWl-Bip0.004,hspeWl-Bip0.004.mp4,hspeWl-Bip0,,,0.7595,"EMO-AffectNet pseudo-label (teacher=Aff-Wild2, top=Happiness 0.33, tension=0.241) - 사람 검수 전"
htH89DBizno.000,htH89DBizno.000.mp4,htH89DBizno,,,0.7261,"EMO-AffectNet pseudo-label (teacher=Aff-Wild2, top=Neutral 0.29, tension=0.274) - 사람 검수 전"
htH89DBizno.001,htH89DBizno.001.mp4,htH89DBizno,,,0.6958,"EMO-AffectNet pseudo-label (teacher=Aff-Wild2, top=Neutral 0.27, tension=0.304) - 사람 검수 전"
htH89DBizno.002,htH89DBizno.002.mp4,htH89DBizno,,,0.7752,"EMO-AffectNet pseudo-label (teacher=Aff-Wild2, top=Neutral 0.28, tension=0.225) - 사람 검수 전"
htH89DBizno.003,htH89DBizno.003.mp4,htH89DBizno,,,0.7499,"EMO-AffectNet pseudo-label (teacher=Aff-Wild2, top=Happiness 0.33, tension=0.250) - 사람 검수 전"
htH89DBizno.005,htH89DBizno.005.mp4,htH89DBizno,,,0.6969,"EMO-AffectNet pseudo-label (teacher=Aff-Wild2, top=Sadness 0.25, tension=0.303) - 사람 검수 전"
huIQlWsIEvY.000,huIQlWsIEvY.000.mp4,huIQlWsIEvY,,,0.7317,"EMO-AffectNet pseudo-label (teacher=Aff-Wild2, top=Neutral 0.41, tension=0.268) - 사람 검수 전"
huIQlWsIEvY.003,huIQlWsIEvY.003.mp4,huIQlWsIEvY,,,0.7765,"EMO-AffectNet pseudo-label (teacher=Aff-Wild2, top=Happiness 0.27, tension=0.224) - 사람 검수 전"
huIQlWsIEvY.004,huIQlWsIEvY.004.mp4,huIQlWsIEvY,,,0.7157,"EMO-AffectNet pseudo-label (teacher=Aff-Wild2, top=Neutral 0.38, tension=0.284) - 사람 검수 전"
huIQlWsIEvY.005,huIQlWsIEvY.005.mp4,huIQlWsIEvY,,,0.7059,"EMO-AffectNet pseudo-label (teacher=Aff-Wild2, top=Neutral 0.32, tension=0.294) - 사람 검수 전"
i1cAYtXA2Xs.002,i1cAYtXA2Xs.002.mp4,i1cAYtXA2Xs,,,0.647,"EMO-AffectNet pseudo-label (teacher=Aff-Wild2, top=Fear 0.26, tension=0.353) - 사람 검수 전"
i1cAYtXA2Xs.003,i1cAYtXA2Xs.003.mp4,i1cAYtXA2Xs,,,0.6938,"EMO-AffectNet pseudo-label (teacher=Aff-Wild2, top=Anger 0.32, tension=0.306) - 사람 검수 전"
i1gouUmZumY.001,i1gouUmZumY.001.mp4,i1gouUmZumY,,,0.7181,"EMO-AffectNet pseudo-label (teacher=Aff-Wild2, top=Neutral 0.26, tension=0.282) - 사람 검수 전"
i1gouUmZumY.002,i1gouUmZumY.002.mp4,i1gouUmZumY,,,0.6964,"EMO-AffectNet pseudo-label (teacher=Aff-Wild2, top=Neutral 0.27, tension=0.304) - 사람 검수 전"
i1gouUmZumY.003,i1gouUmZumY.003.mp4,i1gouUmZumY,,,0.7258,"EMO-AffectNet pseudo-label (teacher=Aff-Wild2, top=Neutral 0.26, tension=0.274) - 사람 검수 전"
i4IVTm3uvoM.000,i4IVTm3uvoM.000.mp4,i4IVTm3uvoM,,,0.8411,"EMO-AffectNet pseudo-label (teacher=Aff-Wild2, top=Happiness 0.39, tension=0.159) - 사람 검수 전"
i4IVTm3uvoM.002,i4IVTm3uvoM.002.mp4,i4IVTm3uvoM,,,0.8365,"EMO-AffectNet pseudo-label (teacher=Aff-Wild2, top=Happiness 0.35, tension=0.163) - 사람 검수 전"
i4IVTm3uvoM.005,i4IVTm3uvoM.005.mp4,i4IVTm3uvoM,,,0.8151,"EMO-AffectNet pseudo-label (teacher=Aff-Wild2, top=Happiness 0.30, tension=0.185) - 사람 검수 전"
iAgu-wDe2MQ.000,iAgu-wDe2MQ.000.mp4,iAgu-wDe2MQ,,,0.7899,"EMO-AffectNet pseudo-label (teacher=Aff-Wild2, top=Happiness 0.35, tension=0.210) - 사람 검수 전"
iAgu-wDe2MQ.002,iAgu-wDe2MQ.002.mp4,iAgu-wDe2MQ,,,0.6521,"EMO-AffectNet pseudo-label (teacher=Aff-Wild2, top=Sadness 0.30, tension=0.348) - 사람 검수 전"
iAgu-wDe2MQ.003,iAgu-wDe2MQ.003.mp4,iAgu-wDe2MQ,,,0.9016,"EMO-AffectNet pseudo-label (teacher=Aff-Wild2, top=Happiness 0.70, tension=0.098) - 사람 검수 전"
iFSF6v3xw_k.002,iFSF6v3xw_k.002.mp4,iFSF6v3xw_k,,,0.7189,"EMO-AffectNet pseudo-label (teacher=Aff-Wild2, top=Neutral 0.29, tension=0.281) - 사람 검수 전"
iFSF6v3xw_k.005,iFSF6v3xw_k.005.mp4,iFSF6v3xw_k,,,0.7301,"EMO-AffectNet pseudo-label (teacher=Aff-Wild2, top=Surprise 0.28, tension=0.270) - 사람 검수 전"
iGBVrJMr62U.000,iGBVrJMr62U.000.mp4,iGBVrJMr62U,,,0.8605,"EMO-AffectNet pseudo-label (teacher=Aff-Wild2, top=Happiness 0.54, tension=0.139) - 사람 검수 전"
iGBVrJMr62U.002,iGBVrJMr62U.002.mp4,iGBVrJMr62U,,,0.767,"EMO-AffectNet pseudo-label (teacher=Aff-Wild2, top=Happiness 0.29, tension=0.233) - 사람 검수 전"
iGBVrJMr62U.003,iGBVrJMr62U.003.mp4,iGBVrJMr62U,,,0.9378,"EMO-AffectNet pseudo-label (teacher=Aff-Wild2, top=Happiness 0.79, tension=0.062) - 사람 검수 전"
iGBVrJMr62U.005,iGBVrJMr62U.005.mp4,iGBVrJMr62U,,,0.8848,"EMO-AffectNet pseudo-label (teacher=Aff-Wild2, top=Happiness 0.61, tension=0.115) - 사람 검수 전"
iGlLSkRAsJc.000,iGlLSkRAsJc.000.mp4,iGlLSkRAsJc,,,0.8123,"EMO-AffectNet pseudo-label (teacher=Aff-Wild2, top=Happiness 0.44, tension=0.188) - 사람 검수 전"
iGlLSkRAsJc.003,iGlLSkRAsJc.003.mp4,iGlLSkRAsJc,,,0.7944,"EMO-AffectNet pseudo-label (teacher=Aff-Wild2, top=Happiness 0.42, tension=0.206) - 사람 검수 전"
iGlLSkRAsJc.004,iGlLSkRAsJc.004.mp4,iGlLSkRAsJc,,,0.7862,"EMO-AffectNet pseudo-label (teacher=Aff-Wild2, top=Happiness 0.37, tension=0.214) - 사람 검수 전"
iGlLSkRAsJc.005,iGlLSkRAsJc.005.mp4,iGlLSkRAsJc,,,0.7578,"EMO-AffectNet pseudo-label (teacher=Aff-Wild2, top=Happiness 0.27, tension=0.242) - 사람 검수 전"
iJGHwoJKEpA.002,iJGHwoJKEpA.002.mp4,iJGHwoJKEpA,,,0.6313,"EMO-AffectNet pseudo-label (teacher=Aff-Wild2, top=Sadness 0.28, tension=0.369) - 사람 검수 전"
iJGHwoJKEpA.003,iJGHwoJKEpA.003.mp4,iJGHwoJKEpA,,,0.6463,"EMO-AffectNet pseudo-label (teacher=Aff-Wild2, top=Anger 0.23, tension=0.354) - 사람 검수 전"
iL6lNdRS0ZU.000,iL6lNdRS0ZU.000.mp4,iL6lNdRS0ZU,,,0.77,"EMO-AffectNet pseudo-label (teacher=Aff-Wild2, top=Surprise 0.25, tension=0.230) - 사람 검수 전"
iOB65zCiOFM.001,iOB65zCiOFM.001.mp4,iOB65zCiOFM,,,0.5867,"EMO-AffectNet pseudo-label (teacher=Aff-Wild2, top=Disgust 0.34, tension=0.413) - 사람 검수 전"
iOB65zCiOFM.003,iOB65zCiOFM.003.mp4,iOB65zCiOFM,,,0.6329,"EMO-AffectNet pseudo-label (teacher=Aff-Wild2, top=Sadness 0.28, tension=0.367) - 사람 검수 전"
iOv0_RdVPCM.000,iOv0_RdVPCM.000.mp4,iOv0_RdVPCM,,,0.7633,"EMO-AffectNet pseudo-label (teacher=Aff-Wild2, top=Surprise 0.31, tension=0.237) - 사람 검수 전"
iOv0_RdVPCM.003,iOv0_RdVPCM.003.mp4,iOv0_RdVPCM,,,0.7572,"EMO-AffectNet pseudo-label (teacher=Aff-Wild2, top=Surprise 0.28, tension=0.243) - 사람 검수 전"
iOv0_RdVPCM.005,iOv0_RdVPCM.005.mp4,iOv0_RdVPCM,,,0.691,"EMO-AffectNet pseudo-label (teacher=Aff-Wild2, top=Fear 0.24, tension=0.309) - 사람 검수 전"
iPblZBQpafs.001,iPblZBQpafs.001.mp4,iPblZBQpafs,,,0.7534,"EMO-AffectNet pseudo-label (teacher=Aff-Wild2, top=Neutral 0.24, tension=0.247) - 사람 검수 전"
iPblZBQpafs.002,iPblZBQpafs.002.mp4,iPblZBQpafs,,,0.7024,"EMO-AffectNet pseudo-label (teacher=Aff-Wild2, top=Neutral 0.27, tension=0.298) - 사람 검수 전"
iPblZBQpafs.003,iPblZBQpafs.003.mp4,iPblZBQpafs,,,0.7822,"EMO-AffectNet pseudo-label (teacher=Aff-Wild2, top=Happiness 0.30, tension=0.218) - 사람 검수 전"
iPblZBQpafs.004,iPblZBQpafs.004.mp4,iPblZBQpafs,,,0.7448,"EMO-AffectNet pseudo-label (teacher=Aff-Wild2, top=Neutral 0.29, tension=0.255) - 사람 검수 전"
iPblZBQpafs.005,iPblZBQpafs.005.mp4,iPblZBQpafs,,,0.7488,"EMO-AffectNet pseudo-label (teacher=Aff-Wild2, top=Neutral 0.37, tension=0.251) - 사람 검수 전"
iQvoDdxt06M.000,iQvoDdxt06M.000.mp4,iQvoDdxt06M,,,0.749,"EMO-AffectNet pseudo-label (teacher=Aff-Wild2, top=Neutral 0.25, tension=0.251) - 사람 검수 전"
iQvoDdxt06M.003,iQvoDdxt06M.003.mp4,iQvoDdxt06M,,,0.7605,"EMO-AffectNet pseudo-label (teacher=Aff-Wild2, top=Neutral 0.24, tension=0.240) - 사람 검수 전"
iQvoDdxt06M.005,iQvoDdxt06M.005.mp4,iQvoDdxt06M,,,0.7525,"EMO-AffectNet pseudo-label (teacher=Aff-Wild2, top=Surprise 0.26, tension=0.247) - 사람 검수 전"
iW1t-ZiG2rc.000,iW1t-ZiG2rc.000.mp4,iW1t-ZiG2rc,,,0.6983,"EMO-AffectNet pseudo-label (teacher=Aff-Wild2, top=Neutral 0.30, tension=0.302) - 사람 검수 전"
iW1t-ZiG2rc.001,iW1t-ZiG2rc.001.mp4,iW1t-ZiG2rc,,,0.6845,"EMO-AffectNet pseudo-label (teacher=Aff-Wild2, top=Neutral 0.28, tension=0.316) - 사람 검수 전"
iWyAQkMVNfM.003,iWyAQkMVNfM.003.mp4,iWyAQkMVNfM,,,0.7732,"EMO-AffectNet pseudo-label (teacher=Aff-Wild2, top=Neutral 0.28, tension=0.227) - 사람 검수 전"
iWyAQkMVNfM.004,iWyAQkMVNfM.004.mp4,iWyAQkMVNfM,,,0.7227,"EMO-AffectNet pseudo-label (teacher=Aff-Wild2, top=Neutral 0.42, tension=0.277) - 사람 검수 전"
iXaqqRE76lI.000,iXaqqRE76lI.000.mp4,iXaqqRE76lI,,,0.7335,"EMO-AffectNet pseudo-label (teacher=Aff-Wild2, top=Neutral 0.25, tension=0.266) - 사람 검수 전"
iXaqqRE76lI.001,iXaqqRE76lI.001.mp4,iXaqqRE76lI,,,0.7667,"EMO-AffectNet pseudo-label (teacher=Aff-Wild2, top=Neutral 0.22, tension=0.233) - 사람 검수 전"
iXaqqRE76lI.003,iXaqqRE76lI.003.mp4,iXaqqRE76lI,,,0.8206,"EMO-AffectNet pseudo-label (teacher=Aff-Wild2, top=Happiness 0.39, tension=0.179) - 사람 검수 전"
iYVJt41_q7M.002,iYVJt41_q7M.002.mp4,iYVJt41_q7M,,,0.6756,"EMO-AffectNet pseudo-label (teacher=Aff-Wild2, top=Neutral 0.35, tension=0.324) - 사람 검수 전"
iaCYb7um0Lw.000,iaCYb7um0Lw.000.mp4,iaCYb7um0Lw,,,0.7698,"EMO-AffectNet pseudo-label (teacher=Aff-Wild2, top=Happiness 0.30, tension=0.230) - 사람 검수 전"
ibawV2tqKug.001,ibawV2tqKug.001.mp4,ibawV2tqKug,,,0.7266,"EMO-AffectNet pseudo-label (teacher=Aff-Wild2, top=Happiness 0.35, tension=0.273) - 사람 검수 전"
ibawV2tqKug.004,ibawV2tqKug.004.mp4,ibawV2tqKug,,,0.7359,"EMO-AffectNet pseudo-label (teacher=Aff-Wild2, top=Happiness 0.36, tension=0.264) - 사람 검수 전"
ibawV2tqKug.005,ibawV2tqKug.005.mp4,ibawV2tqKug,,,0.7722,"EMO-AffectNet pseudo-label (teacher=Aff-Wild2, top=Happiness 0.44, tension=0.228) - 사람 검수 전"
ic_LECbCm5M.002,ic_LECbCm5M.002.mp4,ic_LECbCm5M,,,0.6528,"EMO-AffectNet pseudo-label (teacher=Aff-Wild2, top=Sadness 0.27, tension=0.347) - 사람 검수 전"
ic_LECbCm5M.004,ic_LECbCm5M.004.mp4,ic_LECbCm5M,,,0.6536,"EMO-AffectNet pseudo-label (teacher=Aff-Wild2, top=Sadness 0.26, tension=0.346) - 사람 검수 전"
idsEawKW4X8.000,idsEawKW4X8.000.mp4,idsEawKW4X8,,,0.7318,"EMO-AffectNet pseudo-label (teacher=Aff-Wild2, top=Neutral 0.23, tension=0.268) - 사람 검수 전"
idsEawKW4X8.004,idsEawKW4X8.004.mp4,idsEawKW4X8,,,0.7018,"EMO-AffectNet pseudo-label (teacher=Aff-Wild2, top=Anger 0.19, tension=0.298) - 사람 검수 전"
idsEawKW4X8.005,idsEawKW4X8.005.mp4,idsEawKW4X8,,,0.6864,"EMO-AffectNet pseudo-label (teacher=Aff-Wild2, top=Neutral 0.32, tension=0.314) - 사람 검수 전"
ihA8DzHWyiU.001,ihA8DzHWyiU.001.mp4,ihA8DzHWyiU,,,0.6326,"EMO-AffectNet pseudo-label (teacher=Aff-Wild2, top=Fear 0.21, tension=0.367) - 사람 검수 전"
ihEFzP5S57g.000,ihEFzP5S57g.000.mp4,ihEFzP5S57g,,,0.6111,"EMO-AffectNet pseudo-label (teacher=Aff-Wild2, top=Sadness 0.33, tension=0.389) - 사람 검수 전"
ihEFzP5S57g.003,ihEFzP5S57g.003.mp4,ihEFzP5S57g,,,0.7076,"EMO-AffectNet pseudo-label (teacher=Aff-Wild2, top=Happiness 0.31, tension=0.292) - 사람 검수 전"
iiW_nu6JITY.001,iiW_nu6JITY.001.mp4,iiW_nu6JITY,,,0.7913,"EMO-AffectNet pseudo-label (teacher=Aff-Wild2, top=Neutral 0.33, tension=0.209) - 사람 검수 전"
iiW_nu6JITY.002,iiW_nu6JITY.002.mp4,iiW_nu6JITY,,,0.7579,"EMO-AffectNet pseudo-label (teacher=Aff-Wild2, top=Neutral 0.33, tension=0.242) - 사람 검수 전"
iiW_nu6JITY.004,iiW_nu6JITY.004.mp4,iiW_nu6JITY,,,0.7523,"EMO-AffectNet pseudo-label (teacher=Aff-Wild2, top=Neutral 0.28, tension=0.248) - 사람 검수 전"
iiW_nu6JITY.005,iiW_nu6JITY.005.mp4,iiW_nu6JITY,,,0.7734,"EMO-AffectNet pseudo-label (teacher=Aff-Wild2, top=Neutral 0.28, tension=0.227) - 사람 검수 전"
ilOi-sQo9HI.001,ilOi-sQo9HI.001.mp4,ilOi-sQo9HI,,,0.7048,"EMO-AffectNet pseudo-label (teacher=Aff-Wild2, top=Neutral 0.32, tension=0.295) - 사람 검수 전"
ilOi-sQo9HI.005,ilOi-sQo9HI.005.mp4,ilOi-sQo9HI,,,0.7197,"EMO-AffectNet pseudo-label (teacher=Aff-Wild2, top=Neutral 0.33, tension=0.280) - 사람 검수 전"
in-HuMgiDCE.001,in-HuMgiDCE.001.mp4,in-HuMgiDCE,,,0.6512,"EMO-AffectNet pseudo-label (teacher=Aff-Wild2, top=Sadness 0.32, tension=0.349) - 사람 검수 전"
in-HuMgiDCE.002,in-HuMgiDCE.002.mp4,in-HuMgiDCE,,,0.6642,"EMO-AffectNet pseudo-label (teacher=Aff-Wild2, top=Neutral 0.26, tension=0.336) - 사람 검수 전"
in-HuMgiDCE.003,in-HuMgiDCE.003.mp4,in-HuMgiDCE,,,0.6432,"EMO-AffectNet pseudo-label (teacher=Aff-Wild2, top=Sadness 0.25, tension=0.357) - 사람 검수 전"
in-HuMgiDCE.004,in-HuMgiDCE.004.mp4,in-HuMgiDCE,,,0.6465,"EMO-AffectNet pseudo-label (teacher=Aff-Wild2, top=Fear 0.23, tension=0.354) - 사람 검수 전"
io0aNQE8En8.000,io0aNQE8En8.000.mp4,io0aNQE8En8,,,0.7217,"EMO-AffectNet pseudo-label (teacher=Aff-Wild2, top=Neutral 0.23, tension=0.278) - 사람 검수 전"
io0aNQE8En8.002,io0aNQE8En8.002.mp4,io0aNQE8En8,,,0.7442,"EMO-AffectNet pseudo-label (teacher=Aff-Wild2, top=Surprise 0.33, tension=0.256) - 사람 검수 전"
io0aNQE8En8.003,io0aNQE8En8.003.mp4,io0aNQE8En8,,,0.6616,"EMO-AffectNet pseudo-label (teacher=Aff-Wild2, top=Sadness 0.22, tension=0.338) - 사람 검수 전"
io0aNQE8En8.005,io0aNQE8En8.005.mp4,io0aNQE8En8,,,0.7146,"EMO-AffectNet pseudo-label (teacher=Aff-Wild2, top=Neutral 0.28, tension=0.285) - 사람 검수 전"
io8dFIfl9Go.000,io8dFIfl9Go.000.mp4,io8dFIfl9Go,,,0.7415,"EMO-AffectNet pseudo-label (teacher=Aff-Wild2, top=Surprise 0.29, tension=0.259) - 사람 검수 전"
ioaBnmfoHgo.000,ioaBnmfoHgo.000.mp4,ioaBnmfoHgo,,,0.7613,"EMO-AffectNet pseudo-label (teacher=Aff-Wild2, top=Anger 0.23, tension=0.239) - 사람 검수 전"
ipP--IqIuWU.001,ipP--IqIuWU.001.mp4,ipP--IqIuWU,,,0.6937,"EMO-AffectNet pseudo-label (teacher=Aff-Wild2, top=Neutral 0.34, tension=0.306) - 사람 검수 전"
ipP--IqIuWU.002,ipP--IqIuWU.002.mp4,ipP--IqIuWU,,,0.712,"EMO-AffectNet pseudo-label (teacher=Aff-Wild2, top=Neutral 0.40, tension=0.288) - 사람 검수 전"
ipP--IqIuWU.003,ipP--IqIuWU.003.mp4,ipP--IqIuWU,,,0.6735,"EMO-AffectNet pseudo-label (teacher=Aff-Wild2, top=Neutral 0.29, tension=0.326) - 사람 검수 전"
iqs7mZbg5UI.001,iqs7mZbg5UI.001.mp4,iqs7mZbg5UI,,,0.72,"EMO-AffectNet pseudo-label (teacher=Aff-Wild2, top=Neutral 0.26, tension=0.280) - 사람 검수 전"
iqs7mZbg5UI.005,iqs7mZbg5UI.005.mp4,iqs7mZbg5UI,,,0.7161,"EMO-AffectNet pseudo-label (teacher=Aff-Wild2, top=Neutral 0.24, tension=0.284) - 사람 검수 전"
isaP2l3rlBQ.001,isaP2l3rlBQ.001.mp4,isaP2l3rlBQ,,,0.734,"EMO-AffectNet pseudo-label (teacher=Aff-Wild2, top=Neutral 0.27, tension=0.266) - 사람 검수 전"
isqmQc9AfBc.000,isqmQc9AfBc.000.mp4,isqmQc9AfBc,,,0.6575,"EMO-AffectNet pseudo-label (teacher=Aff-Wild2, top=Neutral 0.30, tension=0.342) - 사람 검수 전"
isqmQc9AfBc.001,isqmQc9AfBc.001.mp4,isqmQc9AfBc,,,0.6174,"EMO-AffectNet pseudo-label (teacher=Aff-Wild2, top=Sadness 0.23, tension=0.383) - 사람 검수 전"
isqmQc9AfBc.003,isqmQc9AfBc.003.mp4,isqmQc9AfBc,,,0.6589,"EMO-AffectNet pseudo-label (teacher=Aff-Wild2, top=Neutral 0.30, tension=0.341) - 사람 검수 전"
isqmQc9AfBc.005,isqmQc9AfBc.005.mp4,isqmQc9AfBc,,,0.634,"EMO-AffectNet pseudo-label (teacher=Aff-Wild2, top=Sadness 0.25, tension=0.366) - 사람 검수 전"
iuiuZuWtEH8.001,iuiuZuWtEH8.001.mp4,iuiuZuWtEH8,,,0.6311,"EMO-AffectNet pseudo-label (teacher=Aff-Wild2, top=Anger 0.28, tension=0.369) - 사람 검수 전"
ivcVlDXJCDo.000,ivcVlDXJCDo.000.mp4,ivcVlDXJCDo,,,0.9417,"EMO-AffectNet pseudo-label (teacher=Aff-Wild2, top=Happiness 0.82, tension=0.058) - 사람 검수 전"
ivcVlDXJCDo.001,ivcVlDXJCDo.001.mp4,ivcVlDXJCDo,,,0.9479,"EMO-AffectNet pseudo-label (teacher=Aff-Wild2, top=Happiness 0.83, tension=0.052) - 사람 검수 전"
ivcVlDXJCDo.002,ivcVlDXJCDo.002.mp4,ivcVlDXJCDo,,,0.9041,"EMO-AffectNet pseudo-label (teacher=Aff-Wild2, top=Happiness 0.71, tension=0.096) - 사람 검수 전"
ivecmGb711M.001,ivecmGb711M.001.mp4,ivecmGb711M,,,0.8729,"EMO-AffectNet pseudo-label (teacher=Aff-Wild2, top=Happiness 0.52, tension=0.127) - 사람 검수 전"
ivpw58MIRtQ.003,ivpw58MIRtQ.003.mp4,ivpw58MIRtQ,,,0.7227,"EMO-AffectNet pseudo-label (teacher=Aff-Wild2, top=Surprise 0.39, tension=0.277) - 사람 검수 전"
ivpw58MIRtQ.005,ivpw58MIRtQ.005.mp4,ivpw58MIRtQ,,,0.6863,"EMO-AffectNet pseudo-label (teacher=Aff-Wild2, top=Surprise 0.20, tension=0.314) - 사람 검수 전"
ixPqs7L8oAE.003,ixPqs7L8oAE.003.mp4,ixPqs7L8oAE,,,0.7104,"EMO-AffectNet pseudo-label (teacher=Aff-Wild2, top=Surprise 0.23, tension=0.290) - 사람 검수 전"
ixPqs7L8oAE.004,ixPqs7L8oAE.004.mp4,ixPqs7L8oAE,,,0.7336,"EMO-AffectNet pseudo-label (teacher=Aff-Wild2, top=Neutral 0.25, tension=0.266) - 사람 검수 전"
ixPqs7L8oAE.005,ixPqs7L8oAE.005.mp4,ixPqs7L8oAE,,,0.7425,"EMO-AffectNet pseudo-label (teacher=Aff-Wild2, top=Neutral 0.22, tension=0.257) - 사람 검수 전"
ixkHBIX84SE.000,ixkHBIX84SE.000.mp4,ixkHBIX84SE,,,0.6263,"EMO-AffectNet pseudo-label (teacher=Aff-Wild2, top=Sadness 0.27, tension=0.374) - 사람 검수 전"
izq1ogkfedI.002,izq1ogkfedI.002.mp4,izq1ogkfedI,,,0.6587,"EMO-AffectNet pseudo-label (teacher=Aff-Wild2, top=Neutral 0.23, tension=0.341) - 사람 검수 전"
izq1ogkfedI.004,izq1ogkfedI.004.mp4,izq1ogkfedI,,,0.5855,"EMO-AffectNet pseudo-label (teacher=Aff-Wild2, top=Disgust 0.44, tension=0.415) - 사람 검수 전"
izqyworQEEM.000,izqyworQEEM.000.mp4,izqyworQEEM,,,0.698,"EMO-AffectNet pseudo-label (teacher=Aff-Wild2, top=Surprise 0.27, tension=0.302) - 사람 검수 전"
izqyworQEEM.001,izqyworQEEM.001.mp4,izqyworQEEM,,,0.7714,"EMO-AffectNet pseudo-label (teacher=Aff-Wild2, top=Happiness 0.38, tension=0.229) - 사람 검수 전"
izqyworQEEM.002,izqyworQEEM.002.mp4,izqyworQEEM,,,0.7589,"EMO-AffectNet pseudo-label (teacher=Aff-Wild2, top=Happiness 0.37, tension=0.241) - 사람 검수 전"
j-XUQ3Rmq6w.001,j-XUQ3Rmq6w.001.mp4,j-XUQ3Rmq6w,,,0.7708,"EMO-AffectNet pseudo-label (teacher=Aff-Wild2, top=Neutral 0.36, tension=0.229) - 사람 검수 전"
j-XUQ3Rmq6w.002,j-XUQ3Rmq6w.002.mp4,j-XUQ3Rmq6w,,,0.766,"EMO-AffectNet pseudo-label (teacher=Aff-Wild2, top=Neutral 0.37, tension=0.234) - 사람 검수 전"
j-XUQ3Rmq6w.003,j-XUQ3Rmq6w.003.mp4,j-XUQ3Rmq6w,,,0.7604,"EMO-AffectNet pseudo-label (teacher=Aff-Wild2, top=Neutral 0.40, tension=0.240) - 사람 검수 전"
j-XUQ3Rmq6w.004,j-XUQ3Rmq6w.004.mp4,j-XUQ3Rmq6w,,,0.7949,"EMO-AffectNet pseudo-label (teacher=Aff-Wild2, top=Neutral 0.33, tension=0.205) - 사람 검수 전"
j-XUQ3Rmq6w.005,j-XUQ3Rmq6w.005.mp4,j-XUQ3Rmq6w,,,0.7923,"EMO-AffectNet pseudo-label (teacher=Aff-Wild2, top=Neutral 0.29, tension=0.208) - 사람 검수 전"
j0dnDXTyUBA.001,j0dnDXTyUBA.001.mp4,j0dnDXTyUBA,,,0.6196,"EMO-AffectNet pseudo-label (teacher=Aff-Wild2, top=Sadness 0.30, tension=0.380) - 사람 검수 전"
j1idNSoB7tA.000,j1idNSoB7tA.000.mp4,j1idNSoB7tA,,,0.7588,"EMO-AffectNet pseudo-label (teacher=Aff-Wild2, top=Neutral 0.25, tension=0.241) - 사람 검수 전"
j3jdT1V-DeI.000,j3jdT1V-DeI.000.mp4,j3jdT1V-DeI,,,0.7301,"EMO-AffectNet pseudo-label (teacher=Aff-Wild2, top=Happiness 0.29, tension=0.270) - 사람 검수 전"
j3jdT1V-DeI.001,j3jdT1V-DeI.001.mp4,j3jdT1V-DeI,,,0.8013,"EMO-AffectNet pseudo-label (teacher=Aff-Wild2, top=Happiness 0.45, tension=0.199) - 사람 검수 전"
j3jdT1V-DeI.002,j3jdT1V-DeI.002.mp4,j3jdT1V-DeI,,,0.7027,"EMO-AffectNet pseudo-label (teacher=Aff-Wild2, top=Surprise 0.27, tension=0.297) - 사람 검수 전"
j3jdT1V-DeI.003,j3jdT1V-DeI.003.mp4,j3jdT1V-DeI,,,0.6688,"EMO-AffectNet pseudo-label (teacher=Aff-Wild2, top=Anger 0.18, tension=0.331) - 사람 검수 전"
j3jdT1V-DeI.004,j3jdT1V-DeI.004.mp4,j3jdT1V-DeI,,,0.6754,"EMO-AffectNet pseudo-label (teacher=Aff-Wild2, top=Surprise 0.21, tension=0.325) - 사람 검수 전"
j3jdT1V-DeI.005,j3jdT1V-DeI.005.mp4,j3jdT1V-DeI,,,0.7698,"EMO-AffectNet pseudo-label (teacher=Aff-Wild2, top=Happiness 0.36, tension=0.230) - 사람 검수 전"
j5fXaXrNPoA.000,j5fXaXrNPoA.000.mp4,j5fXaXrNPoA,,,0.6658,"EMO-AffectNet pseudo-label (teacher=Aff-Wild2, top=Neutral 0.23, tension=0.334) - 사람 검수 전"
j5fXaXrNPoA.004,j5fXaXrNPoA.004.mp4,j5fXaXrNPoA,,,0.665,"EMO-AffectNet pseudo-label (teacher=Aff-Wild2, top=Fear 0.26, tension=0.335) - 사람 검수 전"
j5fXaXrNPoA.005,j5fXaXrNPoA.005.mp4,j5fXaXrNPoA,,,0.6877,"EMO-AffectNet pseudo-label (teacher=Aff-Wild2, top=Fear 0.23, tension=0.312) - 사람 검수 전"
j6d-KRDXnUI.001,j6d-KRDXnUI.001.mp4,j6d-KRDXnUI,,,0.7035,"EMO-AffectNet pseudo-label (teacher=Aff-Wild2, top=Happiness 0.24, tension=0.297) - 사람 검수 전"
j7VLzb0qw8Q.001,j7VLzb0qw8Q.001.mp4,j7VLzb0qw8Q,,,0.7836,"EMO-AffectNet pseudo-label (teacher=Aff-Wild2, top=Happiness 0.31, tension=0.216) - 사람 검수 전"
j7VLzb0qw8Q.004,j7VLzb0qw8Q.004.mp4,j7VLzb0qw8Q,,,0.7449,"EMO-AffectNet pseudo-label (teacher=Aff-Wild2, top=Surprise 0.24, tension=0.255) - 사람 검수 전"
jDdRrqRcSzM.000,jDdRrqRcSzM.000.mp4,jDdRrqRcSzM,,,0.8085,"EMO-AffectNet pseudo-label (teacher=Aff-Wild2, top=Surprise 0.28, tension=0.192) - 사람 검수 전"
jDdRrqRcSzM.001,jDdRrqRcSzM.001.mp4,jDdRrqRcSzM,,,0.808,"EMO-AffectNet pseudo-label (teacher=Aff-Wild2, top=Surprise 0.30, tension=0.192) - 사람 검수 전"
jDdRrqRcSzM.002,jDdRrqRcSzM.002.mp4,jDdRrqRcSzM,,,0.7783,"EMO-AffectNet pseudo-label (teacher=Aff-Wild2, top=Surprise 0.31, tension=0.222) - 사람 검수 전"
jFx6AEw6viQ.002,jFx6AEw6viQ.002.mp4,jFx6AEw6viQ,,,0.6348,"EMO-AffectNet pseudo-label (teacher=Aff-Wild2, top=Sadness 0.32, tension=0.365) - 사람 검수 전"
jFx6AEw6viQ.004,jFx6AEw6viQ.004.mp4,jFx6AEw6viQ,,,0.6231,"EMO-AffectNet pseudo-label (teacher=Aff-Wild2, top=Sadness 0.32, tension=0.377) - 사람 검수 전"
jFx6AEw6viQ.005,jFx6AEw6viQ.005.mp4,jFx6AEw6viQ,,,0.6462,"EMO-AffectNet pseudo-label (teacher=Aff-Wild2, top=Sadness 0.28, tension=0.354) - 사람 검수 전"
jKHaHWuaU14.001,jKHaHWuaU14.001.mp4,jKHaHWuaU14,,,0.6733,"EMO-AffectNet pseudo-label (teacher=Aff-Wild2, top=Sadness 0.31, tension=0.327) - 사람 검수 전"
jOTlJwOBSd4.002,jOTlJwOBSd4.002.mp4,jOTlJwOBSd4,,,0.6667,"EMO-AffectNet pseudo-label (teacher=Aff-Wild2, top=Sadness 0.37, tension=0.333) - 사람 검수 전"
jOTlJwOBSd4.003,jOTlJwOBSd4.003.mp4,jOTlJwOBSd4,,,0.7143,"EMO-AffectNet pseudo-label (teacher=Aff-Wild2, top=Surprise 0.24, tension=0.286) - 사람 검수 전"
jOTlJwOBSd4.004,jOTlJwOBSd4.004.mp4,jOTlJwOBSd4,,,0.7505,"EMO-AffectNet pseudo-label (teacher=Aff-Wild2, top=Surprise 0.26, tension=0.250) - 사람 검수 전"
jOTlJwOBSd4.005,jOTlJwOBSd4.005.mp4,jOTlJwOBSd4,,,0.7379,"EMO-AffectNet pseudo-label (teacher=Aff-Wild2, top=Surprise 0.28, tension=0.262) - 사람 검수 전"
jPpZkVzQywk.000,jPpZkVzQywk.000.mp4,jPpZkVzQywk,,,0.6796,"EMO-AffectNet pseudo-label (teacher=Aff-Wild2, top=Sadness 0.37, tension=0.320) - 사람 검수 전"
jPpZkVzQywk.001,jPpZkVzQywk.001.mp4,jPpZkVzQywk,,,0.6183,"EMO-AffectNet pseudo-label (teacher=Aff-Wild2, top=Sadness 0.43, tension=0.382) - 사람 검수 전"
jPpZkVzQywk.003,jPpZkVzQywk.003.mp4,jPpZkVzQywk,,,0.7048,"EMO-AffectNet pseudo-label (teacher=Aff-Wild2, top=Sadness 0.30, tension=0.295) - 사람 검수 전"
jQRFHBVs0dA.004,jQRFHBVs0dA.004.mp4,jQRFHBVs0dA,,,0.8825,"EMO-AffectNet pseudo-label (teacher=Aff-Wild2, top=Happiness 0.62, tension=0.118) - 사람 검수 전"
jQRFHBVs0dA.005,jQRFHBVs0dA.005.mp4,jQRFHBVs0dA,,,0.8896,"EMO-AffectNet pseudo-label (teacher=Aff-Wild2, top=Happiness 0.69, tension=0.110) - 사람 검수 전"
jSw-grsJCnE.000,jSw-grsJCnE.000.mp4,jSw-grsJCnE,,,0.7406,"EMO-AffectNet pseudo-label (teacher=Aff-Wild2, top=Happiness 0.27, tension=0.259) - 사람 검수 전"
jSw-grsJCnE.003,jSw-grsJCnE.003.mp4,jSw-grsJCnE,,,0.7983,"EMO-AffectNet pseudo-label (teacher=Aff-Wild2, top=Happiness 0.39, tension=0.202) - 사람 검수 전"
jTkEWnuDnbA.001,jTkEWnuDnbA.001.mp4,jTkEWnuDnbA,,,0.7435,"EMO-AffectNet pseudo-label (teacher=Aff-Wild2, top=Surprise 0.32, tension=0.256) - 사람 검수 전"
jTkEWnuDnbA.002,jTkEWnuDnbA.002.mp4,jTkEWnuDnbA,,,0.7858,"EMO-AffectNet pseudo-label (teacher=Aff-Wild2, top=Happiness 0.35, tension=0.214) - 사람 검수 전"
jTkEWnuDnbA.004,jTkEWnuDnbA.004.mp4,jTkEWnuDnbA,,,0.712,"EMO-AffectNet pseudo-label (teacher=Aff-Wild2, top=Surprise 0.30, tension=0.288) - 사람 검수 전"
jVGTEDAYWZ8.001,jVGTEDAYWZ8.001.mp4,jVGTEDAYWZ8,,,0.7227,"EMO-AffectNet pseudo-label (teacher=Aff-Wild2, top=Anger 0.26, tension=0.277) - 사람 검수 전"
jVGTEDAYWZ8.003,jVGTEDAYWZ8.003.mp4,jVGTEDAYWZ8,,,0.6934,"EMO-AffectNet pseudo-label (teacher=Aff-Wild2, top=Anger 0.29, tension=0.307) - 사람 검수 전"
jZDlFzVUZwY.001,jZDlFzVUZwY.001.mp4,jZDlFzVUZwY,,,0.8155,"EMO-AffectNet pseudo-label (teacher=Aff-Wild2, top=Happiness 0.43, tension=0.185) - 사람 검수 전"
jZDlFzVUZwY.002,jZDlFzVUZwY.002.mp4,jZDlFzVUZwY,,,0.8236,"EMO-AffectNet pseudo-label (teacher=Aff-Wild2, top=Happiness 0.49, tension=0.176) - 사람 검수 전"
jZDlFzVUZwY.003,jZDlFzVUZwY.003.mp4,jZDlFzVUZwY,,,0.7675,"EMO-AffectNet pseudo-label (teacher=Aff-Wild2, top=Happiness 0.32, tension=0.232) - 사람 검수 전"
jZDlFzVUZwY.005,jZDlFzVUZwY.005.mp4,jZDlFzVUZwY,,,0.8076,"EMO-AffectNet pseudo-label (teacher=Aff-Wild2, top=Happiness 0.42, tension=0.192) - 사람 검수 전"
jZhlaIUFMLc.000,jZhlaIUFMLc.000.mp4,jZhlaIUFMLc,,,0.7874,"EMO-AffectNet pseudo-label (teacher=Aff-Wild2, top=Surprise 0.24, tension=0.213) - 사람 검수 전"
jZhlaIUFMLc.001,jZhlaIUFMLc.001.mp4,jZhlaIUFMLc,,,0.7968,"EMO-AffectNet pseudo-label (teacher=Aff-Wild2, top=Happiness 0.27, tension=0.203) - 사람 검수 전"
jZhlaIUFMLc.003,jZhlaIUFMLc.003.mp4,jZhlaIUFMLc,,,0.8296,"EMO-AffectNet pseudo-label (teacher=Aff-Wild2, top=Happiness 0.39, tension=0.170) - 사람 검수 전"
jZhlaIUFMLc.004,jZhlaIUFMLc.004.mp4,jZhlaIUFMLc,,,0.8187,"EMO-AffectNet pseudo-label (teacher=Aff-Wild2, top=Happiness 0.33, tension=0.181) - 사람 검수 전"
jZhlaIUFMLc.005,jZhlaIUFMLc.005.mp4,jZhlaIUFMLc,,,0.8797,"EMO-AffectNet pseudo-label (teacher=Aff-Wild2, top=Happiness 0.58, tension=0.120) - 사람 검수 전"
jZl3Rq1MRQg.000,jZl3Rq1MRQg.000.mp4,jZl3Rq1MRQg,,,0.7617,"EMO-AffectNet pseudo-label (teacher=Aff-Wild2, top=Neutral 0.33, tension=0.238) - 사람 검수 전"
jZl3Rq1MRQg.003,jZl3Rq1MRQg.003.mp4,jZl3Rq1MRQg,,,0.7641,"EMO-AffectNet pseudo-label (teacher=Aff-Wild2, top=Neutral 0.28, tension=0.236) - 사람 검수 전"
jaWY130zc1U.001,jaWY130zc1U.001.mp4,jaWY130zc1U,,,0.8089,"EMO-AffectNet pseudo-label (teacher=Aff-Wild2, top=Happiness 0.33, tension=0.191) - 사람 검수 전"
jdli4DDP7XM.003,jdli4DDP7XM.003.mp4,jdli4DDP7XM,,,0.9057,"EMO-AffectNet pseudo-label (teacher=Aff-Wild2, top=Happiness 0.67, tension=0.094) - 사람 검수 전"
jdli4DDP7XM.004,jdli4DDP7XM.004.mp4,jdli4DDP7XM,,,0.8104,"EMO-AffectNet pseudo-label (teacher=Aff-Wild2, top=Happiness 0.34, tension=0.190) - 사람 검수 전"
jdli4DDP7XM.005,jdli4DDP7XM.005.mp4,jdli4DDP7XM,,,0.8393,"EMO-AffectNet pseudo-label (teacher=Aff-Wild2, top=Happiness 0.46, tension=0.161) - 사람 검수 전"
jgyDXrhO3n4.000,jgyDXrhO3n4.000.mp4,jgyDXrhO3n4,,,0.8324,"EMO-AffectNet pseudo-label (teacher=Aff-Wild2, top=Happiness 0.45, tension=0.168) - 사람 검수 전"
jgyDXrhO3n4.003,jgyDXrhO3n4.003.mp4,jgyDXrhO3n4,,,0.7876,"EMO-AffectNet pseudo-label (teacher=Aff-Wild2, top=Happiness 0.28, tension=0.212) - 사람 검수 전"
jjFzwsootdM.000,jjFzwsootdM.000.mp4,jjFzwsootdM,,,0.7592,"EMO-AffectNet pseudo-label (teacher=Aff-Wild2, top=Surprise 0.39, tension=0.241) - 사람 검수 전"
jjFzwsootdM.004,jjFzwsootdM.004.mp4,jjFzwsootdM,,,0.7357,"EMO-AffectNet pseudo-label (teacher=Aff-Wild2, top=Surprise 0.37, tension=0.264) - 사람 검수 전"
jlDYn537Pd0.001,jlDYn537Pd0.001.mp4,jlDYn537Pd0,,,0.8108,"EMO-AffectNet pseudo-label (teacher=Aff-Wild2, top=Happiness 0.43, tension=0.189) - 사람 검수 전"
jlDYn537Pd0.002,jlDYn537Pd0.002.mp4,jlDYn537Pd0,,,0.7809,"EMO-AffectNet pseudo-label (teacher=Aff-Wild2, top=Happiness 0.28, tension=0.219) - 사람 검수 전"
jlDYn537Pd0.004,jlDYn537Pd0.004.mp4,jlDYn537Pd0,,,0.8451,"EMO-AffectNet pseudo-label (teacher=Aff-Wild2, top=Happiness 0.51, tension=0.155) - 사람 검수 전"
jlHKgXrxCu8.000,jlHKgXrxCu8.000.mp4,jlHKgXrxCu8,,,0.7686,"EMO-AffectNet pseudo-label (teacher=Aff-Wild2, top=Neutral 0.41, tension=0.231) - 사람 검수 전"
jlHKgXrxCu8.004,jlHKgXrxCu8.004.mp4,jlHKgXrxCu8,,,0.7631,"EMO-AffectNet pseudo-label (teacher=Aff-Wild2, top=Neutral 0.46, tension=0.237) - 사람 검수 전"
jmbAPNTJ3Vk.002,jmbAPNTJ3Vk.002.mp4,jmbAPNTJ3Vk,,,0.7289,"EMO-AffectNet pseudo-label (teacher=Aff-Wild2, top=Neutral 0.23, tension=0.271) - 사람 검수 전"
jmbAPNTJ3Vk.003,jmbAPNTJ3Vk.003.mp4,jmbAPNTJ3Vk,,,0.7395,"EMO-AffectNet pseudo-label (teacher=Aff-Wild2, top=Happiness 0.24, tension=0.261) - 사람 검수 전"
jmbAPNTJ3Vk.005,jmbAPNTJ3Vk.005.mp4,jmbAPNTJ3Vk,,,0.6886,"EMO-AffectNet pseudo-label (teacher=Aff-Wild2, top=Sadness 0.18, tension=0.311) - 사람 검수 전"
jnEHHvlBgxE.002,jnEHHvlBgxE.002.mp4,jnEHHvlBgxE,,,0.7808,"EMO-AffectNet pseudo-label (teacher=Aff-Wild2, top=Happiness 0.30, tension=0.219) - 사람 검수 전"
joOfhNyKRjE.004,joOfhNyKRjE.004.mp4,joOfhNyKRjE,,,0.7411,"EMO-AffectNet pseudo-label (teacher=Aff-Wild2, top=Neutral 0.28, tension=0.259) - 사람 검수 전"
jolhoLhAurM.001,jolhoLhAurM.001.mp4,jolhoLhAurM,,,0.8151,"EMO-AffectNet pseudo-label (teacher=Aff-Wild2, top=Happiness 0.43, tension=0.185) - 사람 검수 전"
jolhoLhAurM.002,jolhoLhAurM.002.mp4,jolhoLhAurM,,,0.7305,"EMO-AffectNet pseudo-label (teacher=Aff-Wild2, top=Surprise 0.26, tension=0.269) - 사람 검수 전"
jolhoLhAurM.004,jolhoLhAurM.004.mp4,jolhoLhAurM,,,0.8442,"EMO-AffectNet pseudo-label (teacher=Aff-Wild2, top=Happiness 0.51, tension=0.156) - 사람 검수 전"
jolhoLhAurM.005,jolhoLhAurM.005.mp4,jolhoLhAurM,,,0.7107,"EMO-AffectNet pseudo-label (teacher=Aff-Wild2, top=Surprise 0.21, tension=0.289) - 사람 검수 전"
jpPZVmzleAo.001,jpPZVmzleAo.001.mp4,jpPZVmzleAo,,,0.7275,"EMO-AffectNet pseudo-label (teacher=Aff-Wild2, top=Neutral 0.35, tension=0.273) - 사람 검수 전"
jpPZVmzleAo.002,jpPZVmzleAo.002.mp4,jpPZVmzleAo,,,0.739,"EMO-AffectNet pseudo-label (teacher=Aff-Wild2, top=Neutral 0.41, tension=0.261) - 사람 검수 전"
jpRnHWTLDUs.003,jpRnHWTLDUs.003.mp4,jpRnHWTLDUs,,,0.7627,"EMO-AffectNet pseudo-label (teacher=Aff-Wild2, top=Surprise 0.24, tension=0.237) - 사람 검수 전"
jpRnHWTLDUs.005,jpRnHWTLDUs.005.mp4,jpRnHWTLDUs,,,0.6983,"EMO-AffectNet pseudo-label (teacher=Aff-Wild2, top=Surprise 0.25, tension=0.302) - 사람 검수 전"
jpbz8CA4RvI.000,jpbz8CA4RvI.000.mp4,jpbz8CA4RvI,,,0.7607,"EMO-AffectNet pseudo-label (teacher=Aff-Wild2, top=Neutral 0.47, tension=0.239) - 사람 검수 전"
jpbz8CA4RvI.004,jpbz8CA4RvI.004.mp4,jpbz8CA4RvI,,,0.7,"EMO-AffectNet pseudo-label (teacher=Aff-Wild2, top=Neutral 0.38, tension=0.300) - 사람 검수 전"
jpyU48DzGTY.001,jpyU48DzGTY.001.mp4,jpyU48DzGTY,,,0.7363,"EMO-AffectNet pseudo-label (teacher=Aff-Wild2, top=Happiness 0.25, tension=0.264) - 사람 검수 전"
jpyU48DzGTY.002,jpyU48DzGTY.002.mp4,jpyU48DzGTY,,,0.8423,"EMO-AffectNet pseudo-label (teacher=Aff-Wild2, top=Happiness 0.59, tension=0.158) - 사람 검수 전"
jpyU48DzGTY.004,jpyU48DzGTY.004.mp4,jpyU48DzGTY,,,0.8474,"EMO-AffectNet pseudo-label (teacher=Aff-Wild2, top=Happiness 0.57, tension=0.153) - 사람 검수 전"
jpyU48DzGTY.005,jpyU48DzGTY.005.mp4,jpyU48DzGTY,,,0.7792,"EMO-AffectNet pseudo-label (teacher=Aff-Wild2, top=Happiness 0.35, tension=0.221) - 사람 검수 전"
jq1dLOVUQJA.000,jq1dLOVUQJA.000.mp4,jq1dLOVUQJA,,,0.8018,"EMO-AffectNet pseudo-label (teacher=Aff-Wild2, top=Happiness 0.42, tension=0.198) - 사람 검수 전"
jrhvXPaXo-0.000,jrhvXPaXo-0.000.mp4,jrhvXPaXo-0,,,0.7688,"EMO-AffectNet pseudo-label (teacher=Aff-Wild2, top=Neutral 0.23, tension=0.231) - 사람 검수 전"
ju7N5w4XZ4A.000,ju7N5w4XZ4A.000.mp4,ju7N5w4XZ4A,,,0.8305,"EMO-AffectNet pseudo-label (teacher=Aff-Wild2, top=Happiness 0.36, tension=0.169) - 사람 검수 전"
ju7N5w4XZ4A.002,ju7N5w4XZ4A.002.mp4,ju7N5w4XZ4A,,,0.8409,"EMO-AffectNet pseudo-label (teacher=Aff-Wild2, top=Happiness 0.43, tension=0.159) - 사람 검수 전"
jub-AHFTH_g.000,jub-AHFTH_g.000.mp4,jub-AHFTH_g,,,0.821,"EMO-AffectNet pseudo-label (teacher=Aff-Wild2, top=Happiness 0.48, tension=0.179) - 사람 검수 전"
jvHDFrgu9PA.005,jvHDFrgu9PA.005.mp4,jvHDFrgu9PA,,,0.8613,"EMO-AffectNet pseudo-label (teacher=Aff-Wild2, top=Happiness 0.55, tension=0.139) - 사람 검수 전"
jwPTGuWAnSI.004,jwPTGuWAnSI.004.mp4,jwPTGuWAnSI,,,0.8923,"EMO-AffectNet pseudo-label (teacher=Aff-Wild2, top=Happiness 0.64, tension=0.108) - 사람 검수 전"
jwbHWwySJW8.004,jwbHWwySJW8.004.mp4,jwbHWwySJW8,,,0.7612,"EMO-AffectNet pseudo-label (teacher=Aff-Wild2, top=Neutral 0.45, tension=0.239) - 사람 검수 전"
jwcSbw4NDn0.002,jwcSbw4NDn0.002.mp4,jwcSbw4NDn0,,,0.6372,"EMO-AffectNet pseudo-label (teacher=Aff-Wild2, top=Fear 0.34, tension=0.363) - 사람 검수 전"
jwcSbw4NDn0.004,jwcSbw4NDn0.004.mp4,jwcSbw4NDn0,,,0.6502,"EMO-AffectNet pseudo-label (teacher=Aff-Wild2, top=Fear 0.30, tension=0.350) - 사람 검수 전"
jwcSbw4NDn0.005,jwcSbw4NDn0.005.mp4,jwcSbw4NDn0,,,0.6409,"EMO-AffectNet pseudo-label (teacher=Aff-Wild2, top=Fear 0.32, tension=0.359) - 사람 검수 전"
jxoOEkSq0uM.001,jxoOEkSq0uM.001.mp4,jxoOEkSq0uM,,,0.823,"EMO-AffectNet pseudo-label (teacher=Aff-Wild2, top=Happiness 0.40, tension=0.177) - 사람 검수 전"
jxt1W2WRNHQ.000,jxt1W2WRNHQ.000.mp4,jxt1W2WRNHQ,,,0.6656,"EMO-AffectNet pseudo-label (teacher=Aff-Wild2, top=Fear 0.29, tension=0.334) - 사람 검수 전"
jxt1W2WRNHQ.002,jxt1W2WRNHQ.002.mp4,jxt1W2WRNHQ,,,0.706,"EMO-AffectNet pseudo-label (teacher=Aff-Wild2, top=Neutral 0.30, tension=0.294) - 사람 검수 전"
jxt1W2WRNHQ.003,jxt1W2WRNHQ.003.mp4,jxt1W2WRNHQ,,,0.7369,"EMO-AffectNet pseudo-label (teacher=Aff-Wild2, top=Neutral 0.22, tension=0.263) - 사람 검수 전"
jxt1W2WRNHQ.004,jxt1W2WRNHQ.004.mp4,jxt1W2WRNHQ,,,0.6932,"EMO-AffectNet pseudo-label (teacher=Aff-Wild2, top=Neutral 0.31, tension=0.307) - 사람 검수 전"
jxt1W2WRNHQ.005,jxt1W2WRNHQ.005.mp4,jxt1W2WRNHQ,,,0.6255,"EMO-AffectNet pseudo-label (teacher=Aff-Wild2, top=Fear 0.34, tension=0.374) - 사람 검수 전"
jz9kgvYbBYA.003,jz9kgvYbBYA.003.mp4,jz9kgvYbBYA,,,0.6233,"EMO-AffectNet pseudo-label (teacher=Aff-Wild2, top=Anger 0.26, tension=0.377) - 사람 검수 전"
jz9kgvYbBYA.005,jz9kgvYbBYA.005.mp4,jz9kgvYbBYA,,,0.6408,"EMO-AffectNet pseudo-label (teacher=Aff-Wild2, top=Anger 0.27, tension=0.359) - 사람 검수 전"
k1eXxMAfnIY.005,k1eXxMAfnIY.005.mp4,k1eXxMAfnIY,,,0.8227,"EMO-AffectNet pseudo-label (teacher=Aff-Wild2, top=Happiness 0.46, tension=0.177) - 사람 검수 전"
k2buv6xZ4_o.000,k2buv6xZ4_o.000.mp4,k2buv6xZ4_o,,,0.7081,"EMO-AffectNet pseudo-label (teacher=Aff-Wild2, top=Neutral 0.38, tension=0.292) - 사람 검수 전"
k2buv6xZ4_o.001,k2buv6xZ4_o.001.mp4,k2buv6xZ4_o,,,0.7103,"EMO-AffectNet pseudo-label (teacher=Aff-Wild2, top=Neutral 0.38, tension=0.290) - 사람 검수 전"
k2buv6xZ4_o.003,k2buv6xZ4_o.003.mp4,k2buv6xZ4_o,,,0.7045,"EMO-AffectNet pseudo-label (teacher=Aff-Wild2, top=Neutral 0.37, tension=0.295) - 사람 검수 전"
k2buv6xZ4_o.004,k2buv6xZ4_o.004.mp4,k2buv6xZ4_o,,,0.7096,"EMO-AffectNet pseudo-label (teacher=Aff-Wild2, top=Neutral 0.38, tension=0.290) - 사람 검수 전"
k2buv6xZ4_o.005,k2buv6xZ4_o.005.mp4,k2buv6xZ4_o,,,0.6692,"EMO-AffectNet pseudo-label (teacher=Aff-Wild2, top=Neutral 0.29, tension=0.331) - 사람 검수 전"
k3iu-fhIkeI.000,k3iu-fhIkeI.000.mp4,k3iu-fhIkeI,,,0.7763,"EMO-AffectNet pseudo-label (teacher=Aff-Wild2, top=Neutral 0.28, tension=0.224) - 사람 검수 전"
k3iu-fhIkeI.002,k3iu-fhIkeI.002.mp4,k3iu-fhIkeI,,,0.748,"EMO-AffectNet pseudo-label (teacher=Aff-Wild2, top=Neutral 0.30, tension=0.252) - 사람 검수 전"
k3iu-fhIkeI.003,k3iu-fhIkeI.003.mp4,k3iu-fhIkeI,,,0.7531,"EMO-AffectNet pseudo-label (teacher=Aff-Wild2, top=Neutral 0.35, tension=0.247) - 사람 검수 전"
k4QmzZuQl9s.003,k4QmzZuQl9s.003.mp4,k4QmzZuQl9s,,,0.7833,"EMO-AffectNet pseudo-label (teacher=Aff-Wild2, top=Neutral 0.25, tension=0.217) - 사람 검수 전"
k4QmzZuQl9s.004,k4QmzZuQl9s.004.mp4,k4QmzZuQl9s,,,0.7526,"EMO-AffectNet pseudo-label (teacher=Aff-Wild2, top=Neutral 0.33, tension=0.247) - 사람 검수 전"
k4eeYoHtnnI.000,k4eeYoHtnnI.000.mp4,k4eeYoHtnnI,,,0.6875,"EMO-AffectNet pseudo-label (teacher=Aff-Wild2, top=Neutral 0.28, tension=0.312) - 사람 검수 전"
k4eeYoHtnnI.001,k4eeYoHtnnI.001.mp4,k4eeYoHtnnI,,,0.6726,"EMO-AffectNet pseudo-label (teacher=Aff-Wild2, top=Sadness 0.28, tension=0.327) - 사람 검수 전"
k4eeYoHtnnI.004,k4eeYoHtnnI.004.mp4,k4eeYoHtnnI,,,0.6575,"EMO-AffectNet pseudo-label (teacher=Aff-Wild2, top=Sadness 0.28, tension=0.342) - 사람 검수 전"
k99PI3FGEj0.000,k99PI3FGEj0.000.mp4,k99PI3FGEj0,,,0.668,"EMO-AffectNet pseudo-label (teacher=Aff-Wild2, top=Sadness 0.24, tension=0.332) - 사람 검수 전"
kAbMWBsPKR4.000,kAbMWBsPKR4.000.mp4,kAbMWBsPKR4,,,0.6512,"EMO-AffectNet pseudo-label (teacher=Aff-Wild2, top=Neutral 0.21, tension=0.349) - 사람 검수 전"
kAbMWBsPKR4.002,kAbMWBsPKR4.002.mp4,kAbMWBsPKR4,,,0.6891,"EMO-AffectNet pseudo-label (teacher=Aff-Wild2, top=Neutral 0.26, tension=0.311) - 사람 검수 전"
kAjPHyfol4w.001,kAjPHyfol4w.001.mp4,kAjPHyfol4w,,,0.6854,"EMO-AffectNet pseudo-label (teacher=Aff-Wild2, top=Sadness 0.24, tension=0.315) - 사람 검수 전"
kAjPHyfol4w.004,kAjPHyfol4w.004.mp4,kAjPHyfol4w,,,0.6908,"EMO-AffectNet pseudo-label (teacher=Aff-Wild2, top=Fear 0.19, tension=0.309) - 사람 검수 전"
kAjvzIWWrWA.002,kAjvzIWWrWA.002.mp4,kAjvzIWWrWA,,,0.8027,"EMO-AffectNet pseudo-label (teacher=Aff-Wild2, top=Happiness 0.34, tension=0.197) - 사람 검수 전"
kAjvzIWWrWA.003,kAjvzIWWrWA.003.mp4,kAjvzIWWrWA,,,0.7824,"EMO-AffectNet pseudo-label (teacher=Aff-Wild2, top=Happiness 0.29, tension=0.218) - 사람 검수 전"
kAjvzIWWrWA.005,kAjvzIWWrWA.005.mp4,kAjvzIWWrWA,,,0.7241,"EMO-AffectNet pseudo-label (teacher=Aff-Wild2, top=Neutral 0.27, tension=0.276) - 사람 검수 전"
kDInh1O8p5w.005,kDInh1O8p5w.005.mp4,kDInh1O8p5w,,,0.7808,"EMO-AffectNet pseudo-label (teacher=Aff-Wild2, top=Happiness 0.30, tension=0.219) - 사람 검수 전"
kDJigDGDJTo.000,kDJigDGDJTo.000.mp4,kDJigDGDJTo,,,0.7628,"EMO-AffectNet pseudo-label (teacher=Aff-Wild2, top=Surprise 0.29, tension=0.237) - 사람 검수 전"
kDJigDGDJTo.001,kDJigDGDJTo.001.mp4,kDJigDGDJTo,,,0.807,"EMO-AffectNet pseudo-label (teacher=Aff-Wild2, top=Happiness 0.38, tension=0.193) - 사람 검수 전"
kDJigDGDJTo.003,kDJigDGDJTo.003.mp4,kDJigDGDJTo,,,0.7351,"EMO-AffectNet pseudo-label (teacher=Aff-Wild2, top=Surprise 0.28, tension=0.265) - 사람 검수 전"
kDJigDGDJTo.005,kDJigDGDJTo.005.mp4,kDJigDGDJTo,,,0.8043,"EMO-AffectNet pseudo-label (teacher=Aff-Wild2, top=Happiness 0.34, tension=0.196) - 사람 검수 전"
kDP6_hiBR0o.002,kDP6_hiBR0o.002.mp4,kDP6_hiBR0o,,,0.6792,"EMO-AffectNet pseudo-label (teacher=Aff-Wild2, top=Neutral 0.25, tension=0.321) - 사람 검수 전"
kDP6_hiBR0o.003,kDP6_hiBR0o.003.mp4,kDP6_hiBR0o,,,0.6686,"EMO-AffectNet pseudo-label (teacher=Aff-Wild2, top=Neutral 0.23, tension=0.331) - 사람 검수 전"
kDP6_hiBR0o.005,kDP6_hiBR0o.005.mp4,kDP6_hiBR0o,,,0.6146,"EMO-AffectNet pseudo-label (teacher=Aff-Wild2, top=Sadness 0.24, tension=0.385) - 사람 검수 전"
kDXYolv-8p8.000,kDXYolv-8p8.000.mp4,kDXYolv-8p8,,,0.677,"EMO-AffectNet pseudo-label (teacher=Aff-Wild2, top=Surprise 0.27, tension=0.323) - 사람 검수 전"
kDXYolv-8p8.002,kDXYolv-8p8.002.mp4,kDXYolv-8p8,,,0.8089,"EMO-AffectNet pseudo-label (teacher=Aff-Wild2, top=Happiness 0.41, tension=0.191) - 사람 검수 전"
kDXYolv-8p8.003,kDXYolv-8p8.003.mp4,kDXYolv-8p8,,,0.7282,"EMO-AffectNet pseudo-label (teacher=Aff-Wild2, top=Neutral 0.36, tension=0.272) - 사람 검수 전"
kDXYolv-8p8.005,kDXYolv-8p8.005.mp4,kDXYolv-8p8,,,0.7269,"EMO-AffectNet pseudo-label (teacher=Aff-Wild2, top=Surprise 0.30, tension=0.273) - 사람 검수 전"
kFak4VnRnRM.001,kFak4VnRnRM.001.mp4,kFak4VnRnRM,,,0.8915,"EMO-AffectNet pseudo-label (teacher=Aff-Wild2, top=Happiness 0.66, tension=0.108) - 사람 검수 전"
kFak4VnRnRM.004,kFak4VnRnRM.004.mp4,kFak4VnRnRM,,,0.7934,"EMO-AffectNet pseudo-label (teacher=Aff-Wild2, top=Happiness 0.39, tension=0.207) - 사람 검수 전"
kFak4VnRnRM.005,kFak4VnRnRM.005.mp4,kFak4VnRnRM,,,0.8433,"EMO-AffectNet pseudo-label (teacher=Aff-Wild2, top=Happiness 0.50, tension=0.157) - 사람 검수 전"
kHK5PkwJS7Y.003,kHK5PkwJS7Y.003.mp4,kHK5PkwJS7Y,,,0.7021,"EMO-AffectNet pseudo-label (teacher=Aff-Wild2, top=Surprise 0.20, tension=0.298) - 사람 검수 전"
kJLeYUobR0M.001,kJLeYUobR0M.001.mp4,kJLeYUobR0M,,,0.7523,"EMO-AffectNet pseudo-label (teacher=Aff-Wild2, top=Neutral 0.32, tension=0.248) - 사람 검수 전"
kK4QL7pOrhs.002,kK4QL7pOrhs.002.mp4,kK4QL7pOrhs,,,0.7926,"EMO-AffectNet pseudo-label (teacher=Aff-Wild2, top=Happiness 0.30, tension=0.207) - 사람 검수 전"
kK4QL7pOrhs.003,kK4QL7pOrhs.003.mp4,kK4QL7pOrhs,,,0.7892,"EMO-AffectNet pseudo-label (teacher=Aff-Wild2, top=Neutral 0.26, tension=0.211) - 사람 검수 전"
kK534gUcRF4.004,kK534gUcRF4.004.mp4,kK534gUcRF4,,,0.716,"EMO-AffectNet pseudo-label (teacher=Aff-Wild2, top=Neutral 0.31, tension=0.284) - 사람 검수 전"
kKRc2aXzQyM.002,kKRc2aXzQyM.002.mp4,kKRc2aXzQyM,,,0.6903,"EMO-AffectNet pseudo-label (teacher=Aff-Wild2, top=Anger 0.27, tension=0.310) - 사람 검수 전"
kKRc2aXzQyM.004,kKRc2aXzQyM.004.mp4,kKRc2aXzQyM,,,0.6937,"EMO-AffectNet pseudo-label (teacher=Aff-Wild2, top=Neutral 0.26, tension=0.306) - 사람 검수 전"
kL-CeaXG9jM.000,kL-CeaXG9jM.000.mp4,kL-CeaXG9jM,,,0.715,"EMO-AffectNet pseudo-label (teacher=Aff-Wild2, top=Neutral 0.41, tension=0.285) - 사람 검수 전"
kL-CeaXG9jM.001,kL-CeaXG9jM.001.mp4,kL-CeaXG9jM,,,0.7068,"EMO-AffectNet pseudo-label (teacher=Aff-Wild2, top=Neutral 0.39, tension=0.293) - 사람 검수 전"
kL-CeaXG9jM.002,kL-CeaXG9jM.002.mp4,kL-CeaXG9jM,,,0.712,"EMO-AffectNet pseudo-label (teacher=Aff-Wild2, top=Neutral 0.41, tension=0.288) - 사람 검수 전"
kL-CeaXG9jM.004,kL-CeaXG9jM.004.mp4,kL-CeaXG9jM,,,0.7201,"EMO-AffectNet pseudo-label (teacher=Aff-Wild2, top=Neutral 0.41, tension=0.280) - 사람 검수 전"
kN9cs2nFhM4.002,kN9cs2nFhM4.002.mp4,kN9cs2nFhM4,,,0.8245,"EMO-AffectNet pseudo-label (teacher=Aff-Wild2, top=Happiness 0.41, tension=0.175) - 사람 검수 전"
kN9cs2nFhM4.003,kN9cs2nFhM4.003.mp4,kN9cs2nFhM4,,,0.7994,"EMO-AffectNet pseudo-label (teacher=Aff-Wild2, top=Happiness 0.35, tension=0.201) - 사람 검수 전"
kN9cs2nFhM4.004,kN9cs2nFhM4.004.mp4,kN9cs2nFhM4,,,0.871,"EMO-AffectNet pseudo-label (teacher=Aff-Wild2, top=Happiness 0.55, tension=0.129) - 사람 검수 전"
kN9cs2nFhM4.005,kN9cs2nFhM4.005.mp4,kN9cs2nFhM4,,,0.8025,"EMO-AffectNet pseudo-label (teacher=Aff-Wild2, top=Happiness 0.32, tension=0.197) - 사람 검수 전"
kN_bFMVnfzY.001,kN_bFMVnfzY.001.mp4,kN_bFMVnfzY,,,0.6718,"EMO-AffectNet pseudo-label (teacher=Aff-Wild2, top=Anger 0.26, tension=0.328) - 사람 검수 전"
kPJzHs5jclg.001,kPJzHs5jclg.001.mp4,kPJzHs5jclg,,,0.6756,"EMO-AffectNet pseudo-label (teacher=Aff-Wild2, top=Neutral 0.18, tension=0.324) - 사람 검수 전"
kPXVZD3ac8s.005,kPXVZD3ac8s.005.mp4,kPXVZD3ac8s,,,0.7657,"EMO-AffectNet pseudo-label (teacher=Aff-Wild2, top=Surprise 0.30, tension=0.234) - 사람 검수 전"
kPife9TY9Pw.000,kPife9TY9Pw.000.mp4,kPife9TY9Pw,,,0.7559,"EMO-AffectNet pseudo-label (teacher=Aff-Wild2, top=Surprise 0.33, tension=0.244) - 사람 검수 전"
kQ8HhrysfaA.003,kQ8HhrysfaA.003.mp4,kQ8HhrysfaA,,,0.7169,"EMO-AffectNet pseudo-label (teacher=Aff-Wild2, top=Surprise 0.24, tension=0.283) - 사람 검수 전"
kQ8HhrysfaA.005,kQ8HhrysfaA.005.mp4,kQ8HhrysfaA,,,0.6529,"EMO-AffectNet pseudo-label (teacher=Aff-Wild2, top=Anger 0.25, tension=0.347) - 사람 검수 전"
kSk-rf7a1Ig.000,kSk-rf7a1Ig.000.mp4,kSk-rf7a1Ig,,,0.7082,"EMO-AffectNet pseudo-label (teacher=Aff-Wild2, top=Neutral 0.21, tension=0.292) - 사람 검수 전"
kSk-rf7a1Ig.001,kSk-rf7a1Ig.001.mp4,kSk-rf7a1Ig,,,0.6615,"EMO-AffectNet pseudo-label (teacher=Aff-Wild2, top=Neutral 0.26, tension=0.338) - 사람 검수 전"
kSk-rf7a1Ig.003,kSk-rf7a1Ig.003.mp4,kSk-rf7a1Ig,,,0.6981,"EMO-AffectNet pseudo-label (teacher=Aff-Wild2, top=Neutral 0.24, tension=0.302) - 사람 검수 전"
kUpkeJDcxaE.000,kUpkeJDcxaE.000.mp4,kUpkeJDcxaE,,,0.7352,"EMO-AffectNet pseudo-label (teacher=Aff-Wild2, top=Neutral 0.40, tension=0.265) - 사람 검수 전"
kUpkeJDcxaE.002,kUpkeJDcxaE.002.mp4,kUpkeJDcxaE,,,0.7246,"EMO-AffectNet pseudo-label (teacher=Aff-Wild2, top=Neutral 0.37, tension=0.275) - 사람 검수 전"
kUpkeJDcxaE.003,kUpkeJDcxaE.003.mp4,kUpkeJDcxaE,,,0.683,"EMO-AffectNet pseudo-label (teacher=Aff-Wild2, top=Neutral 0.21, tension=0.317) - 사람 검수 전"
kUv0BJQmKq0.000,kUv0BJQmKq0.000.mp4,kUv0BJQmKq0,,,0.7647,"EMO-AffectNet pseudo-label (teacher=Aff-Wild2, top=Happiness 0.30, tension=0.235) - 사람 검수 전"
kUv0BJQmKq0.001,kUv0BJQmKq0.001.mp4,kUv0BJQmKq0,,,0.7802,"EMO-AffectNet pseudo-label (teacher=Aff-Wild2, top=Happiness 0.33, tension=0.220) - 사람 검수 전"
kUv0BJQmKq0.002,kUv0BJQmKq0.002.mp4,kUv0BJQmKq0,,,0.7969,"EMO-AffectNet pseudo-label (teacher=Aff-Wild2, top=Happiness 0.39, tension=0.203) - 사람 검수 전"
kUv0BJQmKq0.003,kUv0BJQmKq0.003.mp4,kUv0BJQmKq0,,,0.7801,"EMO-AffectNet pseudo-label (teacher=Aff-Wild2, top=Happiness 0.35, tension=0.220) - 사람 검수 전"
kV7MFI2_ddo.000,kV7MFI2_ddo.000.mp4,kV7MFI2_ddo,,,0.6278,"EMO-AffectNet pseudo-label (teacher=Aff-Wild2, top=Fear 0.29, tension=0.372) - 사람 검수 전"
kV7MFI2_ddo.002,kV7MFI2_ddo.002.mp4,kV7MFI2_ddo,,,0.6634,"EMO-AffectNet pseudo-label (teacher=Aff-Wild2, top=Fear 0.27, tension=0.337) - 사람 검수 전"
kV7MFI2_ddo.005,kV7MFI2_ddo.005.mp4,kV7MFI2_ddo,,,0.6284,"EMO-AffectNet pseudo-label (teacher=Aff-Wild2, top=Fear 0.30, tension=0.372) - 사람 검수 전"
kX-o1qmgWvc.002,kX-o1qmgWvc.002.mp4,kX-o1qmgWvc,,,0.7478,"EMO-AffectNet pseudo-label (teacher=Aff-Wild2, top=Neutral 0.26, tension=0.252) - 사람 검수 전"
kX-o1qmgWvc.004,kX-o1qmgWvc.004.mp4,kX-o1qmgWvc,,,0.7058,"EMO-AffectNet pseudo-label (teacher=Aff-Wild2, top=Neutral 0.32, tension=0.294) - 사람 검수 전"
kY_4WyAXxrQ.000,kY_4WyAXxrQ.000.mp4,kY_4WyAXxrQ,,,0.7357,"EMO-AffectNet pseudo-label (teacher=Aff-Wild2, top=Neutral 0.30, tension=0.264) - 사람 검수 전"
kY_4WyAXxrQ.003,kY_4WyAXxrQ.003.mp4,kY_4WyAXxrQ,,,0.7239,"EMO-AffectNet pseudo-label (teacher=Aff-Wild2, top=Neutral 0.28, tension=0.276) - 사람 검수 전"
kY_4WyAXxrQ.004,kY_4WyAXxrQ.004.mp4,kY_4WyAXxrQ,,,0.7367,"EMO-AffectNet pseudo-label (teacher=Aff-Wild2, top=Neutral 0.38, tension=0.263) - 사람 검수 전"
kare8QF7vrE.000,kare8QF7vrE.000.mp4,kare8QF7vrE,,,0.9189,"EMO-AffectNet pseudo-label (teacher=Aff-Wild2, top=Happiness 0.75, tension=0.081) - 사람 검수 전"
kcHvO5ins50.002,kcHvO5ins50.002.mp4,kcHvO5ins50,,,0.8047,"EMO-AffectNet pseudo-label (teacher=Aff-Wild2, top=Happiness 0.30, tension=0.195) - 사람 검수 전"
kcHvO5ins50.003,kcHvO5ins50.003.mp4,kcHvO5ins50,,,0.7874,"EMO-AffectNet pseudo-label (teacher=Aff-Wild2, top=Neutral 0.34, tension=0.213) - 사람 검수 전"
kdPRPO3wgg0.000,kdPRPO3wgg0.000.mp4,kdPRPO3wgg0,,,0.788,"EMO-AffectNet pseudo-label (teacher=Aff-Wild2, top=Surprise 0.29, tension=0.212) - 사람 검수 전"
kdPRPO3wgg0.001,kdPRPO3wgg0.001.mp4,kdPRPO3wgg0,,,0.7611,"EMO-AffectNet pseudo-label (teacher=Aff-Wild2, top=Neutral 0.25, tension=0.239) - 사람 검수 전"
kdPRPO3wgg0.004,kdPRPO3wgg0.004.mp4,kdPRPO3wgg0,,,0.8266,"EMO-AffectNet pseudo-label (teacher=Aff-Wild2, top=Happiness 0.38, tension=0.173) - 사람 검수 전"
keGXYAcUXmA.001,keGXYAcUXmA.001.mp4,keGXYAcUXmA,,,0.8664,"EMO-AffectNet pseudo-label (teacher=Aff-Wild2, top=Happiness 0.54, tension=0.134) - 사람 검수 전"
keGXYAcUXmA.002,keGXYAcUXmA.002.mp4,keGXYAcUXmA,,,0.708,"EMO-AffectNet pseudo-label (teacher=Aff-Wild2, top=Neutral 0.27, tension=0.292) - 사람 검수 전"
keGXYAcUXmA.005,keGXYAcUXmA.005.mp4,keGXYAcUXmA,,,0.7475,"EMO-AffectNet pseudo-label (teacher=Aff-Wild2, top=Neutral 0.31, tension=0.253) - 사람 검수 전"
keW8-eSiQ70.003,keW8-eSiQ70.003.mp4,keW8-eSiQ70,,,0.7935,"EMO-AffectNet pseudo-label (teacher=Aff-Wild2, top=Happiness 0.41, tension=0.206) - 사람 검수 전"
khCsAN1Bk_I.000,khCsAN1Bk_I.000.mp4,khCsAN1Bk_I,,,0.7954,"EMO-AffectNet pseudo-label (teacher=Aff-Wild2, top=Neutral 0.36, tension=0.205) - 사람 검수 전"
khCsAN1Bk_I.001,khCsAN1Bk_I.001.mp4,khCsAN1Bk_I,,,0.7967,"EMO-AffectNet pseudo-label (teacher=Aff-Wild2, top=Neutral 0.38, tension=0.203) - 사람 검수 전"
khCsAN1Bk_I.002,khCsAN1Bk_I.002.mp4,khCsAN1Bk_I,,,0.8261,"EMO-AffectNet pseudo-label (teacher=Aff-Wild2, top=Neutral 0.35, tension=0.174) - 사람 검수 전"
kmV6Qtv0amA.001,kmV6Qtv0amA.001.mp4,kmV6Qtv0amA,,,0.7486,"EMO-AffectNet pseudo-label (teacher=Aff-Wild2, top=Surprise 0.22, tension=0.251) - 사람 검수 전"
kmV6Qtv0amA.003,kmV6Qtv0amA.003.mp4,kmV6Qtv0amA,,,0.7759,"EMO-AffectNet pseudo-label (teacher=Aff-Wild2, top=Happiness 0.34, tension=0.224) - 사람 검수 전"
kmV6Qtv0amA.005,kmV6Qtv0amA.005.mp4,kmV6Qtv0amA,,,0.7607,"EMO-AffectNet pseudo-label (teacher=Aff-Wild2, top=Happiness 0.26, tension=0.239) - 사람 검수 전"
kn6I8LdQFN0.004,kn6I8LdQFN0.004.mp4,kn6I8LdQFN0,,,0.5949,"EMO-AffectNet pseudo-label (teacher=Aff-Wild2, top=Disgust 0.47, tension=0.405) - 사람 검수 전"
knK0zyX8bS4.004,knK0zyX8bS4.004.mp4,knK0zyX8bS4,,,0.7874,"EMO-AffectNet pseudo-label (teacher=Aff-Wild2, top=Happiness 0.36, tension=0.213) - 사람 검수 전"
knpgk7LAMb0.000,knpgk7LAMb0.000.mp4,knpgk7LAMb0,,,0.6275,"EMO-AffectNet pseudo-label (teacher=Aff-Wild2, top=Neutral 0.23, tension=0.372) - 사람 검수 전"
knpgk7LAMb0.002,knpgk7LAMb0.002.mp4,knpgk7LAMb0,,,0.5899,"EMO-AffectNet pseudo-label (teacher=Aff-Wild2, top=Disgust 0.36, tension=0.410) - 사람 검수 전"
knpgk7LAMb0.005,knpgk7LAMb0.005.mp4,knpgk7LAMb0,,,0.6129,"EMO-AffectNet pseudo-label (teacher=Aff-Wild2, top=Disgust 0.45, tension=0.387) - 사람 검수 전"
kp3c66Igyr8.001,kp3c66Igyr8.001.mp4,kp3c66Igyr8,,,0.7922,"EMO-AffectNet pseudo-label (teacher=Aff-Wild2, top=Happiness 0.35, tension=0.208) - 사람 검수 전"
kp3c66Igyr8.002,kp3c66Igyr8.002.mp4,kp3c66Igyr8,,,0.8344,"EMO-AffectNet pseudo-label (teacher=Aff-Wild2, top=Happiness 0.47, tension=0.166) - 사람 검수 전"
kp3c66Igyr8.004,kp3c66Igyr8.004.mp4,kp3c66Igyr8,,,0.7333,"EMO-AffectNet pseudo-label (teacher=Aff-Wild2, top=Neutral 0.23, tension=0.267) - 사람 검수 전"
kp3c66Igyr8.005,kp3c66Igyr8.005.mp4,kp3c66Igyr8,,,0.8301,"EMO-AffectNet pseudo-label (teacher=Aff-Wild2, top=Happiness 0.47, tension=0.170) - 사람 검수 전"
kppgmuWEv-A.000,kppgmuWEv-A.000.mp4,kppgmuWEv-A,,,0.7421,"EMO-AffectNet pseudo-label (teacher=Aff-Wild2, top=Happiness 0.32, tension=0.258) - 사람 검수 전"
kppgmuWEv-A.001,kppgmuWEv-A.001.mp4,kppgmuWEv-A,,,0.7745,"EMO-AffectNet pseudo-label (teacher=Aff-Wild2, top=Happiness 0.39, tension=0.226) - 사람 검수 전"
kppgmuWEv-A.003,kppgmuWEv-A.003.mp4,kppgmuWEv-A,,,0.7625,"EMO-AffectNet pseudo-label (teacher=Aff-Wild2, top=Happiness 0.36, tension=0.237) - 사람 검수 전"
kppgmuWEv-A.004,kppgmuWEv-A.004.mp4,kppgmuWEv-A,,,0.687,"EMO-AffectNet pseudo-label (teacher=Aff-Wild2, top=Neutral 0.20, tension=0.313) - 사람 검수 전"
kppgmuWEv-A.005,kppgmuWEv-A.005.mp4,kppgmuWEv-A,,,0.6669,"EMO-AffectNet pseudo-label (teacher=Aff-Wild2, top=Anger 0.21, tension=0.333) - 사람 검수 전"
krTAAqQ8_A8.005,krTAAqQ8_A8.005.mp4,krTAAqQ8_A8,,,0.6937,"EMO-AffectNet pseudo-label (teacher=Aff-Wild2, top=Sadness 0.28, tension=0.306) - 사람 검수 전"
ksCoS_ghDfM.000,ksCoS_ghDfM.000.mp4,ksCoS_ghDfM,,,0.7585,"EMO-AffectNet pseudo-label (teacher=Aff-Wild2, top=Neutral 0.23, tension=0.241) - 사람 검수 전"
ksCoS_ghDfM.002,ksCoS_ghDfM.002.mp4,ksCoS_ghDfM,,,0.7877,"EMO-AffectNet pseudo-label (teacher=Aff-Wild2, top=Neutral 0.25, tension=0.212) - 사람 검수 전"
kwcpINU9LLk.001,kwcpINU9LLk.001.mp4,kwcpINU9LLk,,,0.8079,"EMO-AffectNet pseudo-label (teacher=Aff-Wild2, top=Neutral 0.28, tension=0.192) - 사람 검수 전"
kwcpINU9LLk.004,kwcpINU9LLk.004.mp4,kwcpINU9LLk,,,0.7819,"EMO-AffectNet pseudo-label (teacher=Aff-Wild2, top=Neutral 0.37, tension=0.218) - 사람 검수 전"
kxlqIrk0WnY.002,kxlqIrk0WnY.002.mp4,kxlqIrk0WnY,,,0.626,"EMO-AffectNet pseudo-label (teacher=Aff-Wild2, top=Fear 0.30, tension=0.374) - 사람 검수 전"
kyq-X4IFMtw.001,kyq-X4IFMtw.001.mp4,kyq-X4IFMtw,,,0.7392,"EMO-AffectNet pseudo-label (teacher=Aff-Wild2, top=Happiness 0.23, tension=0.261) - 사람 검수 전"
kzDQXSGGomg.002,kzDQXSGGomg.002.mp4,kzDQXSGGomg,,,0.7247,"EMO-AffectNet pseudo-label (teacher=Aff-Wild2, top=Surprise 0.35, tension=0.275) - 사람 검수 전"
kzDQXSGGomg.004,kzDQXSGGomg.004.mp4,kzDQXSGGomg,,,0.7531,"EMO-AffectNet pseudo-label (teacher=Aff-Wild2, top=Surprise 0.35, tension=0.247) - 사람 검수 전"
kzDQXSGGomg.005,kzDQXSGGomg.005.mp4,kzDQXSGGomg,,,0.7196,"EMO-AffectNet pseudo-label (teacher=Aff-Wild2, top=Surprise 0.35, tension=0.280) - 사람 검수 전"
l-WgXcGLdZk.002,l-WgXcGLdZk.002.mp4,l-WgXcGLdZk,,,0.7804,"EMO-AffectNet pseudo-label (teacher=Aff-Wild2, top=Surprise 0.28, tension=0.220) - 사람 검수 전"
l-WgXcGLdZk.003,l-WgXcGLdZk.003.mp4,l-WgXcGLdZk,,,0.761,"EMO-AffectNet pseudo-label (teacher=Aff-Wild2, top=Surprise 0.31, tension=0.239) - 사람 검수 전"
l-WgXcGLdZk.004,l-WgXcGLdZk.004.mp4,l-WgXcGLdZk,,,0.7659,"EMO-AffectNet pseudo-label (teacher=Aff-Wild2, top=Surprise 0.26, tension=0.234) - 사람 검수 전"
l-WgXcGLdZk.005,l-WgXcGLdZk.005.mp4,l-WgXcGLdZk,,,0.7392,"EMO-AffectNet pseudo-label (teacher=Aff-Wild2, top=Surprise 0.32, tension=0.261) - 사람 검수 전"
l0qApUuiDjo.005,l0qApUuiDjo.005.mp4,l0qApUuiDjo,,,0.7154,"EMO-AffectNet pseudo-label (teacher=Aff-Wild2, top=Neutral 0.23, tension=0.285) - 사람 검수 전"
l1L61qbiV2U.001,l1L61qbiV2U.001.mp4,l1L61qbiV2U,,,0.666,"EMO-AffectNet pseudo-label (teacher=Aff-Wild2, top=Fear 0.27, tension=0.334) - 사람 검수 전"
l1V-DuJ-WgU.000,l1V-DuJ-WgU.000.mp4,l1V-DuJ-WgU,,,0.7459,"EMO-AffectNet pseudo-label (teacher=Aff-Wild2, top=Happiness 0.25, tension=0.254) - 사람 검수 전"
l1V-DuJ-WgU.002,l1V-DuJ-WgU.002.mp4,l1V-DuJ-WgU,,,0.7552,"EMO-AffectNet pseudo-label (teacher=Aff-Wild2, top=Happiness 0.26, tension=0.245) - 사람 검수 전"
l1V-DuJ-WgU.004,l1V-DuJ-WgU.004.mp4,l1V-DuJ-WgU,,,0.8156,"EMO-AffectNet pseudo-label (teacher=Aff-Wild2, top=Happiness 0.40, tension=0.184) - 사람 검수 전"
l2YS_qsF7SQ.004,l2YS_qsF7SQ.004.mp4,l2YS_qsF7SQ,,,0.7263,"EMO-AffectNet pseudo-label (teacher=Aff-Wild2, top=Neutral 0.23, tension=0.274) - 사람 검수 전"
l3IoZ_QmOQo.001,l3IoZ_QmOQo.001.mp4,l3IoZ_QmOQo,,,0.7444,"EMO-AffectNet pseudo-label (teacher=Aff-Wild2, top=Neutral 0.34, tension=0.256) - 사람 검수 전"
l3IoZ_QmOQo.004,l3IoZ_QmOQo.004.mp4,l3IoZ_QmOQo,,,0.8101,"EMO-AffectNet pseudo-label (teacher=Aff-Wild2, top=Happiness 0.33, tension=0.190) - 사람 검수 전"
l3MXBCviqE8.004,l3MXBCviqE8.004.mp4,l3MXBCviqE8,,,0.7637,"EMO-AffectNet pseudo-label (teacher=Aff-Wild2, top=Neutral 0.43, tension=0.236) - 사람 검수 전"
l3RE0rN7oEg.001,l3RE0rN7oEg.001.mp4,l3RE0rN7oEg,,,0.8767,"EMO-AffectNet pseudo-label (teacher=Aff-Wild2, top=Happiness 0.67, tension=0.123) - 사람 검수 전"
l3RE0rN7oEg.003,l3RE0rN7oEg.003.mp4,l3RE0rN7oEg,,,0.8536,"EMO-AffectNet pseudo-label (teacher=Aff-Wild2, top=Happiness 0.62, tension=0.146) - 사람 검수 전"
l7U3YDIOE_s.000,l7U3YDIOE_s.000.mp4,l7U3YDIOE_s,,,0.7952,"EMO-AffectNet pseudo-label (teacher=Aff-Wild2, top=Happiness 0.27, tension=0.205) - 사람 검수 전"
l7U3YDIOE_s.003,l7U3YDIOE_s.003.mp4,l7U3YDIOE_s,,,0.7445,"EMO-AffectNet pseudo-label (teacher=Aff-Wild2, top=Neutral 0.32, tension=0.256) - 사람 검수 전"
l8weBJSCHbA.000,l8weBJSCHbA.000.mp4,l8weBJSCHbA,,,0.6405,"EMO-AffectNet pseudo-label (teacher=Aff-Wild2, top=Fear 0.26, tension=0.359) - 사람 검수 전"
l8weBJSCHbA.001,l8weBJSCHbA.001.mp4,l8weBJSCHbA,,,0.6294,"EMO-AffectNet pseudo-label (teacher=Aff-Wild2, top=Fear 0.31, tension=0.371) - 사람 검수 전"
l8weBJSCHbA.002,l8weBJSCHbA.002.mp4,l8weBJSCHbA,,,0.6301,"EMO-AffectNet pseudo-label (teacher=Aff-Wild2, top=Fear 0.29, tension=0.370) - 사람 검수 전"
l8weBJSCHbA.003,l8weBJSCHbA.003.mp4,l8weBJSCHbA,,,0.6376,"EMO-AffectNet pseudo-label (teacher=Aff-Wild2, top=Fear 0.26, tension=0.362) - 사람 검수 전"
l8weBJSCHbA.005,l8weBJSCHbA.005.mp4,l8weBJSCHbA,,,0.7054,"EMO-AffectNet pseudo-label (teacher=Aff-Wild2, top=Neutral 0.23, tension=0.295) - 사람 검수 전"
lAJWoIcgXlU.000,lAJWoIcgXlU.000.mp4,lAJWoIcgXlU,,,0.7548,"EMO-AffectNet pseudo-label (teacher=Aff-Wild2, top=Surprise 0.28, tension=0.245) - 사람 검수 전"
lAJWoIcgXlU.001,lAJWoIcgXlU.001.mp4,lAJWoIcgXlU,,,0.7526,"EMO-AffectNet pseudo-label (teacher=Aff-Wild2, top=Surprise 0.30, tension=0.247) - 사람 검수 전"
lAy2z5PN80E.000,lAy2z5PN80E.000.mp4,lAy2z5PN80E,,,0.7179,"EMO-AffectNet pseudo-label (teacher=Aff-Wild2, top=Surprise 0.35, tension=0.282) - 사람 검수 전"
lAy2z5PN80E.001,lAy2z5PN80E.001.mp4,lAy2z5PN80E,,,0.8327,"EMO-AffectNet pseudo-label (teacher=Aff-Wild2, top=Happiness 0.46, tension=0.167) - 사람 검수 전"
lCWWjATDrRM.003,lCWWjATDrRM.003.mp4,lCWWjATDrRM,,,0.7256,"EMO-AffectNet pseudo-label (teacher=Aff-Wild2, top=Surprise 0.29, tension=0.274) - 사람 검수 전"
lErjGxBb1Bk.002,lErjGxBb1Bk.002.mp4,lErjGxBb1Bk,,,0.7329,"EMO-AffectNet pseudo-label (teacher=Aff-Wild2, top=Anger 0.24, tension=0.267) - 사람 검수 전"
lErjGxBb1Bk.004,lErjGxBb1Bk.004.mp4,lErjGxBb1Bk,,,0.711,"EMO-AffectNet pseudo-label (teacher=Aff-Wild2, top=Neutral 0.20, tension=0.289) - 사람 검수 전"
lGIHEaCvWEA.000,lGIHEaCvWEA.000.mp4,lGIHEaCvWEA,,,0.8161,"EMO-AffectNet pseudo-label (teacher=Aff-Wild2, top=Happiness 0.41, tension=0.184) - 사람 검수 전"
lK1HFH7j93c.000,lK1HFH7j93c.000.mp4,lK1HFH7j93c,,,0.7203,"EMO-AffectNet pseudo-label (teacher=Aff-Wild2, top=Neutral 0.33, tension=0.280) - 사람 검수 전"
lKePJbjYiy0.000,lKePJbjYiy0.000.mp4,lKePJbjYiy0,,,0.8832,"EMO-AffectNet pseudo-label (teacher=Aff-Wild2, top=Happiness 0.63, tension=0.117) - 사람 검수 전"
lKePJbjYiy0.002,lKePJbjYiy0.002.mp4,lKePJbjYiy0,,,0.9247,"EMO-AffectNet pseudo-label (teacher=Aff-Wild2, top=Happiness 0.76, tension=0.075) - 사람 검수 전"
lLKwlPLdYig.000,lLKwlPLdYig.000.mp4,lLKwlPLdYig,,,0.7735,"EMO-AffectNet pseudo-label (teacher=Aff-Wild2, top=Happiness 0.31, tension=0.226) - 사람 검수 전"
lLKwlPLdYig.001,lLKwlPLdYig.001.mp4,lLKwlPLdYig,,,0.7364,"EMO-AffectNet pseudo-label (teacher=Aff-Wild2, top=Happiness 0.22, tension=0.264) - 사람 검수 전"
lLObIVKYDUI.000,lLObIVKYDUI.000.mp4,lLObIVKYDUI,,,0.7405,"EMO-AffectNet pseudo-label (teacher=Aff-Wild2, top=Neutral 0.25, tension=0.260) - 사람 검수 전"
lLObIVKYDUI.004,lLObIVKYDUI.004.mp4,lLObIVKYDUI,,,0.7045,"EMO-AffectNet pseudo-label (teacher=Aff-Wild2, top=Neutral 0.27, tension=0.296) - 사람 검수 전"
lLObIVKYDUI.005,lLObIVKYDUI.005.mp4,lLObIVKYDUI,,,0.7843,"EMO-AffectNet pseudo-label (teacher=Aff-Wild2, top=Happiness 0.27, tension=0.216) - 사람 검수 전"
lLWOcztaIBI.000,lLWOcztaIBI.000.mp4,lLWOcztaIBI,,,0.7824,"EMO-AffectNet pseudo-label (teacher=Aff-Wild2, top=Neutral 0.32, tension=0.218) - 사람 검수 전"
lLWOcztaIBI.001,lLWOcztaIBI.001.mp4,lLWOcztaIBI,,,0.7482,"EMO-AffectNet pseudo-label (teacher=Aff-Wild2, top=Neutral 0.37, tension=0.252) - 사람 검수 전"
lLWOcztaIBI.002,lLWOcztaIBI.002.mp4,lLWOcztaIBI,,,0.7455,"EMO-AffectNet pseudo-label (teacher=Aff-Wild2, top=Neutral 0.36, tension=0.254) - 사람 검수 전"
lLWOcztaIBI.003,lLWOcztaIBI.003.mp4,lLWOcztaIBI,,,0.7608,"EMO-AffectNet pseudo-label (teacher=Aff-Wild2, top=Neutral 0.34, tension=0.239) - 사람 검수 전"
lLWOcztaIBI.004,lLWOcztaIBI.004.mp4,lLWOcztaIBI,,,0.7462,"EMO-AffectNet pseudo-label (teacher=Aff-Wild2, top=Neutral 0.35, tension=0.254) - 사람 검수 전"
lNY0BdE4NqY.000,lNY0BdE4NqY.000.mp4,lNY0BdE4NqY,,,0.6779,"EMO-AffectNet pseudo-label (teacher=Aff-Wild2, top=Sadness 0.30, tension=0.322) - 사람 검수 전"
lNY0BdE4NqY.004,lNY0BdE4NqY.004.mp4,lNY0BdE4NqY,,,0.5962,"EMO-AffectNet pseudo-label (teacher=Aff-Wild2, top=Sadness 0.33, tension=0.404) - 사람 검수 전"
lNaZ4aJaiBU.000,lNaZ4aJaiBU.000.mp4,lNaZ4aJaiBU,,,0.7775,"EMO-AffectNet pseudo-label (teacher=Aff-Wild2, top=Happiness 0.31, tension=0.223) - 사람 검수 전"
lWz3uSk1qms.000,lWz3uSk1qms.000.mp4,lWz3uSk1qms,,,0.8439,"EMO-AffectNet pseudo-label (teacher=Aff-Wild2, top=Happiness 0.47, tension=0.156) - 사람 검수 전"
laPGbkC87us.004,laPGbkC87us.004.mp4,laPGbkC87us,,,0.7374,"EMO-AffectNet pseudo-label (teacher=Aff-Wild2, top=Neutral 0.26, tension=0.263) - 사람 검수 전"
ld7mBR4v3yU.001,ld7mBR4v3yU.001.mp4,ld7mBR4v3yU,,,0.7746,"EMO-AffectNet pseudo-label (teacher=Aff-Wild2, top=Neutral 0.41, tension=0.225) - 사람 검수 전"
ld7mBR4v3yU.002,ld7mBR4v3yU.002.mp4,ld7mBR4v3yU,,,0.7717,"EMO-AffectNet pseudo-label (teacher=Aff-Wild2, top=Neutral 0.41, tension=0.228) - 사람 검수 전"
ldq15dfuaLg.001,ldq15dfuaLg.001.mp4,ldq15dfuaLg,,,0.715,"EMO-AffectNet pseudo-label (teacher=Aff-Wild2, top=Anger 0.31, tension=0.285) - 사람 검수 전"
leslBYwG8kc.002,leslBYwG8kc.002.mp4,leslBYwG8kc,,,0.6512,"EMO-AffectNet pseudo-label (teacher=Aff-Wild2, top=Fear 0.32, tension=0.349) - 사람 검수 전"
liRQoL7SsPw.001,liRQoL7SsPw.001.mp4,liRQoL7SsPw,,,0.7781,"EMO-AffectNet pseudo-label (teacher=Aff-Wild2, top=Happiness 0.30, tension=0.222) - 사람 검수 전"
lkdQjIunxSE.000,lkdQjIunxSE.000.mp4,lkdQjIunxSE,,,0.7406,"EMO-AffectNet pseudo-label (teacher=Aff-Wild2, top=Neutral 0.22, tension=0.259) - 사람 검수 전"
lkdQjIunxSE.002,lkdQjIunxSE.002.mp4,lkdQjIunxSE,,,0.7037,"EMO-AffectNet pseudo-label (teacher=Aff-Wild2, top=Neutral 0.26, tension=0.296) - 사람 검수 전"
lkdQjIunxSE.003,lkdQjIunxSE.003.mp4,lkdQjIunxSE,,,0.7019,"EMO-AffectNet pseudo-label (teacher=Aff-Wild2, top=Neutral 0.26, tension=0.298) - 사람 검수 전"
lkeXyB-3Gs0.001,lkeXyB-3Gs0.001.mp4,lkeXyB-3Gs0,,,0.674,"EMO-AffectNet pseudo-label (teacher=Aff-Wild2, top=Anger 0.27, tension=0.326) - 사람 검수 전"
ll_chn4R32Y.000,ll_chn4R32Y.000.mp4,ll_chn4R32Y,,,0.7806,"EMO-AffectNet pseudo-label (teacher=Aff-Wild2, top=Neutral 0.46, tension=0.219) - 사람 검수 전"
lmz3nj1VLzY.003,lmz3nj1VLzY.003.mp4,lmz3nj1VLzY,,,0.7122,"EMO-AffectNet pseudo-label (teacher=Aff-Wild2, top=Neutral 0.33, tension=0.288) - 사람 검수 전"
lnawWqnGpMc.000,lnawWqnGpMc.000.mp4,lnawWqnGpMc,,,0.7344,"EMO-AffectNet pseudo-label (teacher=Aff-Wild2, top=Neutral 0.32, tension=0.266) - 사람 검수 전"
lnawWqnGpMc.002,lnawWqnGpMc.002.mp4,lnawWqnGpMc,,,0.702,"EMO-AffectNet pseudo-label (teacher=Aff-Wild2, top=Neutral 0.29, tension=0.298) - 사람 검수 전"
lnawWqnGpMc.004,lnawWqnGpMc.004.mp4,lnawWqnGpMc,,,0.736,"EMO-AffectNet pseudo-label (teacher=Aff-Wild2, top=Neutral 0.29, tension=0.264) - 사람 검수 전"
lnawWqnGpMc.005,lnawWqnGpMc.005.mp4,lnawWqnGpMc,,,0.6754,"EMO-AffectNet pseudo-label (teacher=Aff-Wild2, top=Neutral 0.30, tension=0.325) - 사람 검수 전"
lsVwEApsljU.003,lsVwEApsljU.003.mp4,lsVwEApsljU,,,0.7126,"EMO-AffectNet pseudo-label (teacher=Aff-Wild2, top=Anger 0.27, tension=0.287) - 사람 검수 전"
lsVwEApsljU.005,lsVwEApsljU.005.mp4,lsVwEApsljU,,,0.7567,"EMO-AffectNet pseudo-label (teacher=Aff-Wild2, top=Surprise 0.24, tension=0.243) - 사람 검수 전"
lsXw8u4QXIU.001,lsXw8u4QXIU.001.mp4,lsXw8u4QXIU,,,0.7015,"EMO-AffectNet pseudo-label (teacher=Aff-Wild2, top=Neutral 0.24, tension=0.299) - 사람 검수 전"
luH2RoZW-eY.001,luH2RoZW-eY.001.mp4,luH2RoZW-eY,,,0.7668,"EMO-AffectNet pseudo-label (teacher=Aff-Wild2, top=Happiness 0.35, tension=0.233) - 사람 검수 전"
luH2RoZW-eY.003,luH2RoZW-eY.003.mp4,luH2RoZW-eY,,,0.7106,"EMO-AffectNet pseudo-label (teacher=Aff-Wild2, top=Neutral 0.31, tension=0.289) - 사람 검수 전"
lvae9lRUugE.000,lvae9lRUugE.000.mp4,lvae9lRUugE,,,0.868,"EMO-AffectNet pseudo-label (teacher=Aff-Wild2, top=Happiness 0.47, tension=0.132) - 사람 검수 전"
lvae9lRUugE.003,lvae9lRUugE.003.mp4,lvae9lRUugE,,,0.8087,"EMO-AffectNet pseudo-label (teacher=Aff-Wild2, top=Neutral 0.27, tension=0.191) - 사람 검수 전"
lvae9lRUugE.004,lvae9lRUugE.004.mp4,lvae9lRUugE,,,0.7908,"EMO-AffectNet pseudo-label (teacher=Aff-Wild2, top=Neutral 0.34, tension=0.209) - 사람 검수 전"
lvae9lRUugE.005,lvae9lRUugE.005.mp4,lvae9lRUugE,,,0.7554,"EMO-AffectNet pseudo-label (teacher=Aff-Wild2, top=Neutral 0.26, tension=0.245) - 사람 검수 전"
lx6A8s_Ega8.000,lx6A8s_Ega8.000.mp4,lx6A8s_Ega8,,,0.7208,"EMO-AffectNet pseudo-label (teacher=Aff-Wild2, top=Surprise 0.27, tension=0.279) - 사람 검수 전"
lx6A8s_Ega8.003,lx6A8s_Ega8.003.mp4,lx6A8s_Ega8,,,0.7126,"EMO-AffectNet pseudo-label (teacher=Aff-Wild2, top=Surprise 0.26, tension=0.287) - 사람 검수 전"
lxnV9X8T2Zc.000,lxnV9X8T2Zc.000.mp4,lxnV9X8T2Zc,,,0.8303,"EMO-AffectNet pseudo-label (teacher=Aff-Wild2, top=Happiness 0.44, tension=0.170) - 사람 검수 전"
lxnV9X8T2Zc.003,lxnV9X8T2Zc.003.mp4,lxnV9X8T2Zc,,,0.8536,"EMO-AffectNet pseudo-label (teacher=Aff-Wild2, top=Happiness 0.53, tension=0.146) - 사람 검수 전"
lxnV9X8T2Zc.004,lxnV9X8T2Zc.004.mp4,lxnV9X8T2Zc,,,0.7811,"EMO-AffectNet pseudo-label (teacher=Aff-Wild2, top=Happiness 0.34, tension=0.219) - 사람 검수 전"
lyZZSU1ziCQ.001,lyZZSU1ziCQ.001.mp4,lyZZSU1ziCQ,,,0.7413,"EMO-AffectNet pseudo-label (teacher=Aff-Wild2, top=Neutral 0.30, tension=0.259) - 사람 검수 전"
lyZZSU1ziCQ.002,lyZZSU1ziCQ.002.mp4,lyZZSU1ziCQ,,,0.7612,"EMO-AffectNet pseudo-label (teacher=Aff-Wild2, top=Neutral 0.45, tension=0.239) - 사람 검수 전"
lyZZSU1ziCQ.003,lyZZSU1ziCQ.003.mp4,lyZZSU1ziCQ,,,0.794,"EMO-AffectNet pseudo-label (teacher=Aff-Wild2, top=Neutral 0.50, tension=0.206) - 사람 검수 전"
lyZZSU1ziCQ.005,lyZZSU1ziCQ.005.mp4,lyZZSU1ziCQ,,,0.7884,"EMO-AffectNet pseudo-label (teacher=Aff-Wild2, top=Neutral 0.47, tension=0.212) - 사람 검수 전"
ly_0m16694Q.000,ly_0m16694Q.000.mp4,ly_0m16694Q,,,0.6244,"EMO-AffectNet pseudo-label (teacher=Aff-Wild2, top=Fear 0.37, tension=0.376) - 사람 검수 전"
ly_0m16694Q.003,ly_0m16694Q.003.mp4,ly_0m16694Q,,,0.6251,"EMO-AffectNet pseudo-label (teacher=Aff-Wild2, top=Fear 0.39, tension=0.375) - 사람 검수 전"
lyznxF-Pj6g.001,lyznxF-Pj6g.001.mp4,lyznxF-Pj6g,,,0.7131,"EMO-AffectNet pseudo-label (teacher=Aff-Wild2, top=Neutral 0.25, tension=0.287) - 사람 검수 전"
m04e9ylCoK0.000,m04e9ylCoK0.000.mp4,m04e9ylCoK0,,,0.7526,"EMO-AffectNet pseudo-label (teacher=Aff-Wild2, top=Neutral 0.40, tension=0.247) - 사람 검수 전"
m04e9ylCoK0.003,m04e9ylCoK0.003.mp4,m04e9ylCoK0,,,0.7752,"EMO-AffectNet pseudo-label (teacher=Aff-Wild2, top=Neutral 0.47, tension=0.225) - 사람 검수 전"
m0iznoJi8hw.001,m0iznoJi8hw.001.mp4,m0iznoJi8hw,,,0.7332,"EMO-AffectNet pseudo-label (teacher=Aff-Wild2, top=Neutral 0.35, tension=0.267) - 사람 검수 전"
m0iznoJi8hw.002,m0iznoJi8hw.002.mp4,m0iznoJi8hw,,,0.7404,"EMO-AffectNet pseudo-label (teacher=Aff-Wild2, top=Neutral 0.43, tension=0.260) - 사람 검수 전"
m0iznoJi8hw.003,m0iznoJi8hw.003.mp4,m0iznoJi8hw,,,0.7261,"EMO-AffectNet pseudo-label (teacher=Aff-Wild2, top=Neutral 0.39, tension=0.274) - 사람 검수 전"
m0tNIKbEwHE.003,m0tNIKbEwHE.003.mp4,m0tNIKbEwHE,,,0.8258,"EMO-AffectNet pseudo-label (teacher=Aff-Wild2, top=Happiness 0.29, tension=0.174) - 사람 검수 전"
m0tNIKbEwHE.004,m0tNIKbEwHE.004.mp4,m0tNIKbEwHE,,,0.7357,"EMO-AffectNet pseudo-label (teacher=Aff-Wild2, top=Neutral 0.32, tension=0.264) - 사람 검수 전"
m2uxFfpb5xU.001,m2uxFfpb5xU.001.mp4,m2uxFfpb5xU,,,0.6931,"EMO-AffectNet pseudo-label (teacher=Aff-Wild2, top=Anger 0.31, tension=0.307) - 사람 검수 전"
m2uxFfpb5xU.005,m2uxFfpb5xU.005.mp4,m2uxFfpb5xU,,,0.6313,"EMO-AffectNet pseudo-label (teacher=Aff-Wild2, top=Anger 0.32, tension=0.369) - 사람 검수 전"
m3z_a0l0FRk.000,m3z_a0l0FRk.000.mp4,m3z_a0l0FRk,,,0.7629,"EMO-AffectNet pseudo-label (teacher=Aff-Wild2, top=Happiness 0.26, tension=0.237) - 사람 검수 전"
m3z_a0l0FRk.002,m3z_a0l0FRk.002.mp4,m3z_a0l0FRk,,,0.7427,"EMO-AffectNet pseudo-label (teacher=Aff-Wild2, top=Neutral 0.41, tension=0.257) - 사람 검수 전"
m4-vvEeWP8s.000,m4-vvEeWP8s.000.mp4,m4-vvEeWP8s,,,0.6417,"EMO-AffectNet pseudo-label (teacher=Aff-Wild2, top=Anger 0.27, tension=0.358) - 사람 검수 전"
m4-vvEeWP8s.001,m4-vvEeWP8s.001.mp4,m4-vvEeWP8s,,,0.6317,"EMO-AffectNet pseudo-label (teacher=Aff-Wild2, top=Fear 0.20, tension=0.368) - 사람 검수 전"
m4-vvEeWP8s.002,m4-vvEeWP8s.002.mp4,m4-vvEeWP8s,,,0.7209,"EMO-AffectNet pseudo-label (teacher=Aff-Wild2, top=Happiness 0.20, tension=0.279) - 사람 검수 전"
m4KKYcD6CZw.002,m4KKYcD6CZw.002.mp4,m4KKYcD6CZw,,,0.7523,"EMO-AffectNet pseudo-label (teacher=Aff-Wild2, top=Happiness 0.22, tension=0.248) - 사람 검수 전"
m4KKYcD6CZw.003,m4KKYcD6CZw.003.mp4,m4KKYcD6CZw,,,0.7141,"EMO-AffectNet pseudo-label (teacher=Aff-Wild2, top=Neutral 0.25, tension=0.286) - 사람 검수 전"
m4ZmRZCv6VA.005,m4ZmRZCv6VA.005.mp4,m4ZmRZCv6VA,,,0.6376,"EMO-AffectNet pseudo-label (teacher=Aff-Wild2, top=Fear 0.31, tension=0.362) - 사람 검수 전"
m536hegSuKI.002,m536hegSuKI.002.mp4,m536hegSuKI,,,0.8055,"EMO-AffectNet pseudo-label (teacher=Aff-Wild2, top=Happiness 0.38, tension=0.195) - 사람 검수 전"
m536hegSuKI.004,m536hegSuKI.004.mp4,m536hegSuKI,,,0.7875,"EMO-AffectNet pseudo-label (teacher=Aff-Wild2, top=Happiness 0.40, tension=0.212) - 사람 검수 전"
m5kTITzj1bY.001,m5kTITzj1bY.001.mp4,m5kTITzj1bY,,,0.8386,"EMO-AffectNet pseudo-label (teacher=Aff-Wild2, top=Happiness 0.50, tension=0.161) - 사람 검수 전"
m5kTITzj1bY.005,m5kTITzj1bY.005.mp4,m5kTITzj1bY,,,0.9173,"EMO-AffectNet pseudo-label (teacher=Aff-Wild2, top=Happiness 0.74, tension=0.083) - 사람 검수 전"
m6JOFpKvkE0.001,m6JOFpKvkE0.001.mp4,m6JOFpKvkE0,,,0.916,"EMO-AffectNet pseudo-label (teacher=Aff-Wild2, top=Happiness 0.74, tension=0.084) - 사람 검수 전"
m7zdWVDT-34.001,m7zdWVDT-34.001.mp4,m7zdWVDT-34,,,0.6964,"EMO-AffectNet pseudo-label (teacher=Aff-Wild2, top=Happiness 0.26, tension=0.304) - 사람 검수 전"
m7zdWVDT-34.002,m7zdWVDT-34.002.mp4,m7zdWVDT-34,,,0.656,"EMO-AffectNet pseudo-label (teacher=Aff-Wild2, top=Sadness 0.19, tension=0.344) - 사람 검수 전"
m7zdWVDT-34.004,m7zdWVDT-34.004.mp4,m7zdWVDT-34,,,0.6754,"EMO-AffectNet pseudo-label (teacher=Aff-Wild2, top=Sadness 0.19, tension=0.325) - 사람 검수 전"
m7zdWVDT-34.005,m7zdWVDT-34.005.mp4,m7zdWVDT-34,,,0.6235,"EMO-AffectNet pseudo-label (teacher=Aff-Wild2, top=Disgust 0.20, tension=0.377) - 사람 검수 전"
mBJTwQsDC4M.002,mBJTwQsDC4M.002.mp4,mBJTwQsDC4M,,,0.6463,"EMO-AffectNet pseudo-label (teacher=Aff-Wild2, top=Neutral 0.19, tension=0.354) - 사람 검수 전"
mBJTwQsDC4M.003,mBJTwQsDC4M.003.mp4,mBJTwQsDC4M,,,0.6472,"EMO-AffectNet pseudo-label (teacher=Aff-Wild2, top=Disgust 0.29, tension=0.353) - 사람 검수 전"
mBdVuEXRlfQ.000,mBdVuEXRlfQ.000.mp4,mBdVuEXRlfQ,,,0.718,"EMO-AffectNet pseudo-label (teacher=Aff-Wild2, top=Neutral 0.39, tension=0.282) - 사람 검수 전"
mBdVuEXRlfQ.001,mBdVuEXRlfQ.001.mp4,mBdVuEXRlfQ,,,0.6943,"EMO-AffectNet pseudo-label (teacher=Aff-Wild2, top=Neutral 0.33, tension=0.306) - 사람 검수 전"
mEQBB6XsJFk.001,mEQBB6XsJFk.001.mp4,mEQBB6XsJFk,,,0.6754,"EMO-AffectNet pseudo-label (teacher=Aff-Wild2, top=Sadness 0.29, tension=0.325) - 사람 검수 전"
mEQBB6XsJFk.005,mEQBB6XsJFk.005.mp4,mEQBB6XsJFk,,,0.6797,"EMO-AffectNet pseudo-label (teacher=Aff-Wild2, top=Sadness 0.29, tension=0.320) - 사람 검수 전"
mFz5Fbs97QA.002,mFz5Fbs97QA.002.mp4,mFz5Fbs97QA,,,0.8652,"EMO-AffectNet pseudo-label (teacher=Aff-Wild2, top=Happiness 0.54, tension=0.135) - 사람 검수 전"
mFz5Fbs97QA.003,mFz5Fbs97QA.003.mp4,mFz5Fbs97QA,,,0.7297,"EMO-AffectNet pseudo-label (teacher=Aff-Wild2, top=Neutral 0.19, tension=0.270) - 사람 검수 전"
mGWS0Akp08E.000,mGWS0Akp08E.000.mp4,mGWS0Akp08E,,,0.7769,"EMO-AffectNet pseudo-label (teacher=Aff-Wild2, top=Happiness 0.32, tension=0.223) - 사람 검수 전"
mGWS0Akp08E.001,mGWS0Akp08E.001.mp4,mGWS0Akp08E,,,0.7702,"EMO-AffectNet pseudo-label (teacher=Aff-Wild2, top=Surprise 0.31, tension=0.230) - 사람 검수 전"
mIQnQ8Nmj-c.001,mIQnQ8Nmj-c.001.mp4,mIQnQ8Nmj-c,,,0.6971,"EMO-AffectNet pseudo-label (teacher=Aff-Wild2, top=Anger 0.26, tension=0.303) - 사람 검수 전"
mIQnQ8Nmj-c.005,mIQnQ8Nmj-c.005.mp4,mIQnQ8Nmj-c,,,0.6941,"EMO-AffectNet pseudo-label (teacher=Aff-Wild2, top=Anger 0.26, tension=0.306) - 사람 검수 전"
mIcktEhNxRo.003,mIcktEhNxRo.003.mp4,mIcktEhNxRo,,,0.8046,"EMO-AffectNet pseudo-label (teacher=Aff-Wild2, top=Happiness 0.38, tension=0.195) - 사람 검수 전"
mIxTz3tOgmQ.000,mIxTz3tOgmQ.000.mp4,mIxTz3tOgmQ,,,0.7103,"EMO-AffectNet pseudo-label (teacher=Aff-Wild2, top=Surprise 0.29, tension=0.290) - 사람 검수 전"
mK8ebTJyrCI.002,mK8ebTJyrCI.002.mp4,mK8ebTJyrCI,,,0.7419,"EMO-AffectNet pseudo-label (teacher=Aff-Wild2, top=Neutral 0.28, tension=0.258) - 사람 검수 전"
mKWscEow1U8.000,mKWscEow1U8.000.mp4,mKWscEow1U8,,,0.7889,"EMO-AffectNet pseudo-label (teacher=Aff-Wild2, top=Neutral 0.38, tension=0.211) - 사람 검수 전"
mKWscEow1U8.002,mKWscEow1U8.002.mp4,mKWscEow1U8,,,0.7884,"EMO-AffectNet pseudo-label (teacher=Aff-Wild2, top=Surprise 0.25, tension=0.212) - 사람 검수 전"
mKsGK9nCTxw.000,mKsGK9nCTxw.000.mp4,mKsGK9nCTxw,,,0.817,"EMO-AffectNet pseudo-label (teacher=Aff-Wild2, top=Happiness 0.30, tension=0.183) - 사람 검수 전"
mKsGK9nCTxw.001,mKsGK9nCTxw.001.mp4,mKsGK9nCTxw,,,0.8148,"EMO-AffectNet pseudo-label (teacher=Aff-Wild2, top=Happiness 0.27, tension=0.185) - 사람 검수 전"
mLZw7Hf8AYI.004,mLZw7Hf8AYI.004.mp4,mLZw7Hf8AYI,,,0.6456,"EMO-AffectNet pseudo-label (teacher=Aff-Wild2, top=Fear 0.27, tension=0.354) - 사람 검수 전"
mM6QbrCrdLo.000,mM6QbrCrdLo.000.mp4,mM6QbrCrdLo,,,0.7696,"EMO-AffectNet pseudo-label (teacher=Aff-Wild2, top=Neutral 0.33, tension=0.230) - 사람 검수 전"
mMNjlGNWsZA.001,mMNjlGNWsZA.001.mp4,mMNjlGNWsZA,,,0.7434,"EMO-AffectNet pseudo-label (teacher=Aff-Wild2, top=Neutral 0.27, tension=0.257) - 사람 검수 전"
mQTBqDY71dU.002,mQTBqDY71dU.002.mp4,mQTBqDY71dU,,,0.7226,"EMO-AffectNet pseudo-label (teacher=Aff-Wild2, top=Neutral 0.34, tension=0.277) - 사람 검수 전"
mQpNe8f5xA8.003,mQpNe8f5xA8.003.mp4,mQpNe8f5xA8,,,0.7052,"EMO-AffectNet pseudo-label (teacher=Aff-Wild2, top=Anger 0.19, tension=0.295) - 사람 검수 전"
mRKGI6hq4UU.003,mRKGI6hq4UU.003.mp4,mRKGI6hq4UU,,,0.798,"EMO-AffectNet pseudo-label (teacher=Aff-Wild2, top=Happiness 0.52, tension=0.202) - 사람 검수 전"
mRKGI6hq4UU.004,mRKGI6hq4UU.004.mp4,mRKGI6hq4UU,,,0.8329,"EMO-AffectNet pseudo-label (teacher=Aff-Wild2, top=Happiness 0.57, tension=0.167) - 사람 검수 전"
mRfkHyx__4w.000,mRfkHyx__4w.000.mp4,mRfkHyx__4w,,,0.7624,"EMO-AffectNet pseudo-label (teacher=Aff-Wild2, top=Happiness 0.24, tension=0.238) - 사람 검수 전"
mXaI17Dx7u0.000,mXaI17Dx7u0.000.mp4,mXaI17Dx7u0,,,0.6564,"EMO-AffectNet pseudo-label (teacher=Aff-Wild2, top=Anger 0.46, tension=0.344) - 사람 검수 전"
mXaI17Dx7u0.001,mXaI17Dx7u0.001.mp4,mXaI17Dx7u0,,,0.6524,"EMO-AffectNet pseudo-label (teacher=Aff-Wild2, top=Anger 0.29, tension=0.348) - 사람 검수 전"
mXaI17Dx7u0.003,mXaI17Dx7u0.003.mp4,mXaI17Dx7u0,,,0.7212,"EMO-AffectNet pseudo-label (teacher=Aff-Wild2, top=Anger 0.32, tension=0.279) - 사람 검수 전"
mXgUV0o6a20.000,mXgUV0o6a20.000.mp4,mXgUV0o6a20,,,0.7595,"EMO-AffectNet pseudo-label (teacher=Aff-Wild2, top=Neutral 0.24, tension=0.241) - 사람 검수 전"
mXgUV0o6a20.001,mXgUV0o6a20.001.mp4,mXgUV0o6a20,,,0.6956,"EMO-AffectNet pseudo-label (teacher=Aff-Wild2, top=Neutral 0.25, tension=0.304) - 사람 검수 전"
mY1ZTvNVkSA.002,mY1ZTvNVkSA.002.mp4,mY1ZTvNVkSA,,,0.7495,"EMO-AffectNet pseudo-label (teacher=Aff-Wild2, top=Neutral 0.24, tension=0.250) - 사람 검수 전"
mY1ZTvNVkSA.003,mY1ZTvNVkSA.003.mp4,mY1ZTvNVkSA,,,0.7644,"EMO-AffectNet pseudo-label (teacher=Aff-Wild2, top=Neutral 0.23, tension=0.236) - 사람 검수 전"
mY1ZTvNVkSA.005,mY1ZTvNVkSA.005.mp4,mY1ZTvNVkSA,,,0.7617,"EMO-AffectNet pseudo-label (teacher=Aff-Wild2, top=Neutral 0.24, tension=0.238) - 사람 검수 전"
mZ2CHgzwDt0.000,mZ2CHgzwDt0.000.mp4,mZ2CHgzwDt0,,,0.7875,"EMO-AffectNet pseudo-label (teacher=Aff-Wild2, top=Surprise 0.41, tension=0.212) - 사람 검수 전"
mZ2CHgzwDt0.001,mZ2CHgzwDt0.001.mp4,mZ2CHgzwDt0,,,0.7576,"EMO-AffectNet pseudo-label (teacher=Aff-Wild2, top=Surprise 0.46, tension=0.242) - 사람 검수 전"
mZ2CHgzwDt0.002,mZ2CHgzwDt0.002.mp4,mZ2CHgzwDt0,,,0.7194,"EMO-AffectNet pseudo-label (teacher=Aff-Wild2, top=Surprise 0.39, tension=0.281) - 사람 검수 전"
mZ2CHgzwDt0.003,mZ2CHgzwDt0.003.mp4,mZ2CHgzwDt0,,,0.7907,"EMO-AffectNet pseudo-label (teacher=Aff-Wild2, top=Surprise 0.35, tension=0.209) - 사람 검수 전"
mZ3vypXAfHg.000,mZ3vypXAfHg.000.mp4,mZ3vypXAfHg,,,0.7017,"EMO-AffectNet pseudo-label (teacher=Aff-Wild2, top=Happiness 0.23, tension=0.298) - 사람 검수 전"
mZ3vypXAfHg.003,mZ3vypXAfHg.003.mp4,mZ3vypXAfHg,,,0.7052,"EMO-AffectNet pseudo-label (teacher=Aff-Wild2, top=Surprise 0.22, tension=0.295) - 사람 검수 전"
mZQP06F94u8.003,mZQP06F94u8.003.mp4,mZQP06F94u8,,,0.65,"EMO-AffectNet pseudo-label (teacher=Aff-Wild2, top=Sadness 0.33, tension=0.350) - 사람 검수 전"
mZQP06F94u8.004,mZQP06F94u8.004.mp4,mZQP06F94u8,,,0.6718,"EMO-AffectNet pseudo-label (teacher=Aff-Wild2, top=Fear 0.22, tension=0.328) - 사람 검수 전"
mZzWhUI0CP0.005,mZzWhUI0CP0.005.mp4,mZzWhUI0CP0,,,0.7994,"EMO-AffectNet pseudo-label (teacher=Aff-Wild2, top=Happiness 0.26, tension=0.201) - 사람 검수 전"
m_2k0dL8CRM.001,m_2k0dL8CRM.001.mp4,m_2k0dL8CRM,,,0.7507,"EMO-AffectNet pseudo-label (teacher=Aff-Wild2, top=Happiness 0.29, tension=0.249) - 사람 검수 전"
m_9aygJNij8.004,m_9aygJNij8.004.mp4,m_9aygJNij8,,,0.7384,"EMO-AffectNet pseudo-label (teacher=Aff-Wild2, top=Neutral 0.29, tension=0.262) - 사람 검수 전"
maDObxiOQRo.000,maDObxiOQRo.000.mp4,maDObxiOQRo,,,0.7695,"EMO-AffectNet pseudo-label (teacher=Aff-Wild2, top=Surprise 0.37, tension=0.230) - 사람 검수 전"
maDObxiOQRo.003,maDObxiOQRo.003.mp4,maDObxiOQRo,,,0.7701,"EMO-AffectNet pseudo-label (teacher=Aff-Wild2, top=Surprise 0.26, tension=0.230) - 사람 검수 전"
mcxi2vtevb4.000,mcxi2vtevb4.000.mp4,mcxi2vtevb4,,,0.7055,"EMO-AffectNet pseudo-label (teacher=Aff-Wild2, top=Neutral 0.33, tension=0.294) - 사람 검수 전"
me15sHPOjKo.002,me15sHPOjKo.002.mp4,me15sHPOjKo,,,0.7717,"EMO-AffectNet pseudo-label (teacher=Aff-Wild2, top=Happiness 0.39, tension=0.228) - 사람 검수 전"
me15sHPOjKo.005,me15sHPOjKo.005.mp4,me15sHPOjKo,,,0.7399,"EMO-AffectNet pseudo-label (teacher=Aff-Wild2, top=Happiness 0.30, tension=0.260) - 사람 검수 전"
me5UoRny6NU.005,me5UoRny6NU.005.mp4,me5UoRny6NU,,,0.7398,"EMO-AffectNet pseudo-label (teacher=Aff-Wild2, top=Neutral 0.26, tension=0.260) - 사람 검수 전"
merppcmY6y0.000,merppcmY6y0.000.mp4,merppcmY6y0,,,0.689,"EMO-AffectNet pseudo-label (teacher=Aff-Wild2, top=Neutral 0.33, tension=0.311) - 사람 검수 전"
merppcmY6y0.002,merppcmY6y0.002.mp4,merppcmY6y0,,,0.6363,"EMO-AffectNet pseudo-label (teacher=Aff-Wild2, top=Sadness 0.37, tension=0.364) - 사람 검수 전"
merppcmY6y0.003,merppcmY6y0.003.mp4,merppcmY6y0,,,0.6753,"EMO-AffectNet pseudo-label (teacher=Aff-Wild2, top=Sadness 0.31, tension=0.325) - 사람 검수 전"
merppcmY6y0.004,merppcmY6y0.004.mp4,merppcmY6y0,,,0.7272,"EMO-AffectNet pseudo-label (teacher=Aff-Wild2, top=Happiness 0.29, tension=0.273) - 사람 검수 전"
mf0LqiLJYr0.001,mf0LqiLJYr0.001.mp4,mf0LqiLJYr0,,,0.7605,"EMO-AffectNet pseudo-label (teacher=Aff-Wild2, top=Neutral 0.33, tension=0.239) - 사람 검수 전"
mfGhtr0zy3k.001,mfGhtr0zy3k.001.mp4,mfGhtr0zy3k,,,0.5874,"EMO-AffectNet pseudo-label (teacher=Aff-Wild2, top=Sadness 0.33, tension=0.413) - 사람 검수 전"
mfGhtr0zy3k.002,mfGhtr0zy3k.002.mp4,mfGhtr0zy3k,,,0.5934,"EMO-AffectNet pseudo-label (teacher=Aff-Wild2, top=Sadness 0.33, tension=0.407) - 사람 검수 전"
mflgXFsGU9w.000,mflgXFsGU9w.000.mp4,mflgXFsGU9w,,,0.578,"EMO-AffectNet pseudo-label (teacher=Aff-Wild2, top=Disgust 0.54, tension=0.422) - 사람 검수 전"
mflgXFsGU9w.002,mflgXFsGU9w.002.mp4,mflgXFsGU9w,,,0.643,"EMO-AffectNet pseudo-label (teacher=Aff-Wild2, top=Disgust 0.34, tension=0.357) - 사람 검수 전"
mflgXFsGU9w.003,mflgXFsGU9w.003.mp4,mflgXFsGU9w,,,0.5818,"EMO-AffectNet pseudo-label (teacher=Aff-Wild2, top=Disgust 0.55, tension=0.418) - 사람 검수 전"
mflgXFsGU9w.004,mflgXFsGU9w.004.mp4,mflgXFsGU9w,,,0.5856,"EMO-AffectNet pseudo-label (teacher=Aff-Wild2, top=Disgust 0.48, tension=0.414) - 사람 검수 전"
mhF4kYTlVUE.000,mhF4kYTlVUE.000.mp4,mhF4kYTlVUE,,,0.7869,"EMO-AffectNet pseudo-label (teacher=Aff-Wild2, top=Happiness 0.30, tension=0.213) - 사람 검수 전"
mhF4kYTlVUE.001,mhF4kYTlVUE.001.mp4,mhF4kYTlVUE,,,0.8539,"EMO-AffectNet pseudo-label (teacher=Aff-Wild2, top=Happiness 0.55, tension=0.146) - 사람 검수 전"
mhF4kYTlVUE.002,mhF4kYTlVUE.002.mp4,mhF4kYTlVUE,,,0.8927,"EMO-AffectNet pseudo-label (teacher=Aff-Wild2, top=Happiness 0.67, tension=0.107) - 사람 검수 전"
mhF4kYTlVUE.003,mhF4kYTlVUE.003.mp4,mhF4kYTlVUE,,,0.8213,"EMO-AffectNet pseudo-label (teacher=Aff-Wild2, top=Happiness 0.41, tension=0.179) - 사람 검수 전"
mhF4kYTlVUE.004,mhF4kYTlVUE.004.mp4,mhF4kYTlVUE,,,0.7923,"EMO-AffectNet pseudo-label (teacher=Aff-Wild2, top=Happiness 0.32, tension=0.208) - 사람 검수 전"
mhvkJjOAjYI.004,mhvkJjOAjYI.004.mp4,mhvkJjOAjYI,,,0.8217,"EMO-AffectNet pseudo-label (teacher=Aff-Wild2, top=Neutral 0.31, tension=0.178) - 사람 검수 전"
mhvkJjOAjYI.005,mhvkJjOAjYI.005.mp4,mhvkJjOAjYI,,,0.8054,"EMO-AffectNet pseudo-label (teacher=Aff-Wild2, top=Neutral 0.31, tension=0.195) - 사람 검수 전"
mkJjaOADfj4.001,mkJjaOADfj4.001.mp4,mkJjaOADfj4,,,0.8634,"EMO-AffectNet pseudo-label (teacher=Aff-Wild2, top=Happiness 0.56, tension=0.137) - 사람 검수 전"
mkJjaOADfj4.002,mkJjaOADfj4.002.mp4,mkJjaOADfj4,,,0.865,"EMO-AffectNet pseudo-label (teacher=Aff-Wild2, top=Happiness 0.55, tension=0.135) - 사람 검수 전"
mkJjaOADfj4.003,mkJjaOADfj4.003.mp4,mkJjaOADfj4,,,0.9053,"EMO-AffectNet pseudo-label (teacher=Aff-Wild2, top=Happiness 0.69, tension=0.095) - 사람 검수 전"
mkJjaOADfj4.005,mkJjaOADfj4.005.mp4,mkJjaOADfj4,,,0.922,"EMO-AffectNet pseudo-label (teacher=Aff-Wild2, top=Happiness 0.75, tension=0.078) - 사람 검수 전"
mkWfG-4vvGc.000,mkWfG-4vvGc.000.mp4,mkWfG-4vvGc,,,0.8057,"EMO-AffectNet pseudo-label (teacher=Aff-Wild2, top=Happiness 0.45, tension=0.194) - 사람 검수 전"
mkWfG-4vvGc.003,mkWfG-4vvGc.003.mp4,mkWfG-4vvGc,,,0.7873,"EMO-AffectNet pseudo-label (teacher=Aff-Wild2, top=Happiness 0.34, tension=0.213) - 사람 검수 전"
mkWfG-4vvGc.004,mkWfG-4vvGc.004.mp4,mkWfG-4vvGc,,,0.8469,"EMO-AffectNet pseudo-label (teacher=Aff-Wild2, top=Happiness 0.50, tension=0.153) - 사람 검수 전"
mlXZQ8dO0nQ.004,mlXZQ8dO0nQ.004.mp4,mlXZQ8dO0nQ,,,0.7846,"EMO-AffectNet pseudo-label (teacher=Aff-Wild2, top=Happiness 0.39, tension=0.215) - 사람 검수 전"
mlXZQ8dO0nQ.005,mlXZQ8dO0nQ.005.mp4,mlXZQ8dO0nQ,,,0.7191,"EMO-AffectNet pseudo-label (teacher=Aff-Wild2, top=Happiness 0.20, tension=0.281) - 사람 검수 전"
mlsiYewUwO0.002,mlsiYewUwO0.002.mp4,mlsiYewUwO0,,,0.8052,"EMO-AffectNet pseudo-label (teacher=Aff-Wild2, top=Happiness 0.37, tension=0.195) - 사람 검수 전"
mlsiYewUwO0.003,mlsiYewUwO0.003.mp4,mlsiYewUwO0,,,0.7891,"EMO-AffectNet pseudo-label (teacher=Aff-Wild2, top=Happiness 0.36, tension=0.211) - 사람 검수 전"
mlsiYewUwO0.005,mlsiYewUwO0.005.mp4,mlsiYewUwO0,,,0.7898,"EMO-AffectNet pseudo-label (teacher=Aff-Wild2, top=Happiness 0.34, tension=0.210) - 사람 검수 전"
mmTbHy5iftA.002,mmTbHy5iftA.002.mp4,mmTbHy5iftA,,,0.778,"EMO-AffectNet pseudo-label (teacher=Aff-Wild2, top=Happiness 0.37, tension=0.222) - 사람 검수 전"
mnRuiwFx_Z8.000,mnRuiwFx_Z8.000.mp4,mnRuiwFx_Z8,,,0.6389,"EMO-AffectNet pseudo-label (teacher=Aff-Wild2, top=Sadness 0.25, tension=0.361) - 사람 검수 전"
mnRuiwFx_Z8.002,mnRuiwFx_Z8.002.mp4,mnRuiwFx_Z8,,,0.6755,"EMO-AffectNet pseudo-label (teacher=Aff-Wild2, top=Neutral 0.26, tension=0.324) - 사람 검수 전"
mnRuiwFx_Z8.005,mnRuiwFx_Z8.005.mp4,mnRuiwFx_Z8,,,0.654,"EMO-AffectNet pseudo-label (teacher=Aff-Wild2, top=Neutral 0.25, tension=0.346) - 사람 검수 전"
modNfUPt3F4.000,modNfUPt3F4.000.mp4,modNfUPt3F4,,,0.7236,"EMO-AffectNet pseudo-label (teacher=Aff-Wild2, top=Neutral 0.29, tension=0.276) - 사람 검수 전"
modNfUPt3F4.005,modNfUPt3F4.005.mp4,modNfUPt3F4,,,0.713,"EMO-AffectNet pseudo-label (teacher=Aff-Wild2, top=Neutral 0.29, tension=0.287) - 사람 검수 전"
mpXOSY5dW7c.000,mpXOSY5dW7c.000.mp4,mpXOSY5dW7c,,,0.6274,"EMO-AffectNet pseudo-label (teacher=Aff-Wild2, top=Anger 0.23, tension=0.373) - 사람 검수 전"
mpXOSY5dW7c.002,mpXOSY5dW7c.002.mp4,mpXOSY5dW7c,,,0.7405,"EMO-AffectNet pseudo-label (teacher=Aff-Wild2, top=Neutral 0.21, tension=0.259) - 사람 검수 전"
mpXOSY5dW7c.004,mpXOSY5dW7c.004.mp4,mpXOSY5dW7c,,,0.6519,"EMO-AffectNet pseudo-label (teacher=Aff-Wild2, top=Sadness 0.34, tension=0.348) - 사람 검수 전"
mpXOSY5dW7c.005,mpXOSY5dW7c.005.mp4,mpXOSY5dW7c,,,0.6748,"EMO-AffectNet pseudo-label (teacher=Aff-Wild2, top=Neutral 0.28, tension=0.325) - 사람 검수 전"
mpk5Ubw2fj8.000,mpk5Ubw2fj8.000.mp4,mpk5Ubw2fj8,,,0.6769,"EMO-AffectNet pseudo-label (teacher=Aff-Wild2, top=Neutral 0.27, tension=0.323) - 사람 검수 전"
mpk5Ubw2fj8.004,mpk5Ubw2fj8.004.mp4,mpk5Ubw2fj8,,,0.6936,"EMO-AffectNet pseudo-label (teacher=Aff-Wild2, top=Neutral 0.29, tension=0.306) - 사람 검수 전"
mq9NNKmKYdk.000,mq9NNKmKYdk.000.mp4,mq9NNKmKYdk,,,0.763,"EMO-AffectNet pseudo-label (teacher=Aff-Wild2, top=Surprise 0.34, tension=0.237) - 사람 검수 전"
mq9NNKmKYdk.003,mq9NNKmKYdk.003.mp4,mq9NNKmKYdk,,,0.7487,"EMO-AffectNet pseudo-label (teacher=Aff-Wild2, top=Surprise 0.28, tension=0.251) - 사람 검수 전"
mq9NNKmKYdk.004,mq9NNKmKYdk.004.mp4,mq9NNKmKYdk,,,0.8387,"EMO-AffectNet pseudo-label (teacher=Aff-Wild2, top=Happiness 0.55, tension=0.161) - 사람 검수 전"
mq9NNKmKYdk.005,mq9NNKmKYdk.005.mp4,mq9NNKmKYdk,,,0.7943,"EMO-AffectNet pseudo-label (teacher=Aff-Wild2, top=Happiness 0.46, tension=0.206) - 사람 검수 전"
mqDv8688ztg.004,mqDv8688ztg.004.mp4,mqDv8688ztg,,,0.6277,"EMO-AffectNet pseudo-label (teacher=Aff-Wild2, top=Anger 0.32, tension=0.372) - 사람 검수 전"
muKwyr-hrkc.001,muKwyr-hrkc.001.mp4,muKwyr-hrkc,,,0.6988,"EMO-AffectNet pseudo-label (teacher=Aff-Wild2, top=Surprise 0.26, tension=0.301) - 사람 검수 전"
muLgzV1gGao.001,muLgzV1gGao.001.mp4,muLgzV1gGao,,,0.6745,"EMO-AffectNet pseudo-label (teacher=Aff-Wild2, top=Neutral 0.29, tension=0.325) - 사람 검수 전"
muLgzV1gGao.004,muLgzV1gGao.004.mp4,muLgzV1gGao,,,0.7178,"EMO-AffectNet pseudo-label (teacher=Aff-Wild2, top=Neutral 0.33, tension=0.282) - 사람 검수 전"
muLgzV1gGao.005,muLgzV1gGao.005.mp4,muLgzV1gGao,,,0.6738,"EMO-AffectNet pseudo-label (teacher=Aff-Wild2, top=Neutral 0.28, tension=0.326) - 사람 검수 전"
mxLRr3YqgMU.000,mxLRr3YqgMU.000.mp4,mxLRr3YqgMU,,,0.7195,"EMO-AffectNet pseudo-label (teacher=Aff-Wild2, top=Neutral 0.41, tension=0.281) - 사람 검수 전"
mxLRr3YqgMU.001,mxLRr3YqgMU.001.mp4,mxLRr3YqgMU,,,0.6921,"EMO-AffectNet pseudo-label (teacher=Aff-Wild2, top=Neutral 0.36, tension=0.308) - 사람 검수 전"
mxLRr3YqgMU.004,mxLRr3YqgMU.004.mp4,mxLRr3YqgMU,,,0.6601,"EMO-AffectNet pseudo-label (teacher=Aff-Wild2, top=Neutral 0.31, tension=0.340) - 사람 검수 전"
myhEW1aZRg4.000,myhEW1aZRg4.000.mp4,myhEW1aZRg4,,,0.7552,"EMO-AffectNet pseudo-label (teacher=Aff-Wild2, top=Happiness 0.27, tension=0.245) - 사람 검수 전"
n0acEDmc0mA.000,n0acEDmc0mA.000.mp4,n0acEDmc0mA,,,0.6696,"EMO-AffectNet pseudo-label (teacher=Aff-Wild2, top=Sadness 0.33, tension=0.330) - 사람 검수 전"
n2BuwHbdilY.002,n2BuwHbdilY.002.mp4,n2BuwHbdilY,,,0.7632,"EMO-AffectNet pseudo-label (teacher=Aff-Wild2, top=Neutral 0.43, tension=0.237) - 사람 검수 전"
n4NkVZ1_dfk.000,n4NkVZ1_dfk.000.mp4,n4NkVZ1_dfk,,,0.6076,"EMO-AffectNet pseudo-label (teacher=Aff-Wild2, top=Sadness 0.32, tension=0.392) - 사람 검수 전"
n4NkVZ1_dfk.003,n4NkVZ1_dfk.003.mp4,n4NkVZ1_dfk,,,0.6759,"EMO-AffectNet pseudo-label (teacher=Aff-Wild2, top=Neutral 0.26, tension=0.324) - 사람 검수 전"
n4NkVZ1_dfk.004,n4NkVZ1_dfk.004.mp4,n4NkVZ1_dfk,,,0.626,"EMO-AffectNet pseudo-label (teacher=Aff-Wild2, top=Sadness 0.38, tension=0.374) - 사람 검수 전"
n4NkVZ1_dfk.005,n4NkVZ1_dfk.005.mp4,n4NkVZ1_dfk,,,0.6194,"EMO-AffectNet pseudo-label (teacher=Aff-Wild2, top=Sadness 0.40, tension=0.381) - 사람 검수 전"
n5Jeeqfj2_U.000,n5Jeeqfj2_U.000.mp4,n5Jeeqfj2_U,,,0.7538,"EMO-AffectNet pseudo-label (teacher=Aff-Wild2, top=Neutral 0.46, tension=0.246) - 사람 검수 전"
n5Jeeqfj2_U.005,n5Jeeqfj2_U.005.mp4,n5Jeeqfj2_U,,,0.7909,"EMO-AffectNet pseudo-label (teacher=Aff-Wild2, top=Happiness 0.37, tension=0.209) - 사람 검수 전"
n6JNJurop2U.000,n6JNJurop2U.000.mp4,n6JNJurop2U,,,0.7497,"EMO-AffectNet pseudo-label (teacher=Aff-Wild2, top=Neutral 0.33, tension=0.250) - 사람 검수 전"
n6JNJurop2U.003,n6JNJurop2U.003.mp4,n6JNJurop2U,,,0.8203,"EMO-AffectNet pseudo-label (teacher=Aff-Wild2, top=Happiness 0.33, tension=0.180) - 사람 검수 전"
n8IiQJyqjiE.000,n8IiQJyqjiE.000.mp4,n8IiQJyqjiE,,,0.8583,"EMO-AffectNet pseudo-label (teacher=Aff-Wild2, top=Happiness 0.54, tension=0.142) - 사람 검수 전"
n8IiQJyqjiE.001,n8IiQJyqjiE.001.mp4,n8IiQJyqjiE,,,0.7785,"EMO-AffectNet pseudo-label (teacher=Aff-Wild2, top=Happiness 0.35, tension=0.221) - 사람 검수 전"
n8IiQJyqjiE.003,n8IiQJyqjiE.003.mp4,n8IiQJyqjiE,,,0.7665,"EMO-AffectNet pseudo-label (teacher=Aff-Wild2, top=Neutral 0.30, tension=0.234) - 사람 검수 전"
n8IiQJyqjiE.004,n8IiQJyqjiE.004.mp4,n8IiQJyqjiE,,,0.8239,"EMO-AffectNet pseudo-label (teacher=Aff-Wild2, top=Happiness 0.39, tension=0.176) - 사람 검수 전"
nB-fPmvZg3U.005,nB-fPmvZg3U.005.mp4,nB-fPmvZg3U,,,0.7381,"EMO-AffectNet pseudo-label (teacher=Aff-Wild2, top=Neutral 0.42, tension=0.262) - 사람 검수 전"
nBjBfN9SbpM.001,nBjBfN9SbpM.001.mp4,nBjBfN9SbpM,,,0.7168,"EMO-AffectNet pseudo-label (teacher=Aff-Wild2, top=Happiness 0.25, tension=0.283) - 사람 검수 전"
nBjBfN9SbpM.002,nBjBfN9SbpM.002.mp4,nBjBfN9SbpM,,,0.6915,"EMO-AffectNet pseudo-label (teacher=Aff-Wild2, top=Anger 0.23, tension=0.309) - 사람 검수 전"
nBjBfN9SbpM.003,nBjBfN9SbpM.003.mp4,nBjBfN9SbpM,,,0.6405,"EMO-AffectNet pseudo-label (teacher=Aff-Wild2, top=Disgust 0.32, tension=0.360) - 사람 검수 전"
nBjBfN9SbpM.004,nBjBfN9SbpM.004.mp4,nBjBfN9SbpM,,,0.6641,"EMO-AffectNet pseudo-label (teacher=Aff-Wild2, top=Disgust 0.37, tension=0.336) - 사람 검수 전"
nBjBfN9SbpM.005,nBjBfN9SbpM.005.mp4,nBjBfN9SbpM,,,0.617,"EMO-AffectNet pseudo-label (teacher=Aff-Wild2, top=Disgust 0.34, tension=0.383) - 사람 검수 전"
nCWEEoJfjgE.000,nCWEEoJfjgE.000.mp4,nCWEEoJfjgE,,,0.6319,"EMO-AffectNet pseudo-label (teacher=Aff-Wild2, top=Anger 0.24, tension=0.368) - 사람 검수 전"
nCWEEoJfjgE.002,nCWEEoJfjgE.002.mp4,nCWEEoJfjgE,,,0.7134,"EMO-AffectNet pseudo-label (teacher=Aff-Wild2, top=Anger 0.26, tension=0.287) - 사람 검수 전"
nCWEEoJfjgE.004,nCWEEoJfjgE.004.mp4,nCWEEoJfjgE,,,0.6402,"EMO-AffectNet pseudo-label (teacher=Aff-Wild2, top=Anger 0.28, tension=0.360) - 사람 검수 전"
nCWEEoJfjgE.005,nCWEEoJfjgE.005.mp4,nCWEEoJfjgE,,,0.6788,"EMO-AffectNet pseudo-label (teacher=Aff-Wild2, top=Neutral 0.26, tension=0.321) - 사람 검수 전"
nCc8XfmSvf8.001,nCc8XfmSvf8.001.mp4,nCc8XfmSvf8,,,0.7097,"EMO-AffectNet pseudo-label (teacher=Aff-Wild2, top=Anger 0.24, tension=0.290) - 사람 검수 전"
nClvfVFYzbM.000,nClvfVFYzbM.000.mp4,nClvfVFYzbM,,,0.6956,"EMO-AffectNet pseudo-label (teacher=Aff-Wild2, top=Neutral 0.26, tension=0.304) - 사람 검수 전"
nClvfVFYzbM.003,nClvfVFYzbM.003.mp4,nClvfVFYzbM,,,0.7169,"EMO-AffectNet pseudo-label (teacher=Aff-Wild2, top=Neutral 0.29, tension=0.283) - 사람 검수 전"
nClvfVFYzbM.005,nClvfVFYzbM.005.mp4,nClvfVFYzbM,,,0.712,"EMO-AffectNet pseudo-label (teacher=Aff-Wild2, top=Neutral 0.31, tension=0.288) - 사람 검수 전"
nDcl8Jo2tYg.002,nDcl8Jo2tYg.002.mp4,nDcl8Jo2tYg,,,0.6444,"EMO-AffectNet pseudo-label (teacher=Aff-Wild2, top=Sadness 0.26, tension=0.356) - 사람 검수 전"
nDsTSmE73M0.000,nDsTSmE73M0.000.mp4,nDsTSmE73M0,,,0.8296,"EMO-AffectNet pseudo-label (teacher=Aff-Wild2, top=Happiness 0.45, tension=0.170) - 사람 검수 전"
nDsTSmE73M0.005,nDsTSmE73M0.005.mp4,nDsTSmE73M0,,,0.7134,"EMO-AffectNet pseudo-label (teacher=Aff-Wild2, top=Fear 0.21, tension=0.287) - 사람 검수 전"
nEm44UpCKmA.000,nEm44UpCKmA.000.mp4,nEm44UpCKmA,,,0.7314,"EMO-AffectNet pseudo-label (teacher=Aff-Wild2, top=Neutral 0.29, tension=0.269) - 사람 검수 전"
nFP7EEgz0Xg.002,nFP7EEgz0Xg.002.mp4,nFP7EEgz0Xg,,,0.6697,"EMO-AffectNet pseudo-label (teacher=Aff-Wild2, top=Neutral 0.29, tension=0.330) - 사람 검수 전"
nGGtTu6dSJE.000,nGGtTu6dSJE.000.mp4,nGGtTu6dSJE,,,0.6934,"EMO-AffectNet pseudo-label (teacher=Aff-Wild2, top=Neutral 0.28, tension=0.307) - 사람 검수 전"
nGe8dIc-ecc.000,nGe8dIc-ecc.000.mp4,nGe8dIc-ecc,,,0.7184,"EMO-AffectNet pseudo-label (teacher=Aff-Wild2, top=Neutral 0.29, tension=0.282) - 사람 검수 전"
nGe8dIc-ecc.002,nGe8dIc-ecc.002.mp4,nGe8dIc-ecc,,,0.6871,"EMO-AffectNet pseudo-label (teacher=Aff-Wild2, top=Neutral 0.22, tension=0.313) - 사람 검수 전"
nGe8dIc-ecc.003,nGe8dIc-ecc.003.mp4,nGe8dIc-ecc,,,0.8564,"EMO-AffectNet pseudo-label (teacher=Aff-Wild2, top=Happiness 0.55, tension=0.144) - 사람 검수 전"
nGe8dIc-ecc.005,nGe8dIc-ecc.005.mp4,nGe8dIc-ecc,,,0.7349,"EMO-AffectNet pseudo-label (teacher=Aff-Wild2, top=Surprise 0.21, tension=0.265) - 사람 검수 전"
nI6qUE8N8hk.000,nI6qUE8N8hk.000.mp4,nI6qUE8N8hk,,,0.7876,"EMO-AffectNet pseudo-label (teacher=Aff-Wild2, top=Happiness 0.31, tension=0.212) - 사람 검수 전"
nIwFocnmRFY.000,nIwFocnmRFY.000.mp4,nIwFocnmRFY,,,0.7938,"EMO-AffectNet pseudo-label (teacher=Aff-Wild2, top=Neutral 0.32, tension=0.206) - 사람 검수 전"
nIwFocnmRFY.003,nIwFocnmRFY.003.mp4,nIwFocnmRFY,,,0.8396,"EMO-AffectNet pseudo-label (teacher=Aff-Wild2, top=Happiness 0.41, tension=0.160) - 사람 검수 전"
nKLhatlbqEw.000,nKLhatlbqEw.000.mp4,nKLhatlbqEw,,,0.7998,"EMO-AffectNet pseudo-label (teacher=Aff-Wild2, top=Neutral 0.33, tension=0.200) - 사람 검수 전"
nKLhatlbqEw.001,nKLhatlbqEw.001.mp4,nKLhatlbqEw,,,0.7914,"EMO-AffectNet pseudo-label (teacher=Aff-Wild2, top=Neutral 0.40, tension=0.209) - 사람 검수 전"
nKLhatlbqEw.002,nKLhatlbqEw.002.mp4,nKLhatlbqEw,,,0.7881,"EMO-AffectNet pseudo-label (teacher=Aff-Wild2, top=Neutral 0.31, tension=0.212) - 사람 검수 전"
nKLhatlbqEw.005,nKLhatlbqEw.005.mp4,nKLhatlbqEw,,,0.7875,"EMO-AffectNet pseudo-label (teacher=Aff-Wild2, top=Neutral 0.32, tension=0.212) - 사람 검수 전"
nKx64KH7Xks.001,nKx64KH7Xks.001.mp4,nKx64KH7Xks,,,0.6201,"EMO-AffectNet pseudo-label (teacher=Aff-Wild2, top=Sadness 0.26, tension=0.380) - 사람 검수 전"
nKx64KH7Xks.002,nKx64KH7Xks.002.mp4,nKx64KH7Xks,,,0.6394,"EMO-AffectNet pseudo-label (teacher=Aff-Wild2, top=Fear 0.29, tension=0.361) - 사람 검수 전"
nKx64KH7Xks.003,nKx64KH7Xks.003.mp4,nKx64KH7Xks,,,0.8116,"EMO-AffectNet pseudo-label (teacher=Aff-Wild2, top=Happiness 0.47, tension=0.188) - 사람 검수 전"
nKx64KH7Xks.004,nKx64KH7Xks.004.mp4,nKx64KH7Xks,,,0.6611,"EMO-AffectNet pseudo-label (teacher=Aff-Wild2, top=Fear 0.23, tension=0.339) - 사람 검수 전"
nKx64KH7Xks.005,nKx64KH7Xks.005.mp4,nKx64KH7Xks,,,0.6306,"EMO-AffectNet pseudo-label (teacher=Aff-Wild2, top=Fear 0.26, tension=0.369) - 사람 검수 전"
nLB29nx1Jp4.001,nLB29nx1Jp4.001.mp4,nLB29nx1Jp4,,,0.6808,"EMO-AffectNet pseudo-label (teacher=Aff-Wild2, top=Surprise 0.24, tension=0.319) - 사람 검수 전"
nLuAoNAOGcQ.000,nLuAoNAOGcQ.000.mp4,nLuAoNAOGcQ,,,0.7404,"EMO-AffectNet pseudo-label (teacher=Aff-Wild2, top=Happiness 0.28, tension=0.260) - 사람 검수 전"
nOCSTnpB_F4.001,nOCSTnpB_F4.001.mp4,nOCSTnpB_F4,,,0.7216,"EMO-AffectNet pseudo-label (teacher=Aff-Wild2, top=Surprise 0.28, tension=0.278) - 사람 검수 전"
nOCSTnpB_F4.002,nOCSTnpB_F4.002.mp4,nOCSTnpB_F4,,,0.6911,"EMO-AffectNet pseudo-label (teacher=Aff-Wild2, top=Anger 0.30, tension=0.309) - 사람 검수 전"
nOFHZ_s7Et4.001,nOFHZ_s7Et4.001.mp4,nOFHZ_s7Et4,,,0.7906,"EMO-AffectNet pseudo-label (teacher=Aff-Wild2, top=Neutral 0.26, tension=0.209) - 사람 검수 전"
nOFHZ_s7Et4.005,nOFHZ_s7Et4.005.mp4,nOFHZ_s7Et4,,,0.8074,"EMO-AffectNet pseudo-label (teacher=Aff-Wild2, top=Neutral 0.28, tension=0.193) - 사람 검수 전"
nQtiqrceBhg.001,nQtiqrceBhg.001.mp4,nQtiqrceBhg,,,0.7283,"EMO-AffectNet pseudo-label (teacher=Aff-Wild2, top=Neutral 0.39, tension=0.272) - 사람 검수 전"
nQtiqrceBhg.003,nQtiqrceBhg.003.mp4,nQtiqrceBhg,,,0.7611,"EMO-AffectNet pseudo-label (teacher=Aff-Wild2, top=Neutral 0.25, tension=0.239) - 사람 검수 전"
nQxTTYWy7pA.001,nQxTTYWy7pA.001.mp4,nQxTTYWy7pA,,,0.8759,"EMO-AffectNet pseudo-label (teacher=Aff-Wild2, top=Happiness 0.52, tension=0.124) - 사람 검수 전"
nQxTTYWy7pA.002,nQxTTYWy7pA.002.mp4,nQxTTYWy7pA,,,0.8364,"EMO-AffectNet pseudo-label (teacher=Aff-Wild2, top=Happiness 0.36, tension=0.164) - 사람 검수 전"
nR0h3WFbPfA.000,nR0h3WFbPfA.000.mp4,nR0h3WFbPfA,,,0.8076,"EMO-AffectNet pseudo-label (teacher=Aff-Wild2, top=Happiness 0.40, tension=0.192) - 사람 검수 전"
nR0h3WFbPfA.001,nR0h3WFbPfA.001.mp4,nR0h3WFbPfA,,,0.7557,"EMO-AffectNet pseudo-label (teacher=Aff-Wild2, top=Surprise 0.28, tension=0.244) - 사람 검수 전"
nR0h3WFbPfA.003,nR0h3WFbPfA.003.mp4,nR0h3WFbPfA,,,0.8278,"EMO-AffectNet pseudo-label (teacher=Aff-Wild2, top=Happiness 0.47, tension=0.172) - 사람 검수 전"
nR0h3WFbPfA.004,nR0h3WFbPfA.004.mp4,nR0h3WFbPfA,,,0.7343,"EMO-AffectNet pseudo-label (teacher=Aff-Wild2, top=Surprise 0.25, tension=0.266) - 사람 검수 전"
nUazOUcW_AM.004,nUazOUcW_AM.004.mp4,nUazOUcW_AM,,,0.7279,"EMO-AffectNet pseudo-label (teacher=Aff-Wild2, top=Happiness 0.23, tension=0.272) - 사람 검수 전"
nUazOUcW_AM.005,nUazOUcW_AM.005.mp4,nUazOUcW_AM,,,0.7895,"EMO-AffectNet pseudo-label (teacher=Aff-Wild2, top=Happiness 0.39, tension=0.210) - 사람 검수 전"
nUbhRInpVbA.001,nUbhRInpVbA.001.mp4,nUbhRInpVbA,,,0.7384,"EMO-AffectNet pseudo-label (teacher=Aff-Wild2, top=Anger 0.22, tension=0.262) - 사람 검수 전"
nUbhRInpVbA.004,nUbhRInpVbA.004.mp4,nUbhRInpVbA,,,0.7614,"EMO-AffectNet pseudo-label (teacher=Aff-Wild2, top=Happiness 0.27, tension=0.239) - 사람 검수 전"
nUbhRInpVbA.005,nUbhRInpVbA.005.mp4,nUbhRInpVbA,,,0.7715,"EMO-AffectNet pseudo-label (teacher=Aff-Wild2, top=Happiness 0.31, tension=0.228) - 사람 검수 전"
nZC82V87Pm0.002,nZC82V87Pm0.002.mp4,nZC82V87Pm0,,,0.6697,"EMO-AffectNet pseudo-label (teacher=Aff-Wild2, top=Fear 0.21, tension=0.330) - 사람 검수 전"
nZC82V87Pm0.004,nZC82V87Pm0.004.mp4,nZC82V87Pm0,,,0.6543,"EMO-AffectNet pseudo-label (teacher=Aff-Wild2, top=Sadness 0.27, tension=0.346) - 사람 검수 전"
nZC82V87Pm0.005,nZC82V87Pm0.005.mp4,nZC82V87Pm0,,,0.7052,"EMO-AffectNet pseudo-label (teacher=Aff-Wild2, top=Neutral 0.23, tension=0.295) - 사람 검수 전"
nZz1hK90gwA.002,nZz1hK90gwA.002.mp4,nZz1hK90gwA,,,0.8582,"EMO-AffectNet pseudo-label (teacher=Aff-Wild2, top=Happiness 0.56, tension=0.142) - 사람 검수 전"
nZz1hK90gwA.003,nZz1hK90gwA.003.mp4,nZz1hK90gwA,,,0.8263,"EMO-AffectNet pseudo-label (teacher=Aff-Wild2, top=Happiness 0.51, tension=0.174) - 사람 검수 전"
nZz1hK90gwA.004,nZz1hK90gwA.004.mp4,nZz1hK90gwA,,,0.9431,"EMO-AffectNet pseudo-label (teacher=Aff-Wild2, top=Happiness 0.82, tension=0.057) - 사람 검수 전"
n_4vw3RKaog.002,n_4vw3RKaog.002.mp4,n_4vw3RKaog,,,0.6967,"EMO-AffectNet pseudo-label (teacher=Aff-Wild2, top=Neutral 0.28, tension=0.303) - 사람 검수 전"
naAGy30bnwA.000,naAGy30bnwA.000.mp4,naAGy30bnwA,,,0.7292,"EMO-AffectNet pseudo-label (teacher=Aff-Wild2, top=Neutral 0.28, tension=0.271) - 사람 검수 전"
naAGy30bnwA.005,naAGy30bnwA.005.mp4,naAGy30bnwA,,,0.7519,"EMO-AffectNet pseudo-label (teacher=Aff-Wild2, top=Neutral 0.31, tension=0.248) - 사람 검수 전"
ncmnmmmWEpU.000,ncmnmmmWEpU.000.mp4,ncmnmmmWEpU,,,0.8683,"EMO-AffectNet pseudo-label (teacher=Aff-Wild2, top=Happiness 0.53, tension=0.132) - 사람 검수 전"
ncmnmmmWEpU.004,ncmnmmmWEpU.004.mp4,ncmnmmmWEpU,,,0.8335,"EMO-AffectNet pseudo-label (teacher=Aff-Wild2, top=Happiness 0.36, tension=0.166) - 사람 검수 전"
ncmnmmmWEpU.005,ncmnmmmWEpU.005.mp4,ncmnmmmWEpU,,,0.848,"EMO-AffectNet pseudo-label (teacher=Aff-Wild2, top=Happiness 0.44, tension=0.152) - 사람 검수 전"
ndLtwmvPpr8.000,ndLtwmvPpr8.000.mp4,ndLtwmvPpr8,,,0.8622,"EMO-AffectNet pseudo-label (teacher=Aff-Wild2, top=Happiness 0.57, tension=0.138) - 사람 검수 전"
ndLtwmvPpr8.003,ndLtwmvPpr8.003.mp4,ndLtwmvPpr8,,,0.8808,"EMO-AffectNet pseudo-label (teacher=Aff-Wild2, top=Happiness 0.59, tension=0.119) - 사람 검수 전"
nex61B854Ms.003,nex61B854Ms.003.mp4,nex61B854Ms,,,0.7282,"EMO-AffectNet pseudo-label (teacher=Aff-Wild2, top=Happiness 0.24, tension=0.272) - 사람 검수 전"
nex61B854Ms.004,nex61B854Ms.004.mp4,nex61B854Ms,,,0.7492,"EMO-AffectNet pseudo-label (teacher=Aff-Wild2, top=Happiness 0.27, tension=0.251) - 사람 검수 전"
nex61B854Ms.005,nex61B854Ms.005.mp4,nex61B854Ms,,,0.736,"EMO-AffectNet pseudo-label (teacher=Aff-Wild2, top=Happiness 0.28, tension=0.264) - 사람 검수 전"
nfEhF5GBQpo.000,nfEhF5GBQpo.000.mp4,nfEhF5GBQpo,,,0.6606,"EMO-AffectNet pseudo-label (teacher=Aff-Wild2, top=Fear 0.26, tension=0.339) - 사람 검수 전"
nfN9qJSVank.000,nfN9qJSVank.000.mp4,nfN9qJSVank,,,0.7051,"EMO-AffectNet pseudo-label (teacher=Aff-Wild2, top=Anger 0.24, tension=0.295) - 사람 검수 전"
nfN9qJSVank.002,nfN9qJSVank.002.mp4,nfN9qJSVank,,,0.6982,"EMO-AffectNet pseudo-label (teacher=Aff-Wild2, top=Anger 0.23, tension=0.302) - 사람 검수 전"
nfN9qJSVank.003,nfN9qJSVank.003.mp4,nfN9qJSVank,,,0.714,"EMO-AffectNet pseudo-label (teacher=Aff-Wild2, top=Anger 0.24, tension=0.286) - 사람 검수 전"
nfN9qJSVank.004,nfN9qJSVank.004.mp4,nfN9qJSVank,,,0.6822,"EMO-AffectNet pseudo-label (teacher=Aff-Wild2, top=Neutral 0.25, tension=0.318) - 사람 검수 전"
nfN9qJSVank.005,nfN9qJSVank.005.mp4,nfN9qJSVank,,,0.6611,"EMO-AffectNet pseudo-label (teacher=Aff-Wild2, top=Neutral 0.21, tension=0.339) - 사람 검수 전"
ng42eoHytOA.001,ng42eoHytOA.001.mp4,ng42eoHytOA,,,0.8043,"EMO-AffectNet pseudo-label (teacher=Aff-Wild2, top=Happiness 0.30, tension=0.196) - 사람 검수 전"
ng42eoHytOA.002,ng42eoHytOA.002.mp4,ng42eoHytOA,,,0.7555,"EMO-AffectNet pseudo-label (teacher=Aff-Wild2, top=Neutral 0.32, tension=0.244) - 사람 검수 전"
ng42eoHytOA.003,ng42eoHytOA.003.mp4,ng42eoHytOA,,,0.8159,"EMO-AffectNet pseudo-label (teacher=Aff-Wild2, top=Neutral 0.44, tension=0.184) - 사람 검수 전"
ng42eoHytOA.005,ng42eoHytOA.005.mp4,ng42eoHytOA,,,0.8082,"EMO-AffectNet pseudo-label (teacher=Aff-Wild2, top=Neutral 0.40, tension=0.192) - 사람 검수 전"
nghDz0el8iI.000,nghDz0el8iI.000.mp4,nghDz0el8iI,,,0.8281,"EMO-AffectNet pseudo-label (teacher=Aff-Wild2, top=Happiness 0.42, tension=0.172) - 사람 검수 전"
nghDz0el8iI.001,nghDz0el8iI.001.mp4,nghDz0el8iI,,,0.8148,"EMO-AffectNet pseudo-label (teacher=Aff-Wild2, top=Happiness 0.39, tension=0.185) - 사람 검수 전"
niWi1hcuSmo.005,niWi1hcuSmo.005.mp4,niWi1hcuSmo,,,0.7209,"EMO-AffectNet pseudo-label (teacher=Aff-Wild2, top=Surprise 0.20, tension=0.279) - 사람 검수 전"
nkmYbzMmrYw.001,nkmYbzMmrYw.001.mp4,nkmYbzMmrYw,,,0.8184,"EMO-AffectNet pseudo-label (teacher=Aff-Wild2, top=Happiness 0.40, tension=0.182) - 사람 검수 전"
nkmYbzMmrYw.003,nkmYbzMmrYw.003.mp4,nkmYbzMmrYw,,,0.7661,"EMO-AffectNet pseudo-label (teacher=Aff-Wild2, top=Surprise 0.27, tension=0.234) - 사람 검수 전"
nkmYbzMmrYw.004,nkmYbzMmrYw.004.mp4,nkmYbzMmrYw,,,0.8253,"EMO-AffectNet pseudo-label (teacher=Aff-Wild2, top=Happiness 0.42, tension=0.175) - 사람 검수 전"
nlIrqbcvqLk.001,nlIrqbcvqLk.001.mp4,nlIrqbcvqLk,,,0.7665,"EMO-AffectNet pseudo-label (teacher=Aff-Wild2, top=Neutral 0.26, tension=0.233) - 사람 검수 전"
nmZRXxKPPuQ.002,nmZRXxKPPuQ.002.mp4,nmZRXxKPPuQ,,,0.745,"EMO-AffectNet pseudo-label (teacher=Aff-Wild2, top=Neutral 0.31, tension=0.255) - 사람 검수 전"
nmZRXxKPPuQ.005,nmZRXxKPPuQ.005.mp4,nmZRXxKPPuQ,,,0.7642,"EMO-AffectNet pseudo-label (teacher=Aff-Wild2, top=Neutral 0.38, tension=0.236) - 사람 검수 전"
nndDX4RgU1w.000,nndDX4RgU1w.000.mp4,nndDX4RgU1w,,,0.7081,"EMO-AffectNet pseudo-label (teacher=Aff-Wild2, top=Neutral 0.29, tension=0.292) - 사람 검수 전"
noepjVnUVFY.000,noepjVnUVFY.000.mp4,noepjVnUVFY,,,0.571,"EMO-AffectNet pseudo-label (teacher=Aff-Wild2, top=Disgust 0.36, tension=0.429) - 사람 검수 전"
noepjVnUVFY.001,noepjVnUVFY.001.mp4,noepjVnUVFY,,,0.6986,"EMO-AffectNet pseudo-label (teacher=Aff-Wild2, top=Surprise 0.17, tension=0.301) - 사람 검수 전"
nskJh7v6v1U.002,nskJh7v6v1U.002.mp4,nskJh7v6v1U,,,0.6857,"EMO-AffectNet pseudo-label (teacher=Aff-Wild2, top=Neutral 0.32, tension=0.314) - 사람 검수 전"
nskJh7v6v1U.004,nskJh7v6v1U.004.mp4,nskJh7v6v1U,,,0.7033,"EMO-AffectNet pseudo-label (teacher=Aff-Wild2, top=Neutral 0.34, tension=0.297) - 사람 검수 전"
nskJh7v6v1U.005,nskJh7v6v1U.005.mp4,nskJh7v6v1U,,,0.7912,"EMO-AffectNet pseudo-label (teacher=Aff-Wild2, top=Happiness 0.30, tension=0.209) - 사람 검수 전"
nvlqJbHk_Lc.000,nvlqJbHk_Lc.000.mp4,nvlqJbHk_Lc,,,0.7895,"EMO-AffectNet pseudo-label (teacher=Aff-Wild2, top=Neutral 0.29, tension=0.211) - 사람 검수 전"
o-fNF5QVMNo.004,o-fNF5QVMNo.004.mp4,o-fNF5QVMNo,,,0.7727,"EMO-AffectNet pseudo-label (teacher=Aff-Wild2, top=Neutral 0.26, tension=0.227) - 사람 검수 전"
o-fNF5QVMNo.005,o-fNF5QVMNo.005.mp4,o-fNF5QVMNo,,,0.7866,"EMO-AffectNet pseudo-label (teacher=Aff-Wild2, top=Happiness 0.29, tension=0.213) - 사람 검수 전"
o0zIPrIQY4o.005,o0zIPrIQY4o.005.mp4,o0zIPrIQY4o,,,0.806,"EMO-AffectNet pseudo-label (teacher=Aff-Wild2, top=Happiness 0.38, tension=0.194) - 사람 검수 전"
o1mTIo1vPas.000,o1mTIo1vPas.000.mp4,o1mTIo1vPas,,,0.8007,"EMO-AffectNet pseudo-label (teacher=Aff-Wild2, top=Happiness 0.37, tension=0.199) - 사람 검수 전"
o2iolmvadac.002,o2iolmvadac.002.mp4,o2iolmvadac,,,0.7271,"EMO-AffectNet pseudo-label (teacher=Aff-Wild2, top=Neutral 0.41, tension=0.273) - 사람 검수 전"
o2lu6rkd5-Y.001,o2lu6rkd5-Y.001.mp4,o2lu6rkd5-Y,,,0.7739,"EMO-AffectNet pseudo-label (teacher=Aff-Wild2, top=Neutral 0.45, tension=0.226) - 사람 검수 전"
o2lu6rkd5-Y.004,o2lu6rkd5-Y.004.mp4,o2lu6rkd5-Y,,,0.768,"EMO-AffectNet pseudo-label (teacher=Aff-Wild2, top=Neutral 0.38, tension=0.232) - 사람 검수 전"
o2wtRccAgjE.003,o2wtRccAgjE.003.mp4,o2wtRccAgjE,,,0.666,"EMO-AffectNet pseudo-label (teacher=Aff-Wild2, top=Neutral 0.25, tension=0.334) - 사람 검수 전"
o5eCmKiomvo.001,o5eCmKiomvo.001.mp4,o5eCmKiomvo,,,0.7873,"EMO-AffectNet pseudo-label (teacher=Aff-Wild2, top=Happiness 0.38, tension=0.213) - 사람 검수 전"
o5eCmKiomvo.002,o5eCmKiomvo.002.mp4,o5eCmKiomvo,,,0.7539,"EMO-AffectNet pseudo-label (teacher=Aff-Wild2, top=Happiness 0.29, tension=0.246) - 사람 검수 전"
o6JCQlOC3oE.002,o6JCQlOC3oE.002.mp4,o6JCQlOC3oE,,,0.6934,"EMO-AffectNet pseudo-label (teacher=Aff-Wild2, top=Neutral 0.32, tension=0.307) - 사람 검수 전"
o7J2fWIJndQ.005,o7J2fWIJndQ.005.mp4,o7J2fWIJndQ,,,0.7892,"EMO-AffectNet pseudo-label (teacher=Aff-Wild2, top=Happiness 0.42, tension=0.211) - 사람 검수 전"
oANKg9_grdA.004,oANKg9_grdA.004.mp4,oANKg9_grdA,,,0.7245,"EMO-AffectNet pseudo-label (teacher=Aff-Wild2, top=Neutral 0.34, tension=0.276) - 사람 검수 전"
oBE9f5xD9rk.000,oBE9f5xD9rk.000.mp4,oBE9f5xD9rk,,,0.7498,"EMO-AffectNet pseudo-label (teacher=Aff-Wild2, top=Neutral 0.26, tension=0.250) - 사람 검수 전"
oBE9f5xD9rk.002,oBE9f5xD9rk.002.mp4,oBE9f5xD9rk,,,0.7591,"EMO-AffectNet pseudo-label (teacher=Aff-Wild2, top=Surprise 0.31, tension=0.241) - 사람 검수 전"
oBE9f5xD9rk.004,oBE9f5xD9rk.004.mp4,oBE9f5xD9rk,,,0.6965,"EMO-AffectNet pseudo-label (teacher=Aff-Wild2, top=Neutral 0.25, tension=0.303) - 사람 검수 전"
oBE9f5xD9rk.005,oBE9f5xD9rk.005.mp4,oBE9f5xD9rk,,,0.7338,"EMO-AffectNet pseudo-label (teacher=Aff-Wild2, top=Surprise 0.24, tension=0.266) - 사람 검수 전"
oC-qxnrmJws.000,oC-qxnrmJws.000.mp4,oC-qxnrmJws,,,0.9333,"EMO-AffectNet pseudo-label (teacher=Aff-Wild2, top=Happiness 0.80, tension=0.067) - 사람 검수 전"
oC-qxnrmJws.002,oC-qxnrmJws.002.mp4,oC-qxnrmJws,,,0.9507,"EMO-AffectNet pseudo-label (teacher=Aff-Wild2, top=Happiness 0.84, tension=0.049) - 사람 검수 전"
oC-qxnrmJws.003,oC-qxnrmJws.003.mp4,oC-qxnrmJws,,,0.9385,"EMO-AffectNet pseudo-label (teacher=Aff-Wild2, top=Happiness 0.80, tension=0.061) - 사람 검수 전"
oC-qxnrmJws.005,oC-qxnrmJws.005.mp4,oC-qxnrmJws,,,0.8837,"EMO-AffectNet pseudo-label (teacher=Aff-Wild2, top=Happiness 0.62, tension=0.116) - 사람 검수 전"
oCN_9daCssU.002,oCN_9daCssU.002.mp4,oCN_9daCssU,,,0.7732,"EMO-AffectNet pseudo-label (teacher=Aff-Wild2, top=Surprise 0.34, tension=0.227) - 사람 검수 전"
oCb9DK3M1DU.000,oCb9DK3M1DU.000.mp4,oCb9DK3M1DU,,,0.7025,"EMO-AffectNet pseudo-label (teacher=Aff-Wild2, top=Happiness 0.17, tension=0.298) - 사람 검수 전"
oCb9DK3M1DU.001,oCb9DK3M1DU.001.mp4,oCb9DK3M1DU,,,0.712,"EMO-AffectNet pseudo-label (teacher=Aff-Wild2, top=Happiness 0.20, tension=0.288) - 사람 검수 전"
oCb9DK3M1DU.002,oCb9DK3M1DU.002.mp4,oCb9DK3M1DU,,,0.7007,"EMO-AffectNet pseudo-label (teacher=Aff-Wild2, top=Happiness 0.18, tension=0.299) - 사람 검수 전"
oCb9DK3M1DU.003,oCb9DK3M1DU.003.mp4,oCb9DK3M1DU,,,0.7065,"EMO-AffectNet pseudo-label (teacher=Aff-Wild2, top=Happiness 0.18, tension=0.294) - 사람 검수 전"
oCb9DK3M1DU.004,oCb9DK3M1DU.004.mp4,oCb9DK3M1DU,,,0.7246,"EMO-AffectNet pseudo-label (teacher=Aff-Wild2, top=Happiness 0.25, tension=0.275) - 사람 검수 전"
oCb9DK3M1DU.005,oCb9DK3M1DU.005.mp4,oCb9DK3M1DU,,,0.7359,"EMO-AffectNet pseudo-label (teacher=Aff-Wild2, top=Happiness 0.23, tension=0.264) - 사람 검수 전"
oDOoG0vX-7U.005,oDOoG0vX-7U.005.mp4,oDOoG0vX-7U,,,0.6243,"EMO-AffectNet pseudo-label (teacher=Aff-Wild2, top=Anger 0.29, tension=0.376) - 사람 검수 전"
oG84VxrGfj0.001,oG84VxrGfj0.001.mp4,oG84VxrGfj0,,,0.6911,"EMO-AffectNet pseudo-label (teacher=Aff-Wild2, top=Sadness 0.29, tension=0.309) - 사람 검수 전"
oGa05H9UXxU.002,oGa05H9UXxU.002.mp4,oGa05H9UXxU,,,0.7494,"EMO-AffectNet pseudo-label (teacher=Aff-Wild2, top=Neutral 0.35, tension=0.251) - 사람 검수 전"
oGa05H9UXxU.004,oGa05H9UXxU.004.mp4,oGa05H9UXxU,,,0.7472,"EMO-AffectNet pseudo-label (teacher=Aff-Wild2, top=Neutral 0.38, tension=0.253) - 사람 검수 전"
oHudDVcT5Lg.002,oHudDVcT5Lg.002.mp4,oHudDVcT5Lg,,,0.7931,"EMO-AffectNet pseudo-label (teacher=Aff-Wild2, top=Happiness 0.32, tension=0.207) - 사람 검수 전"
oHudDVcT5Lg.004,oHudDVcT5Lg.004.mp4,oHudDVcT5Lg,,,0.7883,"EMO-AffectNet pseudo-label (teacher=Aff-Wild2, top=Happiness 0.32, tension=0.212) - 사람 검수 전"
oHudDVcT5Lg.005,oHudDVcT5Lg.005.mp4,oHudDVcT5Lg,,,0.6794,"EMO-AffectNet pseudo-label (teacher=Aff-Wild2, top=Anger 0.20, tension=0.321) - 사람 검수 전"
oJPdfhG4hT0.001,oJPdfhG4hT0.001.mp4,oJPdfhG4hT0,,,0.6772,"EMO-AffectNet pseudo-label (teacher=Aff-Wild2, top=Anger 0.29, tension=0.323) - 사람 검수 전"
oJPdfhG4hT0.002,oJPdfhG4hT0.002.mp4,oJPdfhG4hT0,,,0.657,"EMO-AffectNet pseudo-label (teacher=Aff-Wild2, top=Anger 0.25, tension=0.343) - 사람 검수 전"
oLO05QNhhGg.000,oLO05QNhhGg.000.mp4,oLO05QNhhGg,,,0.7376,"EMO-AffectNet pseudo-label (teacher=Aff-Wild2, top=Neutral 0.34, tension=0.262) - 사람 검수 전"
oLO05QNhhGg.001,oLO05QNhhGg.001.mp4,oLO05QNhhGg,,,0.7588,"EMO-AffectNet pseudo-label (teacher=Aff-Wild2, top=Neutral 0.40, tension=0.241) - 사람 검수 전"
oLO05QNhhGg.002,oLO05QNhhGg.002.mp4,oLO05QNhhGg,,,0.7837,"EMO-AffectNet pseudo-label (teacher=Aff-Wild2, top=Neutral 0.28, tension=0.216) - 사람 검수 전"
oLO05QNhhGg.003,oLO05QNhhGg.003.mp4,oLO05QNhhGg,,,0.7509,"EMO-AffectNet pseudo-label (teacher=Aff-Wild2, top=Neutral 0.32, tension=0.249) - 사람 검수 전"
oLO05QNhhGg.004,oLO05QNhhGg.004.mp4,oLO05QNhhGg,,,0.776,"EMO-AffectNet pseudo-label (teacher=Aff-Wild2, top=Happiness 0.33, tension=0.224) - 사람 검수 전"
oLO05QNhhGg.005,oLO05QNhhGg.005.mp4,oLO05QNhhGg,,,0.7372,"EMO-AffectNet pseudo-label (teacher=Aff-Wild2, top=Neutral 0.36, tension=0.263) - 사람 검수 전"
oQOvtrP52As.002,oQOvtrP52As.002.mp4,oQOvtrP52As,,,0.8641,"EMO-AffectNet pseudo-label (teacher=Aff-Wild2, top=Happiness 0.52, tension=0.136) - 사람 검수 전"
oU7zAWm_01o.000,oU7zAWm_01o.000.mp4,oU7zAWm_01o,,,0.8031,"EMO-AffectNet pseudo-label (teacher=Aff-Wild2, top=Happiness 0.27, tension=0.197) - 사람 검수 전"
oU7zAWm_01o.002,oU7zAWm_01o.002.mp4,oU7zAWm_01o,,,0.774,"EMO-AffectNet pseudo-label (teacher=Aff-Wild2, top=Neutral 0.27, tension=0.226) - 사람 검수 전"
oU7zAWm_01o.003,oU7zAWm_01o.003.mp4,oU7zAWm_01o,,,0.8635,"EMO-AffectNet pseudo-label (teacher=Aff-Wild2, top=Happiness 0.54, tension=0.136) - 사람 검수 전"
oU7zAWm_01o.004,oU7zAWm_01o.004.mp4,oU7zAWm_01o,,,0.808,"EMO-AffectNet pseudo-label (teacher=Aff-Wild2, top=Happiness 0.31, tension=0.192) - 사람 검수 전"
oVSMxtPpQ0M.002,oVSMxtPpQ0M.002.mp4,oVSMxtPpQ0M,,,0.6073,"EMO-AffectNet pseudo-label (teacher=Aff-Wild2, top=Sadness 0.26, tension=0.393) - 사람 검수 전"
oVSMxtPpQ0M.003,oVSMxtPpQ0M.003.mp4,oVSMxtPpQ0M,,,0.6132,"EMO-AffectNet pseudo-label (teacher=Aff-Wild2, top=Sadness 0.27, tension=0.387) - 사람 검수 전"
oVSMxtPpQ0M.005,oVSMxtPpQ0M.005.mp4,oVSMxtPpQ0M,,,0.6693,"EMO-AffectNet pseudo-label (teacher=Aff-Wild2, top=Sadness 0.19, tension=0.331) - 사람 검수 전"
oWDh03tstic.002,oWDh03tstic.002.mp4,oWDh03tstic,,,0.7611,"EMO-AffectNet pseudo-label (teacher=Aff-Wild2, top=Happiness 0.34, tension=0.239) - 사람 검수 전"
oXRhk1PUPcQ.002,oXRhk1PUPcQ.002.mp4,oXRhk1PUPcQ,,,0.7028,"EMO-AffectNet pseudo-label (teacher=Aff-Wild2, top=Neutral 0.29, tension=0.297) - 사람 검수 전"
oYhWw97JYyU.000,oYhWw97JYyU.000.mp4,oYhWw97JYyU,,,0.8139,"EMO-AffectNet pseudo-label (teacher=Aff-Wild2, top=Neutral 0.33, tension=0.186) - 사람 검수 전"
oYhWw97JYyU.001,oYhWw97JYyU.001.mp4,oYhWw97JYyU,,,0.8135,"EMO-AffectNet pseudo-label (teacher=Aff-Wild2, top=Neutral 0.28, tension=0.187) - 사람 검수 전"
oYiWW-Qc0rs.000,oYiWW-Qc0rs.000.mp4,oYiWW-Qc0rs,,,0.7802,"EMO-AffectNet pseudo-label (teacher=Aff-Wild2, top=Neutral 0.39, tension=0.220) - 사람 검수 전"
oYiWW-Qc0rs.001,oYiWW-Qc0rs.001.mp4,oYiWW-Qc0rs,,,0.7475,"EMO-AffectNet pseudo-label (teacher=Aff-Wild2, top=Neutral 0.29, tension=0.252) - 사람 검수 전"
oYiWW-Qc0rs.002,oYiWW-Qc0rs.002.mp4,oYiWW-Qc0rs,,,0.788,"EMO-AffectNet pseudo-label (teacher=Aff-Wild2, top=Neutral 0.44, tension=0.212) - 사람 검수 전"
oYiWW-Qc0rs.005,oYiWW-Qc0rs.005.mp4,oYiWW-Qc0rs,,,0.7865,"EMO-AffectNet pseudo-label (teacher=Aff-Wild2, top=Surprise 0.29, tension=0.214) - 사람 검수 전"
o_kTWEEjtyw.001,o_kTWEEjtyw.001.mp4,o_kTWEEjtyw,,,0.6867,"EMO-AffectNet pseudo-label (teacher=Aff-Wild2, top=Surprise 0.34, tension=0.313) - 사람 검수 전"
o_kTWEEjtyw.003,o_kTWEEjtyw.003.mp4,o_kTWEEjtyw,,,0.6454,"EMO-AffectNet pseudo-label (teacher=Aff-Wild2, top=Fear 0.27, tension=0.355) - 사람 검수 전"
o_kTWEEjtyw.005,o_kTWEEjtyw.005.mp4,o_kTWEEjtyw,,,0.7087,"EMO-AffectNet pseudo-label (teacher=Aff-Wild2, top=Neutral 0.25, tension=0.291) - 사람 검수 전"
obr7ktzX8w8.001,obr7ktzX8w8.001.mp4,obr7ktzX8w8,,,0.7625,"EMO-AffectNet pseudo-label (teacher=Aff-Wild2, top=Neutral 0.29, tension=0.238) - 사람 검수 전"
obr7ktzX8w8.003,obr7ktzX8w8.003.mp4,obr7ktzX8w8,,,0.7858,"EMO-AffectNet pseudo-label (teacher=Aff-Wild2, top=Neutral 0.30, tension=0.214) - 사람 검수 전"
obr7ktzX8w8.004,obr7ktzX8w8.004.mp4,obr7ktzX8w8,,,0.7419,"EMO-AffectNet pseudo-label (teacher=Aff-Wild2, top=Neutral 0.30, tension=0.258) - 사람 검수 전"
odHogR_36Dc.000,odHogR_36Dc.000.mp4,odHogR_36Dc,,,0.8153,"EMO-AffectNet pseudo-label (teacher=Aff-Wild2, top=Happiness 0.32, tension=0.185) - 사람 검수 전"
odHogR_36Dc.002,odHogR_36Dc.002.mp4,odHogR_36Dc,,,0.8373,"EMO-AffectNet pseudo-label (teacher=Aff-Wild2, top=Happiness 0.43, tension=0.163) - 사람 검수 전"
odHogR_36Dc.003,odHogR_36Dc.003.mp4,odHogR_36Dc,,,0.8545,"EMO-AffectNet pseudo-label (teacher=Aff-Wild2, top=Happiness 0.46, tension=0.146) - 사람 검수 전"
odRqijkG28U.000,odRqijkG28U.000.mp4,odRqijkG28U,,,0.7547,"EMO-AffectNet pseudo-label (teacher=Aff-Wild2, top=Happiness 0.24, tension=0.245) - 사람 검수 전"
odRqijkG28U.001,odRqijkG28U.001.mp4,odRqijkG28U,,,0.721,"EMO-AffectNet pseudo-label (teacher=Aff-Wild2, top=Neutral 0.23, tension=0.279) - 사람 검수 전"
odRqijkG28U.004,odRqijkG28U.004.mp4,odRqijkG28U,,,0.8727,"EMO-AffectNet pseudo-label (teacher=Aff-Wild2, top=Happiness 0.56, tension=0.127) - 사람 검수 전"
oe1PZxExhzc.001,oe1PZxExhzc.001.mp4,oe1PZxExhzc,,,0.7298,"EMO-AffectNet pseudo-label (teacher=Aff-Wild2, top=Surprise 0.34, tension=0.270) - 사람 검수 전"
oe1PZxExhzc.003,oe1PZxExhzc.003.mp4,oe1PZxExhzc,,,0.6875,"EMO-AffectNet pseudo-label (teacher=Aff-Wild2, top=Surprise 0.24, tension=0.312) - 사람 검수 전"
oe6q_ZByIxQ.000,oe6q_ZByIxQ.000.mp4,oe6q_ZByIxQ,,,0.7596,"EMO-AffectNet pseudo-label (teacher=Aff-Wild2, top=Neutral 0.41, tension=0.240) - 사람 검수 전"
og8vtyRh_bc.000,og8vtyRh_bc.000.mp4,og8vtyRh_bc,,,0.843,"EMO-AffectNet pseudo-label (teacher=Aff-Wild2, top=Happiness 0.43, tension=0.157) - 사람 검수 전"
og8vtyRh_bc.001,og8vtyRh_bc.001.mp4,og8vtyRh_bc,,,0.7592,"EMO-AffectNet pseudo-label (teacher=Aff-Wild2, top=Neutral 0.28, tension=0.241) - 사람 검수 전"
og8vtyRh_bc.003,og8vtyRh_bc.003.mp4,og8vtyRh_bc,,,0.8109,"EMO-AffectNet pseudo-label (teacher=Aff-Wild2, top=Happiness 0.30, tension=0.189) - 사람 검수 전"
ogSLrHVeqLI.003,ogSLrHVeqLI.003.mp4,ogSLrHVeqLI,,,0.9002,"EMO-AffectNet pseudo-label (teacher=Aff-Wild2, top=Happiness 0.72, tension=0.100) - 사람 검수 전"
okSmKH2k5lE.002,okSmKH2k5lE.002.mp4,okSmKH2k5lE,,,0.6551,"EMO-AffectNet pseudo-label (teacher=Aff-Wild2, top=Neutral 0.23, tension=0.345) - 사람 검수 전"
okdZnQbLnf8.001,okdZnQbLnf8.001.mp4,okdZnQbLnf8,,,0.6912,"EMO-AffectNet pseudo-label (teacher=Aff-Wild2, top=Neutral 0.27, tension=0.309) - 사람 검수 전"
okdZnQbLnf8.002,okdZnQbLnf8.002.mp4,okdZnQbLnf8,,,0.6732,"EMO-AffectNet pseudo-label (teacher=Aff-Wild2, top=Neutral 0.29, tension=0.327) - 사람 검수 전"
okdZnQbLnf8.004,okdZnQbLnf8.004.mp4,okdZnQbLnf8,,,0.6815,"EMO-AffectNet pseudo-label (teacher=Aff-Wild2, top=Neutral 0.29, tension=0.319) - 사람 검수 전"
okl467xvgOw.001,okl467xvgOw.001.mp4,okl467xvgOw,,,0.7612,"EMO-AffectNet pseudo-label (teacher=Aff-Wild2, top=Neutral 0.28, tension=0.239) - 사람 검수 전"
om-9kFEKJIs.000,om-9kFEKJIs.000.mp4,om-9kFEKJIs,,,0.7445,"EMO-AffectNet pseudo-label (teacher=Aff-Wild2, top=Neutral 0.34, tension=0.256) - 사람 검수 전"
om-9kFEKJIs.001,om-9kFEKJIs.001.mp4,om-9kFEKJIs,,,0.7344,"EMO-AffectNet pseudo-label (teacher=Aff-Wild2, top=Neutral 0.38, tension=0.266) - 사람 검수 전"
om-9kFEKJIs.004,om-9kFEKJIs.004.mp4,om-9kFEKJIs,,,0.7355,"EMO-AffectNet pseudo-label (teacher=Aff-Wild2, top=Neutral 0.37, tension=0.264) - 사람 검수 전"
omQ5CGXJKS8.001,omQ5CGXJKS8.001.mp4,omQ5CGXJKS8,,,0.8369,"EMO-AffectNet pseudo-label (teacher=Aff-Wild2, top=Happiness 0.48, tension=0.163) - 사람 검수 전"
omQ5CGXJKS8.002,omQ5CGXJKS8.002.mp4,omQ5CGXJKS8,,,0.8949,"EMO-AffectNet pseudo-label (teacher=Aff-Wild2, top=Happiness 0.66, tension=0.105) - 사람 검수 전"
omeHsKF7InA.000,omeHsKF7InA.000.mp4,omeHsKF7InA,,,0.638,"EMO-AffectNet pseudo-label (teacher=Aff-Wild2, top=Fear 0.24, tension=0.362) - 사람 검수 전"
omeHsKF7InA.001,omeHsKF7InA.001.mp4,omeHsKF7InA,,,0.6391,"EMO-AffectNet pseudo-label (teacher=Aff-Wild2, top=Sadness 0.23, tension=0.361) - 사람 검수 전"
onbyz01BC_Y.003,onbyz01BC_Y.003.mp4,onbyz01BC_Y,,,0.6966,"EMO-AffectNet pseudo-label (teacher=Aff-Wild2, top=Anger 0.29, tension=0.303) - 사람 검수 전"
opEoJBrcmbI.001,opEoJBrcmbI.001.mp4,opEoJBrcmbI,,,0.8042,"EMO-AffectNet pseudo-label (teacher=Aff-Wild2, top=Happiness 0.40, tension=0.196) - 사람 검수 전"
opEoJBrcmbI.002,opEoJBrcmbI.002.mp4,opEoJBrcmbI,,,0.8144,"EMO-AffectNet pseudo-label (teacher=Aff-Wild2, top=Happiness 0.38, tension=0.186) - 사람 검수 전"
opEoJBrcmbI.003,opEoJBrcmbI.003.mp4,opEoJBrcmbI,,,0.7847,"EMO-AffectNet pseudo-label (teacher=Aff-Wild2, top=Happiness 0.29, tension=0.215) - 사람 검수 전"
opEoJBrcmbI.005,opEoJBrcmbI.005.mp4,opEoJBrcmbI,,,0.8746,"EMO-AffectNet pseudo-label (teacher=Aff-Wild2, top=Happiness 0.62, tension=0.125) - 사람 검수 전"
opqoflph5ZE.004,opqoflph5ZE.004.mp4,opqoflph5ZE,,,0.7857,"EMO-AffectNet pseudo-label (teacher=Aff-Wild2, top=Neutral 0.41, tension=0.214) - 사람 검수 전"
opyTSeVCYtE.002,opyTSeVCYtE.002.mp4,opyTSeVCYtE,,,0.705,"EMO-AffectNet pseudo-label (teacher=Aff-Wild2, top=Surprise 0.41, tension=0.295) - 사람 검수 전"
opyTSeVCYtE.003,opyTSeVCYtE.003.mp4,opyTSeVCYtE,,,0.7454,"EMO-AffectNet pseudo-label (teacher=Aff-Wild2, top=Surprise 0.29, tension=0.255) - 사람 검수 전"
opyTSeVCYtE.005,opyTSeVCYtE.005.mp4,opyTSeVCYtE,,,0.7214,"EMO-AffectNet pseudo-label (teacher=Aff-Wild2, top=Surprise 0.29, tension=0.279) - 사람 검수 전"
oqXx6ipHfUE.000,oqXx6ipHfUE.000.mp4,oqXx6ipHfUE,,,0.67,"EMO-AffectNet pseudo-label (teacher=Aff-Wild2, top=Anger 0.31, tension=0.330) - 사람 검수 전"
oqXx6ipHfUE.005,oqXx6ipHfUE.005.mp4,oqXx6ipHfUE,,,0.73,"EMO-AffectNet pseudo-label (teacher=Aff-Wild2, top=Happiness 0.26, tension=0.270) - 사람 검수 전"
oq_v2yocx34.004,oq_v2yocx34.004.mp4,oq_v2yocx34,,,0.7753,"EMO-AffectNet pseudo-label (teacher=Aff-Wild2, top=Neutral 0.35, tension=0.225) - 사람 검수 전"
orlXEgAepGo.000,orlXEgAepGo.000.mp4,orlXEgAepGo,,,0.7256,"EMO-AffectNet pseudo-label (teacher=Aff-Wild2, top=Neutral 0.33, tension=0.274) - 사람 검수 전"
orlXEgAepGo.002,orlXEgAepGo.002.mp4,orlXEgAepGo,,,0.8524,"EMO-AffectNet pseudo-label (teacher=Aff-Wild2, top=Happiness 0.46, tension=0.148) - 사람 검수 전"
orlXEgAepGo.003,orlXEgAepGo.003.mp4,orlXEgAepGo,,,0.7724,"EMO-AffectNet pseudo-label (teacher=Aff-Wild2, top=Neutral 0.28, tension=0.228) - 사람 검수 전"
osqQpQsJNPQ.000,osqQpQsJNPQ.000.mp4,osqQpQsJNPQ,,,0.6593,"EMO-AffectNet pseudo-label (teacher=Aff-Wild2, top=Sadness 0.32, tension=0.341) - 사람 검수 전"
osqQpQsJNPQ.001,osqQpQsJNPQ.001.mp4,osqQpQsJNPQ,,,0.7071,"EMO-AffectNet pseudo-label (teacher=Aff-Wild2, top=Neutral 0.23, tension=0.293) - 사람 검수 전"
osqQpQsJNPQ.004,osqQpQsJNPQ.004.mp4,osqQpQsJNPQ,,,0.692,"EMO-AffectNet pseudo-label (teacher=Aff-Wild2, top=Sadness 0.25, tension=0.308) - 사람 검수 전"
ouYYWCY__5A.000,ouYYWCY__5A.000.mp4,ouYYWCY__5A,,,0.7081,"EMO-AffectNet pseudo-label (teacher=Aff-Wild2, top=Neutral 0.32, tension=0.292) - 사람 검수 전"
ouYYWCY__5A.001,ouYYWCY__5A.001.mp4,ouYYWCY__5A,,,0.6835,"EMO-AffectNet pseudo-label (teacher=Aff-Wild2, top=Neutral 0.24, tension=0.317) - 사람 검수 전"
ouYYWCY__5A.005,ouYYWCY__5A.005.mp4,ouYYWCY__5A,,,0.6846,"EMO-AffectNet pseudo-label (teacher=Aff-Wild2, top=Anger 0.21, tension=0.315) - 사람 검수 전"
outvbZgNX58.000,outvbZgNX58.000.mp4,outvbZgNX58,,,0.7486,"EMO-AffectNet pseudo-label (teacher=Aff-Wild2, top=Neutral 0.34, tension=0.251) - 사람 검수 전"
outvbZgNX58.002,outvbZgNX58.002.mp4,outvbZgNX58,,,0.7366,"EMO-AffectNet pseudo-label (teacher=Aff-Wild2, top=Neutral 0.25, tension=0.263) - 사람 검수 전"
outvbZgNX58.004,outvbZgNX58.004.mp4,outvbZgNX58,,,0.7421,"EMO-AffectNet pseudo-label (teacher=Aff-Wild2, top=Happiness 0.29, tension=0.258) - 사람 검수 전"
owRKOW0ymCM.002,owRKOW0ymCM.002.mp4,owRKOW0ymCM,,,0.7365,"EMO-AffectNet pseudo-label (teacher=Aff-Wild2, top=Surprise 0.27, tension=0.263) - 사람 검수 전"
owRKOW0ymCM.003,owRKOW0ymCM.003.mp4,owRKOW0ymCM,,,0.7605,"EMO-AffectNet pseudo-label (teacher=Aff-Wild2, top=Neutral 0.29, tension=0.240) - 사람 검수 전"
ox-qZvCLtls.005,ox-qZvCLtls.005.mp4,ox-qZvCLtls,,,0.7774,"EMO-AffectNet pseudo-label (teacher=Aff-Wild2, top=Happiness 0.29, tension=0.223) - 사람 검수 전"
oxw3nT9LSsg.000,oxw3nT9LSsg.000.mp4,oxw3nT9LSsg,,,0.683,"EMO-AffectNet pseudo-label (teacher=Aff-Wild2, top=Neutral 0.19, tension=0.317) - 사람 검수 전"
p-OcwNFQB0U.001,p-OcwNFQB0U.001.mp4,p-OcwNFQB0U,,,0.7086,"EMO-AffectNet pseudo-label (teacher=Aff-Wild2, top=Surprise 0.20, tension=0.291) - 사람 검수 전"
p-OcwNFQB0U.002,p-OcwNFQB0U.002.mp4,p-OcwNFQB0U,,,0.7249,"EMO-AffectNet pseudo-label (teacher=Aff-Wild2, top=Surprise 0.28, tension=0.275) - 사람 검수 전"
p-OcwNFQB0U.005,p-OcwNFQB0U.005.mp4,p-OcwNFQB0U,,,0.6827,"EMO-AffectNet pseudo-label (teacher=Aff-Wild2, top=Surprise 0.35, tension=0.317) - 사람 검수 전"
p-V78q8dtYo.001,p-V78q8dtYo.001.mp4,p-V78q8dtYo,,,0.6474,"EMO-AffectNet pseudo-label (teacher=Aff-Wild2, top=Fear 0.34, tension=0.353) - 사람 검수 전"
p-V78q8dtYo.005,p-V78q8dtYo.005.mp4,p-V78q8dtYo,,,0.6724,"EMO-AffectNet pseudo-label (teacher=Aff-Wild2, top=Fear 0.30, tension=0.328) - 사람 검수 전"
p1ORMiJ0fPU.002,p1ORMiJ0fPU.002.mp4,p1ORMiJ0fPU,,,0.8137,"EMO-AffectNet pseudo-label (teacher=Aff-Wild2, top=Happiness 0.42, tension=0.186) - 사람 검수 전"
p1ORMiJ0fPU.003,p1ORMiJ0fPU.003.mp4,p1ORMiJ0fPU,,,0.7357,"EMO-AffectNet pseudo-label (teacher=Aff-Wild2, top=Happiness 0.23, tension=0.264) - 사람 검수 전"
p1qyJ_mE-2U.002,p1qyJ_mE-2U.002.mp4,p1qyJ_mE-2U,,,0.6624,"EMO-AffectNet pseudo-label (teacher=Aff-Wild2, top=Neutral 0.26, tension=0.338) - 사람 검수 전"
p5QXPhJS8Ks.000,p5QXPhJS8Ks.000.mp4,p5QXPhJS8Ks,,,0.6392,"EMO-AffectNet pseudo-label (teacher=Aff-Wild2, top=Fear 0.25, tension=0.361) - 사람 검수 전"
p5QXPhJS8Ks.005,p5QXPhJS8Ks.005.mp4,p5QXPhJS8Ks,,,0.6646,"EMO-AffectNet pseudo-label (teacher=Aff-Wild2, top=Neutral 0.22, tension=0.335) - 사람 검수 전"
p5v75vAZ7F0.003,p5v75vAZ7F0.003.mp4,p5v75vAZ7F0,,,0.7914,"EMO-AffectNet pseudo-label (teacher=Aff-Wild2, top=Happiness 0.28, tension=0.209) - 사람 검수 전"
p5v75vAZ7F0.005,p5v75vAZ7F0.005.mp4,p5v75vAZ7F0,,,0.7497,"EMO-AffectNet pseudo-label (teacher=Aff-Wild2, top=Neutral 0.35, tension=0.250) - 사람 검수 전"
p6UMx8dwHZQ.000,p6UMx8dwHZQ.000.mp4,p6UMx8dwHZQ,,,0.7713,"EMO-AffectNet pseudo-label (teacher=Aff-Wild2, top=Happiness 0.36, tension=0.229) - 사람 검수 전"
p6UMx8dwHZQ.001,p6UMx8dwHZQ.001.mp4,p6UMx8dwHZQ,,,0.7191,"EMO-AffectNet pseudo-label (teacher=Aff-Wild2, top=Neutral 0.29, tension=0.281) - 사람 검수 전"
p6UMx8dwHZQ.002,p6UMx8dwHZQ.002.mp4,p6UMx8dwHZQ,,,0.6298,"EMO-AffectNet pseudo-label (teacher=Aff-Wild2, top=Sadness 0.26, tension=0.370) - 사람 검수 전"
p6UMx8dwHZQ.003,p6UMx8dwHZQ.003.mp4,p6UMx8dwHZQ,,,0.7036,"EMO-AffectNet pseudo-label (teacher=Aff-Wild2, top=Neutral 0.34, tension=0.296) - 사람 검수 전"
p6UMx8dwHZQ.004,p6UMx8dwHZQ.004.mp4,p6UMx8dwHZQ,,,0.7471,"EMO-AffectNet pseudo-label (teacher=Aff-Wild2, top=Happiness 0.31, tension=0.253) - 사람 검수 전"
p6jjj6jn2fM.003,p6jjj6jn2fM.003.mp4,p6jjj6jn2fM,,,0.7721,"EMO-AffectNet pseudo-label (teacher=Aff-Wild2, top=Neutral 0.24, tension=0.228) - 사람 검수 전"
p7-JUvStF4w.000,p7-JUvStF4w.000.mp4,p7-JUvStF4w,,,0.6009,"EMO-AffectNet pseudo-label (teacher=Aff-Wild2, top=Sadness 0.47, tension=0.399) - 사람 검수 전"
p7-JUvStF4w.002,p7-JUvStF4w.002.mp4,p7-JUvStF4w,,,0.7064,"EMO-AffectNet pseudo-label (teacher=Aff-Wild2, top=Sadness 0.33, tension=0.294) - 사람 검수 전"
p7-JUvStF4w.003,p7-JUvStF4w.003.mp4,p7-JUvStF4w,,,0.6969,"EMO-AffectNet pseudo-label (teacher=Aff-Wild2, top=Sadness 0.30, tension=0.303) - 사람 검수 전"
p7-JUvStF4w.004,p7-JUvStF4w.004.mp4,p7-JUvStF4w,,,0.6027,"EMO-AffectNet pseudo-label (teacher=Aff-Wild2, top=Sadness 0.31, tension=0.397) - 사람 검수 전"
p7-JUvStF4w.005,p7-JUvStF4w.005.mp4,p7-JUvStF4w,,,0.6082,"EMO-AffectNet pseudo-label (teacher=Aff-Wild2, top=Sadness 0.41, tension=0.392) - 사람 검수 전"
p7_MVQ3uGJc.003,p7_MVQ3uGJc.003.mp4,p7_MVQ3uGJc,,,0.7287,"EMO-AffectNet pseudo-label (teacher=Aff-Wild2, top=Neutral 0.35, tension=0.271) - 사람 검수 전"
p7aNK5GKwEc.000,p7aNK5GKwEc.000.mp4,p7aNK5GKwEc,,,0.7231,"EMO-AffectNet pseudo-label (teacher=Aff-Wild2, top=Surprise 0.37, tension=0.277) - 사람 검수 전"
p8ce3grr9XE.001,p8ce3grr9XE.001.mp4,p8ce3grr9XE,,,0.6384,"EMO-AffectNet pseudo-label (teacher=Aff-Wild2, top=Sadness 0.23, tension=0.362) - 사람 검수 전"
p9l1MBw-5ic.002,p9l1MBw-5ic.002.mp4,p9l1MBw-5ic,,,0.7892,"EMO-AffectNet pseudo-label (teacher=Aff-Wild2, top=Neutral 0.51, tension=0.211) - 사람 검수 전"
p9tAC-RqZPI.002,p9tAC-RqZPI.002.mp4,p9tAC-RqZPI,,,0.6191,"EMO-AffectNet pseudo-label (teacher=Aff-Wild2, top=Fear 0.24, tension=0.381) - 사람 검수 전"
pDih4zWqYQw.001,pDih4zWqYQw.001.mp4,pDih4zWqYQw,,,0.7124,"EMO-AffectNet pseudo-label (teacher=Aff-Wild2, top=Anger 0.24, tension=0.288) - 사람 검수 전"
pDt0F4zFfBs.003,pDt0F4zFfBs.003.mp4,pDt0F4zFfBs,,,0.7775,"EMO-AffectNet pseudo-label (teacher=Aff-Wild2, top=Neutral 0.28, tension=0.223) - 사람 검수 전"
pDt0F4zFfBs.005,pDt0F4zFfBs.005.mp4,pDt0F4zFfBs,,,0.7862,"EMO-AffectNet pseudo-label (teacher=Aff-Wild2, top=Neutral 0.29, tension=0.214) - 사람 검수 전"
pEYFpmjwKC0.001,pEYFpmjwKC0.001.mp4,pEYFpmjwKC0,,,0.7283,"EMO-AffectNet pseudo-label (teacher=Aff-Wild2, top=Neutral 0.33, tension=0.272) - 사람 검수 전"
pEYFpmjwKC0.002,pEYFpmjwKC0.002.mp4,pEYFpmjwKC0,,,0.7167,"EMO-AffectNet pseudo-label (teacher=Aff-Wild2, top=Neutral 0.31, tension=0.283) - 사람 검수 전"
pEYFpmjwKC0.003,pEYFpmjwKC0.003.mp4,pEYFpmjwKC0,,,0.7311,"EMO-AffectNet pseudo-label (teacher=Aff-Wild2, top=Neutral 0.25, tension=0.269) - 사람 검수 전"
pEYFpmjwKC0.004,pEYFpmjwKC0.004.mp4,pEYFpmjwKC0,,,0.7237,"EMO-AffectNet pseudo-label (teacher=Aff-Wild2, top=Neutral 0.27, tension=0.276) - 사람 검수 전"
pEr7WTIPW64.000,pEr7WTIPW64.000.mp4,pEr7WTIPW64,,,0.7733,"EMO-AffectNet pseudo-label (teacher=Aff-Wild2, top=Surprise 0.25, tension=0.227) - 사람 검수 전"
pEr7WTIPW64.005,pEr7WTIPW64.005.mp4,pEr7WTIPW64,,,0.7995,"EMO-AffectNet pseudo-label (teacher=Aff-Wild2, top=Happiness 0.28, tension=0.201) - 사람 검수 전"
pHCPbKprJGY.001,pHCPbKprJGY.001.mp4,pHCPbKprJGY,,,0.7802,"EMO-AffectNet pseudo-label (teacher=Aff-Wild2, top=Neutral 0.27, tension=0.220) - 사람 검수 전"
pHCPbKprJGY.003,pHCPbKprJGY.003.mp4,pHCPbKprJGY,,,0.7132,"EMO-AffectNet pseudo-label (teacher=Aff-Wild2, top=Neutral 0.31, tension=0.287) - 사람 검수 전"
pJGLxS81YBc.004,pJGLxS81YBc.004.mp4,pJGLxS81YBc,,,0.5857,"EMO-AffectNet pseudo-label (teacher=Aff-Wild2, top=Sadness 0.38, tension=0.414) - 사람 검수 전"
pOBn7AuGIuI.002,pOBn7AuGIuI.002.mp4,pOBn7AuGIuI,,,0.7339,"EMO-AffectNet pseudo-label (teacher=Aff-Wild2, top=Surprise 0.26, tension=0.266) - 사람 검수 전"
pOBn7AuGIuI.003,pOBn7AuGIuI.003.mp4,pOBn7AuGIuI,,,0.7287,"EMO-AffectNet pseudo-label (teacher=Aff-Wild2, top=Neutral 0.24, tension=0.271) - 사람 검수 전"
pOBn7AuGIuI.005,pOBn7AuGIuI.005.mp4,pOBn7AuGIuI,,,0.7389,"EMO-AffectNet pseudo-label (teacher=Aff-Wild2, top=Surprise 0.27, tension=0.261) - 사람 검수 전"
pOtWKOF07iU.000,pOtWKOF07iU.000.mp4,pOtWKOF07iU,,,0.6879,"EMO-AffectNet pseudo-label (teacher=Aff-Wild2, top=Surprise 0.27, tension=0.312) - 사람 검수 전"
pOtWKOF07iU.002,pOtWKOF07iU.002.mp4,pOtWKOF07iU,,,0.7189,"EMO-AffectNet pseudo-label (teacher=Aff-Wild2, top=Surprise 0.24, tension=0.281) - 사람 검수 전"
pOtWKOF07iU.003,pOtWKOF07iU.003.mp4,pOtWKOF07iU,,,0.7172,"EMO-AffectNet pseudo-label (teacher=Aff-Wild2, top=Neutral 0.22, tension=0.283) - 사람 검수 전"
pOtWKOF07iU.004,pOtWKOF07iU.004.mp4,pOtWKOF07iU,,,0.7118,"EMO-AffectNet pseudo-label (teacher=Aff-Wild2, top=Surprise 0.36, tension=0.288) - 사람 검수 전"
pPtzEnf5afw.000,pPtzEnf5afw.000.mp4,pPtzEnf5afw,,,0.6288,"EMO-AffectNet pseudo-label (teacher=Aff-Wild2, top=Sadness 0.35, tension=0.371) - 사람 검수 전"
pPtzEnf5afw.003,pPtzEnf5afw.003.mp4,pPtzEnf5afw,,,0.7162,"EMO-AffectNet pseudo-label (teacher=Aff-Wild2, top=Sadness 0.26, tension=0.284) - 사람 검수 전"
pPtzEnf5afw.005,pPtzEnf5afw.005.mp4,pPtzEnf5afw,,,0.7198,"EMO-AffectNet pseudo-label (teacher=Aff-Wild2, top=Neutral 0.26, tension=0.280) - 사람 검수 전"
pQy4omHIf7o.000,pQy4omHIf7o.000.mp4,pQy4omHIf7o,,,0.7304,"EMO-AffectNet pseudo-label (teacher=Aff-Wild2, top=Neutral 0.28, tension=0.270) - 사람 검수 전"
pQy4omHIf7o.001,pQy4omHIf7o.001.mp4,pQy4omHIf7o,,,0.7062,"EMO-AffectNet pseudo-label (teacher=Aff-Wild2, top=Neutral 0.25, tension=0.294) - 사람 검수 전"
pQy4omHIf7o.002,pQy4omHIf7o.002.mp4,pQy4omHIf7o,,,0.7152,"EMO-AffectNet pseudo-label (teacher=Aff-Wild2, top=Neutral 0.28, tension=0.285) - 사람 검수 전"
pQy4omHIf7o.003,pQy4omHIf7o.003.mp4,pQy4omHIf7o,,,0.7193,"EMO-AffectNet pseudo-label (teacher=Aff-Wild2, top=Neutral 0.26, tension=0.281) - 사람 검수 전"
pQy4omHIf7o.004,pQy4omHIf7o.004.mp4,pQy4omHIf7o,,,0.7257,"EMO-AffectNet pseudo-label (teacher=Aff-Wild2, top=Neutral 0.28, tension=0.274) - 사람 검수 전"
pT8nyxks1Q4.005,pT8nyxks1Q4.005.mp4,pT8nyxks1Q4,,,0.6822,"EMO-AffectNet pseudo-label (teacher=Aff-Wild2, top=Anger 0.26, tension=0.318) - 사람 검수 전"
pZxqWp0e-Ik.000,pZxqWp0e-Ik.000.mp4,pZxqWp0e-Ik,,,0.746,"EMO-AffectNet pseudo-label (teacher=Aff-Wild2, top=Neutral 0.37, tension=0.254) - 사람 검수 전"
pZxqWp0e-Ik.004,pZxqWp0e-Ik.004.mp4,pZxqWp0e-Ik,,,0.7355,"EMO-AffectNet pseudo-label (teacher=Aff-Wild2, top=Neutral 0.33, tension=0.265) - 사람 검수 전"
pZxqWp0e-Ik.005,pZxqWp0e-Ik.005.mp4,pZxqWp0e-Ik,,,0.7345,"EMO-AffectNet pseudo-label (teacher=Aff-Wild2, top=Neutral 0.37, tension=0.265) - 사람 검수 전"
p_Z4QGqu4Qo.001,p_Z4QGqu4Qo.001.mp4,p_Z4QGqu4Qo,,,0.8277,"EMO-AffectNet pseudo-label (teacher=Aff-Wild2, top=Happiness 0.44, tension=0.172) - 사람 검수 전"
p_Z4QGqu4Qo.004,p_Z4QGqu4Qo.004.mp4,p_Z4QGqu4Qo,,,0.7877,"EMO-AffectNet pseudo-label (teacher=Aff-Wild2, top=Happiness 0.36, tension=0.212) - 사람 검수 전"
p_kPnCD7WzU.002,p_kPnCD7WzU.002.mp4,p_kPnCD7WzU,,,0.7678,"EMO-AffectNet pseudo-label (teacher=Aff-Wild2, top=Neutral 0.39, tension=0.232) - 사람 검수 전"
phjVMKGYBKs.005,phjVMKGYBKs.005.mp4,phjVMKGYBKs,,,0.6795,"EMO-AffectNet pseudo-label (teacher=Aff-Wild2, top=Anger 0.28, tension=0.321) - 사람 검수 전"
pkwzo1OkEmY.002,pkwzo1OkEmY.002.mp4,pkwzo1OkEmY,,,0.7267,"EMO-AffectNet pseudo-label (teacher=Aff-Wild2, top=Neutral 0.36, tension=0.273) - 사람 검수 전"
pkwzo1OkEmY.005,pkwzo1OkEmY.005.mp4,pkwzo1OkEmY,,,0.7593,"EMO-AffectNet pseudo-label (teacher=Aff-Wild2, top=Neutral 0.38, tension=0.241) - 사람 검수 전"
pljK0DEusA0.003,pljK0DEusA0.003.mp4,pljK0DEusA0,,,0.8188,"EMO-AffectNet pseudo-label (teacher=Aff-Wild2, top=Happiness 0.50, tension=0.181) - 사람 검수 전"
pru5ut4lxkQ.000,pru5ut4lxkQ.000.mp4,pru5ut4lxkQ,,,0.71,"EMO-AffectNet pseudo-label (teacher=Aff-Wild2, top=Neutral 0.27, tension=0.290) - 사람 검수 전"
pru5ut4lxkQ.004,pru5ut4lxkQ.004.mp4,pru5ut4lxkQ,,,0.6908,"EMO-AffectNet pseudo-label (teacher=Aff-Wild2, top=Neutral 0.32, tension=0.309) - 사람 검수 전"
puJ_NbKzRTE.003,puJ_NbKzRTE.003.mp4,puJ_NbKzRTE,,,0.7358,"EMO-AffectNet pseudo-label (teacher=Aff-Wild2, top=Neutral 0.28, tension=0.264) - 사람 검수 전"
puLXzqUvm_U.000,puLXzqUvm_U.000.mp4,puLXzqUvm_U,,,0.6418,"EMO-AffectNet pseudo-label (teacher=Aff-Wild2, top=Fear 0.24, tension=0.358) - 사람 검수 전"
puLXzqUvm_U.001,puLXzqUvm_U.001.mp4,puLXzqUvm_U,,,0.6885,"EMO-AffectNet pseudo-label (teacher=Aff-Wild2, top=Sadness 0.29, tension=0.312) - 사람 검수 전"
puLXzqUvm_U.003,puLXzqUvm_U.003.mp4,puLXzqUvm_U,,,0.7098,"EMO-AffectNet pseudo-label (teacher=Aff-Wild2, top=Happiness 0.21, tension=0.290) - 사람 검수 전"
puLXzqUvm_U.004,puLXzqUvm_U.004.mp4,puLXzqUvm_U,,,0.6734,"EMO-AffectNet pseudo-label (teacher=Aff-Wild2, top=Neutral 0.24, tension=0.327) - 사람 검수 전"
pvvff396Rqg.004,pvvff396Rqg.004.mp4,pvvff396Rqg,,,0.7081,"EMO-AffectNet pseudo-label (teacher=Aff-Wild2, top=Happiness 0.24, tension=0.292) - 사람 검수 전"
pvvff396Rqg.005,pvvff396Rqg.005.mp4,pvvff396Rqg,,,0.8015,"EMO-AffectNet pseudo-label (teacher=Aff-Wild2, top=Happiness 0.45, tension=0.198) - 사람 검수 전"
pwvQaSwgso8.000,pwvQaSwgso8.000.mp4,pwvQaSwgso8,,,0.5879,"EMO-AffectNet pseudo-label (teacher=Aff-Wild2, top=Disgust 0.38, tension=0.412) - 사람 검수 전"
pwvQaSwgso8.001,pwvQaSwgso8.001.mp4,pwvQaSwgso8,,,0.7235,"EMO-AffectNet pseudo-label (teacher=Aff-Wild2, top=Happiness 0.26, tension=0.277) - 사람 검수 전"
pwvQaSwgso8.002,pwvQaSwgso8.002.mp4,pwvQaSwgso8,,,0.6401,"EMO-AffectNet pseudo-label (teacher=Aff-Wild2, top=Sadness 0.27, tension=0.360) - 사람 검수 전"
pzG2VeUbefw.001,pzG2VeUbefw.001.mp4,pzG2VeUbefw,,,0.6542,"EMO-AffectNet pseudo-label (teacher=Aff-Wild2, top=Sadness 0.22, tension=0.346) - 사람 검수 전"
pzG2VeUbefw.003,pzG2VeUbefw.003.mp4,pzG2VeUbefw,,,0.6099,"EMO-AffectNet pseudo-label (teacher=Aff-Wild2, top=Sadness 0.37, tension=0.390) - 사람 검수 전"
pzG2VeUbefw.005,pzG2VeUbefw.005.mp4,pzG2VeUbefw,,,0.7079,"EMO-AffectNet pseudo-label (teacher=Aff-Wild2, top=Happiness 0.27, tension=0.292) - 사람 검수 전"
pzfDth6nFQE.000,pzfDth6nFQE.000.mp4,pzfDth6nFQE,,,0.7413,"EMO-AffectNet pseudo-label (teacher=Aff-Wild2, top=Neutral 0.24, tension=0.259) - 사람 검수 전"
pzfDth6nFQE.003,pzfDth6nFQE.003.mp4,pzfDth6nFQE,,,0.7202,"EMO-AffectNet pseudo-label (teacher=Aff-Wild2, top=Neutral 0.37, tension=0.280) - 사람 검수 전"
pzfDth6nFQE.004,pzfDth6nFQE.004.mp4,pzfDth6nFQE,,,0.7368,"EMO-AffectNet pseudo-label (teacher=Aff-Wild2, top=Neutral 0.27, tension=0.263) - 사람 검수 전"
pzfDth6nFQE.005,pzfDth6nFQE.005.mp4,pzfDth6nFQE,,,0.7179,"EMO-AffectNet pseudo-label (teacher=Aff-Wild2, top=Neutral 0.29, tension=0.282) - 사람 검수 전"
q5eIfoGdPWw.004,q5eIfoGdPWw.004.mp4,q5eIfoGdPWw,,,0.7701,"EMO-AffectNet pseudo-label (teacher=Aff-Wild2, top=Neutral 0.43, tension=0.230) - 사람 검수 전"
q6au1xn_wIE.001,q6au1xn_wIE.001.mp4,q6au1xn_wIE,,,0.7466,"EMO-AffectNet pseudo-label (teacher=Aff-Wild2, top=Neutral 0.34, tension=0.253) - 사람 검수 전"
qAisk1lgv2I.003,qAisk1lgv2I.003.mp4,qAisk1lgv2I,,,0.7632,"EMO-AffectNet pseudo-label (teacher=Aff-Wild2, top=Neutral 0.38, tension=0.237) - 사람 검수 전"
qBG1mjC7Zgg.000,qBG1mjC7Zgg.000.mp4,qBG1mjC7Zgg,,,0.7923,"EMO-AffectNet pseudo-label (teacher=Aff-Wild2, top=Happiness 0.40, tension=0.208) - 사람 검수 전"
qBG1mjC7Zgg.004,qBG1mjC7Zgg.004.mp4,qBG1mjC7Zgg,,,0.7608,"EMO-AffectNet pseudo-label (teacher=Aff-Wild2, top=Happiness 0.25, tension=0.239) - 사람 검수 전"
qBG1mjC7Zgg.005,qBG1mjC7Zgg.005.mp4,qBG1mjC7Zgg,,,0.7555,"EMO-AffectNet pseudo-label (teacher=Aff-Wild2, top=Surprise 0.24, tension=0.244) - 사람 검수 전"
qCFFW1dM8V8.001,qCFFW1dM8V8.001.mp4,qCFFW1dM8V8,,,0.7125,"EMO-AffectNet pseudo-label (teacher=Aff-Wild2, top=Happiness 0.28, tension=0.288) - 사람 검수 전"
qCFFW1dM8V8.002,qCFFW1dM8V8.002.mp4,qCFFW1dM8V8,,,0.5718,"EMO-AffectNet pseudo-label (teacher=Aff-Wild2, top=Disgust 0.34, tension=0.428) - 사람 검수 전"
qCFFW1dM8V8.003,qCFFW1dM8V8.003.mp4,qCFFW1dM8V8,,,0.6554,"EMO-AffectNet pseudo-label (teacher=Aff-Wild2, top=Disgust 0.31, tension=0.345) - 사람 검수 전"
qCFFW1dM8V8.004,qCFFW1dM8V8.004.mp4,qCFFW1dM8V8,,,0.6133,"EMO-AffectNet pseudo-label (teacher=Aff-Wild2, top=Sadness 0.22, tension=0.387) - 사람 검수 전"
qCFFW1dM8V8.005,qCFFW1dM8V8.005.mp4,qCFFW1dM8V8,,,0.5868,"EMO-AffectNet pseudo-label (teacher=Aff-Wild2, top=Sadness 0.25, tension=0.413) - 사람 검수 전"
qD15qWMepxU.003,qD15qWMepxU.003.mp4,qD15qWMepxU,,,0.6605,"EMO-AffectNet pseudo-label (teacher=Aff-Wild2, top=Fear 0.22, tension=0.340) - 사람 검수 전"
qFYgMFMal_s.005,qFYgMFMal_s.005.mp4,qFYgMFMal_s,,,0.6398,"EMO-AffectNet pseudo-label (teacher=Aff-Wild2, top=Anger 0.20, tension=0.360) - 사람 검수 전"
qJ6_xSx9kCM.002,qJ6_xSx9kCM.002.mp4,qJ6_xSx9kCM,,,0.6615,"EMO-AffectNet pseudo-label (teacher=Aff-Wild2, top=Neutral 0.24, tension=0.339) - 사람 검수 전"
qLV1a_611kA.004,qLV1a_611kA.004.mp4,qLV1a_611kA,,,0.6854,"EMO-AffectNet pseudo-label (teacher=Aff-Wild2, top=Neutral 0.26, tension=0.315) - 사람 검수 전"
qLbOPbx33dk.001,qLbOPbx33dk.001.mp4,qLbOPbx33dk,,,0.7442,"EMO-AffectNet pseudo-label (teacher=Aff-Wild2, top=Neutral 0.36, tension=0.256) - 사람 검수 전"
qMARpi60Hhs.000,qMARpi60Hhs.000.mp4,qMARpi60Hhs,,,0.6599,"EMO-AffectNet pseudo-label (teacher=Aff-Wild2, top=Fear 0.27, tension=0.340) - 사람 검수 전"
qMARpi60Hhs.004,qMARpi60Hhs.004.mp4,qMARpi60Hhs,,,0.6579,"EMO-AffectNet pseudo-label (teacher=Aff-Wild2, top=Fear 0.32, tension=0.342) - 사람 검수 전"
qP1UtCbMaW4.003,qP1UtCbMaW4.003.mp4,qP1UtCbMaW4,,,0.7845,"EMO-AffectNet pseudo-label (teacher=Aff-Wild2, top=Happiness 0.29, tension=0.216) - 사람 검수 전"
qP8YzH6LT9c.001,qP8YzH6LT9c.001.mp4,qP8YzH6LT9c,,,0.7374,"EMO-AffectNet pseudo-label (teacher=Aff-Wild2, top=Neutral 0.27, tension=0.263) - 사람 검수 전"
qPzzmcuf-VI.000,qPzzmcuf-VI.000.mp4,qPzzmcuf-VI,,,0.7719,"EMO-AffectNet pseudo-label (teacher=Aff-Wild2, top=Happiness 0.26, tension=0.228) - 사람 검수 전"
qPzzmcuf-VI.004,qPzzmcuf-VI.004.mp4,qPzzmcuf-VI,,,0.7778,"EMO-AffectNet pseudo-label (teacher=Aff-Wild2, top=Neutral 0.23, tension=0.222) - 사람 검수 전"
qPzzmcuf-VI.005,qPzzmcuf-VI.005.mp4,qPzzmcuf-VI,,,0.8151,"EMO-AffectNet pseudo-label (teacher=Aff-Wild2, top=Happiness 0.44, tension=0.185) - 사람 검수 전"
qRtKUGgULL8.000,qRtKUGgULL8.000.mp4,qRtKUGgULL8,,,0.6825,"EMO-AffectNet pseudo-label (teacher=Aff-Wild2, top=Neutral 0.21, tension=0.317) - 사람 검수 전"
qRtKUGgULL8.002,qRtKUGgULL8.002.mp4,qRtKUGgULL8,,,0.7731,"EMO-AffectNet pseudo-label (teacher=Aff-Wild2, top=Happiness 0.31, tension=0.227) - 사람 검수 전"
qRtKUGgULL8.005,qRtKUGgULL8.005.mp4,qRtKUGgULL8,,,0.6946,"EMO-AffectNet pseudo-label (teacher=Aff-Wild2, top=Sadness 0.24, tension=0.305) - 사람 검수 전"
qVcw5-mm31s.000,qVcw5-mm31s.000.mp4,qVcw5-mm31s,,,0.6956,"EMO-AffectNet pseudo-label (teacher=Aff-Wild2, top=Surprise 0.30, tension=0.304) - 사람 검수 전"
qVcw5-mm31s.004,qVcw5-mm31s.004.mp4,qVcw5-mm31s,,,0.7146,"EMO-AffectNet pseudo-label (teacher=Aff-Wild2, top=Anger 0.26, tension=0.285) - 사람 검수 전"
qVcw5-mm31s.005,qVcw5-mm31s.005.mp4,qVcw5-mm31s,,,0.6538,"EMO-AffectNet pseudo-label (teacher=Aff-Wild2, top=Anger 0.30, tension=0.346) - 사람 검수 전"
qVrXROy4Ais.000,qVrXROy4Ais.000.mp4,qVrXROy4Ais,,,0.6477,"EMO-AffectNet pseudo-label (teacher=Aff-Wild2, top=Neutral 0.22, tension=0.352) - 사람 검수 전"
qVrXROy4Ais.001,qVrXROy4Ais.001.mp4,qVrXROy4Ais,,,0.6816,"EMO-AffectNet pseudo-label (teacher=Aff-Wild2, top=Neutral 0.27, tension=0.318) - 사람 검수 전"
qVrXROy4Ais.004,qVrXROy4Ais.004.mp4,qVrXROy4Ais,,,0.6571,"EMO-AffectNet pseudo-label (teacher=Aff-Wild2, top=Neutral 0.18, tension=0.343) - 사람 검수 전"
qW0TYVtzq5A.000,qW0TYVtzq5A.000.mp4,qW0TYVtzq5A,,,0.7526,"EMO-AffectNet pseudo-label (teacher=Aff-Wild2, top=Neutral 0.35, tension=0.247) - 사람 검수 전"
qW0TYVtzq5A.001,qW0TYVtzq5A.001.mp4,qW0TYVtzq5A,,,0.8775,"EMO-AffectNet pseudo-label (teacher=Aff-Wild2, top=Happiness 0.57, tension=0.122) - 사람 검수 전"
qW0TYVtzq5A.002,qW0TYVtzq5A.002.mp4,qW0TYVtzq5A,,,0.778,"EMO-AffectNet pseudo-label (teacher=Aff-Wild2, top=Neutral 0.25, tension=0.222) - 사람 검수 전"
qW0TYVtzq5A.003,qW0TYVtzq5A.003.mp4,qW0TYVtzq5A,,,0.8279,"EMO-AffectNet pseudo-label (teacher=Aff-Wild2, top=Happiness 0.35, tension=0.172) - 사람 검수 전"
qcq5oIRJFUI.004,qcq5oIRJFUI.004.mp4,qcq5oIRJFUI,,,0.7618,"EMO-AffectNet pseudo-label (teacher=Aff-Wild2, top=Neutral 0.49, tension=0.238) - 사람 검수 전"
qfL0ml0f84g.003,qfL0ml0f84g.003.mp4,qfL0ml0f84g,,,0.8241,"EMO-AffectNet pseudo-label (teacher=Aff-Wild2, top=Happiness 0.48, tension=0.176) - 사람 검수 전"
qfL0ml0f84g.004,qfL0ml0f84g.004.mp4,qfL0ml0f84g,,,0.8282,"EMO-AffectNet pseudo-label (teacher=Aff-Wild2, top=Happiness 0.46, tension=0.172) - 사람 검수 전"
qj-3b8snKho.002,qj-3b8snKho.002.mp4,qj-3b8snKho,,,0.7758,"EMO-AffectNet pseudo-label (teacher=Aff-Wild2, top=Neutral 0.27, tension=0.224) - 사람 검수 전"
qjU3GX3jgSY.002,qjU3GX3jgSY.002.mp4,qjU3GX3jgSY,,,0.73,"EMO-AffectNet pseudo-label (teacher=Aff-Wild2, top=Neutral 0.34, tension=0.270) - 사람 검수 전"
qjU3GX3jgSY.003,qjU3GX3jgSY.003.mp4,qjU3GX3jgSY,,,0.7769,"EMO-AffectNet pseudo-label (teacher=Aff-Wild2, top=Neutral 0.35, tension=0.223) - 사람 검수 전"
qjU3GX3jgSY.004,qjU3GX3jgSY.004.mp4,qjU3GX3jgSY,,,0.7405,"EMO-AffectNet pseudo-label (teacher=Aff-Wild2, top=Neutral 0.29, tension=0.260) - 사람 검수 전"
qjWi69HY2Fc.000,qjWi69HY2Fc.000.mp4,qjWi69HY2Fc,,,0.7392,"EMO-AffectNet pseudo-label (teacher=Aff-Wild2, top=Happiness 0.30, tension=0.261) - 사람 검수 전"
qkmEt0ofGq8.002,qkmEt0ofGq8.002.mp4,qkmEt0ofGq8,,,0.7373,"EMO-AffectNet pseudo-label (teacher=Aff-Wild2, top=Neutral 0.29, tension=0.263) - 사람 검수 전"
qkmEt0ofGq8.003,qkmEt0ofGq8.003.mp4,qkmEt0ofGq8,,,0.7589,"EMO-AffectNet pseudo-label (teacher=Aff-Wild2, top=Surprise 0.24, tension=0.241) - 사람 검수 전"
qkmEt0ofGq8.004,qkmEt0ofGq8.004.mp4,qkmEt0ofGq8,,,0.7728,"EMO-AffectNet pseudo-label (teacher=Aff-Wild2, top=Surprise 0.27, tension=0.227) - 사람 검수 전"
qktahyrtrFs.000,qktahyrtrFs.000.mp4,qktahyrtrFs,,,0.8805,"EMO-AffectNet pseudo-label (teacher=Aff-Wild2, top=Happiness 0.65, tension=0.120) - 사람 검수 전"
qktahyrtrFs.001,qktahyrtrFs.001.mp4,qktahyrtrFs,,,0.8843,"EMO-AffectNet pseudo-label (teacher=Aff-Wild2, top=Happiness 0.67, tension=0.116) - 사람 검수 전"
qmiBcHJpKR0.000,qmiBcHJpKR0.000.mp4,qmiBcHJpKR0,,,0.6846,"EMO-AffectNet pseudo-label (teacher=Aff-Wild2, top=Surprise 0.24, tension=0.315) - 사람 검수 전"
qmiBcHJpKR0.003,qmiBcHJpKR0.003.mp4,qmiBcHJpKR0,,,0.7299,"EMO-AffectNet pseudo-label (teacher=Aff-Wild2, top=Neutral 0.22, tension=0.270) - 사람 검수 전"
qoZwA4ESb7g.000,qoZwA4ESb7g.000.mp4,qoZwA4ESb7g,,,0.7959,"EMO-AffectNet pseudo-label (teacher=Aff-Wild2, top=Happiness 0.39, tension=0.204) - 사람 검수 전"
qoZwA4ESb7g.001,qoZwA4ESb7g.001.mp4,qoZwA4ESb7g,,,0.723,"EMO-AffectNet pseudo-label (teacher=Aff-Wild2, top=Neutral 0.27, tension=0.277) - 사람 검수 전"
qoZwA4ESb7g.003,qoZwA4ESb7g.003.mp4,qoZwA4ESb7g,,,0.7037,"EMO-AffectNet pseudo-label (teacher=Aff-Wild2, top=Neutral 0.33, tension=0.296) - 사람 검수 전"
qoztP0w5-Vo.000,qoztP0w5-Vo.000.mp4,qoztP0w5-Vo,,,0.6333,"EMO-AffectNet pseudo-label (teacher=Aff-Wild2, top=Sadness 0.31, tension=0.367) - 사람 검수 전"
qoztP0w5-Vo.005,qoztP0w5-Vo.005.mp4,qoztP0w5-Vo,,,0.6391,"EMO-AffectNet pseudo-label (teacher=Aff-Wild2, top=Sadness 0.29, tension=0.361) - 사람 검수 전"
qpwcdPnPeFM.004,qpwcdPnPeFM.004.mp4,qpwcdPnPeFM,,,0.8744,"EMO-AffectNet pseudo-label (teacher=Aff-Wild2, top=Happiness 0.66, tension=0.126) - 사람 검수 전"
qr1C43Ylavg.001,qr1C43Ylavg.001.mp4,qr1C43Ylavg,,,0.7661,"EMO-AffectNet pseudo-label (teacher=Aff-Wild2, top=Surprise 0.29, tension=0.234) - 사람 검수 전"
qr1C43Ylavg.004,qr1C43Ylavg.004.mp4,qr1C43Ylavg,,,0.7305,"EMO-AffectNet pseudo-label (teacher=Aff-Wild2, top=Surprise 0.28, tension=0.270) - 사람 검수 전"
qr1C43Ylavg.005,qr1C43Ylavg.005.mp4,qr1C43Ylavg,,,0.7792,"EMO-AffectNet pseudo-label (teacher=Aff-Wild2, top=Surprise 0.28, tension=0.221) - 사람 검수 전"
qrjx2kxg6M4.002,qrjx2kxg6M4.002.mp4,qrjx2kxg6M4,,,0.7594,"EMO-AffectNet pseudo-label (teacher=Aff-Wild2, top=Surprise 0.31, tension=0.241) - 사람 검수 전"
qsb1j9bEENs.000,qsb1j9bEENs.000.mp4,qsb1j9bEENs,,,0.6641,"EMO-AffectNet pseudo-label (teacher=Aff-Wild2, top=Surprise 0.19, tension=0.336) - 사람 검수 전"
qsb1j9bEENs.002,qsb1j9bEENs.002.mp4,qsb1j9bEENs,,,0.6534,"EMO-AffectNet pseudo-label (teacher=Aff-Wild2, top=Sadness 0.30, tension=0.347) - 사람 검수 전"
qsd4GdeN_eY.001,qsd4GdeN_eY.001.mp4,qsd4GdeN_eY,,,0.7369,"EMO-AffectNet pseudo-label (teacher=Aff-Wild2, top=Surprise 0.25, tension=0.263) - 사람 검수 전"
qtB-CogljAo.000,qtB-CogljAo.000.mp4,qtB-CogljAo,,,0.7417,"EMO-AffectNet pseudo-label (teacher=Aff-Wild2, top=Neutral 0.32, tension=0.258) - 사람 검수 전"
qtB-CogljAo.001,qtB-CogljAo.001.mp4,qtB-CogljAo,,,0.722,"EMO-AffectNet pseudo-label (teacher=Aff-Wild2, top=Neutral 0.38, tension=0.278) - 사람 검수 전"
qtB-CogljAo.002,qtB-CogljAo.002.mp4,qtB-CogljAo,,,0.7425,"EMO-AffectNet pseudo-label (teacher=Aff-Wild2, top=Neutral 0.36, tension=0.257) - 사람 검수 전"
qtB-CogljAo.003,qtB-CogljAo.003.mp4,qtB-CogljAo,,,0.7114,"EMO-AffectNet pseudo-label (teacher=Aff-Wild2, top=Neutral 0.34, tension=0.289) - 사람 검수 전"
qtB-CogljAo.005,qtB-CogljAo.005.mp4,qtB-CogljAo,,,0.7183,"EMO-AffectNet pseudo-label (teacher=Aff-Wild2, top=Neutral 0.39, tension=0.282) - 사람 검수 전"
qyzuaettjU8.001,qyzuaettjU8.001.mp4,qyzuaettjU8,,,0.6783,"EMO-AffectNet pseudo-label (teacher=Aff-Wild2, top=Neutral 0.30, tension=0.322) - 사람 검수 전"
qyzuaettjU8.004,qyzuaettjU8.004.mp4,qyzuaettjU8,,,0.8,"EMO-AffectNet pseudo-label (teacher=Aff-Wild2, top=Happiness 0.28, tension=0.200) - 사람 검수 전"
r1YAW67aevY.000,r1YAW67aevY.000.mp4,r1YAW67aevY,,,0.7393,"EMO-AffectNet pseudo-label (teacher=Aff-Wild2, top=Neutral 0.33, tension=0.261) - 사람 검수 전"
r1YAW67aevY.003,r1YAW67aevY.003.mp4,r1YAW67aevY,,,0.7121,"EMO-AffectNet pseudo-label (teacher=Aff-Wild2, top=Neutral 0.28, tension=0.288) - 사람 검수 전"
r1YAW67aevY.005,r1YAW67aevY.005.mp4,r1YAW67aevY,,,0.7539,"EMO-AffectNet pseudo-label (teacher=Aff-Wild2, top=Neutral 0.27, tension=0.246) - 사람 검수 전"
r1v6EmZv7-o.001,r1v6EmZv7-o.001.mp4,r1v6EmZv7-o,,,0.7017,"EMO-AffectNet pseudo-label (teacher=Aff-Wild2, top=Neutral 0.32, tension=0.298) - 사람 검수 전"
r1v6EmZv7-o.002,r1v6EmZv7-o.002.mp4,r1v6EmZv7-o,,,0.5823,"EMO-AffectNet pseudo-label (teacher=Aff-Wild2, top=Sadness 0.26, tension=0.418) - 사람 검수 전"
r1v6EmZv7-o.004,r1v6EmZv7-o.004.mp4,r1v6EmZv7-o,,,0.6107,"EMO-AffectNet pseudo-label (teacher=Aff-Wild2, top=Fear 0.27, tension=0.389) - 사람 검수 전"
r1v6EmZv7-o.005,r1v6EmZv7-o.005.mp4,r1v6EmZv7-o,,,0.6747,"EMO-AffectNet pseudo-label (teacher=Aff-Wild2, top=Neutral 0.32, tension=0.325) - 사람 검수 전"
r2BoxB3kgYk.000,r2BoxB3kgYk.000.mp4,r2BoxB3kgYk,,,0.8159,"EMO-AffectNet pseudo-label (teacher=Aff-Wild2, top=Happiness 0.40, tension=0.184) - 사람 검수 전"
r2BoxB3kgYk.001,r2BoxB3kgYk.001.mp4,r2BoxB3kgYk,,,0.7682,"EMO-AffectNet pseudo-label (teacher=Aff-Wild2, top=Surprise 0.35, tension=0.232) - 사람 검수 전"
r2BoxB3kgYk.003,r2BoxB3kgYk.003.mp4,r2BoxB3kgYk,,,0.7922,"EMO-AffectNet pseudo-label (teacher=Aff-Wild2, top=Happiness 0.35, tension=0.208) - 사람 검수 전"
r2HcJYjGK5s.001,r2HcJYjGK5s.001.mp4,r2HcJYjGK5s,,,0.8082,"EMO-AffectNet pseudo-label (teacher=Aff-Wild2, top=Happiness 0.38, tension=0.192) - 사람 검수 전"
r2HcJYjGK5s.003,r2HcJYjGK5s.003.mp4,r2HcJYjGK5s,,,0.8514,"EMO-AffectNet pseudo-label (teacher=Aff-Wild2, top=Happiness 0.52, tension=0.149) - 사람 검수 전"
r2HcJYjGK5s.004,r2HcJYjGK5s.004.mp4,r2HcJYjGK5s,,,0.6863,"EMO-AffectNet pseudo-label (teacher=Aff-Wild2, top=Neutral 0.29, tension=0.314) - 사람 검수 전"
r2HcJYjGK5s.005,r2HcJYjGK5s.005.mp4,r2HcJYjGK5s,,,0.7114,"EMO-AffectNet pseudo-label (teacher=Aff-Wild2, top=Surprise 0.24, tension=0.289) - 사람 검수 전"
r4BGKIXrD9c.003,r4BGKIXrD9c.003.mp4,r4BGKIXrD9c,,,0.8759,"EMO-AffectNet pseudo-label (teacher=Aff-Wild2, top=Happiness 0.63, tension=0.124) - 사람 검수 전"
r4BGKIXrD9c.005,r4BGKIXrD9c.005.mp4,r4BGKIXrD9c,,,0.7274,"EMO-AffectNet pseudo-label (teacher=Aff-Wild2, top=Neutral 0.30, tension=0.273) - 사람 검수 전"
r93dLeVRk3U.002,r93dLeVRk3U.002.mp4,r93dLeVRk3U,,,0.6371,"EMO-AffectNet pseudo-label (teacher=Aff-Wild2, top=Sadness 0.37, tension=0.363) - 사람 검수 전"
r93dLeVRk3U.003,r93dLeVRk3U.003.mp4,r93dLeVRk3U,,,0.8623,"EMO-AffectNet pseudo-label (teacher=Aff-Wild2, top=Happiness 0.59, tension=0.138) - 사람 검수 전"
r9TaaVTo8Y8.000,r9TaaVTo8Y8.000.mp4,r9TaaVTo8Y8,,,0.7247,"EMO-AffectNet pseudo-label (teacher=Aff-Wild2, top=Surprise 0.20, tension=0.275) - 사람 검수 전"
r9TaaVTo8Y8.001,r9TaaVTo8Y8.001.mp4,r9TaaVTo8Y8,,,0.7095,"EMO-AffectNet pseudo-label (teacher=Aff-Wild2, top=Surprise 0.20, tension=0.290) - 사람 검수 전"
r9TaaVTo8Y8.002,r9TaaVTo8Y8.002.mp4,r9TaaVTo8Y8,,,0.7199,"EMO-AffectNet pseudo-label (teacher=Aff-Wild2, top=Surprise 0.18, tension=0.280) - 사람 검수 전"
r9TaaVTo8Y8.003,r9TaaVTo8Y8.003.mp4,r9TaaVTo8Y8,,,0.6969,"EMO-AffectNet pseudo-label (teacher=Aff-Wild2, top=Anger 0.20, tension=0.303) - 사람 검수 전"
r9TaaVTo8Y8.004,r9TaaVTo8Y8.004.mp4,r9TaaVTo8Y8,,,0.7027,"EMO-AffectNet pseudo-label (teacher=Aff-Wild2, top=Happiness 0.19, tension=0.297) - 사람 검수 전"
rBxWZzkEncE.002,rBxWZzkEncE.002.mp4,rBxWZzkEncE,,,0.7881,"EMO-AffectNet pseudo-label (teacher=Aff-Wild2, top=Happiness 0.33, tension=0.212) - 사람 검수 전"
rBxWZzkEncE.003,rBxWZzkEncE.003.mp4,rBxWZzkEncE,,,0.6553,"EMO-AffectNet pseudo-label (teacher=Aff-Wild2, top=Sadness 0.25, tension=0.345) - 사람 검수 전"
rBxWZzkEncE.004,rBxWZzkEncE.004.mp4,rBxWZzkEncE,,,0.6562,"EMO-AffectNet pseudo-label (teacher=Aff-Wild2, top=Sadness 0.32, tension=0.344) - 사람 검수 전"
rCxlfusNJlY.000,rCxlfusNJlY.000.mp4,rCxlfusNJlY,,,0.6596,"EMO-AffectNet pseudo-label (teacher=Aff-Wild2, top=Fear 0.25, tension=0.340) - 사람 검수 전"
rCxlfusNJlY.001,rCxlfusNJlY.001.mp4,rCxlfusNJlY,,,0.6672,"EMO-AffectNet pseudo-label (teacher=Aff-Wild2, top=Neutral 0.26, tension=0.333) - 사람 검수 전"
rCxlfusNJlY.002,rCxlfusNJlY.002.mp4,rCxlfusNJlY,,,0.6575,"EMO-AffectNet pseudo-label (teacher=Aff-Wild2, top=Fear 0.25, tension=0.342) - 사람 검수 전"
rD6NViDdyOU.001,rD6NViDdyOU.001.mp4,rD6NViDdyOU,,,0.8126,"EMO-AffectNet pseudo-label (teacher=Aff-Wild2, top=Happiness 0.38, tension=0.187) - 사람 검수 전"
rD6NViDdyOU.002,rD6NViDdyOU.002.mp4,rD6NViDdyOU,,,0.7668,"EMO-AffectNet pseudo-label (teacher=Aff-Wild2, top=Neutral 0.30, tension=0.233) - 사람 검수 전"
rD6NViDdyOU.005,rD6NViDdyOU.005.mp4,rD6NViDdyOU,,,0.7405,"EMO-AffectNet pseudo-label (teacher=Aff-Wild2, top=Happiness 0.22, tension=0.260) - 사람 검수 전"
rFs0AC2qV6o.000,rFs0AC2qV6o.000.mp4,rFs0AC2qV6o,,,0.7774,"EMO-AffectNet pseudo-label (teacher=Aff-Wild2, top=Neutral 0.35, tension=0.223) - 사람 검수 전"
rFs0AC2qV6o.001,rFs0AC2qV6o.001.mp4,rFs0AC2qV6o,,,0.8089,"EMO-AffectNet pseudo-label (teacher=Aff-Wild2, top=Neutral 0.39, tension=0.191) - 사람 검수 전"
rG8D-A2F8xg.003,rG8D-A2F8xg.003.mp4,rG8D-A2F8xg,,,0.8296,"EMO-AffectNet pseudo-label (teacher=Aff-Wild2, top=Happiness 0.44, tension=0.170) - 사람 검수 전"
rG8D-A2F8xg.004,rG8D-A2F8xg.004.mp4,rG8D-A2F8xg,,,0.8032,"EMO-AffectNet pseudo-label (teacher=Aff-Wild2, top=Happiness 0.30, tension=0.197) - 사람 검수 전"
rG8D-A2F8xg.005,rG8D-A2F8xg.005.mp4,rG8D-A2F8xg,,,0.6737,"EMO-AffectNet pseudo-label (teacher=Aff-Wild2, top=Surprise 0.25, tension=0.326) - 사람 검수 전"
rGNeR3p1jKU.000,rGNeR3p1jKU.000.mp4,rGNeR3p1jKU,,,0.7708,"EMO-AffectNet pseudo-label (teacher=Aff-Wild2, top=Neutral 0.41, tension=0.229) - 사람 검수 전"
rGNeR3p1jKU.001,rGNeR3p1jKU.001.mp4,rGNeR3p1jKU,,,0.7494,"EMO-AffectNet pseudo-label (teacher=Aff-Wild2, top=Neutral 0.42, tension=0.251) - 사람 검수 전"
rGTn2uaCAT0.002,rGTn2uaCAT0.002.mp4,rGTn2uaCAT0,,,0.7943,"EMO-AffectNet pseudo-label (teacher=Aff-Wild2, top=Happiness 0.27, tension=0.206) - 사람 검수 전"
rGTn2uaCAT0.003,rGTn2uaCAT0.003.mp4,rGTn2uaCAT0,,,0.7905,"EMO-AffectNet pseudo-label (teacher=Aff-Wild2, top=Happiness 0.32, tension=0.209) - 사람 검수 전"
rGTn2uaCAT0.004,rGTn2uaCAT0.004.mp4,rGTn2uaCAT0,,,0.7819,"EMO-AffectNet pseudo-label (teacher=Aff-Wild2, top=Happiness 0.35, tension=0.218) - 사람 검수 전"
rGTn2uaCAT0.005,rGTn2uaCAT0.005.mp4,rGTn2uaCAT0,,,0.8325,"EMO-AffectNet pseudo-label (teacher=Aff-Wild2, top=Happiness 0.41, tension=0.168) - 사람 검수 전"
rIHcq2E67Nc.003,rIHcq2E67Nc.003.mp4,rIHcq2E67Nc,,,0.7771,"EMO-AffectNet pseudo-label (teacher=Aff-Wild2, top=Happiness 0.28, tension=0.223) - 사람 검수 전"
rIHcq2E67Nc.005,rIHcq2E67Nc.005.mp4,rIHcq2E67Nc,,,0.8194,"EMO-AffectNet pseudo-label (teacher=Aff-Wild2, top=Happiness 0.45, tension=0.181) - 사람 검수 전"
rIRBEkDhn6Q.002,rIRBEkDhn6Q.002.mp4,rIRBEkDhn6Q,,,0.8429,"EMO-AffectNet pseudo-label (teacher=Aff-Wild2, top=Happiness 0.41, tension=0.157) - 사람 검수 전"
rIRBEkDhn6Q.003,rIRBEkDhn6Q.003.mp4,rIRBEkDhn6Q,,,0.8298,"EMO-AffectNet pseudo-label (teacher=Aff-Wild2, top=Happiness 0.33, tension=0.170) - 사람 검수 전"
rIRBEkDhn6Q.004,rIRBEkDhn6Q.004.mp4,rIRBEkDhn6Q,,,0.8056,"EMO-AffectNet pseudo-label (teacher=Aff-Wild2, top=Neutral 0.29, tension=0.194) - 사람 검수 전"
rIRBEkDhn6Q.005,rIRBEkDhn6Q.005.mp4,rIRBEkDhn6Q,,,0.802,"EMO-AffectNet pseudo-label (teacher=Aff-Wild2, top=Neutral 0.32, tension=0.198) - 사람 검수 전"
rJgbslC72gw.001,rJgbslC72gw.001.mp4,rJgbslC72gw,,,0.625,"EMO-AffectNet pseudo-label (teacher=Aff-Wild2, top=Sadness 0.20, tension=0.375) - 사람 검수 전"
rJgbslC72gw.003,rJgbslC72gw.003.mp4,rJgbslC72gw,,,0.6446,"EMO-AffectNet pseudo-label (teacher=Aff-Wild2, top=Sadness 0.22, tension=0.355) - 사람 검수 전"
rMFJmA5dRFQ.000,rMFJmA5dRFQ.000.mp4,rMFJmA5dRFQ,,,0.6612,"EMO-AffectNet pseudo-label (teacher=Aff-Wild2, top=Fear 0.24, tension=0.339) - 사람 검수 전"
rT0TqakPrAI.000,rT0TqakPrAI.000.mp4,rT0TqakPrAI,,,0.737,"EMO-AffectNet pseudo-label (teacher=Aff-Wild2, top=Surprise 0.26, tension=0.263) - 사람 검수 전"
rTG9gtci67c.001,rTG9gtci67c.001.mp4,rTG9gtci67c,,,0.6868,"EMO-AffectNet pseudo-label (teacher=Aff-Wild2, top=Neutral 0.25, tension=0.313) - 사람 검수 전"
rTG9gtci67c.002,rTG9gtci67c.002.mp4,rTG9gtci67c,,,0.6902,"EMO-AffectNet pseudo-label (teacher=Aff-Wild2, top=Neutral 0.27, tension=0.310) - 사람 검수 전"
rTG9gtci67c.004,rTG9gtci67c.004.mp4,rTG9gtci67c,,,0.6626,"EMO-AffectNet pseudo-label (teacher=Aff-Wild2, top=Sadness 0.24, tension=0.337) - 사람 검수 전"
rTG9gtci67c.005,rTG9gtci67c.005.mp4,rTG9gtci67c,,,0.7868,"EMO-AffectNet pseudo-label (teacher=Aff-Wild2, top=Happiness 0.34, tension=0.213) - 사람 검수 전"
rUGAiuYHNgE.000,rUGAiuYHNgE.000.mp4,rUGAiuYHNgE,,,0.6311,"EMO-AffectNet pseudo-label (teacher=Aff-Wild2, top=Disgust 0.20, tension=0.369) - 사람 검수 전"
rUGAiuYHNgE.002,rUGAiuYHNgE.002.mp4,rUGAiuYHNgE,,,0.6956,"EMO-AffectNet pseudo-label (teacher=Aff-Wild2, top=Surprise 0.19, tension=0.304) - 사람 검수 전"
rUGAiuYHNgE.004,rUGAiuYHNgE.004.mp4,rUGAiuYHNgE,,,0.6365,"EMO-AffectNet pseudo-label (teacher=Aff-Wild2, top=Fear 0.21, tension=0.363) - 사람 검수 전"
rW3hFpfGMHs.003,rW3hFpfGMHs.003.mp4,rW3hFpfGMHs,,,0.7799,"EMO-AffectNet pseudo-label (teacher=Aff-Wild2, top=Happiness 0.24, tension=0.220) - 사람 검수 전"
rWT8N_yjf60.005,rWT8N_yjf60.005.mp4,rWT8N_yjf60,,,0.7238,"EMO-AffectNet pseudo-label (teacher=Aff-Wild2, top=Surprise 0.27, tension=0.276) - 사람 검수 전"
rXoCKj1qwn4.001,rXoCKj1qwn4.001.mp4,rXoCKj1qwn4,,,0.8561,"EMO-AffectNet pseudo-label (teacher=Aff-Wild2, top=Happiness 0.52, tension=0.144) - 사람 검수 전"
r_cVo5qZ9n0.002,r_cVo5qZ9n0.002.mp4,r_cVo5qZ9n0,,,0.6642,"EMO-AffectNet pseudo-label (teacher=Aff-Wild2, top=Fear 0.25, tension=0.336) - 사람 검수 전"
rhKVPhhWHko.002,rhKVPhhWHko.002.mp4,rhKVPhhWHko,,,0.6112,"EMO-AffectNet pseudo-label (teacher=Aff-Wild2, top=Sadness 0.34, tension=0.389) - 사람 검수 전"
rjS0PIwS47M.001,rjS0PIwS47M.001.mp4,rjS0PIwS47M,,,0.7374,"EMO-AffectNet pseudo-label (teacher=Aff-Wild2, top=Neutral 0.38, tension=0.263) - 사람 검수 전"
rqfvIjzegpI.000,rqfvIjzegpI.000.mp4,rqfvIjzegpI,,,0.8529,"EMO-AffectNet pseudo-label (teacher=Aff-Wild2, top=Happiness 0.54, tension=0.147) - 사람 검수 전"
rqfvIjzegpI.001,rqfvIjzegpI.001.mp4,rqfvIjzegpI,,,0.8099,"EMO-AffectNet pseudo-label (teacher=Aff-Wild2, top=Happiness 0.42, tension=0.190) - 사람 검수 전"
rqfvIjzegpI.005,rqfvIjzegpI.005.mp4,rqfvIjzegpI,,,0.8447,"EMO-AffectNet pseudo-label (teacher=Aff-Wild2, top=Happiness 0.50, tension=0.155) - 사람 검수 전"
rrdSLfnU2pg.000,rrdSLfnU2pg.000.mp4,rrdSLfnU2pg,,,0.644,"EMO-AffectNet pseudo-label (teacher=Aff-Wild2, top=Disgust 0.19, tension=0.356) - 사람 검수 전"
rrdSLfnU2pg.003,rrdSLfnU2pg.003.mp4,rrdSLfnU2pg,,,0.6777,"EMO-AffectNet pseudo-label (teacher=Aff-Wild2, top=Happiness 0.18, tension=0.322) - 사람 검수 전"
rtEASqA8_WE.000,rtEASqA8_WE.000.mp4,rtEASqA8_WE,,,0.737,"EMO-AffectNet pseudo-label (teacher=Aff-Wild2, top=Neutral 0.39, tension=0.263) - 사람 검수 전"
rvB9DYAKHpk.000,rvB9DYAKHpk.000.mp4,rvB9DYAKHpk,,,0.7531,"EMO-AffectNet pseudo-label (teacher=Aff-Wild2, top=Neutral 0.46, tension=0.247) - 사람 검수 전"
rvB9DYAKHpk.001,rvB9DYAKHpk.001.mp4,rvB9DYAKHpk,,,0.7221,"EMO-AffectNet pseudo-label (teacher=Aff-Wild2, top=Neutral 0.40, tension=0.278) - 사람 검수 전"
rvB9DYAKHpk.002,rvB9DYAKHpk.002.mp4,rvB9DYAKHpk,,,0.7345,"EMO-AffectNet pseudo-label (teacher=Aff-Wild2, top=Neutral 0.42, tension=0.265) - 사람 검수 전"
rwinPicu_aw.000,rwinPicu_aw.000.mp4,rwinPicu_aw,,,0.5916,"EMO-AffectNet pseudo-label (teacher=Aff-Wild2, top=Disgust 0.30, tension=0.408) - 사람 검수 전"
rwinPicu_aw.001,rwinPicu_aw.001.mp4,rwinPicu_aw,,,0.618,"EMO-AffectNet pseudo-label (teacher=Aff-Wild2, top=Disgust 0.21, tension=0.382) - 사람 검수 전"
rwinPicu_aw.002,rwinPicu_aw.002.mp4,rwinPicu_aw,,,0.6195,"EMO-AffectNet pseudo-label (teacher=Aff-Wild2, top=Anger 0.21, tension=0.381) - 사람 검수 전"
rxYWgXYTATs.000,rxYWgXYTATs.000.mp4,rxYWgXYTATs,,,0.8789,"EMO-AffectNet pseudo-label (teacher=Aff-Wild2, top=Happiness 0.59, tension=0.121) - 사람 검수 전"
rxYWgXYTATs.001,rxYWgXYTATs.001.mp4,rxYWgXYTATs,,,0.7881,"EMO-AffectNet pseudo-label (teacher=Aff-Wild2, top=Happiness 0.30, tension=0.212) - 사람 검수 전"
rxYWgXYTATs.002,rxYWgXYTATs.002.mp4,rxYWgXYTATs,,,0.8672,"EMO-AffectNet pseudo-label (teacher=Aff-Wild2, top=Happiness 0.52, tension=0.133) - 사람 검수 전"
rxYWgXYTATs.003,rxYWgXYTATs.003.mp4,rxYWgXYTATs,,,0.7727,"EMO-AffectNet pseudo-label (teacher=Aff-Wild2, top=Neutral 0.30, tension=0.227) - 사람 검수 전"
rxYWgXYTATs.005,rxYWgXYTATs.005.mp4,rxYWgXYTATs,,,0.8952,"EMO-AffectNet pseudo-label (teacher=Aff-Wild2, top=Happiness 0.66, tension=0.105) - 사람 검수 전"
rzKtAeWgZH0.003,rzKtAeWgZH0.003.mp4,rzKtAeWgZH0,,,0.7408,"EMO-AffectNet pseudo-label (teacher=Aff-Wild2, top=Happiness 0.28, tension=0.259) - 사람 검수 전"
s-jZlMKQGwc.000,s-jZlMKQGwc.000.mp4,s-jZlMKQGwc,,,0.8112,"EMO-AffectNet pseudo-label (teacher=Aff-Wild2, top=Neutral 0.33, tension=0.189) - 사람 검수 전"
s-jZlMKQGwc.002,s-jZlMKQGwc.002.mp4,s-jZlMKQGwc,,,0.8219,"EMO-AffectNet pseudo-label (teacher=Aff-Wild2, top=Neutral 0.35, tension=0.178) - 사람 검수 전"
s-jZlMKQGwc.003,s-jZlMKQGwc.003.mp4,s-jZlMKQGwc,,,0.8075,"EMO-AffectNet pseudo-label (teacher=Aff-Wild2, top=Neutral 0.41, tension=0.192) - 사람 검수 전"
s0MKUEnyHSE.003,s0MKUEnyHSE.003.mp4,s0MKUEnyHSE,,,0.7845,"EMO-AffectNet pseudo-label (teacher=Aff-Wild2, top=Happiness 0.38, tension=0.216) - 사람 검수 전"
s0pgZM5G6ds.003,s0pgZM5G6ds.003.mp4,s0pgZM5G6ds,,,0.6783,"EMO-AffectNet pseudo-label (teacher=Aff-Wild2, top=Neutral 0.24, tension=0.322) - 사람 검수 전"
s0pgZM5G6ds.004,s0pgZM5G6ds.004.mp4,s0pgZM5G6ds,,,0.6673,"EMO-AffectNet pseudo-label (teacher=Aff-Wild2, top=Anger 0.30, tension=0.333) - 사람 검수 전"
s1DOqsQoN5s.001,s1DOqsQoN5s.001.mp4,s1DOqsQoN5s,,,0.7106,"EMO-AffectNet pseudo-label (teacher=Aff-Wild2, top=Neutral 0.36, tension=0.289) - 사람 검수 전"
s1DOqsQoN5s.002,s1DOqsQoN5s.002.mp4,s1DOqsQoN5s,,,0.7277,"EMO-AffectNet pseudo-label (teacher=Aff-Wild2, top=Neutral 0.29, tension=0.272) - 사람 검수 전"
s1DOqsQoN5s.003,s1DOqsQoN5s.003.mp4,s1DOqsQoN5s,,,0.7809,"EMO-AffectNet pseudo-label (teacher=Aff-Wild2, top=Happiness 0.26, tension=0.219) - 사람 검수 전"
s3m8DgUi6GM.000,s3m8DgUi6GM.000.mp4,s3m8DgUi6GM,,,0.7605,"EMO-AffectNet pseudo-label (teacher=Aff-Wild2, top=Happiness 0.32, tension=0.239) - 사람 검수 전"
s3m8DgUi6GM.001,s3m8DgUi6GM.001.mp4,s3m8DgUi6GM,,,0.6979,"EMO-AffectNet pseudo-label (teacher=Aff-Wild2, top=Surprise 0.27, tension=0.302) - 사람 검수 전"
s3m8DgUi6GM.004,s3m8DgUi6GM.004.mp4,s3m8DgUi6GM,,,0.6679,"EMO-AffectNet pseudo-label (teacher=Aff-Wild2, top=Fear 0.20, tension=0.332) - 사람 검수 전"
s6N1pv5lzrU.002,s6N1pv5lzrU.002.mp4,s6N1pv5lzrU,,,0.7224,"EMO-AffectNet pseudo-label (teacher=Aff-Wild2, top=Sadness 0.27, tension=0.278) - 사람 검수 전"
s6N1pv5lzrU.003,s6N1pv5lzrU.003.mp4,s6N1pv5lzrU,,,0.7112,"EMO-AffectNet pseudo-label (teacher=Aff-Wild2, top=Sadness 0.22, tension=0.289) - 사람 검수 전"
s6gN_358tk4.001,s6gN_358tk4.001.mp4,s6gN_358tk4,,,0.6739,"EMO-AffectNet pseudo-label (teacher=Aff-Wild2, top=Neutral 0.24, tension=0.326) - 사람 검수 전"
s85T4B1ONWE.005,s85T4B1ONWE.005.mp4,s85T4B1ONWE,,,0.7699,"EMO-AffectNet pseudo-label (teacher=Aff-Wild2, top=Neutral 0.33, tension=0.230) - 사람 검수 전"
sBHv1jYmZQE.000,sBHv1jYmZQE.000.mp4,sBHv1jYmZQE,,,0.7328,"EMO-AffectNet pseudo-label (teacher=Aff-Wild2, top=Happiness 0.23, tension=0.267) - 사람 검수 전"
sBHv1jYmZQE.003,sBHv1jYmZQE.003.mp4,sBHv1jYmZQE,,,0.7372,"EMO-AffectNet pseudo-label (teacher=Aff-Wild2, top=Happiness 0.29, tension=0.263) - 사람 검수 전"
sBHv1jYmZQE.004,sBHv1jYmZQE.004.mp4,sBHv1jYmZQE,,,0.8332,"EMO-AffectNet pseudo-label (teacher=Aff-Wild2, top=Happiness 0.51, tension=0.167) - 사람 검수 전"
sBw7VHQ74SY.005,sBw7VHQ74SY.005.mp4,sBw7VHQ74SY,,,0.7955,"EMO-AffectNet pseudo-label (teacher=Aff-Wild2, top=Neutral 0.30, tension=0.204) - 사람 검수 전"
sDNzrM6N7wA.000,sDNzrM6N7wA.000.mp4,sDNzrM6N7wA,,,0.8568,"EMO-AffectNet pseudo-label (teacher=Aff-Wild2, top=Happiness 0.52, tension=0.143) - 사람 검수 전"
sDNzrM6N7wA.003,sDNzrM6N7wA.003.mp4,sDNzrM6N7wA,,,0.843,"EMO-AffectNet pseudo-label (teacher=Aff-Wild2, top=Happiness 0.51, tension=0.157) - 사람 검수 전"
sDWJMBZ1mVA.001,sDWJMBZ1mVA.001.mp4,sDWJMBZ1mVA,,,0.7573,"EMO-AffectNet pseudo-label (teacher=Aff-Wild2, top=Neutral 0.42, tension=0.243) - 사람 검수 전"
sDWJMBZ1mVA.002,sDWJMBZ1mVA.002.mp4,sDWJMBZ1mVA,,,0.7556,"EMO-AffectNet pseudo-label (teacher=Aff-Wild2, top=Neutral 0.43, tension=0.244) - 사람 검수 전"
sDWJMBZ1mVA.003,sDWJMBZ1mVA.003.mp4,sDWJMBZ1mVA,,,0.7483,"EMO-AffectNet pseudo-label (teacher=Aff-Wild2, top=Neutral 0.41, tension=0.252) - 사람 검수 전"
sDWJMBZ1mVA.005,sDWJMBZ1mVA.005.mp4,sDWJMBZ1mVA,,,0.7583,"EMO-AffectNet pseudo-label (teacher=Aff-Wild2, top=Neutral 0.44, tension=0.242) - 사람 검수 전"
sDfU1gixDmM.000,sDfU1gixDmM.000.mp4,sDfU1gixDmM,,,0.6946,"EMO-AffectNet pseudo-label (teacher=Aff-Wild2, top=Neutral 0.33, tension=0.305) - 사람 검수 전"
sHVXhr7_EOs.002,sHVXhr7_EOs.002.mp4,sHVXhr7_EOs,,,0.8445,"EMO-AffectNet pseudo-label (teacher=Aff-Wild2, top=Happiness 0.48, tension=0.156) - 사람 검수 전"
sHVXhr7_EOs.003,sHVXhr7_EOs.003.mp4,sHVXhr7_EOs,,,0.7633,"EMO-AffectNet pseudo-label (teacher=Aff-Wild2, top=Surprise 0.25, tension=0.237) - 사람 검수 전"
sIfHl2N8Hkg.004,sIfHl2N8Hkg.004.mp4,sIfHl2N8Hkg,,,0.6883,"EMO-AffectNet pseudo-label (teacher=Aff-Wild2, top=Anger 0.21, tension=0.312) - 사람 검수 전"
sNPK8f4FSfo.001,sNPK8f4FSfo.001.mp4,sNPK8f4FSfo,,,0.9241,"EMO-AffectNet pseudo-label (teacher=Aff-Wild2, top=Happiness 0.77, tension=0.076) - 사람 검수 전"
sNs4yCA11wk.000,sNs4yCA11wk.000.mp4,sNs4yCA11wk,,,0.8375,"EMO-AffectNet pseudo-label (teacher=Aff-Wild2, top=Happiness 0.36, tension=0.163) - 사람 검수 전"
sNs4yCA11wk.001,sNs4yCA11wk.001.mp4,sNs4yCA11wk,,,0.8509,"EMO-AffectNet pseudo-label (teacher=Aff-Wild2, top=Happiness 0.45, tension=0.149) - 사람 검수 전"
sNs4yCA11wk.002,sNs4yCA11wk.002.mp4,sNs4yCA11wk,,,0.859,"EMO-AffectNet pseudo-label (teacher=Aff-Wild2, top=Happiness 0.41, tension=0.141) - 사람 검수 전"
sNs4yCA11wk.003,sNs4yCA11wk.003.mp4,sNs4yCA11wk,,,0.8439,"EMO-AffectNet pseudo-label (teacher=Aff-Wild2, top=Happiness 0.36, tension=0.156) - 사람 검수 전"
sNs4yCA11wk.005,sNs4yCA11wk.005.mp4,sNs4yCA11wk,,,0.8296,"EMO-AffectNet pseudo-label (teacher=Aff-Wild2, top=Happiness 0.31, tension=0.170) - 사람 검수 전"
sOkGz6gEmGk.000,sOkGz6gEmGk.000.mp4,sOkGz6gEmGk,,,0.6826,"EMO-AffectNet pseudo-label (teacher=Aff-Wild2, top=Neutral 0.23, tension=0.317) - 사람 검수 전"
sOkGz6gEmGk.001,sOkGz6gEmGk.001.mp4,sOkGz6gEmGk,,,0.6793,"EMO-AffectNet pseudo-label (teacher=Aff-Wild2, top=Fear 0.25, tension=0.321) - 사람 검수 전"
sOkGz6gEmGk.002,sOkGz6gEmGk.002.mp4,sOkGz6gEmGk,,,0.7225,"EMO-AffectNet pseudo-label (teacher=Aff-Wild2, top=Anger 0.20, tension=0.278) - 사람 검수 전"
sOkGz6gEmGk.003,sOkGz6gEmGk.003.mp4,sOkGz6gEmGk,,,0.6981,"EMO-AffectNet pseudo-label (teacher=Aff-Wild2, top=Surprise 0.21, tension=0.302) - 사람 검수 전"
sPMNhG1Sehc.004,sPMNhG1Sehc.004.mp4,sPMNhG1Sehc,,,0.739,"EMO-AffectNet pseudo-label (teacher=Aff-Wild2, top=Neutral 0.28, tension=0.261) - 사람 검수 전"
sPMNhG1Sehc.005,sPMNhG1Sehc.005.mp4,sPMNhG1Sehc,,,0.7389,"EMO-AffectNet pseudo-label (teacher=Aff-Wild2, top=Surprise 0.27, tension=0.261) - 사람 검수 전"
sRuO_Fz3eog.004,sRuO_Fz3eog.004.mp4,sRuO_Fz3eog,,,0.6341,"EMO-AffectNet pseudo-label (teacher=Aff-Wild2, top=Fear 0.30, tension=0.366) - 사람 검수 전"
sSR1a5XW7n4.001,sSR1a5XW7n4.001.mp4,sSR1a5XW7n4,,,0.6183,"EMO-AffectNet pseudo-label (teacher=Aff-Wild2, top=Disgust 0.34, tension=0.382) - 사람 검수 전"
sSR1a5XW7n4.002,sSR1a5XW7n4.002.mp4,sSR1a5XW7n4,,,0.6155,"EMO-AffectNet pseudo-label (teacher=Aff-Wild2, top=Disgust 0.32, tension=0.385) - 사람 검수 전"
sSYCMN-WHmI.000,sSYCMN-WHmI.000.mp4,sSYCMN-WHmI,,,0.7468,"EMO-AffectNet pseudo-label (teacher=Aff-Wild2, top=Surprise 0.23, tension=0.253) - 사람 검수 전"
sTUJhj154Sc.002,sTUJhj154Sc.002.mp4,sTUJhj154Sc,,,0.6711,"EMO-AffectNet pseudo-label (teacher=Aff-Wild2, top=Neutral 0.24, tension=0.329) - 사람 검수 전"
sTUJhj154Sc.003,sTUJhj154Sc.003.mp4,sTUJhj154Sc,,,0.7098,"EMO-AffectNet pseudo-label (teacher=Aff-Wild2, top=Neutral 0.21, tension=0.290) - 사람 검수 전"
sTUJhj154Sc.005,sTUJhj154Sc.005.mp4,sTUJhj154Sc,,,0.7365,"EMO-AffectNet pseudo-label (teacher=Aff-Wild2, top=Neutral 0.32, tension=0.263) - 사람 검수 전"
sY4urmZmhJA.002,sY4urmZmhJA.002.mp4,sY4urmZmhJA,,,0.7607,"EMO-AffectNet pseudo-label (teacher=Aff-Wild2, top=Happiness 0.23, tension=0.239) - 사람 검수 전"
sa7E6SrSmEs.003,sa7E6SrSmEs.003.mp4,sa7E6SrSmEs,,,0.8064,"EMO-AffectNet pseudo-label (teacher=Aff-Wild2, top=Happiness 0.38, tension=0.194) - 사람 검수 전"
saTSCzI1dKo.004,saTSCzI1dKo.004.mp4,saTSCzI1dKo,,,0.6761,"EMO-AffectNet pseudo-label (teacher=Aff-Wild2, top=Fear 0.21, tension=0.324) - 사람 검수 전"
scifP1EXSdo.001,scifP1EXSdo.001.mp4,scifP1EXSdo,,,0.7275,"EMO-AffectNet pseudo-label (teacher=Aff-Wild2, top=Neutral 0.31, tension=0.273) - 사람 검수 전"
sduFj_uaZ-w.000,sduFj_uaZ-w.000.mp4,sduFj_uaZ-w,,,0.8179,"EMO-AffectNet pseudo-label (teacher=Aff-Wild2, top=Neutral 0.40, tension=0.182) - 사람 검수 전"
sf29orxf4X0.000,sf29orxf4X0.000.mp4,sf29orxf4X0,,,0.7088,"EMO-AffectNet pseudo-label (teacher=Aff-Wild2, top=Neutral 0.27, tension=0.291) - 사람 검수 전"
sf29orxf4X0.002,sf29orxf4X0.002.mp4,sf29orxf4X0,,,0.6776,"EMO-AffectNet pseudo-label (teacher=Aff-Wild2, top=Neutral 0.27, tension=0.322) - 사람 검수 전"
sf29orxf4X0.003,sf29orxf4X0.003.mp4,sf29orxf4X0,,,0.6963,"EMO-AffectNet pseudo-label (teacher=Aff-Wild2, top=Neutral 0.25, tension=0.304) - 사람 검수 전"
sf8TXpaKnt4.001,sf8TXpaKnt4.001.mp4,sf8TXpaKnt4,,,0.7097,"EMO-AffectNet pseudo-label (teacher=Aff-Wild2, top=Neutral 0.31, tension=0.290) - 사람 검수 전"
shAhNNV-zHA.000,shAhNNV-zHA.000.mp4,shAhNNV-zHA,,,0.6665,"EMO-AffectNet pseudo-label (teacher=Aff-Wild2, top=Fear 0.23, tension=0.333) - 사람 검수 전"
shAhNNV-zHA.001,shAhNNV-zHA.001.mp4,shAhNNV-zHA,,,0.6638,"EMO-AffectNet pseudo-label (teacher=Aff-Wild2, top=Fear 0.27, tension=0.336) - 사람 검수 전"
shAhNNV-zHA.002,shAhNNV-zHA.002.mp4,shAhNNV-zHA,,,0.7361,"EMO-AffectNet pseudo-label (teacher=Aff-Wild2, top=Surprise 0.26, tension=0.264) - 사람 검수 전"
shAhNNV-zHA.004,shAhNNV-zHA.004.mp4,shAhNNV-zHA,,,0.7026,"EMO-AffectNet pseudo-label (teacher=Aff-Wild2, top=Neutral 0.26, tension=0.297) - 사람 검수 전"
shAhNNV-zHA.005,shAhNNV-zHA.005.mp4,shAhNNV-zHA,,,0.7161,"EMO-AffectNet pseudo-label (teacher=Aff-Wild2, top=Surprise 0.27, tension=0.284) - 사람 검수 전"
shEsu57CYnA.001,shEsu57CYnA.001.mp4,shEsu57CYnA,,,0.6414,"EMO-AffectNet pseudo-label (teacher=Aff-Wild2, top=Disgust 0.30, tension=0.359) - 사람 검수 전"
shEsu57CYnA.002,shEsu57CYnA.002.mp4,shEsu57CYnA,,,0.829,"EMO-AffectNet pseudo-label (teacher=Aff-Wild2, top=Happiness 0.41, tension=0.171) - 사람 검수 전"
shEsu57CYnA.003,shEsu57CYnA.003.mp4,shEsu57CYnA,,,0.7643,"EMO-AffectNet pseudo-label (teacher=Aff-Wild2, top=Neutral 0.31, tension=0.236) - 사람 검수 전"
shEsu57CYnA.004,shEsu57CYnA.004.mp4,shEsu57CYnA,,,0.8758,"EMO-AffectNet pseudo-label (teacher=Aff-Wild2, top=Happiness 0.59, tension=0.124) - 사람 검수 전"
shEsu57CYnA.005,shEsu57CYnA.005.mp4,shEsu57CYnA,,,0.737,"EMO-AffectNet pseudo-label (teacher=Aff-Wild2, top=Surprise 0.22, tension=0.263) - 사람 검수 전"
shQmRW4CrGE.000,shQmRW4CrGE.000.mp4,shQmRW4CrGE,,,0.7957,"EMO-AffectNet pseudo-label (teacher=Aff-Wild2, top=Neutral 0.27, tension=0.204) - 사람 검수 전"
shV5Fbzn9pw.002,shV5Fbzn9pw.002.mp4,shV5Fbzn9pw,,,0.7023,"EMO-AffectNet pseudo-label (teacher=Aff-Wild2, top=Neutral 0.33, tension=0.298) - 사람 검수 전"
shV5Fbzn9pw.003,shV5Fbzn9pw.003.mp4,shV5Fbzn9pw,,,0.6787,"EMO-AffectNet pseudo-label (teacher=Aff-Wild2, top=Neutral 0.31, tension=0.321) - 사람 검수 전"
shtirfEzWFA.000,shtirfEzWFA.000.mp4,shtirfEzWFA,,,0.7641,"EMO-AffectNet pseudo-label (teacher=Aff-Wild2, top=Happiness 0.39, tension=0.236) - 사람 검수 전"
shtirfEzWFA.001,shtirfEzWFA.001.mp4,shtirfEzWFA,,,0.7967,"EMO-AffectNet pseudo-label (teacher=Aff-Wild2, top=Happiness 0.45, tension=0.203) - 사람 검수 전"
shtirfEzWFA.002,shtirfEzWFA.002.mp4,shtirfEzWFA,,,0.6681,"EMO-AffectNet pseudo-label (teacher=Aff-Wild2, top=Fear 0.21, tension=0.332) - 사람 검수 전"
siEnTktB4lQ.001,siEnTktB4lQ.001.mp4,siEnTktB4lQ,,,0.623,"EMO-AffectNet pseudo-label (teacher=Aff-Wild2, top=Sadness 0.41, tension=0.377) - 사람 검수 전"
siEnTktB4lQ.002,siEnTktB4lQ.002.mp4,siEnTktB4lQ,,,0.5693,"EMO-AffectNet pseudo-label (teacher=Aff-Wild2, top=Sadness 0.48, tension=0.431) - 사람 검수 전"
siEnTktB4lQ.004,siEnTktB4lQ.004.mp4,siEnTktB4lQ,,,0.6434,"EMO-AffectNet pseudo-label (teacher=Aff-Wild2, top=Sadness 0.37, tension=0.357) - 사람 검수 전"
si_gZCrLa4A.001,si_gZCrLa4A.001.mp4,si_gZCrLa4A,,,0.7538,"EMO-AffectNet pseudo-label (teacher=Aff-Wild2, top=Neutral 0.39, tension=0.246) - 사람 검수 전"
si_gZCrLa4A.002,si_gZCrLa4A.002.mp4,si_gZCrLa4A,,,0.7379,"EMO-AffectNet pseudo-label (teacher=Aff-Wild2, top=Neutral 0.39, tension=0.262) - 사람 검수 전"
si_gZCrLa4A.005,si_gZCrLa4A.005.mp4,si_gZCrLa4A,,,0.7315,"EMO-AffectNet pseudo-label (teacher=Aff-Wild2, top=Neutral 0.37, tension=0.268) - 사람 검수 전"
simc6hmrUOE.000,simc6hmrUOE.000.mp4,simc6hmrUOE,,,0.8373,"EMO-AffectNet pseudo-label (teacher=Aff-Wild2, top=Happiness 0.36, tension=0.163) - 사람 검수 전"
simc6hmrUOE.005,simc6hmrUOE.005.mp4,simc6hmrUOE,,,0.7858,"EMO-AffectNet pseudo-label (teacher=Aff-Wild2, top=Surprise 0.29, tension=0.214) - 사람 검수 전"
slE2PWIwzus.002,slE2PWIwzus.002.mp4,slE2PWIwzus,,,0.731,"EMO-AffectNet pseudo-label (teacher=Aff-Wild2, top=Happiness 0.19, tension=0.269) - 사람 검수 전"
sntohi33U5s.000,sntohi33U5s.000.mp4,sntohi33U5s,,,0.7046,"EMO-AffectNet pseudo-label (teacher=Aff-Wild2, top=Sadness 0.25, tension=0.295) - 사람 검수 전"
sntohi33U5s.001,sntohi33U5s.001.mp4,sntohi33U5s,,,0.6763,"EMO-AffectNet pseudo-label (teacher=Aff-Wild2, top=Neutral 0.28, tension=0.324) - 사람 검수 전"
sntohi33U5s.004,sntohi33U5s.004.mp4,sntohi33U5s,,,0.6574,"EMO-AffectNet pseudo-label (teacher=Aff-Wild2, top=Sadness 0.32, tension=0.343) - 사람 검수 전"
sntohi33U5s.005,sntohi33U5s.005.mp4,sntohi33U5s,,,0.6633,"EMO-AffectNet pseudo-label (teacher=Aff-Wild2, top=Neutral 0.29, tension=0.337) - 사람 검수 전"
sqnW6xXYTKg.000,sqnW6xXYTKg.000.mp4,sqnW6xXYTKg,,,0.8276,"EMO-AffectNet pseudo-label (teacher=Aff-Wild2, top=Happiness 0.34, tension=0.172) - 사람 검수 전"
sqnW6xXYTKg.001,sqnW6xXYTKg.001.mp4,sqnW6xXYTKg,,,0.8545,"EMO-AffectNet pseudo-label (teacher=Aff-Wild2, top=Happiness 0.44, tension=0.146) - 사람 검수 전"
sqnW6xXYTKg.002,sqnW6xXYTKg.002.mp4,sqnW6xXYTKg,,,0.8358,"EMO-AffectNet pseudo-label (teacher=Aff-Wild2, top=Happiness 0.39, tension=0.164) - 사람 검수 전"
sqnW6xXYTKg.003,sqnW6xXYTKg.003.mp4,sqnW6xXYTKg,,,0.8268,"EMO-AffectNet pseudo-label (teacher=Aff-Wild2, top=Happiness 0.35, tension=0.173) - 사람 검수 전"
squHxV3QXlQ.002,squHxV3QXlQ.002.mp4,squHxV3QXlQ,,,0.7222,"EMO-AffectNet pseudo-label (teacher=Aff-Wild2, top=Neutral 0.31, tension=0.278) - 사람 검수 전"
ssxo35zmKWQ.001,ssxo35zmKWQ.001.mp4,ssxo35zmKWQ,,,0.6935,"EMO-AffectNet pseudo-label (teacher=Aff-Wild2, top=Surprise 0.23, tension=0.307) - 사람 검수 전"
ssxo35zmKWQ.002,ssxo35zmKWQ.002.mp4,ssxo35zmKWQ,,,0.6887,"EMO-AffectNet pseudo-label (teacher=Aff-Wild2, top=Neutral 0.24, tension=0.311) - 사람 검수 전"
ssxo35zmKWQ.003,ssxo35zmKWQ.003.mp4,ssxo35zmKWQ,,,0.6807,"EMO-AffectNet pseudo-label (teacher=Aff-Wild2, top=Neutral 0.25, tension=0.319) - 사람 검수 전"
ssxo35zmKWQ.004,ssxo35zmKWQ.004.mp4,ssxo35zmKWQ,,,0.7075,"EMO-AffectNet pseudo-label (teacher=Aff-Wild2, top=Neutral 0.32, tension=0.292) - 사람 검수 전"
ssxo35zmKWQ.005,ssxo35zmKWQ.005.mp4,ssxo35zmKWQ,,,0.6993,"EMO-AffectNet pseudo-label (teacher=Aff-Wild2, top=Neutral 0.27, tension=0.301) - 사람 검수 전"
struoSVUsUg.002,struoSVUsUg.002.mp4,struoSVUsUg,,,0.7562,"EMO-AffectNet pseudo-label (teacher=Aff-Wild2, top=Surprise 0.31, tension=0.244) - 사람 검수 전"
struoSVUsUg.005,struoSVUsUg.005.mp4,struoSVUsUg,,,0.7375,"EMO-AffectNet pseudo-label (teacher=Aff-Wild2, top=Surprise 0.31, tension=0.263) - 사람 검수 전"
syAUKJMQWeo.001,syAUKJMQWeo.001.mp4,syAUKJMQWeo,,,0.7354,"EMO-AffectNet pseudo-label (teacher=Aff-Wild2, top=Neutral 0.37, tension=0.265) - 사람 검수 전"
syTTeox8Yaw.002,syTTeox8Yaw.002.mp4,syTTeox8Yaw,,,0.6972,"EMO-AffectNet pseudo-label (teacher=Aff-Wild2, top=Neutral 0.23, tension=0.303) - 사람 검수 전"
syTTeox8Yaw.003,syTTeox8Yaw.003.mp4,syTTeox8Yaw,,,0.7034,"EMO-AffectNet pseudo-label (teacher=Aff-Wild2, top=Neutral 0.26, tension=0.297) - 사람 검수 전"
t0AupkXkkZw.001,t0AupkXkkZw.001.mp4,t0AupkXkkZw,,,0.717,"EMO-AffectNet pseudo-label (teacher=Aff-Wild2, top=Happiness 0.24, tension=0.283) - 사람 검수 전"
t0AupkXkkZw.003,t0AupkXkkZw.003.mp4,t0AupkXkkZw,,,0.8391,"EMO-AffectNet pseudo-label (teacher=Aff-Wild2, top=Happiness 0.56, tension=0.161) - 사람 검수 전"
t0AupkXkkZw.004,t0AupkXkkZw.004.mp4,t0AupkXkkZw,,,0.7648,"EMO-AffectNet pseudo-label (teacher=Aff-Wild2, top=Happiness 0.29, tension=0.235) - 사람 검수 전"
t0AupkXkkZw.005,t0AupkXkkZw.005.mp4,t0AupkXkkZw,,,0.7762,"EMO-AffectNet pseudo-label (teacher=Aff-Wild2, top=Happiness 0.38, tension=0.224) - 사람 검수 전"
t0_DAgeU4nM.002,t0_DAgeU4nM.002.mp4,t0_DAgeU4nM,,,0.7059,"EMO-AffectNet pseudo-label (teacher=Aff-Wild2, top=Neutral 0.21, tension=0.294) - 사람 검수 전"
t0_DAgeU4nM.003,t0_DAgeU4nM.003.mp4,t0_DAgeU4nM,,,0.8111,"EMO-AffectNet pseudo-label (teacher=Aff-Wild2, top=Happiness 0.41, tension=0.189) - 사람 검수 전"
t1PKNXE-IiM.000,t1PKNXE-IiM.000.mp4,t1PKNXE-IiM,,,0.8178,"EMO-AffectNet pseudo-label (teacher=Aff-Wild2, top=Happiness 0.42, tension=0.182) - 사람 검수 전"
t1PKNXE-IiM.001,t1PKNXE-IiM.001.mp4,t1PKNXE-IiM,,,0.9172,"EMO-AffectNet pseudo-label (teacher=Aff-Wild2, top=Happiness 0.73, tension=0.083) - 사람 검수 전"
t1PKNXE-IiM.005,t1PKNXE-IiM.005.mp4,t1PKNXE-IiM,,,0.8503,"EMO-AffectNet pseudo-label (teacher=Aff-Wild2, top=Happiness 0.51, tension=0.150) - 사람 검수 전"
t30ERiF6b50.000,t30ERiF6b50.000.mp4,t30ERiF6b50,,,0.7481,"EMO-AffectNet pseudo-label (teacher=Aff-Wild2, top=Neutral 0.43, tension=0.252) - 사람 검수 전"
t30ERiF6b50.003,t30ERiF6b50.003.mp4,t30ERiF6b50,,,0.7184,"EMO-AffectNet pseudo-label (teacher=Aff-Wild2, top=Neutral 0.32, tension=0.282) - 사람 검수 전"
t3A2UMN3JeE.000,t3A2UMN3JeE.000.mp4,t3A2UMN3JeE,,,0.7558,"EMO-AffectNet pseudo-label (teacher=Aff-Wild2, top=Neutral 0.40, tension=0.244) - 사람 검수 전"
t3A2UMN3JeE.002,t3A2UMN3JeE.002.mp4,t3A2UMN3JeE,,,0.754,"EMO-AffectNet pseudo-label (teacher=Aff-Wild2, top=Neutral 0.39, tension=0.246) - 사람 검수 전"
t3A2UMN3JeE.003,t3A2UMN3JeE.003.mp4,t3A2UMN3JeE,,,0.714,"EMO-AffectNet pseudo-label (teacher=Aff-Wild2, top=Neutral 0.28, tension=0.286) - 사람 검수 전"
t6-ljEWQjW8.000,t6-ljEWQjW8.000.mp4,t6-ljEWQjW8,,,0.7331,"EMO-AffectNet pseudo-label (teacher=Aff-Wild2, top=Neutral 0.22, tension=0.267) - 사람 검수 전"
t6-ljEWQjW8.002,t6-ljEWQjW8.002.mp4,t6-ljEWQjW8,,,0.7348,"EMO-AffectNet pseudo-label (teacher=Aff-Wild2, top=Neutral 0.21, tension=0.265) - 사람 검수 전"
t6-ljEWQjW8.005,t6-ljEWQjW8.005.mp4,t6-ljEWQjW8,,,0.7504,"EMO-AffectNet pseudo-label (teacher=Aff-Wild2, top=Happiness 0.26, tension=0.250) - 사람 검수 전"
t899haDGi38.002,t899haDGi38.002.mp4,t899haDGi38,,,0.6442,"EMO-AffectNet pseudo-label (teacher=Aff-Wild2, top=Sadness 0.27, tension=0.356) - 사람 검수 전"
t899haDGi38.003,t899haDGi38.003.mp4,t899haDGi38,,,0.7551,"EMO-AffectNet pseudo-label (teacher=Aff-Wild2, top=Neutral 0.24, tension=0.245) - 사람 검수 전"
t899haDGi38.004,t899haDGi38.004.mp4,t899haDGi38,,,0.7022,"EMO-AffectNet pseudo-label (teacher=Aff-Wild2, top=Neutral 0.31, tension=0.298) - 사람 검수 전"
t899haDGi38.005,t899haDGi38.005.mp4,t899haDGi38,,,0.7452,"EMO-AffectNet pseudo-label (teacher=Aff-Wild2, top=Neutral 0.25, tension=0.255) - 사람 검수 전"
t9wFHk9TM-U.002,t9wFHk9TM-U.002.mp4,t9wFHk9TM-U,,,0.7509,"EMO-AffectNet pseudo-label (teacher=Aff-Wild2, top=Neutral 0.42, tension=0.249) - 사람 검수 전"
t9wFHk9TM-U.003,t9wFHk9TM-U.003.mp4,t9wFHk9TM-U,,,0.697,"EMO-AffectNet pseudo-label (teacher=Aff-Wild2, top=Neutral 0.28, tension=0.303) - 사람 검수 전"
tBQlU4_cIS0.000,tBQlU4_cIS0.000.mp4,tBQlU4_cIS0,,,0.7869,"EMO-AffectNet pseudo-label (teacher=Aff-Wild2, top=Neutral 0.50, tension=0.213) - 사람 검수 전"
tCnfvBwWVKw.000,tCnfvBwWVKw.000.mp4,tCnfvBwWVKw,,,0.6991,"EMO-AffectNet pseudo-label (teacher=Aff-Wild2, top=Neutral 0.27, tension=0.301) - 사람 검수 전"
tCnfvBwWVKw.002,tCnfvBwWVKw.002.mp4,tCnfvBwWVKw,,,0.677,"EMO-AffectNet pseudo-label (teacher=Aff-Wild2, top=Surprise 0.30, tension=0.323) - 사람 검수 전"
tCnfvBwWVKw.003,tCnfvBwWVKw.003.mp4,tCnfvBwWVKw,,,0.6861,"EMO-AffectNet pseudo-label (teacher=Aff-Wild2, top=Neutral 0.30, tension=0.314) - 사람 검수 전"
tEQEKN07KgQ.000,tEQEKN07KgQ.000.mp4,tEQEKN07KgQ,,,0.707,"EMO-AffectNet pseudo-label (teacher=Aff-Wild2, top=Anger 0.35, tension=0.293) - 사람 검수 전"
tEQEKN07KgQ.001,tEQEKN07KgQ.001.mp4,tEQEKN07KgQ,,,0.7301,"EMO-AffectNet pseudo-label (teacher=Aff-Wild2, top=Anger 0.30, tension=0.270) - 사람 검수 전"
tEQEKN07KgQ.003,tEQEKN07KgQ.003.mp4,tEQEKN07KgQ,,,0.7403,"EMO-AffectNet pseudo-label (teacher=Aff-Wild2, top=Anger 0.27, tension=0.260) - 사람 검수 전"
tEQEKN07KgQ.004,tEQEKN07KgQ.004.mp4,tEQEKN07KgQ,,,0.7279,"EMO-AffectNet pseudo-label (teacher=Aff-Wild2, top=Anger 0.29, tension=0.272) - 사람 검수 전"
tEQEKN07KgQ.005,tEQEKN07KgQ.005.mp4,tEQEKN07KgQ,,,0.7443,"EMO-AffectNet pseudo-label (teacher=Aff-Wild2, top=Anger 0.26, tension=0.256) - 사람 검수 전"
tGHOYmQHZUc.001,tGHOYmQHZUc.001.mp4,tGHOYmQHZUc,,,0.7108,"EMO-AffectNet pseudo-label (teacher=Aff-Wild2, top=Surprise 0.19, tension=0.289) - 사람 검수 전"
tHYxFw-7po8.001,tHYxFw-7po8.001.mp4,tHYxFw-7po8,,,0.8241,"EMO-AffectNet pseudo-label (teacher=Aff-Wild2, top=Neutral 0.33, tension=0.176) - 사람 검수 전"
tNPLxKC38Xs.000,tNPLxKC38Xs.000.mp4,tNPLxKC38Xs,,,0.7592,"EMO-AffectNet pseudo-label (teacher=Aff-Wild2, top=Happiness 0.27, tension=0.241) - 사람 검수 전"
tNPLxKC38Xs.002,tNPLxKC38Xs.002.mp4,tNPLxKC38Xs,,,0.7135,"EMO-AffectNet pseudo-label (teacher=Aff-Wild2, top=Surprise 0.24, tension=0.287) - 사람 검수 전"
tNPLxKC38Xs.003,tNPLxKC38Xs.003.mp4,tNPLxKC38Xs,,,0.8263,"EMO-AffectNet pseudo-label (teacher=Aff-Wild2, top=Happiness 0.46, tension=0.174) - 사람 검수 전"
tNPLxKC38Xs.004,tNPLxKC38Xs.004.mp4,tNPLxKC38Xs,,,0.7519,"EMO-AffectNet pseudo-label (teacher=Aff-Wild2, top=Neutral 0.24, tension=0.248) - 사람 검수 전"
tOifNTq8jPw.005,tOifNTq8jPw.005.mp4,tOifNTq8jPw,,,0.8083,"EMO-AffectNet pseudo-label (teacher=Aff-Wild2, top=Happiness 0.42, tension=0.192) - 사람 검수 전"
tPVSlH_VmZk.001,tPVSlH_VmZk.001.mp4,tPVSlH_VmZk,,,0.7691,"EMO-AffectNet pseudo-label (teacher=Aff-Wild2, top=Happiness 0.28, tension=0.231) - 사람 검수 전"
tS6bRcIIjDc.000,tS6bRcIIjDc.000.mp4,tS6bRcIIjDc,,,0.8159,"EMO-AffectNet pseudo-label (teacher=Aff-Wild2, top=Neutral 0.38, tension=0.184) - 사람 검수 전"
tS6bRcIIjDc.001,tS6bRcIIjDc.001.mp4,tS6bRcIIjDc,,,0.8029,"EMO-AffectNet pseudo-label (teacher=Aff-Wild2, top=Neutral 0.47, tension=0.197) - 사람 검수 전"
tS6bRcIIjDc.002,tS6bRcIIjDc.002.mp4,tS6bRcIIjDc,,,0.8711,"EMO-AffectNet pseudo-label (teacher=Aff-Wild2, top=Happiness 0.50, tension=0.129) - 사람 검수 전"
tS6bRcIIjDc.003,tS6bRcIIjDc.003.mp4,tS6bRcIIjDc,,,0.8379,"EMO-AffectNet pseudo-label (teacher=Aff-Wild2, top=Neutral 0.36, tension=0.162) - 사람 검수 전"
tS6bRcIIjDc.004,tS6bRcIIjDc.004.mp4,tS6bRcIIjDc,,,0.8475,"EMO-AffectNet pseudo-label (teacher=Aff-Wild2, top=Happiness 0.32, tension=0.152) - 사람 검수 전"
tS6bRcIIjDc.005,tS6bRcIIjDc.005.mp4,tS6bRcIIjDc,,,0.8168,"EMO-AffectNet pseudo-label (teacher=Aff-Wild2, top=Neutral 0.42, tension=0.183) - 사람 검수 전"
tYpxPqwle5k.005,tYpxPqwle5k.005.mp4,tYpxPqwle5k,,,0.7639,"EMO-AffectNet pseudo-label (teacher=Aff-Wild2, top=Neutral 0.28, tension=0.236) - 사람 검수 전"
tZiRqu8joX8.003,tZiRqu8joX8.003.mp4,tZiRqu8joX8,,,0.778,"EMO-AffectNet pseudo-label (teacher=Aff-Wild2, top=Happiness 0.42, tension=0.222) - 사람 검수 전"
taSAaWKcmTw.000,taSAaWKcmTw.000.mp4,taSAaWKcmTw,,,0.6668,"EMO-AffectNet pseudo-label (teacher=Aff-Wild2, top=Anger 0.28, tension=0.333) - 사람 검수 전"
taSAaWKcmTw.002,taSAaWKcmTw.002.mp4,taSAaWKcmTw,,,0.6704,"EMO-AffectNet pseudo-label (teacher=Aff-Wild2, top=Anger 0.31, tension=0.330) - 사람 검수 전"
taSAaWKcmTw.004,taSAaWKcmTw.004.mp4,taSAaWKcmTw,,,0.6667,"EMO-AffectNet pseudo-label (teacher=Aff-Wild2, top=Anger 0.26, tension=0.333) - 사람 검수 전"
taSAaWKcmTw.005,taSAaWKcmTw.005.mp4,taSAaWKcmTw,,,0.6613,"EMO-AffectNet pseudo-label (teacher=Aff-Wild2, top=Anger 0.27, tension=0.339) - 사람 검수 전"
tcmYlyeqwuI.003,tcmYlyeqwuI.003.mp4,tcmYlyeqwuI,,,0.8048,"EMO-AffectNet pseudo-label (teacher=Aff-Wild2, top=Happiness 0.32, tension=0.195) - 사람 검수 전"
tcmYlyeqwuI.004,tcmYlyeqwuI.004.mp4,tcmYlyeqwuI,,,0.8244,"EMO-AffectNet pseudo-label (teacher=Aff-Wild2, top=Happiness 0.43, tension=0.176) - 사람 검수 전"
teRgvZ63_2I.001,teRgvZ63_2I.001.mp4,teRgvZ63_2I,,,0.832,"EMO-AffectNet pseudo-label (teacher=Aff-Wild2, top=Happiness 0.36, tension=0.168) - 사람 검수 전"
teRgvZ63_2I.003,teRgvZ63_2I.003.mp4,teRgvZ63_2I,,,0.8267,"EMO-AffectNet pseudo-label (teacher=Aff-Wild2, top=Happiness 0.40, tension=0.173) - 사람 검수 전"
tepWDnvIuRg.001,tepWDnvIuRg.001.mp4,tepWDnvIuRg,,,0.7125,"EMO-AffectNet pseudo-label (teacher=Aff-Wild2, top=Surprise 0.21, tension=0.288) - 사람 검수 전"
tepWDnvIuRg.002,tepWDnvIuRg.002.mp4,tepWDnvIuRg,,,0.702,"EMO-AffectNet pseudo-label (teacher=Aff-Wild2, top=Neutral 0.21, tension=0.298) - 사람 검수 전"
tepWDnvIuRg.003,tepWDnvIuRg.003.mp4,tepWDnvIuRg,,,0.7585,"EMO-AffectNet pseudo-label (teacher=Aff-Wild2, top=Happiness 0.26, tension=0.242) - 사람 검수 전"
tepWDnvIuRg.004,tepWDnvIuRg.004.mp4,tepWDnvIuRg,,,0.7388,"EMO-AffectNet pseudo-label (teacher=Aff-Wild2, top=Surprise 0.24, tension=0.261) - 사람 검수 전"
tepWDnvIuRg.005,tepWDnvIuRg.005.mp4,tepWDnvIuRg,,,0.6891,"EMO-AffectNet pseudo-label (teacher=Aff-Wild2, top=Neutral 0.19, tension=0.311) - 사람 검수 전"
tg0i-zxvQXk.000,tg0i-zxvQXk.000.mp4,tg0i-zxvQXk,,,0.7609,"EMO-AffectNet pseudo-label (teacher=Aff-Wild2, top=Surprise 0.31, tension=0.239) - 사람 검수 전"
tiVKJWLzmk4.000,tiVKJWLzmk4.000.mp4,tiVKJWLzmk4,,,0.6146,"EMO-AffectNet pseudo-label (teacher=Aff-Wild2, top=Sadness 0.37, tension=0.385) - 사람 검수 전"
tiVKJWLzmk4.001,tiVKJWLzmk4.001.mp4,tiVKJWLzmk4,,,0.7247,"EMO-AffectNet pseudo-label (teacher=Aff-Wild2, top=Surprise 0.24, tension=0.275) - 사람 검수 전"
tiVKJWLzmk4.004,tiVKJWLzmk4.004.mp4,tiVKJWLzmk4,,,0.6926,"EMO-AffectNet pseudo-label (teacher=Aff-Wild2, top=Neutral 0.23, tension=0.307) - 사람 검수 전"
tomb22yfjTc.001,tomb22yfjTc.001.mp4,tomb22yfjTc,,,0.5772,"EMO-AffectNet pseudo-label (teacher=Aff-Wild2, top=Sadness 0.49, tension=0.423) - 사람 검수 전"
tomb22yfjTc.002,tomb22yfjTc.002.mp4,tomb22yfjTc,,,0.6515,"EMO-AffectNet pseudo-label (teacher=Aff-Wild2, top=Sadness 0.32, tension=0.349) - 사람 검수 전"
tutTFKP_fdg.000,tutTFKP_fdg.000.mp4,tutTFKP_fdg,,,0.6722,"EMO-AffectNet pseudo-label (teacher=Aff-Wild2, top=Surprise 0.42, tension=0.328) - 사람 검수 전"
tutTFKP_fdg.005,tutTFKP_fdg.005.mp4,tutTFKP_fdg,,,0.6846,"EMO-AffectNet pseudo-label (teacher=Aff-Wild2, top=Surprise 0.41, tension=0.315) - 사람 검수 전"
tvKUJujTUEo.001,tvKUJujTUEo.001.mp4,tvKUJujTUEo,,,0.6187,"EMO-AffectNet pseudo-label (teacher=Aff-Wild2, top=Fear 0.31, tension=0.381) - 사람 검수 전"
tvKUJujTUEo.003,tvKUJujTUEo.003.mp4,tvKUJujTUEo,,,0.6558,"EMO-AffectNet pseudo-label (teacher=Aff-Wild2, top=Fear 0.26, tension=0.344) - 사람 검수 전"
tvKUJujTUEo.004,tvKUJujTUEo.004.mp4,tvKUJujTUEo,,,0.693,"EMO-AffectNet pseudo-label (teacher=Aff-Wild2, top=Surprise 0.32, tension=0.307) - 사람 검수 전"
tvKUJujTUEo.005,tvKUJujTUEo.005.mp4,tvKUJujTUEo,,,0.6762,"EMO-AffectNet pseudo-label (teacher=Aff-Wild2, top=Surprise 0.23, tension=0.324) - 사람 검수 전"
tw6lY2ptkvo.002,tw6lY2ptkvo.002.mp4,tw6lY2ptkvo,,,0.7481,"EMO-AffectNet pseudo-label (teacher=Aff-Wild2, top=Neutral 0.37, tension=0.252) - 사람 검수 전"
twO6ceVTuII.001,twO6ceVTuII.001.mp4,twO6ceVTuII,,,0.722,"EMO-AffectNet pseudo-label (teacher=Aff-Wild2, top=Neutral 0.36, tension=0.278) - 사람 검수 전"
twO6ceVTuII.002,twO6ceVTuII.002.mp4,twO6ceVTuII,,,0.6986,"EMO-AffectNet pseudo-label (teacher=Aff-Wild2, top=Neutral 0.30, tension=0.301) - 사람 검수 전"
twO6ceVTuII.003,twO6ceVTuII.003.mp4,twO6ceVTuII,,,0.7304,"EMO-AffectNet pseudo-label (teacher=Aff-Wild2, top=Neutral 0.40, tension=0.270) - 사람 검수 전"
twO6ceVTuII.005,twO6ceVTuII.005.mp4,twO6ceVTuII,,,0.7091,"EMO-AffectNet pseudo-label (teacher=Aff-Wild2, top=Neutral 0.31, tension=0.291) - 사람 검수 전"
twmdh5zdvfg.000,twmdh5zdvfg.000.mp4,twmdh5zdvfg,,,0.7828,"EMO-AffectNet pseudo-label (teacher=Aff-Wild2, top=Happiness 0.31, tension=0.217) - 사람 검수 전"
txU8yE9d-4k.001,txU8yE9d-4k.001.mp4,txU8yE9d-4k,,,0.731,"EMO-AffectNet pseudo-label (teacher=Aff-Wild2, top=Neutral 0.21, tension=0.269) - 사람 검수 전"
txU8yE9d-4k.003,txU8yE9d-4k.003.mp4,txU8yE9d-4k,,,0.7479,"EMO-AffectNet pseudo-label (teacher=Aff-Wild2, top=Happiness 0.32, tension=0.252) - 사람 검수 전"
txU8yE9d-4k.005,txU8yE9d-4k.005.mp4,txU8yE9d-4k,,,0.7549,"EMO-AffectNet pseudo-label (teacher=Aff-Wild2, top=Happiness 0.31, tension=0.245) - 사람 검수 전"
u0NIAbS0mDM.001,u0NIAbS0mDM.001.mp4,u0NIAbS0mDM,,,0.6922,"EMO-AffectNet pseudo-label (teacher=Aff-Wild2, top=Anger 0.22, tension=0.308) - 사람 검수 전"
u2XbiBuuxyI.001,u2XbiBuuxyI.001.mp4,u2XbiBuuxyI,,,0.6475,"EMO-AffectNet pseudo-label (teacher=Aff-Wild2, top=Anger 0.28, tension=0.353) - 사람 검수 전"
u50B6bIkN9g.000,u50B6bIkN9g.000.mp4,u50B6bIkN9g,,,0.6982,"EMO-AffectNet pseudo-label (teacher=Aff-Wild2, top=Neutral 0.27, tension=0.302) - 사람 검수 전"
u50B6bIkN9g.002,u50B6bIkN9g.002.mp4,u50B6bIkN9g,,,0.7026,"EMO-AffectNet pseudo-label (teacher=Aff-Wild2, top=Anger 0.27, tension=0.297) - 사람 검수 전"
u9vOa9GdNcM.003,u9vOa9GdNcM.003.mp4,u9vOa9GdNcM,,,0.7676,"EMO-AffectNet pseudo-label (teacher=Aff-Wild2, top=Neutral 0.30, tension=0.232) - 사람 검수 전"
uATtAHyVSMM.002,uATtAHyVSMM.002.mp4,uATtAHyVSMM,,,0.6789,"EMO-AffectNet pseudo-label (teacher=Aff-Wild2, top=Neutral 0.24, tension=0.321) - 사람 검수 전"
uATtAHyVSMM.003,uATtAHyVSMM.003.mp4,uATtAHyVSMM,,,0.6843,"EMO-AffectNet pseudo-label (teacher=Aff-Wild2, top=Neutral 0.19, tension=0.316) - 사람 검수 전"
uATtAHyVSMM.005,uATtAHyVSMM.005.mp4,uATtAHyVSMM,,,0.7428,"EMO-AffectNet pseudo-label (teacher=Aff-Wild2, top=Happiness 0.31, tension=0.257) - 사람 검수 전"
uCJNAX_b9mc.000,uCJNAX_b9mc.000.mp4,uCJNAX_b9mc,,,0.723,"EMO-AffectNet pseudo-label (teacher=Aff-Wild2, top=Happiness 0.28, tension=0.277) - 사람 검수 전"
uCJNAX_b9mc.002,uCJNAX_b9mc.002.mp4,uCJNAX_b9mc,,,0.6468,"EMO-AffectNet pseudo-label (teacher=Aff-Wild2, top=Sadness 0.26, tension=0.353) - 사람 검수 전"
uE2U_Y7QrIw.000,uE2U_Y7QrIw.000.mp4,uE2U_Y7QrIw,,,0.6324,"EMO-AffectNet pseudo-label (teacher=Aff-Wild2, top=Anger 0.19, tension=0.368) - 사람 검수 전"
uE2U_Y7QrIw.002,uE2U_Y7QrIw.002.mp4,uE2U_Y7QrIw,,,0.7064,"EMO-AffectNet pseudo-label (teacher=Aff-Wild2, top=Neutral 0.29, tension=0.294) - 사람 검수 전"
uE2U_Y7QrIw.003,uE2U_Y7QrIw.003.mp4,uE2U_Y7QrIw,,,0.6886,"EMO-AffectNet pseudo-label (teacher=Aff-Wild2, top=Neutral 0.25, tension=0.311) - 사람 검수 전"
uHrP02iwW1o.000,uHrP02iwW1o.000.mp4,uHrP02iwW1o,,,0.8014,"EMO-AffectNet pseudo-label (teacher=Aff-Wild2, top=Happiness 0.28, tension=0.199) - 사람 검수 전"
uHrP02iwW1o.002,uHrP02iwW1o.002.mp4,uHrP02iwW1o,,,0.7235,"EMO-AffectNet pseudo-label (teacher=Aff-Wild2, top=Surprise 0.24, tension=0.276) - 사람 검수 전"
uKy7lHuMQ_o.000,uKy7lHuMQ_o.000.mp4,uKy7lHuMQ_o,,,0.7836,"EMO-AffectNet pseudo-label (teacher=Aff-Wild2, top=Neutral 0.27, tension=0.216) - 사람 검수 전"
uKy7lHuMQ_o.002,uKy7lHuMQ_o.002.mp4,uKy7lHuMQ_o,,,0.7979,"EMO-AffectNet pseudo-label (teacher=Aff-Wild2, top=Neutral 0.30, tension=0.202) - 사람 검수 전"
uMCRfie1lkc.001,uMCRfie1lkc.001.mp4,uMCRfie1lkc,,,0.8044,"EMO-AffectNet pseudo-label (teacher=Aff-Wild2, top=Neutral 0.52, tension=0.196) - 사람 검수 전"
uMCRfie1lkc.002,uMCRfie1lkc.002.mp4,uMCRfie1lkc,,,0.805,"EMO-AffectNet pseudo-label (teacher=Aff-Wild2, top=Neutral 0.49, tension=0.195) - 사람 검수 전"
uMCRfie1lkc.003,uMCRfie1lkc.003.mp4,uMCRfie1lkc,,,0.7968,"EMO-AffectNet pseudo-label (teacher=Aff-Wild2, top=Neutral 0.46, tension=0.203) - 사람 검수 전"
uMCRfie1lkc.004,uMCRfie1lkc.004.mp4,uMCRfie1lkc,,,0.7962,"EMO-AffectNet pseudo-label (teacher=Aff-Wild2, top=Neutral 0.49, tension=0.204) - 사람 검수 전"
uNJpPYo5Qp4.002,uNJpPYo5Qp4.002.mp4,uNJpPYo5Qp4,,,0.6141,"EMO-AffectNet pseudo-label (teacher=Aff-Wild2, top=Sadness 0.28, tension=0.386) - 사람 검수 전"
uRY3aJAaogw.001,uRY3aJAaogw.001.mp4,uRY3aJAaogw,,,0.6952,"EMO-AffectNet pseudo-label (teacher=Aff-Wild2, top=Anger 0.27, tension=0.305) - 사람 검수 전"
uRY3aJAaogw.002,uRY3aJAaogw.002.mp4,uRY3aJAaogw,,,0.7119,"EMO-AffectNet pseudo-label (teacher=Aff-Wild2, top=Anger 0.26, tension=0.288) - 사람 검수 전"
uRY3aJAaogw.003,uRY3aJAaogw.003.mp4,uRY3aJAaogw,,,0.6791,"EMO-AffectNet pseudo-label (teacher=Aff-Wild2, top=Anger 0.36, tension=0.321) - 사람 검수 전"
uRY3aJAaogw.005,uRY3aJAaogw.005.mp4,uRY3aJAaogw,,,0.7248,"EMO-AffectNet pseudo-label (teacher=Aff-Wild2, top=Anger 0.27, tension=0.275) - 사람 검수 전"
uStuc1OX0f0.000,uStuc1OX0f0.000.mp4,uStuc1OX0f0,,,0.8976,"EMO-AffectNet pseudo-label (teacher=Aff-Wild2, top=Happiness 0.65, tension=0.102) - 사람 검수 전"
uTluOTPA7e4.001,uTluOTPA7e4.001.mp4,uTluOTPA7e4,,,0.7232,"EMO-AffectNet pseudo-label (teacher=Aff-Wild2, top=Neutral 0.27, tension=0.277) - 사람 검수 전"
uTluOTPA7e4.002,uTluOTPA7e4.002.mp4,uTluOTPA7e4,,,0.7221,"EMO-AffectNet pseudo-label (teacher=Aff-Wild2, top=Neutral 0.35, tension=0.278) - 사람 검수 전"
uTluOTPA7e4.003,uTluOTPA7e4.003.mp4,uTluOTPA7e4,,,0.699,"EMO-AffectNet pseudo-label (teacher=Aff-Wild2, top=Neutral 0.33, tension=0.301) - 사람 검수 전"
uTluOTPA7e4.004,uTluOTPA7e4.004.mp4,uTluOTPA7e4,,,0.7481,"EMO-AffectNet pseudo-label (teacher=Aff-Wild2, top=Neutral 0.37, tension=0.252) - 사람 검수 전"
u_qvbRpm88k.002,u_qvbRpm88k.002.mp4,u_qvbRpm88k,,,0.7148,"EMO-AffectNet pseudo-label (teacher=Aff-Wild2, top=Surprise 0.24, tension=0.285) - 사람 검수 전"
u_qvbRpm88k.005,u_qvbRpm88k.005.mp4,u_qvbRpm88k,,,0.649,"EMO-AffectNet pseudo-label (teacher=Aff-Wild2, top=Anger 0.25, tension=0.351) - 사람 검수 전"
ua5c716lu5s.001,ua5c716lu5s.001.mp4,ua5c716lu5s,,,0.637,"EMO-AffectNet pseudo-label (teacher=Aff-Wild2, top=Disgust 0.42, tension=0.363) - 사람 검수 전"
ua5c716lu5s.002,ua5c716lu5s.002.mp4,ua5c716lu5s,,,0.6157,"EMO-AffectNet pseudo-label (teacher=Aff-Wild2, top=Disgust 0.35, tension=0.384) - 사람 검수 전"
ua5c716lu5s.003,ua5c716lu5s.003.mp4,ua5c716lu5s,,,0.6214,"EMO-AffectNet pseudo-label (teacher=Aff-Wild2, top=Disgust 0.40, tension=0.379) - 사람 검수 전"
ua5c716lu5s.004,ua5c716lu5s.004.mp4,ua5c716lu5s,,,0.6325,"EMO-AffectNet pseudo-label (teacher=Aff-Wild2, top=Disgust 0.39, tension=0.368) - 사람 검수 전"
ua5c716lu5s.005,ua5c716lu5s.005.mp4,ua5c716lu5s,,,0.6553,"EMO-AffectNet pseudo-label (teacher=Aff-Wild2, top=Disgust 0.36, tension=0.345) - 사람 검수 전"
udn-L92wdn8.000,udn-L92wdn8.000.mp4,udn-L92wdn8,,,0.7113,"EMO-AffectNet pseudo-label (teacher=Aff-Wild2, top=Neutral 0.21, tension=0.289) - 사람 검수 전"
uf_sIIw4zxY.001,uf_sIIw4zxY.001.mp4,uf_sIIw4zxY,,,0.7333,"EMO-AffectNet pseudo-label (teacher=Aff-Wild2, top=Happiness 0.22, tension=0.267) - 사람 검수 전"
uf_sIIw4zxY.002,uf_sIIw4zxY.002.mp4,uf_sIIw4zxY,,,0.7462,"EMO-AffectNet pseudo-label (teacher=Aff-Wild2, top=Neutral 0.24, tension=0.254) - 사람 검수 전"
uf_sIIw4zxY.005,uf_sIIw4zxY.005.mp4,uf_sIIw4zxY,,,0.7049,"EMO-AffectNet pseudo-label (teacher=Aff-Wild2, top=Neutral 0.26, tension=0.295) - 사람 검수 전"
uifW-cV-iQo.002,uifW-cV-iQo.002.mp4,uifW-cV-iQo,,,0.8202,"EMO-AffectNet pseudo-label (teacher=Aff-Wild2, top=Neutral 0.34, tension=0.180) - 사람 검수 전"
upgv7xmOb1I.001,upgv7xmOb1I.001.mp4,upgv7xmOb1I,,,0.7916,"EMO-AffectNet pseudo-label (teacher=Aff-Wild2, top=Neutral 0.32, tension=0.208) - 사람 검수 전"
upgv7xmOb1I.002,upgv7xmOb1I.002.mp4,upgv7xmOb1I,,,0.8092,"EMO-AffectNet pseudo-label (teacher=Aff-Wild2, top=Happiness 0.30, tension=0.191) - 사람 검수 전"
upgv7xmOb1I.003,upgv7xmOb1I.003.mp4,upgv7xmOb1I,,,0.7927,"EMO-AffectNet pseudo-label (teacher=Aff-Wild2, top=Neutral 0.48, tension=0.207) - 사람 검수 전"
upgv7xmOb1I.004,upgv7xmOb1I.004.mp4,upgv7xmOb1I,,,0.7844,"EMO-AffectNet pseudo-label (teacher=Aff-Wild2, top=Happiness 0.33, tension=0.216) - 사람 검수 전"
upgv7xmOb1I.005,upgv7xmOb1I.005.mp4,upgv7xmOb1I,,,0.8883,"EMO-AffectNet pseudo-label (teacher=Aff-Wild2, top=Happiness 0.62, tension=0.112) - 사람 검수 전"
uqd_cEJMJ4o.003,uqd_cEJMJ4o.003.mp4,uqd_cEJMJ4o,,,0.6969,"EMO-AffectNet pseudo-label (teacher=Aff-Wild2, top=Anger 0.24, tension=0.303) - 사람 검수 전"
usG6pVxbQkw.000,usG6pVxbQkw.000.mp4,usG6pVxbQkw,,,0.666,"EMO-AffectNet pseudo-label (teacher=Aff-Wild2, top=Neutral 0.27, tension=0.334) - 사람 검수 전"
usG6pVxbQkw.001,usG6pVxbQkw.001.mp4,usG6pVxbQkw,,,0.6897,"EMO-AffectNet pseudo-label (teacher=Aff-Wild2, top=Neutral 0.31, tension=0.310) - 사람 검수 전"
utv9RBNcL5w.000,utv9RBNcL5w.000.mp4,utv9RBNcL5w,,,0.7576,"EMO-AffectNet pseudo-label (teacher=Aff-Wild2, top=Neutral 0.42, tension=0.242) - 사람 검수 전"
utv9RBNcL5w.005,utv9RBNcL5w.005.mp4,utv9RBNcL5w,,,0.703,"EMO-AffectNet pseudo-label (teacher=Aff-Wild2, top=Neutral 0.37, tension=0.297) - 사람 검수 전"
uwUkp63db18.001,uwUkp63db18.001.mp4,uwUkp63db18,,,0.7249,"EMO-AffectNet pseudo-label (teacher=Aff-Wild2, top=Surprise 0.26, tension=0.275) - 사람 검수 전"
uwUkp63db18.002,uwUkp63db18.002.mp4,uwUkp63db18,,,0.7099,"EMO-AffectNet pseudo-label (teacher=Aff-Wild2, top=Surprise 0.38, tension=0.290) - 사람 검수 전"
uwUkp63db18.003,uwUkp63db18.003.mp4,uwUkp63db18,,,0.6947,"EMO-AffectNet pseudo-label (teacher=Aff-Wild2, top=Anger 0.26, tension=0.305) - 사람 검수 전"
uwUkp63db18.004,uwUkp63db18.004.mp4,uwUkp63db18,,,0.7056,"EMO-AffectNet pseudo-label (teacher=Aff-Wild2, top=Anger 0.22, tension=0.294) - 사람 검수 전"
uwUkp63db18.005,uwUkp63db18.005.mp4,uwUkp63db18,,,0.7172,"EMO-AffectNet pseudo-label (teacher=Aff-Wild2, top=Surprise 0.30, tension=0.283) - 사람 검수 전"
uwYQKM_STCw.002,uwYQKM_STCw.002.mp4,uwYQKM_STCw,,,0.6959,"EMO-AffectNet pseudo-label (teacher=Aff-Wild2, top=Neutral 0.26, tension=0.304) - 사람 검수 전"
uwYQKM_STCw.005,uwYQKM_STCw.005.mp4,uwYQKM_STCw,,,0.704,"EMO-AffectNet pseudo-label (teacher=Aff-Wild2, top=Neutral 0.31, tension=0.296) - 사람 검수 전"
uxTxqewSuxg.000,uxTxqewSuxg.000.mp4,uxTxqewSuxg,,,0.7916,"EMO-AffectNet pseudo-label (teacher=Aff-Wild2, top=Happiness 0.29, tension=0.208) - 사람 검수 전"
v0jtovM6Ajg.000,v0jtovM6Ajg.000.mp4,v0jtovM6Ajg,,,0.7471,"EMO-AffectNet pseudo-label (teacher=Aff-Wild2, top=Happiness 0.27, tension=0.253) - 사람 검수 전"
v0jtovM6Ajg.003,v0jtovM6Ajg.003.mp4,v0jtovM6Ajg,,,0.7415,"EMO-AffectNet pseudo-label (teacher=Aff-Wild2, top=Happiness 0.26, tension=0.258) - 사람 검수 전"
v68FyWS-Q9s.002,v68FyWS-Q9s.002.mp4,v68FyWS-Q9s,,,0.8115,"EMO-AffectNet pseudo-label (teacher=Aff-Wild2, top=Neutral 0.28, tension=0.189) - 사람 검수 전"
v68FyWS-Q9s.003,v68FyWS-Q9s.003.mp4,v68FyWS-Q9s,,,0.7985,"EMO-AffectNet pseudo-label (teacher=Aff-Wild2, top=Happiness 0.32, tension=0.201) - 사람 검수 전"
vAEqpUwBMJQ.001,vAEqpUwBMJQ.001.mp4,vAEqpUwBMJQ,,,0.6327,"EMO-AffectNet pseudo-label (teacher=Aff-Wild2, top=Fear 0.25, tension=0.367) - 사람 검수 전"
vAEqpUwBMJQ.003,vAEqpUwBMJQ.003.mp4,vAEqpUwBMJQ,,,0.6555,"EMO-AffectNet pseudo-label (teacher=Aff-Wild2, top=Fear 0.25, tension=0.344) - 사람 검수 전"
vAEqpUwBMJQ.004,vAEqpUwBMJQ.004.mp4,vAEqpUwBMJQ,,,0.6387,"EMO-AffectNet pseudo-label (teacher=Aff-Wild2, top=Fear 0.29, tension=0.361) - 사람 검수 전"
vAEqpUwBMJQ.005,vAEqpUwBMJQ.005.mp4,vAEqpUwBMJQ,,,0.6589,"EMO-AffectNet pseudo-label (teacher=Aff-Wild2, top=Neutral 0.23, tension=0.341) - 사람 검수 전"
vAV6ovUKPDg.005,vAV6ovUKPDg.005.mp4,vAV6ovUKPDg,,,0.7314,"EMO-AffectNet pseudo-label (teacher=Aff-Wild2, top=Neutral 0.36, tension=0.269) - 사람 검수 전"
vCV-5LypZCs.005,vCV-5LypZCs.005.mp4,vCV-5LypZCs,,,0.8136,"EMO-AffectNet pseudo-label (teacher=Aff-Wild2, top=Happiness 0.43, tension=0.186) - 사람 검수 전"
vCY4uvfrWXA.003,vCY4uvfrWXA.003.mp4,vCY4uvfrWXA,,,0.6599,"EMO-AffectNet pseudo-label (teacher=Aff-Wild2, top=Neutral 0.27, tension=0.340) - 사람 검수 전"
vCY4uvfrWXA.005,vCY4uvfrWXA.005.mp4,vCY4uvfrWXA,,,0.7558,"EMO-AffectNet pseudo-label (teacher=Aff-Wild2, top=Neutral 0.35, tension=0.244) - 사람 검수 전"
vE9XgQL7DGE.001,vE9XgQL7DGE.001.mp4,vE9XgQL7DGE,,,0.7553,"EMO-AffectNet pseudo-label (teacher=Aff-Wild2, top=Neutral 0.35, tension=0.245) - 사람 검수 전"
vE9XgQL7DGE.003,vE9XgQL7DGE.003.mp4,vE9XgQL7DGE,,,0.7932,"EMO-AffectNet pseudo-label (teacher=Aff-Wild2, top=Neutral 0.32, tension=0.207) - 사람 검수 전"
vE9XgQL7DGE.004,vE9XgQL7DGE.004.mp4,vE9XgQL7DGE,,,0.7541,"EMO-AffectNet pseudo-label (teacher=Aff-Wild2, top=Neutral 0.34, tension=0.246) - 사람 검수 전"
vHIBCKwJLEY.001,vHIBCKwJLEY.001.mp4,vHIBCKwJLEY,,,0.7137,"EMO-AffectNet pseudo-label (teacher=Aff-Wild2, top=Neutral 0.32, tension=0.286) - 사람 검수 전"
vHIBCKwJLEY.003,vHIBCKwJLEY.003.mp4,vHIBCKwJLEY,,,0.6406,"EMO-AffectNet pseudo-label (teacher=Aff-Wild2, top=Sadness 0.28, tension=0.359) - 사람 검수 전"
vHIBCKwJLEY.004,vHIBCKwJLEY.004.mp4,vHIBCKwJLEY,,,0.6472,"EMO-AffectNet pseudo-label (teacher=Aff-Wild2, top=Sadness 0.26, tension=0.353) - 사람 검수 전"
vHc0pnY9BoI.002,vHc0pnY9BoI.002.mp4,vHc0pnY9BoI,,,0.6918,"EMO-AffectNet pseudo-label (teacher=Aff-Wild2, top=Neutral 0.21, tension=0.308) - 사람 검수 전"
vHn6-GQAI_Y.001,vHn6-GQAI_Y.001.mp4,vHn6-GQAI_Y,,,0.8074,"EMO-AffectNet pseudo-label (teacher=Aff-Wild2, top=Happiness 0.32, tension=0.193) - 사람 검수 전"
vHn6-GQAI_Y.003,vHn6-GQAI_Y.003.mp4,vHn6-GQAI_Y,,,0.8689,"EMO-AffectNet pseudo-label (teacher=Aff-Wild2, top=Happiness 0.50, tension=0.131) - 사람 검수 전"
vHn6-GQAI_Y.004,vHn6-GQAI_Y.004.mp4,vHn6-GQAI_Y,,,0.8389,"EMO-AffectNet pseudo-label (teacher=Aff-Wild2, top=Happiness 0.44, tension=0.161) - 사람 검수 전"
vIW7gDmhYMk.001,vIW7gDmhYMk.001.mp4,vIW7gDmhYMk,,,0.7251,"EMO-AffectNet pseudo-label (teacher=Aff-Wild2, top=Surprise 0.23, tension=0.275) - 사람 검수 전"
vIW7gDmhYMk.003,vIW7gDmhYMk.003.mp4,vIW7gDmhYMk,,,0.7478,"EMO-AffectNet pseudo-label (teacher=Aff-Wild2, top=Neutral 0.29, tension=0.252) - 사람 검수 전"
vIW7gDmhYMk.004,vIW7gDmhYMk.004.mp4,vIW7gDmhYMk,,,0.7516,"EMO-AffectNet pseudo-label (teacher=Aff-Wild2, top=Neutral 0.26, tension=0.248) - 사람 검수 전"
vIW7gDmhYMk.005,vIW7gDmhYMk.005.mp4,vIW7gDmhYMk,,,0.8083,"EMO-AffectNet pseudo-label (teacher=Aff-Wild2, top=Happiness 0.34, tension=0.192) - 사람 검수 전"
vJDx6TCX32M.000,vJDx6TCX32M.000.mp4,vJDx6TCX32M,,,0.8386,"EMO-AffectNet pseudo-label (teacher=Aff-Wild2, top=Happiness 0.46, tension=0.161) - 사람 검수 전"
vJDx6TCX32M.001,vJDx6TCX32M.001.mp4,vJDx6TCX32M,,,0.7417,"EMO-AffectNet pseudo-label (teacher=Aff-Wild2, top=Neutral 0.33, tension=0.258) - 사람 검수 전"
vJDx6TCX32M.004,vJDx6TCX32M.004.mp4,vJDx6TCX32M,,,0.78,"EMO-AffectNet pseudo-label (teacher=Aff-Wild2, top=Neutral 0.35, tension=0.220) - 사람 검수 전"
vJnjjy5DZN4.001,vJnjjy5DZN4.001.mp4,vJnjjy5DZN4,,,0.7659,"EMO-AffectNet pseudo-label (teacher=Aff-Wild2, top=Neutral 0.40, tension=0.234) - 사람 검수 전"
vJnjjy5DZN4.002,vJnjjy5DZN4.002.mp4,vJnjjy5DZN4,,,0.7481,"EMO-AffectNet pseudo-label (teacher=Aff-Wild2, top=Neutral 0.41, tension=0.252) - 사람 검수 전"
vJnjjy5DZN4.003,vJnjjy5DZN4.003.mp4,vJnjjy5DZN4,,,0.7502,"EMO-AffectNet pseudo-label (teacher=Aff-Wild2, top=Neutral 0.39, tension=0.250) - 사람 검수 전"
vLAHfIjmRMc.001,vLAHfIjmRMc.001.mp4,vLAHfIjmRMc,,,0.7385,"EMO-AffectNet pseudo-label (teacher=Aff-Wild2, top=Surprise 0.35, tension=0.261) - 사람 검수 전"
vLAHfIjmRMc.005,vLAHfIjmRMc.005.mp4,vLAHfIjmRMc,,,0.8002,"EMO-AffectNet pseudo-label (teacher=Aff-Wild2, top=Happiness 0.38, tension=0.200) - 사람 검수 전"
vMtF0akNUK4.000,vMtF0akNUK4.000.mp4,vMtF0akNUK4,,,0.7492,"EMO-AffectNet pseudo-label (teacher=Aff-Wild2, top=Neutral 0.41, tension=0.251) - 사람 검수 전"
vMtF0akNUK4.001,vMtF0akNUK4.001.mp4,vMtF0akNUK4,,,0.7795,"EMO-AffectNet pseudo-label (teacher=Aff-Wild2, top=Neutral 0.40, tension=0.221) - 사람 검수 전"
vMtF0akNUK4.002,vMtF0akNUK4.002.mp4,vMtF0akNUK4,,,0.6964,"EMO-AffectNet pseudo-label (teacher=Aff-Wild2, top=Neutral 0.36, tension=0.304) - 사람 검수 전"
vMtF0akNUK4.004,vMtF0akNUK4.004.mp4,vMtF0akNUK4,,,0.7123,"EMO-AffectNet pseudo-label (teacher=Aff-Wild2, top=Neutral 0.36, tension=0.288) - 사람 검수 전"
vNEs2yGe77s.000,vNEs2yGe77s.000.mp4,vNEs2yGe77s,,,0.7073,"EMO-AffectNet pseudo-label (teacher=Aff-Wild2, top=Neutral 0.22, tension=0.293) - 사람 검수 전"
vNZJSHliTR4.001,vNZJSHliTR4.001.mp4,vNZJSHliTR4,,,0.6898,"EMO-AffectNet pseudo-label (teacher=Aff-Wild2, top=Neutral 0.28, tension=0.310) - 사람 검수 전"
vOEQlAMABWM.000,vOEQlAMABWM.000.mp4,vOEQlAMABWM,,,0.7358,"EMO-AffectNet pseudo-label (teacher=Aff-Wild2, top=Surprise 0.29, tension=0.264) - 사람 검수 전"
vOEQlAMABWM.001,vOEQlAMABWM.001.mp4,vOEQlAMABWM,,,0.6929,"EMO-AffectNet pseudo-label (teacher=Aff-Wild2, top=Surprise 0.25, tension=0.307) - 사람 검수 전"
vOEQlAMABWM.003,vOEQlAMABWM.003.mp4,vOEQlAMABWM,,,0.7229,"EMO-AffectNet pseudo-label (teacher=Aff-Wild2, top=Surprise 0.29, tension=0.277) - 사람 검수 전"
vOxgWKGNEYc.000,vOxgWKGNEYc.000.mp4,vOxgWKGNEYc,,,0.7704,"EMO-AffectNet pseudo-label (teacher=Aff-Wild2, top=Neutral 0.42, tension=0.230) - 사람 검수 전"
vP6TUda99tc.005,vP6TUda99tc.005.mp4,vP6TUda99tc,,,0.6899,"EMO-AffectNet pseudo-label (teacher=Aff-Wild2, top=Neutral 0.29, tension=0.310) - 사람 검수 전"
vQEZ5KF9I4E.003,vQEZ5KF9I4E.003.mp4,vQEZ5KF9I4E,,,0.6206,"EMO-AffectNet pseudo-label (teacher=Aff-Wild2, top=Anger 0.37, tension=0.379) - 사람 검수 전"
vQEZ5KF9I4E.004,vQEZ5KF9I4E.004.mp4,vQEZ5KF9I4E,,,0.6572,"EMO-AffectNet pseudo-label (teacher=Aff-Wild2, top=Anger 0.27, tension=0.343) - 사람 검수 전"
vR7YF7Zv5-Q.000,vR7YF7Zv5-Q.000.mp4,vR7YF7Zv5-Q,,,0.7379,"EMO-AffectNet pseudo-label (teacher=Aff-Wild2, top=Neutral 0.38, tension=0.262) - 사람 검수 전"
vR7YF7Zv5-Q.003,vR7YF7Zv5-Q.003.mp4,vR7YF7Zv5-Q,,,0.7613,"EMO-AffectNet pseudo-label (teacher=Aff-Wild2, top=Neutral 0.37, tension=0.239) - 사람 검수 전"
vUKex2msIEU.002,vUKex2msIEU.002.mp4,vUKex2msIEU,,,0.6104,"EMO-AffectNet pseudo-label (teacher=Aff-Wild2, top=Sadness 0.26, tension=0.390) - 사람 검수 전"
vUKex2msIEU.004,vUKex2msIEU.004.mp4,vUKex2msIEU,,,0.6249,"EMO-AffectNet pseudo-label (teacher=Aff-Wild2, top=Sadness 0.27, tension=0.375) - 사람 검수 전"
vUo6wnBOBpo.002,vUo6wnBOBpo.002.mp4,vUo6wnBOBpo,,,0.8303,"EMO-AffectNet pseudo-label (teacher=Aff-Wild2, top=Happiness 0.38, tension=0.170) - 사람 검수 전"
vYVqhg_VGP8.000,vYVqhg_VGP8.000.mp4,vYVqhg_VGP8,,,0.6236,"EMO-AffectNet pseudo-label (teacher=Aff-Wild2, top=Fear 0.36, tension=0.376) - 사람 검수 전"
vYkHHVeNK_M.001,vYkHHVeNK_M.001.mp4,vYkHHVeNK_M,,,0.8291,"EMO-AffectNet pseudo-label (teacher=Aff-Wild2, top=Happiness 0.33, tension=0.171) - 사람 검수 전"
vYkHHVeNK_M.002,vYkHHVeNK_M.002.mp4,vYkHHVeNK_M,,,0.8034,"EMO-AffectNet pseudo-label (teacher=Aff-Wild2, top=Happiness 0.25, tension=0.197) - 사람 검수 전"
vYkHHVeNK_M.003,vYkHHVeNK_M.003.mp4,vYkHHVeNK_M,,,0.7843,"EMO-AffectNet pseudo-label (teacher=Aff-Wild2, top=Neutral 0.24, tension=0.216) - 사람 검수 전"
vYkHHVeNK_M.004,vYkHHVeNK_M.004.mp4,vYkHHVeNK_M,,,0.7976,"EMO-AffectNet pseudo-label (teacher=Aff-Wild2, top=Neutral 0.27, tension=0.202) - 사람 검수 전"
vZPLbzF0aSg.001,vZPLbzF0aSg.001.mp4,vZPLbzF0aSg,,,0.8049,"EMO-AffectNet pseudo-label (teacher=Aff-Wild2, top=Neutral 0.53, tension=0.195) - 사람 검수 전"
vZpneJlniAE.005,vZpneJlniAE.005.mp4,vZpneJlniAE,,,0.6876,"EMO-AffectNet pseudo-label (teacher=Aff-Wild2, top=Neutral 0.26, tension=0.312) - 사람 검수 전"
vhugKRUnd-c.000,vhugKRUnd-c.000.mp4,vhugKRUnd-c,,,0.7008,"EMO-AffectNet pseudo-label (teacher=Aff-Wild2, top=Neutral 0.34, tension=0.299) - 사람 검수 전"
vhugKRUnd-c.001,vhugKRUnd-c.001.mp4,vhugKRUnd-c,,,0.7408,"EMO-AffectNet pseudo-label (teacher=Aff-Wild2, top=Neutral 0.44, tension=0.259) - 사람 검수 전"
vhugKRUnd-c.004,vhugKRUnd-c.004.mp4,vhugKRUnd-c,,,0.738,"EMO-AffectNet pseudo-label (teacher=Aff-Wild2, top=Neutral 0.23, tension=0.262) - 사람 검수 전"
vo-Y5kgSBa8.000,vo-Y5kgSBa8.000.mp4,vo-Y5kgSBa8,,,0.6372,"EMO-AffectNet pseudo-label (teacher=Aff-Wild2, top=Fear 0.29, tension=0.363) - 사람 검수 전"
vo-Y5kgSBa8.002,vo-Y5kgSBa8.002.mp4,vo-Y5kgSBa8,,,0.7149,"EMO-AffectNet pseudo-label (teacher=Aff-Wild2, top=Neutral 0.23, tension=0.285) - 사람 검수 전"
vo-Y5kgSBa8.003,vo-Y5kgSBa8.003.mp4,vo-Y5kgSBa8,,,0.6516,"EMO-AffectNet pseudo-label (teacher=Aff-Wild2, top=Fear 0.27, tension=0.348) - 사람 검수 전"
vo-Y5kgSBa8.005,vo-Y5kgSBa8.005.mp4,vo-Y5kgSBa8,,,0.6441,"EMO-AffectNet pseudo-label (teacher=Aff-Wild2, top=Fear 0.27, tension=0.356) - 사람 검수 전"
voSLxKtKr0Q.000,voSLxKtKr0Q.000.mp4,voSLxKtKr0Q,,,0.7353,"EMO-AffectNet pseudo-label (teacher=Aff-Wild2, top=Neutral 0.33, tension=0.265) - 사람 검수 전"
voSLxKtKr0Q.002,voSLxKtKr0Q.002.mp4,voSLxKtKr0Q,,,0.7615,"EMO-AffectNet pseudo-label (teacher=Aff-Wild2, top=Neutral 0.35, tension=0.238) - 사람 검수 전"
voSLxKtKr0Q.003,voSLxKtKr0Q.003.mp4,voSLxKtKr0Q,,,0.7449,"EMO-AffectNet pseudo-label (teacher=Aff-Wild2, top=Neutral 0.36, tension=0.255) - 사람 검수 전"
voSLxKtKr0Q.004,voSLxKtKr0Q.004.mp4,voSLxKtKr0Q,,,0.8001,"EMO-AffectNet pseudo-label (teacher=Aff-Wild2, top=Neutral 0.27, tension=0.200) - 사람 검수 전"
voSLxKtKr0Q.005,voSLxKtKr0Q.005.mp4,voSLxKtKr0Q,,,0.7447,"EMO-AffectNet pseudo-label (teacher=Aff-Wild2, top=Neutral 0.30, tension=0.255) - 사람 검수 전"
voXr6-ykd1w.000,voXr6-ykd1w.000.mp4,voXr6-ykd1w,,,0.8291,"EMO-AffectNet pseudo-label (teacher=Aff-Wild2, top=Happiness 0.39, tension=0.171) - 사람 검수 전"
voXr6-ykd1w.002,voXr6-ykd1w.002.mp4,voXr6-ykd1w,,,0.7477,"EMO-AffectNet pseudo-label (teacher=Aff-Wild2, top=Neutral 0.35, tension=0.252) - 사람 검수 전"
vp9p1osOaLI.002,vp9p1osOaLI.002.mp4,vp9p1osOaLI,,,0.8174,"EMO-AffectNet pseudo-label (teacher=Aff-Wild2, top=Happiness 0.44, tension=0.183) - 사람 검수 전"
vp9p1osOaLI.003,vp9p1osOaLI.003.mp4,vp9p1osOaLI,,,0.7961,"EMO-AffectNet pseudo-label (teacher=Aff-Wild2, top=Happiness 0.37, tension=0.204) - 사람 검수 전"
vqF65-bFHKM.003,vqF65-bFHKM.003.mp4,vqF65-bFHKM,,,0.9401,"EMO-AffectNet pseudo-label (teacher=Aff-Wild2, top=Happiness 0.81, tension=0.060) - 사람 검수 전"
vqF65-bFHKM.004,vqF65-bFHKM.004.mp4,vqF65-bFHKM,,,0.7269,"EMO-AffectNet pseudo-label (teacher=Aff-Wild2, top=Happiness 0.25, tension=0.273) - 사람 검수 전"
vqLtOsoNPnU.002,vqLtOsoNPnU.002.mp4,vqLtOsoNPnU,,,0.6486,"EMO-AffectNet pseudo-label (teacher=Aff-Wild2, top=Fear 0.37, tension=0.351) - 사람 검수 전"
vqLtOsoNPnU.004,vqLtOsoNPnU.004.mp4,vqLtOsoNPnU,,,0.7372,"EMO-AffectNet pseudo-label (teacher=Aff-Wild2, top=Surprise 0.24, tension=0.263) - 사람 검수 전"
vr5FWHUkYRM.000,vr5FWHUkYRM.000.mp4,vr5FWHUkYRM,,,0.7413,"EMO-AffectNet pseudo-label (teacher=Aff-Wild2, top=Happiness 0.22, tension=0.259) - 사람 검수 전"
vr5FWHUkYRM.001,vr5FWHUkYRM.001.mp4,vr5FWHUkYRM,,,0.7833,"EMO-AffectNet pseudo-label (teacher=Aff-Wild2, top=Happiness 0.34, tension=0.217) - 사람 검수 전"
vrMlwwTLWIE.005,vrMlwwTLWIE.005.mp4,vrMlwwTLWIE,,,0.7621,"EMO-AffectNet pseudo-label (teacher=Aff-Wild2, top=Happiness 0.27, tension=0.238) - 사람 검수 전"
vtOEl_Mg0Io.000,vtOEl_Mg0Io.000.mp4,vtOEl_Mg0Io,,,0.7822,"EMO-AffectNet pseudo-label (teacher=Aff-Wild2, top=Neutral 0.32, tension=0.218) - 사람 검수 전"
vtOEl_Mg0Io.004,vtOEl_Mg0Io.004.mp4,vtOEl_Mg0Io,,,0.7419,"EMO-AffectNet pseudo-label (teacher=Aff-Wild2, top=Neutral 0.32, tension=0.258) - 사람 검수 전"
vxuBHsokOX4.005,vxuBHsokOX4.005.mp4,vxuBHsokOX4,,,0.7308,"EMO-AffectNet pseudo-label (teacher=Aff-Wild2, top=Neutral 0.31, tension=0.269) - 사람 검수 전"
w0CQ55sKmck.002,w0CQ55sKmck.002.mp4,w0CQ55sKmck,,,0.7389,"EMO-AffectNet pseudo-label (teacher=Aff-Wild2, top=Anger 0.22, tension=0.261) - 사람 검수 전"
w2FKw8IhbFw.001,w2FKw8IhbFw.001.mp4,w2FKw8IhbFw,,,0.6762,"EMO-AffectNet pseudo-label (teacher=Aff-Wild2, top=Neutral 0.29, tension=0.324) - 사람 검수 전"
w4cZStXMUII.003,w4cZStXMUII.003.mp4,w4cZStXMUII,,,0.7143,"EMO-AffectNet pseudo-label (teacher=Aff-Wild2, top=Neutral 0.27, tension=0.286) - 사람 검수 전"
w7O2QJu2Wl4.004,w7O2QJu2Wl4.004.mp4,w7O2QJu2Wl4,,,0.8078,"EMO-AffectNet pseudo-label (teacher=Aff-Wild2, top=Happiness 0.43, tension=0.192) - 사람 검수 전"
w7O2QJu2Wl4.005,w7O2QJu2Wl4.005.mp4,w7O2QJu2Wl4,,,0.8146,"EMO-AffectNet pseudo-label (teacher=Aff-Wild2, top=Happiness 0.40, tension=0.185) - 사람 검수 전"
w7wPDiQkiA4.001,w7wPDiQkiA4.001.mp4,w7wPDiQkiA4,,,0.7234,"EMO-AffectNet pseudo-label (teacher=Aff-Wild2, top=Surprise 0.36, tension=0.277) - 사람 검수 전"
w7wPDiQkiA4.004,w7wPDiQkiA4.004.mp4,w7wPDiQkiA4,,,0.7606,"EMO-AffectNet pseudo-label (teacher=Aff-Wild2, top=Surprise 0.32, tension=0.239) - 사람 검수 전"
w989xx44UQI.000,w989xx44UQI.000.mp4,w989xx44UQI,,,0.7616,"EMO-AffectNet pseudo-label (teacher=Aff-Wild2, top=Neutral 0.27, tension=0.238) - 사람 검수 전"
w989xx44UQI.001,w989xx44UQI.001.mp4,w989xx44UQI,,,0.7499,"EMO-AffectNet pseudo-label (teacher=Aff-Wild2, top=Neutral 0.27, tension=0.250) - 사람 검수 전"
w989xx44UQI.003,w989xx44UQI.003.mp4,w989xx44UQI,,,0.7605,"EMO-AffectNet pseudo-label (teacher=Aff-Wild2, top=Surprise 0.25, tension=0.239) - 사람 검수 전"
w989xx44UQI.004,w989xx44UQI.004.mp4,w989xx44UQI,,,0.778,"EMO-AffectNet pseudo-label (teacher=Aff-Wild2, top=Happiness 0.24, tension=0.222) - 사람 검수 전"
wAl_Pm7xG3A.001,wAl_Pm7xG3A.001.mp4,wAl_Pm7xG3A,,,0.7757,"EMO-AffectNet pseudo-label (teacher=Aff-Wild2, top=Happiness 0.37, tension=0.224) - 사람 검수 전"
wBCSJVBr4ZE.004,wBCSJVBr4ZE.004.mp4,wBCSJVBr4ZE,,,0.838,"EMO-AffectNet pseudo-label (teacher=Aff-Wild2, top=Happiness 0.39, tension=0.162) - 사람 검수 전"
wBCSJVBr4ZE.005,wBCSJVBr4ZE.005.mp4,wBCSJVBr4ZE,,,0.795,"EMO-AffectNet pseudo-label (teacher=Aff-Wild2, top=Neutral 0.37, tension=0.205) - 사람 검수 전"
wBSf7anTC_g.004,wBSf7anTC_g.004.mp4,wBSf7anTC_g,,,0.6762,"EMO-AffectNet pseudo-label (teacher=Aff-Wild2, top=Fear 0.26, tension=0.324) - 사람 검수 전"
wDvZdcb00Bg.001,wDvZdcb00Bg.001.mp4,wDvZdcb00Bg,,,0.7012,"EMO-AffectNet pseudo-label (teacher=Aff-Wild2, top=Neutral 0.24, tension=0.299) - 사람 검수 전"
wDvZdcb00Bg.002,wDvZdcb00Bg.002.mp4,wDvZdcb00Bg,,,0.6771,"EMO-AffectNet pseudo-label (teacher=Aff-Wild2, top=Neutral 0.22, tension=0.323) - 사람 검수 전"
wDvZdcb00Bg.003,wDvZdcb00Bg.003.mp4,wDvZdcb00Bg,,,0.6472,"EMO-AffectNet pseudo-label (teacher=Aff-Wild2, top=Sadness 0.25, tension=0.353) - 사람 검수 전"
wDvZdcb00Bg.004,wDvZdcb00Bg.004.mp4,wDvZdcb00Bg,,,0.636,"EMO-AffectNet pseudo-label (teacher=Aff-Wild2, top=Sadness 0.29, tension=0.364) - 사람 검수 전"
wFZJ3gTKwwM.002,wFZJ3gTKwwM.002.mp4,wFZJ3gTKwwM,,,0.6796,"EMO-AffectNet pseudo-label (teacher=Aff-Wild2, top=Neutral 0.30, tension=0.320) - 사람 검수 전"
wJl7DbsbrDA.000,wJl7DbsbrDA.000.mp4,wJl7DbsbrDA,,,0.8286,"EMO-AffectNet pseudo-label (teacher=Aff-Wild2, top=Happiness 0.40, tension=0.171) - 사람 검수 전"
wJl7DbsbrDA.001,wJl7DbsbrDA.001.mp4,wJl7DbsbrDA,,,0.7956,"EMO-AffectNet pseudo-label (teacher=Aff-Wild2, top=Neutral 0.26, tension=0.204) - 사람 검수 전"
wJl7DbsbrDA.005,wJl7DbsbrDA.005.mp4,wJl7DbsbrDA,,,0.8065,"EMO-AffectNet pseudo-label (teacher=Aff-Wild2, top=Neutral 0.28, tension=0.193) - 사람 검수 전"
wK_ExIjn5Q8.002,wK_ExIjn5Q8.002.mp4,wK_ExIjn5Q8,,,0.6766,"EMO-AffectNet pseudo-label (teacher=Aff-Wild2, top=Sadness 0.28, tension=0.323) - 사람 검수 전"
wK_ExIjn5Q8.004,wK_ExIjn5Q8.004.mp4,wK_ExIjn5Q8,,,0.6743,"EMO-AffectNet pseudo-label (teacher=Aff-Wild2, top=Sadness 0.29, tension=0.326) - 사람 검수 전"
wK_ExIjn5Q8.005,wK_ExIjn5Q8.005.mp4,wK_ExIjn5Q8,,,0.6989,"EMO-AffectNet pseudo-label (teacher=Aff-Wild2, top=Sadness 0.26, tension=0.301) - 사람 검수 전"
wNH5FmWVr-M.001,wNH5FmWVr-M.001.mp4,wNH5FmWVr-M,,,0.8253,"EMO-AffectNet pseudo-label (teacher=Aff-Wild2, top=Happiness 0.53, tension=0.175) - 사람 검수 전"
wTo1uZns2X8.000,wTo1uZns2X8.000.mp4,wTo1uZns2X8,,,0.805,"EMO-AffectNet pseudo-label (teacher=Aff-Wild2, top=Happiness 0.32, tension=0.195) - 사람 검수 전"
wTo1uZns2X8.001,wTo1uZns2X8.001.mp4,wTo1uZns2X8,,,0.842,"EMO-AffectNet pseudo-label (teacher=Aff-Wild2, top=Happiness 0.47, tension=0.158) - 사람 검수 전"
wTo1uZns2X8.003,wTo1uZns2X8.003.mp4,wTo1uZns2X8,,,0.8321,"EMO-AffectNet pseudo-label (teacher=Aff-Wild2, top=Happiness 0.41, tension=0.168) - 사람 검수 전"
wTo1uZns2X8.005,wTo1uZns2X8.005.mp4,wTo1uZns2X8,,,0.7772,"EMO-AffectNet pseudo-label (teacher=Aff-Wild2, top=Surprise 0.33, tension=0.223) - 사람 검수 전"
wTpb1CfMnVM.005,wTpb1CfMnVM.005.mp4,wTpb1CfMnVM,,,0.6566,"EMO-AffectNet pseudo-label (teacher=Aff-Wild2, top=Neutral 0.26, tension=0.343) - 사람 검수 전"
wVpjBxCirAQ.001,wVpjBxCirAQ.001.mp4,wVpjBxCirAQ,,,0.6857,"EMO-AffectNet pseudo-label (teacher=Aff-Wild2, top=Neutral 0.36, tension=0.314) - 사람 검수 전"
wVpjBxCirAQ.004,wVpjBxCirAQ.004.mp4,wVpjBxCirAQ,,,0.6966,"EMO-AffectNet pseudo-label (teacher=Aff-Wild2, top=Neutral 0.38, tension=0.303) - 사람 검수 전"
wVpjBxCirAQ.005,wVpjBxCirAQ.005.mp4,wVpjBxCirAQ,,,0.7657,"EMO-AffectNet pseudo-label (teacher=Aff-Wild2, top=Neutral 0.45, tension=0.234) - 사람 검수 전"
wYZJ2HXfvmQ.001,wYZJ2HXfvmQ.001.mp4,wYZJ2HXfvmQ,,,0.6647,"EMO-AffectNet pseudo-label (teacher=Aff-Wild2, top=Neutral 0.19, tension=0.335) - 사람 검수 전"
wYZJ2HXfvmQ.002,wYZJ2HXfvmQ.002.mp4,wYZJ2HXfvmQ,,,0.6626,"EMO-AffectNet pseudo-label (teacher=Aff-Wild2, top=Neutral 0.23, tension=0.337) - 사람 검수 전"
wYZJ2HXfvmQ.003,wYZJ2HXfvmQ.003.mp4,wYZJ2HXfvmQ,,,0.6528,"EMO-AffectNet pseudo-label (teacher=Aff-Wild2, top=Sadness 0.21, tension=0.347) - 사람 검수 전"
wYZJ2HXfvmQ.005,wYZJ2HXfvmQ.005.mp4,wYZJ2HXfvmQ,,,0.6407,"EMO-AffectNet pseudo-label (teacher=Aff-Wild2, top=Sadness 0.20, tension=0.359) - 사람 검수 전"
wYixHjntI-4.001,wYixHjntI-4.001.mp4,wYixHjntI-4,,,0.6937,"EMO-AffectNet pseudo-label (teacher=Aff-Wild2, top=Neutral 0.29, tension=0.306) - 사람 검수 전"
wYixHjntI-4.002,wYixHjntI-4.002.mp4,wYixHjntI-4,,,0.6662,"EMO-AffectNet pseudo-label (teacher=Aff-Wild2, top=Fear 0.24, tension=0.334) - 사람 검수 전"
wYixHjntI-4.004,wYixHjntI-4.004.mp4,wYixHjntI-4,,,0.6927,"EMO-AffectNet pseudo-label (teacher=Aff-Wild2, top=Neutral 0.30, tension=0.307) - 사람 검수 전"
wYixHjntI-4.005,wYixHjntI-4.005.mp4,wYixHjntI-4,,,0.681,"EMO-AffectNet pseudo-label (teacher=Aff-Wild2, top=Neutral 0.29, tension=0.319) - 사람 검수 전"
w_ExyXsnw2A.000,w_ExyXsnw2A.000.mp4,w_ExyXsnw2A,,,0.7688,"EMO-AffectNet pseudo-label (teacher=Aff-Wild2, top=Happiness 0.26, tension=0.231) - 사람 검수 전"
w_ExyXsnw2A.003,w_ExyXsnw2A.003.mp4,w_ExyXsnw2A,,,0.7977,"EMO-AffectNet pseudo-label (teacher=Aff-Wild2, top=Happiness 0.28, tension=0.202) - 사람 검수 전"
wdeOWVDSeLE.001,wdeOWVDSeLE.001.mp4,wdeOWVDSeLE,,,0.819,"EMO-AffectNet pseudo-label (teacher=Aff-Wild2, top=Happiness 0.32, tension=0.181) - 사람 검수 전"
wdeOWVDSeLE.002,wdeOWVDSeLE.002.mp4,wdeOWVDSeLE,,,0.7275,"EMO-AffectNet pseudo-label (teacher=Aff-Wild2, top=Happiness 0.22, tension=0.272) - 사람 검수 전"
wm94g-5Cg5s.000,wm94g-5Cg5s.000.mp4,wm94g-5Cg5s,,,0.7657,"EMO-AffectNet pseudo-label (teacher=Aff-Wild2, top=Neutral 0.24, tension=0.234) - 사람 검수 전"
wm94g-5Cg5s.002,wm94g-5Cg5s.002.mp4,wm94g-5Cg5s,,,0.8559,"EMO-AffectNet pseudo-label (teacher=Aff-Wild2, top=Happiness 0.55, tension=0.144) - 사람 검수 전"
wm94g-5Cg5s.003,wm94g-5Cg5s.003.mp4,wm94g-5Cg5s,,,0.8118,"EMO-AffectNet pseudo-label (teacher=Aff-Wild2, top=Happiness 0.47, tension=0.188) - 사람 검수 전"
wm94g-5Cg5s.004,wm94g-5Cg5s.004.mp4,wm94g-5Cg5s,,,0.8343,"EMO-AffectNet pseudo-label (teacher=Aff-Wild2, top=Happiness 0.47, tension=0.166) - 사람 검수 전"
wm94g-5Cg5s.005,wm94g-5Cg5s.005.mp4,wm94g-5Cg5s,,,0.7836,"EMO-AffectNet pseudo-label (teacher=Aff-Wild2, top=Happiness 0.35, tension=0.216) - 사람 검수 전"
wr4dP9MuHME.004,wr4dP9MuHME.004.mp4,wr4dP9MuHME,,,0.6003,"EMO-AffectNet pseudo-label (teacher=Aff-Wild2, top=Sadness 0.29, tension=0.400) - 사람 검수 전"
wr4dP9MuHME.005,wr4dP9MuHME.005.mp4,wr4dP9MuHME,,,0.7719,"EMO-AffectNet pseudo-label (teacher=Aff-Wild2, top=Happiness 0.28, tension=0.228) - 사람 검수 전"
wsBrLt5coeM.000,wsBrLt5coeM.000.mp4,wsBrLt5coeM,,,0.9006,"EMO-AffectNet pseudo-label (teacher=Aff-Wild2, top=Happiness 0.69, tension=0.099) - 사람 검수 전"
wuhoIm_jPc0.002,wuhoIm_jPc0.002.mp4,wuhoIm_jPc0,,,0.7123,"EMO-AffectNet pseudo-label (teacher=Aff-Wild2, top=Anger 0.23, tension=0.288) - 사람 검수 전"
wuhoIm_jPc0.003,wuhoIm_jPc0.003.mp4,wuhoIm_jPc0,,,0.7193,"EMO-AffectNet pseudo-label (teacher=Aff-Wild2, top=Anger 0.22, tension=0.281) - 사람 검수 전"
wuhoIm_jPc0.004,wuhoIm_jPc0.004.mp4,wuhoIm_jPc0,,,0.7197,"EMO-AffectNet pseudo-label (teacher=Aff-Wild2, top=Happiness 0.20, tension=0.280) - 사람 검수 전"
wuhoIm_jPc0.005,wuhoIm_jPc0.005.mp4,wuhoIm_jPc0,,,0.7571,"EMO-AffectNet pseudo-label (teacher=Aff-Wild2, top=Happiness 0.27, tension=0.243) - 사람 검수 전"
wxpXOLNwW1E.000,wxpXOLNwW1E.000.mp4,wxpXOLNwW1E,,,0.7891,"EMO-AffectNet pseudo-label (teacher=Aff-Wild2, top=Neutral 0.33, tension=0.211) - 사람 검수 전"
wxpXOLNwW1E.002,wxpXOLNwW1E.002.mp4,wxpXOLNwW1E,,,0.8297,"EMO-AffectNet pseudo-label (teacher=Aff-Wild2, top=Happiness 0.39, tension=0.170) - 사람 검수 전"
wy1szFSVpEI.002,wy1szFSVpEI.002.mp4,wy1szFSVpEI,,,0.7948,"EMO-AffectNet pseudo-label (teacher=Aff-Wild2, top=Happiness 0.29, tension=0.205) - 사람 검수 전"
wzCdM6Fe_4A.001,wzCdM6Fe_4A.001.mp4,wzCdM6Fe_4A,,,0.7887,"EMO-AffectNet pseudo-label (teacher=Aff-Wild2, top=Neutral 0.40, tension=0.211) - 사람 검수 전"
wzCdM6Fe_4A.003,wzCdM6Fe_4A.003.mp4,wzCdM6Fe_4A,,,0.7884,"EMO-AffectNet pseudo-label (teacher=Aff-Wild2, top=Neutral 0.37, tension=0.212) - 사람 검수 전"
wzCdM6Fe_4A.004,wzCdM6Fe_4A.004.mp4,wzCdM6Fe_4A,,,0.7981,"EMO-AffectNet pseudo-label (teacher=Aff-Wild2, top=Happiness 0.32, tension=0.202) - 사람 검수 전"
x0CZuHnJ0Hs.004,x0CZuHnJ0Hs.004.mp4,x0CZuHnJ0Hs,,,0.6776,"EMO-AffectNet pseudo-label (teacher=Aff-Wild2, top=Neutral 0.29, tension=0.322) - 사람 검수 전"
x0CZuHnJ0Hs.005,x0CZuHnJ0Hs.005.mp4,x0CZuHnJ0Hs,,,0.6028,"EMO-AffectNet pseudo-label (teacher=Aff-Wild2, top=Sadness 0.39, tension=0.397) - 사람 검수 전"
x57nEfACdXA.001,x57nEfACdXA.001.mp4,x57nEfACdXA,,,0.7516,"EMO-AffectNet pseudo-label (teacher=Aff-Wild2, top=Happiness 0.25, tension=0.248) - 사람 검수 전"
x57nEfACdXA.002,x57nEfACdXA.002.mp4,x57nEfACdXA,,,0.8388,"EMO-AffectNet pseudo-label (teacher=Aff-Wild2, top=Happiness 0.52, tension=0.161) - 사람 검수 전"
x57nEfACdXA.003,x57nEfACdXA.003.mp4,x57nEfACdXA,,,0.7763,"EMO-AffectNet pseudo-label (teacher=Aff-Wild2, top=Happiness 0.33, tension=0.224) - 사람 검수 전"
x57nEfACdXA.005,x57nEfACdXA.005.mp4,x57nEfACdXA,,,0.7624,"EMO-AffectNet pseudo-label (teacher=Aff-Wild2, top=Happiness 0.30, tension=0.238) - 사람 검수 전"
x6Tluj4dJTU.002,x6Tluj4dJTU.002.mp4,x6Tluj4dJTU,,,0.7425,"EMO-AffectNet pseudo-label (teacher=Aff-Wild2, top=Neutral 0.32, tension=0.258) - 사람 검수 전"
x6Tluj4dJTU.004,x6Tluj4dJTU.004.mp4,x6Tluj4dJTU,,,0.737,"EMO-AffectNet pseudo-label (teacher=Aff-Wild2, top=Neutral 0.25, tension=0.263) - 사람 검수 전"
xA3GCTL5o-k.000,xA3GCTL5o-k.000.mp4,xA3GCTL5o-k,,,0.704,"EMO-AffectNet pseudo-label (teacher=Aff-Wild2, top=Surprise 0.25, tension=0.296) - 사람 검수 전"
xBiI0Oo1vBw.000,xBiI0Oo1vBw.000.mp4,xBiI0Oo1vBw,,,0.7978,"EMO-AffectNet pseudo-label (teacher=Aff-Wild2, top=Happiness 0.40, tension=0.202) - 사람 검수 전"
xBiI0Oo1vBw.005,xBiI0Oo1vBw.005.mp4,xBiI0Oo1vBw,,,0.7551,"EMO-AffectNet pseudo-label (teacher=Aff-Wild2, top=Happiness 0.23, tension=0.245) - 사람 검수 전"
xDjhf8wrNWQ.001,xDjhf8wrNWQ.001.mp4,xDjhf8wrNWQ,,,0.6814,"EMO-AffectNet pseudo-label (teacher=Aff-Wild2, top=Neutral 0.26, tension=0.319) - 사람 검수 전"
xDjhf8wrNWQ.003,xDjhf8wrNWQ.003.mp4,xDjhf8wrNWQ,,,0.7001,"EMO-AffectNet pseudo-label (teacher=Aff-Wild2, top=Sadness 0.24, tension=0.300) - 사람 검수 전"
xDjhf8wrNWQ.004,xDjhf8wrNWQ.004.mp4,xDjhf8wrNWQ,,,0.6925,"EMO-AffectNet pseudo-label (teacher=Aff-Wild2, top=Neutral 0.33, tension=0.307) - 사람 검수 전"
xDjhf8wrNWQ.005,xDjhf8wrNWQ.005.mp4,xDjhf8wrNWQ,,,0.7007,"EMO-AffectNet pseudo-label (teacher=Aff-Wild2, top=Neutral 0.31, tension=0.299) - 사람 검수 전"
xEmwNv4OxGE.001,xEmwNv4OxGE.001.mp4,xEmwNv4OxGE,,,0.6717,"EMO-AffectNet pseudo-label (teacher=Aff-Wild2, top=Neutral 0.24, tension=0.328) - 사람 검수 전"
xGo_wImhwkQ.003,xGo_wImhwkQ.003.mp4,xGo_wImhwkQ,,,0.7923,"EMO-AffectNet pseudo-label (teacher=Aff-Wild2, top=Surprise 0.35, tension=0.208) - 사람 검수 전"
xHb5_bc1JOA.000,xHb5_bc1JOA.000.mp4,xHb5_bc1JOA,,,0.6864,"EMO-AffectNet pseudo-label (teacher=Aff-Wild2, top=Neutral 0.25, tension=0.314) - 사람 검수 전"
xHb5_bc1JOA.001,xHb5_bc1JOA.001.mp4,xHb5_bc1JOA,,,0.6812,"EMO-AffectNet pseudo-label (teacher=Aff-Wild2, top=Neutral 0.25, tension=0.319) - 사람 검수 전"
xHb5_bc1JOA.003,xHb5_bc1JOA.003.mp4,xHb5_bc1JOA,,,0.6408,"EMO-AffectNet pseudo-label (teacher=Aff-Wild2, top=Sadness 0.25, tension=0.359) - 사람 검수 전"
xHsh2Rg5ANU.000,xHsh2Rg5ANU.000.mp4,xHsh2Rg5ANU,,,0.663,"EMO-AffectNet pseudo-label (teacher=Aff-Wild2, top=Neutral 0.26, tension=0.337) - 사람 검수 전"
xLfLuyIQOJE.002,xLfLuyIQOJE.002.mp4,xLfLuyIQOJE,,,0.7813,"EMO-AffectNet pseudo-label (teacher=Aff-Wild2, top=Neutral 0.48, tension=0.219) - 사람 검수 전"
xLfLuyIQOJE.003,xLfLuyIQOJE.003.mp4,xLfLuyIQOJE,,,0.7526,"EMO-AffectNet pseudo-label (teacher=Aff-Wild2, top=Neutral 0.41, tension=0.247) - 사람 검수 전"
xLfLuyIQOJE.004,xLfLuyIQOJE.004.mp4,xLfLuyIQOJE,,,0.7746,"EMO-AffectNet pseudo-label (teacher=Aff-Wild2, top=Neutral 0.40, tension=0.225) - 사람 검수 전"
xLfLuyIQOJE.005,xLfLuyIQOJE.005.mp4,xLfLuyIQOJE,,,0.7887,"EMO-AffectNet pseudo-label (teacher=Aff-Wild2, top=Neutral 0.50, tension=0.211) - 사람 검수 전"
xP6i_WO1LCM.000,xP6i_WO1LCM.000.mp4,xP6i_WO1LCM,,,0.7326,"EMO-AffectNet pseudo-label (teacher=Aff-Wild2, top=Neutral 0.36, tension=0.267) - 사람 검수 전"
xQHmbJ_lPjY.001,xQHmbJ_lPjY.001.mp4,xQHmbJ_lPjY,,,0.7151,"EMO-AffectNet pseudo-label (teacher=Aff-Wild2, top=Neutral 0.27, tension=0.285) - 사람 검수 전"
xQHmbJ_lPjY.003,xQHmbJ_lPjY.003.mp4,xQHmbJ_lPjY,,,0.7665,"EMO-AffectNet pseudo-label (teacher=Aff-Wild2, top=Surprise 0.25, tension=0.234) - 사람 검수 전"
xQHmbJ_lPjY.005,xQHmbJ_lPjY.005.mp4,xQHmbJ_lPjY,,,0.6809,"EMO-AffectNet pseudo-label (teacher=Aff-Wild2, top=Sadness 0.25, tension=0.319) - 사람 검수 전"
xRLaEoXAsjk.001,xRLaEoXAsjk.001.mp4,xRLaEoXAsjk,,,0.7941,"EMO-AffectNet pseudo-label (teacher=Aff-Wild2, top=Happiness 0.31, tension=0.206) - 사람 검수 전"
xRhUBifOWiI.000,xRhUBifOWiI.000.mp4,xRhUBifOWiI,,,0.6175,"EMO-AffectNet pseudo-label (teacher=Aff-Wild2, top=Disgust 0.25, tension=0.382) - 사람 검수 전"
xRhUBifOWiI.001,xRhUBifOWiI.001.mp4,xRhUBifOWiI,,,0.6761,"EMO-AffectNet pseudo-label (teacher=Aff-Wild2, top=Neutral 0.27, tension=0.324) - 사람 검수 전"
xRhUBifOWiI.003,xRhUBifOWiI.003.mp4,xRhUBifOWiI,,,0.6842,"EMO-AffectNet pseudo-label (teacher=Aff-Wild2, top=Neutral 0.27, tension=0.316) - 사람 검수 전"
xRhUBifOWiI.004,xRhUBifOWiI.004.mp4,xRhUBifOWiI,,,0.6946,"EMO-AffectNet pseudo-label (teacher=Aff-Wild2, top=Neutral 0.25, tension=0.305) - 사람 검수 전"
xUdaVBK1b8w.001,xUdaVBK1b8w.001.mp4,xUdaVBK1b8w,,,0.7459,"EMO-AffectNet pseudo-label (teacher=Aff-Wild2, top=Happiness 0.27, tension=0.254) - 사람 검수 전"
xVJDjbiIjTo.001,xVJDjbiIjTo.001.mp4,xVJDjbiIjTo,,,0.6509,"EMO-AffectNet pseudo-label (teacher=Aff-Wild2, top=Fear 0.23, tension=0.349) - 사람 검수 전"
xX5Imr7UmaA.002,xX5Imr7UmaA.002.mp4,xX5Imr7UmaA,,,0.7879,"EMO-AffectNet pseudo-label (teacher=Aff-Wild2, top=Happiness 0.38, tension=0.212) - 사람 검수 전"
xZ9iwqHw7GY.002,xZ9iwqHw7GY.002.mp4,xZ9iwqHw7GY,,,0.6993,"EMO-AffectNet pseudo-label (teacher=Aff-Wild2, top=Happiness 0.18, tension=0.301) - 사람 검수 전"
xZ9iwqHw7GY.003,xZ9iwqHw7GY.003.mp4,xZ9iwqHw7GY,,,0.7569,"EMO-AffectNet pseudo-label (teacher=Aff-Wild2, top=Neutral 0.38, tension=0.243) - 사람 검수 전"
xZFZ0Mvjiuo.000,xZFZ0Mvjiuo.000.mp4,xZFZ0Mvjiuo,,,0.8155,"EMO-AffectNet pseudo-label (teacher=Aff-Wild2, top=Happiness 0.44, tension=0.184) - 사람 검수 전"
xZFZ0Mvjiuo.001,xZFZ0Mvjiuo.001.mp4,xZFZ0Mvjiuo,,,0.8414,"EMO-AffectNet pseudo-label (teacher=Aff-Wild2, top=Happiness 0.46, tension=0.159) - 사람 검수 전"
xZFZ0Mvjiuo.003,xZFZ0Mvjiuo.003.mp4,xZFZ0Mvjiuo,,,0.6412,"EMO-AffectNet pseudo-label (teacher=Aff-Wild2, top=Sadness 0.40, tension=0.359) - 사람 검수 전"
xZFZ0Mvjiuo.005,xZFZ0Mvjiuo.005.mp4,xZFZ0Mvjiuo,,,0.7624,"EMO-AffectNet pseudo-label (teacher=Aff-Wild2, top=Neutral 0.28, tension=0.238) - 사람 검수 전"
xbAb00tGeBQ.000,xbAb00tGeBQ.000.mp4,xbAb00tGeBQ,,,0.8276,"EMO-AffectNet pseudo-label (teacher=Aff-Wild2, top=Happiness 0.33, tension=0.172) - 사람 검수 전"
xcMwMi4fdis.001,xcMwMi4fdis.001.mp4,xcMwMi4fdis,,,0.7434,"EMO-AffectNet pseudo-label (teacher=Aff-Wild2, top=Neutral 0.32, tension=0.257) - 사람 검수 전"
xcMwMi4fdis.002,xcMwMi4fdis.002.mp4,xcMwMi4fdis,,,0.8219,"EMO-AffectNet pseudo-label (teacher=Aff-Wild2, top=Happiness 0.37, tension=0.178) - 사람 검수 전"
xcMwMi4fdis.005,xcMwMi4fdis.005.mp4,xcMwMi4fdis,,,0.7472,"EMO-AffectNet pseudo-label (teacher=Aff-Wild2, top=Neutral 0.22, tension=0.253) - 사람 검수 전"
xcVy0l2nfV0.001,xcVy0l2nfV0.001.mp4,xcVy0l2nfV0,,,0.7525,"EMO-AffectNet pseudo-label (teacher=Aff-Wild2, top=Neutral 0.27, tension=0.247) - 사람 검수 전"
xe3l76e8yE4.001,xe3l76e8yE4.001.mp4,xe3l76e8yE4,,,0.7281,"EMO-AffectNet pseudo-label (teacher=Aff-Wild2, top=Neutral 0.38, tension=0.272) - 사람 검수 전"
xeE08Vn-HXI.000,xeE08Vn-HXI.000.mp4,xeE08Vn-HXI,,,0.6784,"EMO-AffectNet pseudo-label (teacher=Aff-Wild2, top=Neutral 0.20, tension=0.322) - 사람 검수 전"
xeE08Vn-HXI.001,xeE08Vn-HXI.001.mp4,xeE08Vn-HXI,,,0.6801,"EMO-AffectNet pseudo-label (teacher=Aff-Wild2, top=Anger 0.21, tension=0.320) - 사람 검수 전"
xerGtxpxW6Q.002,xerGtxpxW6Q.002.mp4,xerGtxpxW6Q,,,0.8692,"EMO-AffectNet pseudo-label (teacher=Aff-Wild2, top=Happiness 0.55, tension=0.131) - 사람 검수 전"
xerGtxpxW6Q.003,xerGtxpxW6Q.003.mp4,xerGtxpxW6Q,,,0.797,"EMO-AffectNet pseudo-label (teacher=Aff-Wild2, top=Happiness 0.30, tension=0.203) - 사람 검수 전"
xfLVThCzEEk.000,xfLVThCzEEk.000.mp4,xfLVThCzEEk,,,0.7336,"EMO-AffectNet pseudo-label (teacher=Aff-Wild2, top=Surprise 0.22, tension=0.266) - 사람 검수 전"
xfMOELCuN94.003,xfMOELCuN94.003.mp4,xfMOELCuN94,,,0.6746,"EMO-AffectNet pseudo-label (teacher=Aff-Wild2, top=Fear 0.27, tension=0.325) - 사람 검수 전"
xfMOELCuN94.004,xfMOELCuN94.004.mp4,xfMOELCuN94,,,0.6675,"EMO-AffectNet pseudo-label (teacher=Aff-Wild2, top=Fear 0.29, tension=0.333) - 사람 검수 전"
xgRqkTXmZko.000,xgRqkTXmZko.000.mp4,xgRqkTXmZko,,,0.8909,"EMO-AffectNet pseudo-label (teacher=Aff-Wild2, top=Happiness 0.66, tension=0.109) - 사람 검수 전"
xgRqkTXmZko.001,xgRqkTXmZko.001.mp4,xgRqkTXmZko,,,0.7255,"EMO-AffectNet pseudo-label (teacher=Aff-Wild2, top=Neutral 0.25, tension=0.275) - 사람 검수 전"
xgwiqo2AsCA.000,xgwiqo2AsCA.000.mp4,xgwiqo2AsCA,,,0.8019,"EMO-AffectNet pseudo-label (teacher=Aff-Wild2, top=Neutral 0.53, tension=0.198) - 사람 검수 전"
xgwiqo2AsCA.001,xgwiqo2AsCA.001.mp4,xgwiqo2AsCA,,,0.8011,"EMO-AffectNet pseudo-label (teacher=Aff-Wild2, top=Neutral 0.52, tension=0.199) - 사람 검수 전"
xgwiqo2AsCA.002,xgwiqo2AsCA.002.mp4,xgwiqo2AsCA,,,0.7964,"EMO-AffectNet pseudo-label (teacher=Aff-Wild2, top=Neutral 0.51, tension=0.204) - 사람 검수 전"
xmD4FKMq2rk.000,xmD4FKMq2rk.000.mp4,xmD4FKMq2rk,,,0.711,"EMO-AffectNet pseudo-label (teacher=Aff-Wild2, top=Neutral 0.36, tension=0.289) - 사람 검수 전"
xmD4FKMq2rk.001,xmD4FKMq2rk.001.mp4,xmD4FKMq2rk,,,0.6887,"EMO-AffectNet pseudo-label (teacher=Aff-Wild2, top=Neutral 0.33, tension=0.311) - 사람 검수 전"
xmD4FKMq2rk.005,xmD4FKMq2rk.005.mp4,xmD4FKMq2rk,,,0.6975,"EMO-AffectNet pseudo-label (teacher=Aff-Wild2, top=Neutral 0.33, tension=0.303) - 사람 검수 전"
xmaC2XOhPaE.001,xmaC2XOhPaE.001.mp4,xmaC2XOhPaE,,,0.7261,"EMO-AffectNet pseudo-label (teacher=Aff-Wild2, top=Surprise 0.29, tension=0.274) - 사람 검수 전"
xmaC2XOhPaE.003,xmaC2XOhPaE.003.mp4,xmaC2XOhPaE,,,0.7155,"EMO-AffectNet pseudo-label (teacher=Aff-Wild2, top=Surprise 0.29, tension=0.284) - 사람 검수 전"
xotlPVnG05U.000,xotlPVnG05U.000.mp4,xotlPVnG05U,,,0.7456,"EMO-AffectNet pseudo-label (teacher=Aff-Wild2, top=Neutral 0.31, tension=0.254) - 사람 검수 전"
xpSCu7PgJts.000,xpSCu7PgJts.000.mp4,xpSCu7PgJts,,,0.6665,"EMO-AffectNet pseudo-label (teacher=Aff-Wild2, top=Neutral 0.23, tension=0.333) - 사람 검수 전"
xpSCu7PgJts.004,xpSCu7PgJts.004.mp4,xpSCu7PgJts,,,0.6039,"EMO-AffectNet pseudo-label (teacher=Aff-Wild2, top=Sadness 0.32, tension=0.396) - 사람 검수 전"
xqGyF2T3pso.000,xqGyF2T3pso.000.mp4,xqGyF2T3pso,,,0.6091,"EMO-AffectNet pseudo-label (teacher=Aff-Wild2, top=Disgust 0.41, tension=0.391) - 사람 검수 전"
xqGyF2T3pso.001,xqGyF2T3pso.001.mp4,xqGyF2T3pso,,,0.6602,"EMO-AffectNet pseudo-label (teacher=Aff-Wild2, top=Anger 0.22, tension=0.340) - 사람 검수 전"
xqGyF2T3pso.002,xqGyF2T3pso.002.mp4,xqGyF2T3pso,,,0.5811,"EMO-AffectNet pseudo-label (teacher=Aff-Wild2, top=Disgust 0.24, tension=0.419) - 사람 검수 전"
xrxAyO8pKUo.002,xrxAyO8pKUo.002.mp4,xrxAyO8pKUo,,,0.7647,"EMO-AffectNet pseudo-label (teacher=Aff-Wild2, top=Happiness 0.25, tension=0.235) - 사람 검수 전"
xrxAyO8pKUo.003,xrxAyO8pKUo.003.mp4,xrxAyO8pKUo,,,0.7621,"EMO-AffectNet pseudo-label (teacher=Aff-Wild2, top=Anger 0.25, tension=0.238) - 사람 검수 전"
xsDABUrvs6w.001,xsDABUrvs6w.001.mp4,xsDABUrvs6w,,,0.6988,"EMO-AffectNet pseudo-label (teacher=Aff-Wild2, top=Neutral 0.37, tension=0.301) - 사람 검수 전"
xsDABUrvs6w.002,xsDABUrvs6w.002.mp4,xsDABUrvs6w,,,0.6847,"EMO-AffectNet pseudo-label (teacher=Aff-Wild2, top=Neutral 0.32, tension=0.315) - 사람 검수 전"
xsLvl2qGrxU.000,xsLvl2qGrxU.000.mp4,xsLvl2qGrxU,,,0.8095,"EMO-AffectNet pseudo-label (teacher=Aff-Wild2, top=Happiness 0.46, tension=0.191) - 사람 검수 전"
xsLvl2qGrxU.001,xsLvl2qGrxU.001.mp4,xsLvl2qGrxU,,,0.6337,"EMO-AffectNet pseudo-label (teacher=Aff-Wild2, top=Fear 0.25, tension=0.366) - 사람 검수 전"
xsLvl2qGrxU.002,xsLvl2qGrxU.002.mp4,xsLvl2qGrxU,,,0.9003,"EMO-AffectNet pseudo-label (teacher=Aff-Wild2, top=Happiness 0.69, tension=0.100) - 사람 검수 전"
xsLvl2qGrxU.003,xsLvl2qGrxU.003.mp4,xsLvl2qGrxU,,,0.8856,"EMO-AffectNet pseudo-label (teacher=Aff-Wild2, top=Happiness 0.64, tension=0.114) - 사람 검수 전"
xtDw9TlWiww.000,xtDw9TlWiww.000.mp4,xtDw9TlWiww,,,0.7745,"EMO-AffectNet pseudo-label (teacher=Aff-Wild2, top=Happiness 0.36, tension=0.226) - 사람 검수 전"
xtDw9TlWiww.002,xtDw9TlWiww.002.mp4,xtDw9TlWiww,,,0.7269,"EMO-AffectNet pseudo-label (teacher=Aff-Wild2, top=Happiness 0.22, tension=0.273) - 사람 검수 전"
xun35caJTQI.002,xun35caJTQI.002.mp4,xun35caJTQI,,,0.6548,"EMO-AffectNet pseudo-label (teacher=Aff-Wild2, top=Neutral 0.22, tension=0.345) - 사람 검수 전"
xun35caJTQI.003,xun35caJTQI.003.mp4,xun35caJTQI,,,0.749,"EMO-AffectNet pseudo-label (teacher=Aff-Wild2, top=Happiness 0.26, tension=0.251) - 사람 검수 전"
xun35caJTQI.005,xun35caJTQI.005.mp4,xun35caJTQI,,,0.7171,"EMO-AffectNet pseudo-label (teacher=Aff-Wild2, top=Happiness 0.19, tension=0.283) - 사람 검수 전"
xvLi31p57oA.004,xvLi31p57oA.004.mp4,xvLi31p57oA,,,0.6615,"EMO-AffectNet pseudo-label (teacher=Aff-Wild2, top=Surprise 0.41, tension=0.338) - 사람 검수 전"
xyOq5SL0Evc.000,xyOq5SL0Evc.000.mp4,xyOq5SL0Evc,,,0.7037,"EMO-AffectNet pseudo-label (teacher=Aff-Wild2, top=Neutral 0.27, tension=0.296) - 사람 검수 전"
xyOq5SL0Evc.002,xyOq5SL0Evc.002.mp4,xyOq5SL0Evc,,,0.7019,"EMO-AffectNet pseudo-label (teacher=Aff-Wild2, top=Neutral 0.27, tension=0.298) - 사람 검수 전"
xyOq5SL0Evc.003,xyOq5SL0Evc.003.mp4,xyOq5SL0Evc,,,0.7435,"EMO-AffectNet pseudo-label (teacher=Aff-Wild2, top=Neutral 0.35, tension=0.257) - 사람 검수 전"
xyOq5SL0Evc.004,xyOq5SL0Evc.004.mp4,xyOq5SL0Evc,,,0.7401,"EMO-AffectNet pseudo-label (teacher=Aff-Wild2, top=Neutral 0.28, tension=0.260) - 사람 검수 전"
xyWpSrfFlQw.004,xyWpSrfFlQw.004.mp4,xyWpSrfFlQw,,,0.6505,"EMO-AffectNet pseudo-label (teacher=Aff-Wild2, top=Sadness 0.29, tension=0.350) - 사람 검수 전"
xzRYaxrhne8.002,xzRYaxrhne8.002.mp4,xzRYaxrhne8,,,0.7023,"EMO-AffectNet pseudo-label (teacher=Aff-Wild2, top=Happiness 0.26, tension=0.298) - 사람 검수 전"
xzRYaxrhne8.003,xzRYaxrhne8.003.mp4,xzRYaxrhne8,,,0.7004,"EMO-AffectNet pseudo-label (teacher=Aff-Wild2, top=Happiness 0.23, tension=0.300) - 사람 검수 전"
xzRYaxrhne8.004,xzRYaxrhne8.004.mp4,xzRYaxrhne8,,,0.65,"EMO-AffectNet pseudo-label (teacher=Aff-Wild2, top=Sadness 0.27, tension=0.350) - 사람 검수 전"
xzRYaxrhne8.005,xzRYaxrhne8.005.mp4,xzRYaxrhne8,,,0.7304,"EMO-AffectNet pseudo-label (teacher=Aff-Wild2, top=Happiness 0.34, tension=0.270) - 사람 검수 전"
y--uBBy7ebM.000,y--uBBy7ebM.000.mp4,y--uBBy7ebM,,,0.8115,"EMO-AffectNet pseudo-label (teacher=Aff-Wild2, top=Happiness 0.29, tension=0.189) - 사람 검수 전"
y--uBBy7ebM.002,y--uBBy7ebM.002.mp4,y--uBBy7ebM,,,0.8733,"EMO-AffectNet pseudo-label (teacher=Aff-Wild2, top=Happiness 0.57, tension=0.127) - 사람 검수 전"
y--uBBy7ebM.004,y--uBBy7ebM.004.mp4,y--uBBy7ebM,,,0.7868,"EMO-AffectNet pseudo-label (teacher=Aff-Wild2, top=Neutral 0.31, tension=0.213) - 사람 검수 전"
y--uBBy7ebM.005,y--uBBy7ebM.005.mp4,y--uBBy7ebM,,,0.8045,"EMO-AffectNet pseudo-label (teacher=Aff-Wild2, top=Happiness 0.27, tension=0.195) - 사람 검수 전"
y0UCXXk9tlM.002,y0UCXXk9tlM.002.mp4,y0UCXXk9tlM,,,0.7503,"EMO-AffectNet pseudo-label (teacher=Aff-Wild2, top=Surprise 0.26, tension=0.250) - 사람 검수 전"
y0UCXXk9tlM.003,y0UCXXk9tlM.003.mp4,y0UCXXk9tlM,,,0.726,"EMO-AffectNet pseudo-label (teacher=Aff-Wild2, top=Neutral 0.22, tension=0.274) - 사람 검수 전"
y0UCXXk9tlM.004,y0UCXXk9tlM.004.mp4,y0UCXXk9tlM,,,0.7753,"EMO-AffectNet pseudo-label (teacher=Aff-Wild2, top=Happiness 0.25, tension=0.225) - 사람 검수 전"
y0UCXXk9tlM.005,y0UCXXk9tlM.005.mp4,y0UCXXk9tlM,,,0.76,"EMO-AffectNet pseudo-label (teacher=Aff-Wild2, top=Happiness 0.24, tension=0.240) - 사람 검수 전"
y1e8xPAaL9k.000,y1e8xPAaL9k.000.mp4,y1e8xPAaL9k,,,0.767,"EMO-AffectNet pseudo-label (teacher=Aff-Wild2, top=Neutral 0.47, tension=0.233) - 사람 검수 전"
y1e8xPAaL9k.002,y1e8xPAaL9k.002.mp4,y1e8xPAaL9k,,,0.7723,"EMO-AffectNet pseudo-label (teacher=Aff-Wild2, top=Neutral 0.50, tension=0.228) - 사람 검수 전"
y2UF49ddapI.001,y2UF49ddapI.001.mp4,y2UF49ddapI,,,0.7238,"EMO-AffectNet pseudo-label (teacher=Aff-Wild2, top=Neutral 0.29, tension=0.276) - 사람 검수 전"
y2UF49ddapI.003,y2UF49ddapI.003.mp4,y2UF49ddapI,,,0.7791,"EMO-AffectNet pseudo-label (teacher=Aff-Wild2, top=Happiness 0.29, tension=0.221) - 사람 검수 전"
y4Ej1YSEQf0.000,y4Ej1YSEQf0.000.mp4,y4Ej1YSEQf0,,,0.8418,"EMO-AffectNet pseudo-label (teacher=Aff-Wild2, top=Happiness 0.51, tension=0.158) - 사람 검수 전"
y4Ej1YSEQf0.002,y4Ej1YSEQf0.002.mp4,y4Ej1YSEQf0,,,0.7484,"EMO-AffectNet pseudo-label (teacher=Aff-Wild2, top=Happiness 0.28, tension=0.252) - 사람 검수 전"
y6LC5kAJmHw.004,y6LC5kAJmHw.004.mp4,y6LC5kAJmHw,,,0.7568,"EMO-AffectNet pseudo-label (teacher=Aff-Wild2, top=Neutral 0.24, tension=0.243) - 사람 검수 전"
y6sy0HBe-Zs.000,y6sy0HBe-Zs.000.mp4,y6sy0HBe-Zs,,,0.7131,"EMO-AffectNet pseudo-label (teacher=Aff-Wild2, top=Neutral 0.37, tension=0.287) - 사람 검수 전"
y6sy0HBe-Zs.005,y6sy0HBe-Zs.005.mp4,y6sy0HBe-Zs,,,0.7512,"EMO-AffectNet pseudo-label (teacher=Aff-Wild2, top=Neutral 0.44, tension=0.249) - 사람 검수 전"
y7MEVu2nyes.000,y7MEVu2nyes.000.mp4,y7MEVu2nyes,,,0.8408,"EMO-AffectNet pseudo-label (teacher=Aff-Wild2, top=Happiness 0.58, tension=0.159) - 사람 검수 전"
y7MEVu2nyes.001,y7MEVu2nyes.001.mp4,y7MEVu2nyes,,,0.6486,"EMO-AffectNet pseudo-label (teacher=Aff-Wild2, top=Sadness 0.31, tension=0.351) - 사람 검수 전"
y7MEVu2nyes.003,y7MEVu2nyes.003.mp4,y7MEVu2nyes,,,0.5485,"EMO-AffectNet pseudo-label (teacher=Aff-Wild2, top=Sadness 0.39, tension=0.451) - 사람 검수 전"
y7MEVu2nyes.004,y7MEVu2nyes.004.mp4,y7MEVu2nyes,,,0.5605,"EMO-AffectNet pseudo-label (teacher=Aff-Wild2, top=Sadness 0.36, tension=0.440) - 사람 검수 전"
yAVnxsaTyuE.001,yAVnxsaTyuE.001.mp4,yAVnxsaTyuE,,,0.7477,"EMO-AffectNet pseudo-label (teacher=Aff-Wild2, top=Neutral 0.38, tension=0.252) - 사람 검수 전"
yBMuZWldxLk.001,yBMuZWldxLk.001.mp4,yBMuZWldxLk,,,0.8187,"EMO-AffectNet pseudo-label (teacher=Aff-Wild2, top=Happiness 0.38, tension=0.181) - 사람 검수 전"
yBlPsPBRv5E.001,yBlPsPBRv5E.001.mp4,yBlPsPBRv5E,,,0.7111,"EMO-AffectNet pseudo-label (teacher=Aff-Wild2, top=Neutral 0.29, tension=0.289) - 사람 검수 전"
yBlPsPBRv5E.002,yBlPsPBRv5E.002.mp4,yBlPsPBRv5E,,,0.7186,"EMO-AffectNet pseudo-label (teacher=Aff-Wild2, top=Neutral 0.28, tension=0.281) - 사람 검수 전"
yEE9FoKWdpU.005,yEE9FoKWdpU.005.mp4,yEE9FoKWdpU,,,0.6068,"EMO-AffectNet pseudo-label (teacher=Aff-Wild2, top=Sadness 0.25, tension=0.393) - 사람 검수 전"
yEWy_vXTTJU.005,yEWy_vXTTJU.005.mp4,yEWy_vXTTJU,,,0.7051,"EMO-AffectNet pseudo-label (teacher=Aff-Wild2, top=Neutral 0.26, tension=0.295) - 사람 검수 전"
yFZ3eUD6Pqs.000,yFZ3eUD6Pqs.000.mp4,yFZ3eUD6Pqs,,,0.7113,"EMO-AffectNet pseudo-label (teacher=Aff-Wild2, top=Neutral 0.29, tension=0.289) - 사람 검수 전"
yFZ3eUD6Pqs.001,yFZ3eUD6Pqs.001.mp4,yFZ3eUD6Pqs,,,0.7038,"EMO-AffectNet pseudo-label (teacher=Aff-Wild2, top=Neutral 0.31, tension=0.296) - 사람 검수 전"
yFZ3eUD6Pqs.002,yFZ3eUD6Pqs.002.mp4,yFZ3eUD6Pqs,,,0.7262,"EMO-AffectNet pseudo-label (teacher=Aff-Wild2, top=Neutral 0.41, tension=0.274) - 사람 검수 전"
yFZ3eUD6Pqs.003,yFZ3eUD6Pqs.003.mp4,yFZ3eUD6Pqs,,,0.7004,"EMO-AffectNet pseudo-label (teacher=Aff-Wild2, top=Neutral 0.34, tension=0.300) - 사람 검수 전"
yFZ3eUD6Pqs.004,yFZ3eUD6Pqs.004.mp4,yFZ3eUD6Pqs,,,0.7518,"EMO-AffectNet pseudo-label (teacher=Aff-Wild2, top=Neutral 0.22, tension=0.248) - 사람 검수 전"
yFZ3eUD6Pqs.005,yFZ3eUD6Pqs.005.mp4,yFZ3eUD6Pqs,,,0.7259,"EMO-AffectNet pseudo-label (teacher=Aff-Wild2, top=Neutral 0.43, tension=0.274) - 사람 검수 전"
yHwuRYr5lxk.003,yHwuRYr5lxk.003.mp4,yHwuRYr5lxk,,,0.8812,"EMO-AffectNet pseudo-label (teacher=Aff-Wild2, top=Happiness 0.64, tension=0.119) - 사람 검수 전"
yHwuRYr5lxk.004,yHwuRYr5lxk.004.mp4,yHwuRYr5lxk,,,0.8468,"EMO-AffectNet pseudo-label (teacher=Aff-Wild2, top=Happiness 0.49, tension=0.153) - 사람 검수 전"
yHwuRYr5lxk.005,yHwuRYr5lxk.005.mp4,yHwuRYr5lxk,,,0.8476,"EMO-AffectNet pseudo-label (teacher=Aff-Wild2, top=Happiness 0.53, tension=0.152) - 사람 검수 전"
yIM5bal1VVs.000,yIM5bal1VVs.000.mp4,yIM5bal1VVs,,,0.7823,"EMO-AffectNet pseudo-label (teacher=Aff-Wild2, top=Surprise 0.25, tension=0.218) - 사람 검수 전"
yIM5bal1VVs.003,yIM5bal1VVs.003.mp4,yIM5bal1VVs,,,0.8046,"EMO-AffectNet pseudo-label (teacher=Aff-Wild2, top=Happiness 0.37, tension=0.195) - 사람 검수 전"
yIM5bal1VVs.004,yIM5bal1VVs.004.mp4,yIM5bal1VVs,,,0.7864,"EMO-AffectNet pseudo-label (teacher=Aff-Wild2, top=Happiness 0.29, tension=0.214) - 사람 검수 전"
yIM5bal1VVs.005,yIM5bal1VVs.005.mp4,yIM5bal1VVs,,,0.8114,"EMO-AffectNet pseudo-label (teacher=Aff-Wild2, top=Happiness 0.35, tension=0.189) - 사람 검수 전"
yIe7Rp54-bU.001,yIe7Rp54-bU.001.mp4,yIe7Rp54-bU,,,0.7481,"EMO-AffectNet pseudo-label (teacher=Aff-Wild2, top=Neutral 0.34, tension=0.252) - 사람 검수 전"
yIe7Rp54-bU.004,yIe7Rp54-bU.004.mp4,yIe7Rp54-bU,,,0.7625,"EMO-AffectNet pseudo-label (teacher=Aff-Wild2, top=Neutral 0.36, tension=0.237) - 사람 검수 전"
yOzHZOg95Ug.001,yOzHZOg95Ug.001.mp4,yOzHZOg95Ug,,,0.6784,"EMO-AffectNet pseudo-label (teacher=Aff-Wild2, top=Neutral 0.36, tension=0.322) - 사람 검수 전"
yOzHZOg95Ug.003,yOzHZOg95Ug.003.mp4,yOzHZOg95Ug,,,0.6752,"EMO-AffectNet pseudo-label (teacher=Aff-Wild2, top=Neutral 0.35, tension=0.325) - 사람 검수 전"
yOzHZOg95Ug.004,yOzHZOg95Ug.004.mp4,yOzHZOg95Ug,,,0.6734,"EMO-AffectNet pseudo-label (teacher=Aff-Wild2, top=Neutral 0.34, tension=0.327) - 사람 검수 전"
yOzHZOg95Ug.005,yOzHZOg95Ug.005.mp4,yOzHZOg95Ug,,,0.6812,"EMO-AffectNet pseudo-label (teacher=Aff-Wild2, top=Neutral 0.37, tension=0.319) - 사람 검수 전"
yRVvI1x2DBI.002,yRVvI1x2DBI.002.mp4,yRVvI1x2DBI,,,0.6523,"EMO-AffectNet pseudo-label (teacher=Aff-Wild2, top=Anger 0.29, tension=0.348) - 사람 검수 전"
yRVvI1x2DBI.004,yRVvI1x2DBI.004.mp4,yRVvI1x2DBI,,,0.6522,"EMO-AffectNet pseudo-label (teacher=Aff-Wild2, top=Sadness 0.25, tension=0.348) - 사람 검수 전"
yRVvI1x2DBI.005,yRVvI1x2DBI.005.mp4,yRVvI1x2DBI,,,0.6648,"EMO-AffectNet pseudo-label (teacher=Aff-Wild2, top=Neutral 0.23, tension=0.335) - 사람 검수 전"
ySEeioc339E.002,ySEeioc339E.002.mp4,ySEeioc339E,,,0.801,"EMO-AffectNet pseudo-label (teacher=Aff-Wild2, top=Happiness 0.31, tension=0.199) - 사람 검수 전"
ySEeioc339E.003,ySEeioc339E.003.mp4,ySEeioc339E,,,0.7944,"EMO-AffectNet pseudo-label (teacher=Aff-Wild2, top=Neutral 0.30, tension=0.206) - 사람 검수 전"
ySEeioc339E.004,ySEeioc339E.004.mp4,ySEeioc339E,,,0.7081,"EMO-AffectNet pseudo-label (teacher=Aff-Wild2, top=Neutral 0.31, tension=0.292) - 사람 검수 전"
yUESJPS0wS8.000,yUESJPS0wS8.000.mp4,yUESJPS0wS8,,,0.7233,"EMO-AffectNet pseudo-label (teacher=Aff-Wild2, top=Surprise 0.32, tension=0.277) - 사람 검수 전"
yUESJPS0wS8.002,yUESJPS0wS8.002.mp4,yUESJPS0wS8,,,0.7671,"EMO-AffectNet pseudo-label (teacher=Aff-Wild2, top=Surprise 0.27, tension=0.233) - 사람 검수 전"
yUESJPS0wS8.004,yUESJPS0wS8.004.mp4,yUESJPS0wS8,,,0.6827,"EMO-AffectNet pseudo-label (teacher=Aff-Wild2, top=Surprise 0.30, tension=0.317) - 사람 검수 전"
yVSfQZGt1co.001,yVSfQZGt1co.001.mp4,yVSfQZGt1co,,,0.739,"EMO-AffectNet pseudo-label (teacher=Aff-Wild2, top=Neutral 0.38, tension=0.261) - 사람 검수 전"
yVSfQZGt1co.004,yVSfQZGt1co.004.mp4,yVSfQZGt1co,,,0.7372,"EMO-AffectNet pseudo-label (teacher=Aff-Wild2, top=Neutral 0.39, tension=0.263) - 사람 검수 전"
ya8Ec_yTai8.002,ya8Ec_yTai8.002.mp4,ya8Ec_yTai8,,,0.8207,"EMO-AffectNet pseudo-label (teacher=Aff-Wild2, top=Happiness 0.38, tension=0.179) - 사람 검수 전"
ya8Ec_yTai8.003,ya8Ec_yTai8.003.mp4,ya8Ec_yTai8,,,0.8648,"EMO-AffectNet pseudo-label (teacher=Aff-Wild2, top=Happiness 0.52, tension=0.135) - 사람 검수 전"
yftfxiDNXko.000,yftfxiDNXko.000.mp4,yftfxiDNXko,,,0.7485,"EMO-AffectNet pseudo-label (teacher=Aff-Wild2, top=Neutral 0.35, tension=0.252) - 사람 검수 전"
yftfxiDNXko.001,yftfxiDNXko.001.mp4,yftfxiDNXko,,,0.7828,"EMO-AffectNet pseudo-label (teacher=Aff-Wild2, top=Neutral 0.38, tension=0.217) - 사람 검수 전"
yftfxiDNXko.002,yftfxiDNXko.002.mp4,yftfxiDNXko,,,0.7435,"EMO-AffectNet pseudo-label (teacher=Aff-Wild2, top=Neutral 0.34, tension=0.257) - 사람 검수 전"
yftfxiDNXko.004,yftfxiDNXko.004.mp4,yftfxiDNXko,,,0.7666,"EMO-AffectNet pseudo-label (teacher=Aff-Wild2, top=Neutral 0.27, tension=0.233) - 사람 검수 전"
ygUEI08LgcM.002,ygUEI08LgcM.002.mp4,ygUEI08LgcM,,,0.6748,"EMO-AffectNet pseudo-label (teacher=Aff-Wild2, top=Surprise 0.23, tension=0.325) - 사람 검수 전"
yj2Y1Y26rd4.001,yj2Y1Y26rd4.001.mp4,yj2Y1Y26rd4,,,0.7588,"EMO-AffectNet pseudo-label (teacher=Aff-Wild2, top=Happiness 0.30, tension=0.241) - 사람 검수 전"
yj2Y1Y26rd4.002,yj2Y1Y26rd4.002.mp4,yj2Y1Y26rd4,,,0.7718,"EMO-AffectNet pseudo-label (teacher=Aff-Wild2, top=Happiness 0.32, tension=0.228) - 사람 검수 전"
ykm4JTvlOCQ.000,ykm4JTvlOCQ.000.mp4,ykm4JTvlOCQ,,,0.7108,"EMO-AffectNet pseudo-label (teacher=Aff-Wild2, top=Neutral 0.22, tension=0.289) - 사람 검수 전"
ymrFbEMNBME.001,ymrFbEMNBME.001.mp4,ymrFbEMNBME,,,0.7605,"EMO-AffectNet pseudo-label (teacher=Aff-Wild2, top=Neutral 0.27, tension=0.239) - 사람 검수 전"
ymrFbEMNBME.004,ymrFbEMNBME.004.mp4,ymrFbEMNBME,,,0.7781,"EMO-AffectNet pseudo-label (teacher=Aff-Wild2, top=Surprise 0.25, tension=0.222) - 사람 검수 전"
yozI_jvMrTw.004,yozI_jvMrTw.004.mp4,yozI_jvMrTw,,,0.6927,"EMO-AffectNet pseudo-label (teacher=Aff-Wild2, top=Surprise 0.25, tension=0.307) - 사람 검수 전"
yozI_jvMrTw.005,yozI_jvMrTw.005.mp4,yozI_jvMrTw,,,0.7503,"EMO-AffectNet pseudo-label (teacher=Aff-Wild2, top=Surprise 0.22, tension=0.250) - 사람 검수 전"
yp-tfq1NxBk.003,yp-tfq1NxBk.003.mp4,yp-tfq1NxBk,,,0.7083,"EMO-AffectNet pseudo-label (teacher=Aff-Wild2, top=Surprise 0.35, tension=0.292) - 사람 검수 전"
yrToGVRf27U.003,yrToGVRf27U.003.mp4,yrToGVRf27U,,,0.7277,"EMO-AffectNet pseudo-label (teacher=Aff-Wild2, top=Happiness 0.26, tension=0.272) - 사람 검수 전"
yrToGVRf27U.004,yrToGVRf27U.004.mp4,yrToGVRf27U,,,0.7975,"EMO-AffectNet pseudo-label (teacher=Aff-Wild2, top=Happiness 0.41, tension=0.202) - 사람 검수 전"
yuE25dFTn2o.000,yuE25dFTn2o.000.mp4,yuE25dFTn2o,,,0.6512,"EMO-AffectNet pseudo-label (teacher=Aff-Wild2, top=Neutral 0.23, tension=0.349) - 사람 검수 전"
yuE25dFTn2o.001,yuE25dFTn2o.001.mp4,yuE25dFTn2o,,,0.7554,"EMO-AffectNet pseudo-label (teacher=Aff-Wild2, top=Neutral 0.43, tension=0.245) - 사람 검수 전"
ywefrPdzz0U.000,ywefrPdzz0U.000.mp4,ywefrPdzz0U,,,0.7071,"EMO-AffectNet pseudo-label (teacher=Aff-Wild2, top=Neutral 0.34, tension=0.293) - 사람 검수 전"
yzgA9oAEgI4.002,yzgA9oAEgI4.002.mp4,yzgA9oAEgI4,,,0.8153,"EMO-AffectNet pseudo-label (teacher=Aff-Wild2, top=Happiness 0.34, tension=0.185) - 사람 검수 전"
yzgA9oAEgI4.003,yzgA9oAEgI4.003.mp4,yzgA9oAEgI4,,,0.8393,"EMO-AffectNet pseudo-label (teacher=Aff-Wild2, top=Happiness 0.46, tension=0.161) - 사람 검수 전"
z-CV743owek.001,z-CV743owek.001.mp4,z-CV743owek,,,0.8454,"EMO-AffectNet pseudo-label (teacher=Aff-Wild2, top=Happiness 0.51, tension=0.155) - 사람 검수 전"
z-CV743owek.003,z-CV743owek.003.mp4,z-CV743owek,,,0.7638,"EMO-AffectNet pseudo-label (teacher=Aff-Wild2, top=Happiness 0.24, tension=0.236) - 사람 검수 전"
z-CV743owek.005,z-CV743owek.005.mp4,z-CV743owek,,,0.6791,"EMO-AffectNet pseudo-label (teacher=Aff-Wild2, top=Fear 0.25, tension=0.321) - 사람 검수 전"
z3DO3tdrsnQ.000,z3DO3tdrsnQ.000.mp4,z3DO3tdrsnQ,,,0.7806,"EMO-AffectNet pseudo-label (teacher=Aff-Wild2, top=Happiness 0.36, tension=0.219) - 사람 검수 전"
z3DO3tdrsnQ.001,z3DO3tdrsnQ.001.mp4,z3DO3tdrsnQ,,,0.7549,"EMO-AffectNet pseudo-label (teacher=Aff-Wild2, top=Happiness 0.30, tension=0.245) - 사람 검수 전"
z54OqeICELg.000,z54OqeICELg.000.mp4,z54OqeICELg,,,0.755,"EMO-AffectNet pseudo-label (teacher=Aff-Wild2, top=Surprise 0.29, tension=0.245) - 사람 검수 전"
z54OqeICELg.001,z54OqeICELg.001.mp4,z54OqeICELg,,,0.7709,"EMO-AffectNet pseudo-label (teacher=Aff-Wild2, top=Surprise 0.29, tension=0.229) - 사람 검수 전"
z54OqeICELg.004,z54OqeICELg.004.mp4,z54OqeICELg,,,0.7874,"EMO-AffectNet pseudo-label (teacher=Aff-Wild2, top=Surprise 0.31, tension=0.213) - 사람 검수 전"
z54OqeICELg.005,z54OqeICELg.005.mp4,z54OqeICELg,,,0.7513,"EMO-AffectNet pseudo-label (teacher=Aff-Wild2, top=Surprise 0.38, tension=0.249) - 사람 검수 전"
z82YEuBU8mA.003,z82YEuBU8mA.003.mp4,z82YEuBU8mA,,,0.7674,"EMO-AffectNet pseudo-label (teacher=Aff-Wild2, top=Neutral 0.32, tension=0.233) - 사람 검수 전"
zDSpbDg6WB8.002,zDSpbDg6WB8.002.mp4,zDSpbDg6WB8,,,0.7221,"EMO-AffectNet pseudo-label (teacher=Aff-Wild2, top=Anger 0.20, tension=0.278) - 사람 검수 전"
zEyRyTnIw5I.001,zEyRyTnIw5I.001.mp4,zEyRyTnIw5I,,,0.6757,"EMO-AffectNet pseudo-label (teacher=Aff-Wild2, top=Surprise 0.20, tension=0.324) - 사람 검수 전"
zEyRyTnIw5I.005,zEyRyTnIw5I.005.mp4,zEyRyTnIw5I,,,0.6737,"EMO-AffectNet pseudo-label (teacher=Aff-Wild2, top=Happiness 0.19, tension=0.326) - 사람 검수 전"
zF3Uk2OAJAE.001,zF3Uk2OAJAE.001.mp4,zF3Uk2OAJAE,,,0.815,"EMO-AffectNet pseudo-label (teacher=Aff-Wild2, top=Happiness 0.39, tension=0.185) - 사람 검수 전"
zF46tAI2PQc.004,zF46tAI2PQc.004.mp4,zF46tAI2PQc,,,0.7364,"EMO-AffectNet pseudo-label (teacher=Aff-Wild2, top=Neutral 0.30, tension=0.264) - 사람 검수 전"
zF46tAI2PQc.005,zF46tAI2PQc.005.mp4,zF46tAI2PQc,,,0.8179,"EMO-AffectNet pseudo-label (teacher=Aff-Wild2, top=Happiness 0.38, tension=0.182) - 사람 검수 전"
zFVjcb45pjI.002,zFVjcb45pjI.002.mp4,zFVjcb45pjI,,,0.635,"EMO-AffectNet pseudo-label (teacher=Aff-Wild2, top=Fear 0.29, tension=0.365) - 사람 검수 전"
zFVjcb45pjI.003,zFVjcb45pjI.003.mp4,zFVjcb45pjI,,,0.6353,"EMO-AffectNet pseudo-label (teacher=Aff-Wild2, top=Fear 0.28, tension=0.365) - 사람 검수 전"
zH9pTx5_ZwY.003,zH9pTx5_ZwY.003.mp4,zH9pTx5_ZwY,,,0.7144,"EMO-AffectNet pseudo-label (teacher=Aff-Wild2, top=Neutral 0.25, tension=0.286) - 사람 검수 전"
zH9pTx5_ZwY.004,zH9pTx5_ZwY.004.mp4,zH9pTx5_ZwY,,,0.7065,"EMO-AffectNet pseudo-label (teacher=Aff-Wild2, top=Neutral 0.28, tension=0.294) - 사람 검수 전"
zJEnT19uoPY.000,zJEnT19uoPY.000.mp4,zJEnT19uoPY,,,0.6645,"EMO-AffectNet pseudo-label (teacher=Aff-Wild2, top=Fear 0.27, tension=0.336) - 사람 검수 전"
zJEnT19uoPY.001,zJEnT19uoPY.001.mp4,zJEnT19uoPY,,,0.6631,"EMO-AffectNet pseudo-label (teacher=Aff-Wild2, top=Fear 0.25, tension=0.337) - 사람 검수 전"
zJEnT19uoPY.004,zJEnT19uoPY.004.mp4,zJEnT19uoPY,,,0.6566,"EMO-AffectNet pseudo-label (teacher=Aff-Wild2, top=Fear 0.23, tension=0.343) - 사람 검수 전"
zJEnT19uoPY.005,zJEnT19uoPY.005.mp4,zJEnT19uoPY,,,0.5829,"EMO-AffectNet pseudo-label (teacher=Aff-Wild2, top=Fear 0.24, tension=0.417) - 사람 검수 전"
zJR7w4DABGU.002,zJR7w4DABGU.002.mp4,zJR7w4DABGU,,,0.7402,"EMO-AffectNet pseudo-label (teacher=Aff-Wild2, top=Neutral 0.25, tension=0.260) - 사람 검수 전"
zMXIf66PPhU.001,zMXIf66PPhU.001.mp4,zMXIf66PPhU,,,0.7958,"EMO-AffectNet pseudo-label (teacher=Aff-Wild2, top=Happiness 0.36, tension=0.204) - 사람 검수 전"
zMXIf66PPhU.002,zMXIf66PPhU.002.mp4,zMXIf66PPhU,,,0.8357,"EMO-AffectNet pseudo-label (teacher=Aff-Wild2, top=Happiness 0.43, tension=0.164) - 사람 검수 전"
zMXIf66PPhU.004,zMXIf66PPhU.004.mp4,zMXIf66PPhU,,,0.8672,"EMO-AffectNet pseudo-label (teacher=Aff-Wild2, top=Happiness 0.55, tension=0.133) - 사람 검수 전"
zMXfMcqpPwQ.001,zMXfMcqpPwQ.001.mp4,zMXfMcqpPwQ,,,0.7826,"EMO-AffectNet pseudo-label (teacher=Aff-Wild2, top=Neutral 0.29, tension=0.217) - 사람 검수 전"
zMXfMcqpPwQ.002,zMXfMcqpPwQ.002.mp4,zMXfMcqpPwQ,,,0.7055,"EMO-AffectNet pseudo-label (teacher=Aff-Wild2, top=Neutral 0.34, tension=0.295) - 사람 검수 전"
zMXfMcqpPwQ.005,zMXfMcqpPwQ.005.mp4,zMXfMcqpPwQ,,,0.6732,"EMO-AffectNet pseudo-label (teacher=Aff-Wild2, top=Neutral 0.28, tension=0.327) - 사람 검수 전"
zNHM8iNyTO4.005,zNHM8iNyTO4.005.mp4,zNHM8iNyTO4,,,0.6791,"EMO-AffectNet pseudo-label (teacher=Aff-Wild2, top=Anger 0.23, tension=0.321) - 사람 검수 전"
zNmuwZkaeVg.001,zNmuwZkaeVg.001.mp4,zNmuwZkaeVg,,,0.7129,"EMO-AffectNet pseudo-label (teacher=Aff-Wild2, top=Neutral 0.32, tension=0.287) - 사람 검수 전"
zNmuwZkaeVg.002,zNmuwZkaeVg.002.mp4,zNmuwZkaeVg,,,0.6961,"EMO-AffectNet pseudo-label (teacher=Aff-Wild2, top=Surprise 0.20, tension=0.304) - 사람 검수 전"
zRevZ94Rxjc.004,zRevZ94Rxjc.004.mp4,zRevZ94Rxjc,,,0.7469,"EMO-AffectNet pseudo-label (teacher=Aff-Wild2, top=Neutral 0.31, tension=0.253) - 사람 검수 전"
zRiS2gIUc9s.000,zRiS2gIUc9s.000.mp4,zRiS2gIUc9s,,,0.8072,"EMO-AffectNet pseudo-label (teacher=Aff-Wild2, top=Happiness 0.33, tension=0.193) - 사람 검수 전"
zRiS2gIUc9s.001,zRiS2gIUc9s.001.mp4,zRiS2gIUc9s,,,0.7904,"EMO-AffectNet pseudo-label (teacher=Aff-Wild2, top=Neutral 0.25, tension=0.210) - 사람 검수 전"
zT_s9X21gAE.001,zT_s9X21gAE.001.mp4,zT_s9X21gAE,,,0.7423,"EMO-AffectNet pseudo-label (teacher=Aff-Wild2, top=Happiness 0.22, tension=0.258) - 사람 검수 전"
zT_s9X21gAE.003,zT_s9X21gAE.003.mp4,zT_s9X21gAE,,,0.7636,"EMO-AffectNet pseudo-label (teacher=Aff-Wild2, top=Surprise 0.23, tension=0.236) - 사람 검수 전"
zT_s9X21gAE.004,zT_s9X21gAE.004.mp4,zT_s9X21gAE,,,0.7743,"EMO-AffectNet pseudo-label (teacher=Aff-Wild2, top=Surprise 0.29, tension=0.226) - 사람 검수 전"
zT_s9X21gAE.005,zT_s9X21gAE.005.mp4,zT_s9X21gAE,,,0.7999,"EMO-AffectNet pseudo-label (teacher=Aff-Wild2, top=Happiness 0.31, tension=0.200) - 사람 검수 전"
zY0J9qKEekE.004,zY0J9qKEekE.004.mp4,zY0J9qKEekE,,,0.779,"EMO-AffectNet pseudo-label (teacher=Aff-Wild2, top=Happiness 0.40, tension=0.221) - 사람 검수 전"
z_W8_j7CB2A.000,z_W8_j7CB2A.000.mp4,z_W8_j7CB2A,,,0.6974,"EMO-AffectNet pseudo-label (teacher=Aff-Wild2, top=Sadness 0.32, tension=0.303) - 사람 검수 전"
z_W8_j7CB2A.001,z_W8_j7CB2A.001.mp4,z_W8_j7CB2A,,,0.7058,"EMO-AffectNet pseudo-label (teacher=Aff-Wild2, top=Sadness 0.29, tension=0.294) - 사람 검수 전"
za14O68VN3E.001,za14O68VN3E.001.mp4,za14O68VN3E,,,0.6905,"EMO-AffectNet pseudo-label (teacher=Aff-Wild2, top=Neutral 0.31, tension=0.309) - 사람 검수 전"
zeUC7e-4w1E.003,zeUC7e-4w1E.003.mp4,zeUC7e-4w1E,,,0.7327,"EMO-AffectNet pseudo-label (teacher=Aff-Wild2, top=Happiness 0.20, tension=0.267) - 사람 검수 전"
zeUC7e-4w1E.005,zeUC7e-4w1E.005.mp4,zeUC7e-4w1E,,,0.6767,"EMO-AffectNet pseudo-label (teacher=Aff-Wild2, top=Sadness 0.22, tension=0.323) - 사람 검수 전"
zpLiIVF0x7U.000,zpLiIVF0x7U.000.mp4,zpLiIVF0x7U,,,0.7083,"EMO-AffectNet pseudo-label (teacher=Aff-Wild2, top=Sadness 0.28, tension=0.292) - 사람 검수 전"
zqpXz9h41jg.000,zqpXz9h41jg.000.mp4,zqpXz9h41jg,,,0.7416,"EMO-AffectNet pseudo-label (teacher=Aff-Wild2, top=Neutral 0.28, tension=0.258) - 사람 검수 전"
zqpXz9h41jg.002,zqpXz9h41jg.002.mp4,zqpXz9h41jg,,,0.7436,"EMO-AffectNet pseudo-label (teacher=Aff-Wild2, top=Neutral 0.32, tension=0.256) - 사람 검수 전"
zqpXz9h41jg.005,zqpXz9h41jg.005.mp4,zqpXz9h41jg,,,0.7373,"EMO-AffectNet pseudo-label (teacher=Aff-Wild2, top=Anger 0.29, tension=0.263) - 사람 검수 전"
zrbcY4TMVyc.000,zrbcY4TMVyc.000.mp4,zrbcY4TMVyc,,,0.7342,"EMO-AffectNet pseudo-label (teacher=Aff-Wild2, top=Neutral 0.32, tension=0.266) - 사람 검수 전"
zrdxHERn628.003,zrdxHERn628.003.mp4,zrdxHERn628,,,0.7265,"EMO-AffectNet pseudo-label (teacher=Aff-Wild2, top=Neutral 0.29, tension=0.273) - 사람 검수 전"
ztyBhnjtrz0.000,ztyBhnjtrz0.000.mp4,ztyBhnjtrz0,,,0.8603,"EMO-AffectNet pseudo-label (teacher=Aff-Wild2, top=Happiness 0.46, tension=0.140) - 사람 검수 전"
ztyBhnjtrz0.001,ztyBhnjtrz0.001.mp4,ztyBhnjtrz0,,,0.8863,"EMO-AffectNet pseudo-label (teacher=Aff-Wild2, top=Happiness 0.57, tension=0.114) - 사람 검수 전"
ztyBhnjtrz0.002,ztyBhnjtrz0.002.mp4,ztyBhnjtrz0,,,0.8415,"EMO-AffectNet pseudo-label (teacher=Aff-Wild2, top=Happiness 0.36, tension=0.158) - 사람 검수 전"
ztyBhnjtrz0.003,ztyBhnjtrz0.003.mp4,ztyBhnjtrz0,,,0.827,"EMO-AffectNet pseudo-label (teacher=Aff-Wild2, top=Happiness 0.30, tension=0.173) - 사람 검수 전"
ztyBhnjtrz0.004,ztyBhnjtrz0.004.mp4,ztyBhnjtrz0,,,0.8865,"EMO-AffectNet pseudo-label (teacher=Aff-Wild2, top=Happiness 0.57, tension=0.114) - 사람 검수 전"
zupxsNi2er8.002,zupxsNi2er8.002.mp4,zupxsNi2er8,,,0.6548,"EMO-AffectNet pseudo-label (teacher=Aff-Wild2, top=Fear 0.25, tension=0.345) - 사람 검수 전"
zupxsNi2er8.004,zupxsNi2er8.004.mp4,zupxsNi2er8,,,0.6851,"EMO-AffectNet pseudo-label (teacher=Aff-Wild2, top=Neutral 0.26, tension=0.315) - 사람 검수 전"
zupxsNi2er8.005,zupxsNi2er8.005.mp4,zupxsNi2er8,,,0.7521,"EMO-AffectNet pseudo-label (teacher=Aff-Wild2, top=Surprise 0.30, tension=0.248) - 사람 검수 전"
zvX4fNj0uxk.001,zvX4fNj0uxk.001.mp4,zvX4fNj0uxk,,,0.7472,"EMO-AffectNet pseudo-label (teacher=Aff-Wild2, top=Neutral 0.43, tension=0.253) - 사람 검수 전"
zvX4fNj0uxk.003,zvX4fNj0uxk.003.mp4,zvX4fNj0uxk,,,0.7495,"EMO-AffectNet pseudo-label (teacher=Aff-Wild2, top=Neutral 0.43, tension=0.251) - 사람 검수 전"
zvX4fNj0uxk.004,zvX4fNj0uxk.004.mp4,zvX4fNj0uxk,,,0.7561,"EMO-AffectNet pseudo-label (teacher=Aff-Wild2, top=Neutral 0.46, tension=0.244) - 사람 검수 전"
zwO2zBdbCb4.002,zwO2zBdbCb4.002.mp4,zwO2zBdbCb4,,,0.7462,"EMO-AffectNet pseudo-label (teacher=Aff-Wild2, top=Neutral 0.37, tension=0.254) - 사람 검수 전"
zxuPCshTSOs.002,zxuPCshTSOs.002.mp4,zxuPCshTSOs,,,0.6473,"EMO-AffectNet pseudo-label (teacher=Aff-Wild2, top=Sadness 0.25, tension=0.353) - 사람 검수 전"
zxuPCshTSOs.005,zxuPCshTSOs.005.mp4,zxuPCshTSOs,,,0.6861,"EMO-AffectNet pseudo-label (teacher=Aff-Wild2, top=Neutral 0.31, tension=0.314) - 사람 검수 전"
zyGz_H1UTnQ.003,zyGz_H1UTnQ.003.mp4,zyGz_H1UTnQ,,,0.6938,"EMO-AffectNet pseudo-label (teacher=Aff-Wild2, top=Neutral 0.35, tension=0.306) - 사람 검수 전"
